State,District,Market,Commodity,Date,Min_Price_Rs_per_Quintal,Max_Price_Rs_per_Quintal,Modal_Price_Rs_per_Quintal
Punjab,Ludhiana,Ludhiana Mandi,Mango,2024-01-01,2949,3526,3203
Punjab,Ludhiana,Ludhiana Mandi,Mustard,2024-01-01,4617,5066,4842
Punjab,Ludhiana,Ludhiana Mandi,Tomato,2024-01-01,742,1512,1151
Punjab,Ludhiana,Ludhiana Mandi,Banana,2024-01-01,1020,1269,1117
Punjab,Ludhiana,Ludhiana Mandi,Soybean,2024-01-01,3772,4272,3968
Punjab,Ludhiana,Ludhiana Mandi,Turmeric,2024-01-01,7021,8015,7562
Punjab,Ludhiana,Ludhiana Mandi,Jowar,2024-01-05,2642,2832,2752
Punjab,Ludhiana,Ludhiana Mandi,Soybean,2024-01-05,4206,4532,4354
Punjab,Ludhiana,Ludhiana Mandi,Turmeric,2024-01-05,7185,8810,8008
Punjab,Ludhiana,Ludhiana Mandi,Jowar,2024-01-09,2405,2669,2552
Punjab,Ludhiana,Ludhiana Mandi,Mango,2024-01-09,2678,3944,3312
Punjab,Ludhiana,Ludhiana Mandi,Mustard,2024-01-09,5211,5597,5406
Punjab,Ludhiana,Ludhiana Mandi,Tomato,2024-01-09,843,1239,1012
Punjab,Ludhiana,Ludhiana Mandi,Banana,2024-01-09,1081,1249,1166
Punjab,Ludhiana,Ludhiana Mandi,Jowar,2024-01-13,2513,2844,2676
Punjab,Ludhiana,Ludhiana Mandi,Mango,2024-01-13,2769,4236,3450
Punjab,Ludhiana,Ludhiana Mandi,Mustard,2024-01-13,4881,5242,5096
Punjab,Ludhiana,Ludhiana Mandi,Tomato,2024-01-13,784,1517,1118
Punjab,Ludhiana,Ludhiana Mandi,Banana,2024-01-13,1007,1186,1104
Punjab,Ludhiana,Ludhiana Mandi,Soybean,2024-01-13,3754,4394,4091
Punjab,Ludhiana,Ludhiana Mandi,Turmeric,2024-01-13,6379,8116,7203
Punjab,Ludhiana,Ludhiana Mandi,Jowar,2024-01-17,2319,2648,2480
Punjab,Ludhiana,Ludhiana Mandi,Mango,2024-01-17,2611,3577,3162
Punjab,Ludhiana,Ludhiana Mandi,Mustard,2024-01-17,4817,5309,5014
Punjab,Ludhiana,Ludhiana Mandi,Banana,2024-01-17,995,1315,1165
Punjab,Ludhiana,Ludhiana Mandi,Soybean,2024-01-17,3795,4361,4137
Punjab,Ludhiana,Ludhiana Mandi,Turmeric,2024-01-17,6664,7301,7013
Punjab,Ludhiana,Ludhiana Mandi,Mango,2024-01-21,2623,3434,3009
Punjab,Ludhiana,Ludhiana Mandi,Mustard,2024-01-21,4771,5103,4922
Punjab,Ludhiana,Ludhiana Mandi,Tomato,2024-01-21,644,1317,989
Punjab,Ludhiana,Ludhiana Mandi,Soybean,2024-01-21,4022,4286,4176
Punjab,Ludhiana,Ludhiana Mandi,Turmeric,2024-01-21,6586,7719,7203
Punjab,Ludhiana,Ludhiana Mandi,Jowar,2024-01-25,2391,2667,2521
Punjab,Ludhiana,Ludhiana Mandi,Mango,2024-01-25,3092,3751,3429
Punjab,Ludhiana,Ludhiana Mandi,Mustard,2024-01-25,5357,5800,5589
Punjab,Ludhiana,Ludhiana Mandi,Tomato,2024-01-25,604,1275,992
Punjab,Ludhiana,Ludhiana Mandi,Banana,2024-01-25,1167,1310,1239
Punjab,Ludhiana,Ludhiana Mandi,Jowar,2024-01-29,2573,2720,2650
Punjab,Ludhiana,Ludhiana Mandi,Mango,2024-01-29,2805,3444,3143
Punjab,Ludhiana,Ludhiana Mandi,Mustard,2024-01-29,4690,5276,4990
Punjab,Ludhiana,Ludhiana Mandi,Tomato,2024-01-29,793,1267,1021
Punjab,Ludhiana,Ludhiana Mandi,Soybean,2024-01-29,3956,4436,4186
Punjab,Ludhiana,Ludhiana Mandi,Jowar,2024-02-02,2546,2857,2708
Punjab,Ludhiana,Ludhiana Mandi,Mango,2024-02-02,2542,3668,3070
Punjab,Ludhiana,Ludhiana Mandi,Soybean,2024-02-02,3913,4212,4074
Punjab,Ludhiana,Ludhiana Mandi,Turmeric,2024-02-02,5241,6187,5736
Punjab,Ludhiana,Ludhiana Mandi,Jowar,2024-02-06,2274,2560,2437
Punjab,Ludhiana,Ludhiana Mandi,Mango,2024-02-06,2824,3915,3272
Punjab,Ludhiana,Ludhiana Mandi,Mustard,2024-02-06,4768,5304,4996
Punjab,Ludhiana,Ludhiana Mandi,Tomato,2024-02-06,877,1356,1083
Punjab,Ludhiana,Ludhiana Mandi,Banana,2024-02-06,1016,1249,1136
Punjab,Ludhiana,Ludhiana Mandi,Soybean,2024-02-06,3859,4159,4047
Punjab,Ludhiana,Ludhiana Mandi,Mango,2024-02-10,2649,3384,2954
Punjab,Ludhiana,Ludhiana Mandi,Mustard,2024-02-10,4848,5087,4984
Punjab,Ludhiana,Ludhiana Mandi,Tomato,2024-02-10,738,1334,1058
Punjab,Ludhiana,Ludhiana Mandi,Turmeric,2024-02-10,5372,6069,5706
Punjab,Ludhiana,Ludhiana Mandi,Jowar,2024-02-14,2537,2911,2726
Punjab,Ludhiana,Ludhiana Mandi,Mango,2024-02-14,2881,3578,3242
Punjab,Ludhiana,Ludhiana Mandi,Tomato,2024-02-14,666,1318,991
Punjab,Ludhiana,Ludhiana Mandi,Banana,2024-02-14,1102,1309,1203
Punjab,Ludhiana,Ludhiana Mandi,Soybean,2024-02-14,4072,4498,4285
Punjab,Ludhiana,Ludhiana Mandi,Turmeric,2024-02-14,5982,6623,6325
Punjab,Ludhiana,Ludhiana Mandi,Jowar,2024-02-18,2456,2704,2598
Punjab,Ludhiana,Ludhiana Mandi,Mango,2024-02-18,2960,3956,3421
Punjab,Ludhiana,Ludhiana Mandi,Mustard,2024-02-18,5041,5349,5220
Punjab,Ludhiana,Ludhiana Mandi,Tomato,2024-02-18,758,1258,1041
Punjab,Ludhiana,Ludhiana Mandi,Banana,2024-02-18,1037,1254,1147
Punjab,Ludhiana,Ludhiana Mandi,Turmeric,2024-02-18,5150,6475,5872
Punjab,Ludhiana,Ludhiana Mandi,Mustard,2024-02-22,5184,5810,5568
Punjab,Ludhiana,Ludhiana Mandi,Tomato,2024-02-22,753,1400,1085
Punjab,Ludhiana,Ludhiana Mandi,Banana,2024-02-22,1059,1344,1227
Punjab,Ludhiana,Ludhiana Mandi,Turmeric,2024-02-22,5658,7005,6421
Punjab,Ludhiana,Ludhiana Mandi,Jowar,2024-02-26,2475,2659,2561
Punjab,Ludhiana,Ludhiana Mandi,Mango,2024-02-26,2765,3280,3011
Punjab,Ludhiana,Ludhiana Mandi,Mustard,2024-02-26,5196,5560,5338
Punjab,Ludhiana,Ludhiana Mandi,Tomato,2024-02-26,908,1377,1133
Punjab,Ludhiana,Ludhiana Mandi,Banana,2024-02-26,995,1344,1174
Punjab,Ludhiana,Ludhiana Mandi,Soybean,2024-02-26,3969,4315,4153
Punjab,Ludhiana,Ludhiana Mandi,Turmeric,2024-02-26,5737,6441,6109
Punjab,Ludhiana,Ludhiana Mandi,Mango,2024-03-01,2725,3918,3318
Punjab,Ludhiana,Ludhiana Mandi,Mustard,2024-03-01,4162,4637,4376
Punjab,Ludhiana,Ludhiana Mandi,Tomato,2024-03-01,816,1605,1243
Punjab,Ludhiana,Ludhiana Mandi,Banana,2024-03-01,968,1277,1124
Punjab,Ludhiana,Ludhiana Mandi,Soybean,2024-03-01,4033,4561,4286
Punjab,Ludhiana,Ludhiana Mandi,Jowar,2024-03-05,2340,2662,2496
Punjab,Ludhiana,Ludhiana Mandi,Mango,2024-03-05,2909,3924,3378
Punjab,Ludhiana,Ludhiana Mandi,Mustard,2024-03-05,3827,4269,4023
Punjab,Ludhiana,Ludhiana Mandi,Tomato,2024-03-05,1006,1504,1241
Punjab,Ludhiana,Ludhiana Mandi,Banana,2024-03-05,1060,1287,1182
Punjab,Ludhiana,Ludhiana Mandi,Soybean,2024-03-05,3819,4079,3959
Punjab,Ludhiana,Ludhiana Mandi,Turmeric,2024-03-05,6078,7204,6524
Punjab,Ludhiana,Ludhiana Mandi,Jowar,2024-03-09,2435,2682,2577
Punjab,Ludhiana,Ludhiana Mandi,Mango,2024-03-09,2902,3727,3269
Punjab,Ludhiana,Ludhiana Mandi,Mustard,2024-03-09,4075,4453,4235
Punjab,Ludhiana,Ludhiana Mandi,Tomato,2024-03-09,1061,1662,1330
Punjab,Ludhiana,Ludhiana Mandi,Banana,2024-03-09,976,1208,1072
Punjab,Ludhiana,Ludhiana Mandi,Soybean,2024-03-09,3967,4214,4085
Punjab,Ludhiana,Ludhiana Mandi,Turmeric,2024-03-09,5712,6793,6272
Punjab,Ludhiana,Ludhiana Mandi,Jowar,2024-03-13,2327,2523,2440
Punjab,Ludhiana,Ludhiana Mandi,Mango,2024-03-13,2966,3532,3220
Punjab,Ludhiana,Ludhiana Mandi,Mustard,2024-03-13,3839,4254,4062
Punjab,Ludhiana,Ludhiana Mandi,Tomato,2024-03-13,973,1504,1198
Punjab,Ludhiana,Ludhiana Mandi,Banana,2024-03-13,1118,1301,1200
Punjab,Ludhiana,Ludhiana Mandi,Turmeric,2024-03-13,5339,6647,5837
Punjab,Ludhiana,Ludhiana Mandi,Mango,2024-03-17,2920,3568,3216
Punjab,Ludhiana,Ludhiana Mandi,Mustard,2024-03-17,4015,4391,4188
Punjab,Ludhiana,Ludhiana Mandi,Tomato,2024-03-17,824,1576,1264
Punjab,Ludhiana,Ludhiana Mandi,Banana,2024-03-17,947,1191,1077
Punjab,Ludhiana,Ludhiana Mandi,Soybean,2024-03-17,4217,4667,4445
Punjab,Ludhiana,Ludhiana Mandi,Turmeric,2024-03-17,5824,6660,6206
Punjab,Ludhiana,Ludhiana Mandi,Jowar,2024-03-21,2427,2609,2529
Punjab,Ludhiana,Ludhiana Mandi,Mango,2024-03-21,2583,3246,2960
Punjab,Ludhiana,Ludhiana Mandi,Mustard,2024-03-21,3884,4307,4080
Punjab,Ludhiana,Ludhiana Mandi,Tomato,2024-03-21,1001,1581,1274
Punjab,Ludhiana,Ludhiana Mandi,Banana,2024-03-21,1013,1273,1144
Punjab,Ludhiana,Ludhiana Mandi,Soybean,2024-03-21,4035,4647,4320
Punjab,Ludhiana,Ludhiana Mandi,Jowar,2024-03-25,2707,2941,2807
Punjab,Ludhiana,Ludhiana Mandi,Mango,2024-03-25,2729,3562,3146
Punjab,Ludhiana,Ludhiana Mandi,Tomato,2024-03-25,855,1851,1351
Punjab,Ludhiana,Ludhiana Mandi,Turmeric,2024-03-25,5683,6923,6348
Punjab,Ludhiana,Ludhiana Mandi,Jowar,2024-03-29,2590,2760,2668
Punjab,Ludhiana,Ludhiana Mandi,Mango,2024-03-29,2680,3258,2946
Punjab,Ludhiana,Ludhiana Mandi,Mustard,2024-03-29,4224,4475,4357
Punjab,Ludhiana,Ludhiana Mandi,Tomato,2024-03-29,1053,1692,1344
Punjab,Ludhiana,Ludhiana Mandi,Banana,2024-03-29,951,1301,1120
Punjab,Ludhiana,Ludhiana Mandi,Soybean,2024-03-29,4084,4498,4284
Punjab,Ludhiana,Ludhiana Mandi,Turmeric,2024-03-29,5384,6713,5997
Punjab,Ludhiana,Ludhiana Mandi,Mango,2024-04-02,2535,2929,2743
Punjab,Ludhiana,Ludhiana Mandi,Mustard,2024-04-02,3939,4160,4068
Punjab,Ludhiana,Ludhiana Mandi,Tomato,2024-04-02,817,1754,1311
Punjab,Ludhiana,Ludhiana Mandi,Banana,2024-04-02,1086,1276,1196
Punjab,Ludhiana,Ludhiana Mandi,Soybean,2024-04-02,3799,4227,4010
Punjab,Ludhiana,Ludhiana Mandi,Turmeric,2024-04-02,7315,8231,7775
Punjab,Ludhiana,Ludhiana Mandi,Jowar,2024-04-06,2625,2968,2756
Punjab,Ludhiana,Ludhiana Mandi,Mustard,2024-04-06,4199,4648,4396
Punjab,Ludhiana,Ludhiana Mandi,Turmeric,2024-04-06,6983,8276,7758
Punjab,Ludhiana,Ludhiana Mandi,Jowar,2024-04-10,2292,2542,2442
Punjab,Ludhiana,Ludhiana Mandi,Mango,2024-04-10,2070,2761,2474
Punjab,Ludhiana,Ludhiana Mandi,Banana,2024-04-10,1041,1269,1162
Punjab,Ludhiana,Ludhiana Mandi,Soybean,2024-04-10,4224,4553,4368
Punjab,Ludhiana,Ludhiana Mandi,Turmeric,2024-04-10,6359,7711,6983
Punjab,Ludhiana,Ludhiana Mandi,Jowar,2024-04-14,2402,2578,2501
Punjab,Ludhiana,Ludhiana Mandi,Mango,2024-04-14,2250,2626,2436
Punjab,Ludhiana,Ludhiana Mandi,Mustard,2024-04-14,3872,4348,4122
Punjab,Ludhiana,Ludhiana Mandi,Banana,2024-04-14,962,1251,1114
Punjab,Ludhiana,Ludhiana Mandi,Turmeric,2024-04-14,7427,8689,8013
Punjab,Ludhiana,Ludhiana Mandi,Jowar,2024-04-18,2676,2840,2769
Punjab,Ludhiana,Ludhiana Mandi,Mustard,2024-04-18,4157,4469,4288
Punjab,Ludhiana,Ludhiana Mandi,Tomato,2024-04-18,1125,1612,1327
Punjab,Ludhiana,Ludhiana Mandi,Banana,2024-04-18,1007,1306,1155
Punjab,Ludhiana,Ludhiana Mandi,Jowar,2024-04-22,2455,2687,2571
Punjab,Ludhiana,Ludhiana Mandi,Mango,2024-04-22,2446,3016,2705
Punjab,Ludhiana,Ludhiana Mandi,Mustard,2024-04-22,3800,4308,4057
Punjab,Ludhiana,Ludhiana Mandi,Tomato,2024-04-22,1020,1785,1374
Punjab,Ludhiana,Ludhiana Mandi,Banana,2024-04-22,1021,1229,1123
Punjab,Ludhiana,Ludhiana Mandi,Soybean,2024-04-22,4071,4562,4320
Punjab,Ludhiana,Ludhiana Mandi,Turmeric,2024-04-22,7275,8272,7856
Punjab,Ludhiana,Ludhiana Mandi,Jowar,2024-04-26,2588,2861,2692
Punjab,Ludhiana,Ludhiana Mandi,Mustard,2024-04-26,4334,4712,4509
Punjab,Ludhiana,Ludhiana Mandi,Banana,2024-04-26,993,1154,1064
Punjab,Ludhiana,Ludhiana Mandi,Soybean,2024-04-26,3927,4339,4165
Punjab,Ludhiana,Ludhiana Mandi,Turmeric,2024-04-26,6654,7616,7145
Punjab,Ludhiana,Ludhiana Mandi,Jowar,2024-04-30,2335,2540,2440
Punjab,Ludhiana,Ludhiana Mandi,Mustard,2024-04-30,3784,4216,3980
Punjab,Ludhiana,Ludhiana Mandi,Banana,2024-04-30,995,1199,1102
Punjab,Ludhiana,Ludhiana Mandi,Soybean,2024-04-30,3862,4395,4132
Punjab,Ludhiana,Ludhiana Mandi,Mango,2024-05-04,2409,2949,2685
Punjab,Ludhiana,Ludhiana Mandi,Mustard,2024-05-04,4961,5356,5177
Punjab,Ludhiana,Ludhiana Mandi,Turmeric,2024-05-04,6312,7991,7311
Punjab,Ludhiana,Ludhiana Mandi,Jowar,2024-05-08,2593,2860,2720
Punjab,Ludhiana,Ludhiana Mandi,Mustard,2024-05-08,4707,5322,5012
Punjab,Ludhiana,Ludhiana Mandi,Tomato,2024-05-08,940,1755,1360
Punjab,Ludhiana,Ludhiana Mandi,Banana,2024-05-08,1104,1316,1200
Punjab,Ludhiana,Ludhiana Mandi,Soybean,2024-05-08,4014,4505,4287
Punjab,Ludhiana,Ludhiana Mandi,Turmeric,2024-05-08,7346,8907,7984
Punjab,Ludhiana,Ludhiana Mandi,Jowar,2024-05-12,2627,2956,2795
Punjab,Ludhiana,Ludhiana Mandi,Mango,2024-05-12,2312,2830,2530
Punjab,Ludhiana,Ludhiana Mandi,Mustard,2024-05-12,4999,5542,5282
Punjab,Ludhiana,Ludhiana Mandi,Banana,2024-05-12,963,1233,1073
Punjab,Ludhiana,Ludhiana Mandi,Turmeric,2024-05-12,7386,8386,7900
Punjab,Ludhiana,Ludhiana Mandi,Jowar,2024-05-16,2428,2629,2548
Punjab,Ludhiana,Ludhiana Mandi,Mango,2024-05-16,1988,2957,2468
Punjab,Ludhiana,Ludhiana Mandi,Mustard,2024-05-16,5033,5659,5371
Punjab,Ludhiana,Ludhiana Mandi,Tomato,2024-05-16,1089,1515,1327
Punjab,Ludhiana,Ludhiana Mandi,Banana,2024-05-16,975,1176,1080
Punjab,Ludhiana,Ludhiana Mandi,Soybean,2024-05-16,4232,4666,4434
Punjab,Ludhiana,Ludhiana Mandi,Jowar,2024-05-20,2513,2813,2681
Punjab,Ludhiana,Ludhiana Mandi,Mango,2024-05-20,2444,3067,2743
Punjab,Ludhiana,Ludhiana Mandi,Tomato,2024-05-20,1127,1587,1334
Punjab,Ludhiana,Ludhiana Mandi,Banana,2024-05-20,1030,1352,1174
Punjab,Ludhiana,Ludhiana Mandi,Soybean,2024-05-20,3823,4270,4038
Punjab,Ludhiana,Ludhiana Mandi,Turmeric,2024-05-20,7067,8549,7672
Punjab,Ludhiana,Ludhiana Mandi,Jowar,2024-05-24,2300,2608,2476
Punjab,Ludhiana,Ludhiana Mandi,Mustard,2024-05-24,4813,5259,5073
Punjab,Ludhiana,Ludhiana Mandi,Tomato,2024-05-24,921,1697,1239
Punjab,Ludhiana,Ludhiana Mandi,Banana,2024-05-24,1013,1325,1157
Punjab,Ludhiana,Ludhiana Mandi,Soybean,2024-05-24,4042,4427,4252
Punjab,Ludhiana,Ludhiana Mandi,Turmeric,2024-05-24,6267,7630,6911
Punjab,Ludhiana,Ludhiana Mandi,Jowar,2024-05-28,2557,2806,2672
Punjab,Ludhiana,Ludhiana Mandi,Mango,2024-05-28,2275,3077,2597
Punjab,Ludhiana,Ludhiana Mandi,Mustard,2024-05-28,4560,5083,4819
Punjab,Ludhiana,Ludhiana Mandi,Tomato,2024-05-28,883,1559,1251
Punjab,Ludhiana,Ludhiana Mandi,Banana,2024-05-28,1033,1273,1143
Punjab,Ludhiana,Ludhiana Mandi,Soybean,2024-05-28,3928,4240,4095
Punjab,Ludhiana,Ludhiana Mandi,Turmeric,2024-05-28,6705,8452,7481
Punjab,Ludhiana,Ludhiana Mandi,Mango,2024-06-01,2254,2921,2620
Punjab,Ludhiana,Ludhiana Mandi,Turmeric,2024-06-01,7269,8597,8093
Punjab,Ludhiana,Ludhiana Mandi,Jowar,2024-06-05,2483,2798,2630
Punjab,Ludhiana,Ludhiana Mandi,Mango,2024-06-05,2214,3037,2698
Punjab,Ludhiana,Ludhiana Mandi,Mustard,2024-06-05,4644,4987,4784
Punjab,Ludhiana,Ludhiana Mandi,Tomato,2024-06-05,1162,1588,1346
Punjab,Ludhiana,Ludhiana Mandi,Soybean,2024-06-05,4070,4426,4277
Punjab,Ludhiana,Ludhiana Mandi,Turmeric,2024-06-05,6241,7799,6994
Punjab,Ludhiana,Ludhiana Mandi,Jowar,2024-06-09,2547,2857,2677
Punjab,Ludhiana,Ludhiana Mandi,Tomato,2024-06-09,998,1589,1330
Punjab,Ludhiana,Ludhiana Mandi,Banana,2024-06-09,964,1311,1171
Punjab,Ludhiana,Ludhiana Mandi,Soybean,2024-06-09,3896,4266,4104
Punjab,Ludhiana,Ludhiana Mandi,Turmeric,2024-06-09,6884,7942,7443
Punjab,Ludhiana,Ludhiana Mandi,Mango,2024-06-13,2375,3119,2791
Punjab,Ludhiana,Ludhiana Mandi,Mustard,2024-06-13,5217,5667,5452
Punjab,Ludhiana,Ludhiana Mandi,Tomato,2024-06-13,1089,1705,1375
Punjab,Ludhiana,Ludhiana Mandi,Turmeric,2024-06-13,7432,8371,7917
Punjab,Ludhiana,Ludhiana Mandi,Mango,2024-06-17,2267,3139,2691
Punjab,Ludhiana,Ludhiana Mandi,Mustard,2024-06-17,4885,5211,5076
Punjab,Ludhiana,Ludhiana Mandi,Banana,2024-06-17,1054,1228,1138
Punjab,Ludhiana,Ludhiana Mandi,Soybean,2024-06-17,4329,4696,4520
Punjab,Ludhiana,Ludhiana Mandi,Turmeric,2024-06-17,6645,7941,7232
Punjab,Ludhiana,Ludhiana Mandi,Jowar,2024-06-21,2494,2666,2591
Punjab,Ludhiana,Ludhiana Mandi,Mango,2024-06-21,2180,3010,2597
Punjab,Ludhiana,Ludhiana Mandi,Mustard,2024-06-21,4823,5258,5014
Punjab,Ludhiana,Ludhiana Mandi,Tomato,2024-06-21,835,1875,1332
Punjab,Ludhiana,Ludhiana Mandi,Banana,2024-06-21,1111,1358,1231
Punjab,Ludhiana,Ludhiana Mandi,Mango,2024-06-25,2181,2751,2464
Punjab,Ludhiana,Ludhiana Mandi,Mustard,2024-06-25,4519,5008,4787
Punjab,Ludhiana,Ludhiana Mandi,Tomato,2024-06-25,833,1616,1216
Punjab,Ludhiana,Ludhiana Mandi,Soybean,2024-06-25,3750,4244,4009
Punjab,Ludhiana,Ludhiana Mandi,Turmeric,2024-06-25,6579,8693,7643
Punjab,Ludhiana,Ludhiana Mandi,Mango,2024-06-29,2063,2852,2426
Punjab,Ludhiana,Ludhiana Mandi,Mustard,2024-06-29,5406,5791,5594
Punjab,Ludhiana,Ludhiana Mandi,Soybean,2024-06-29,4286,4719,4511
Punjab,Ludhiana,Ludhiana Mandi,Jowar,2024-07-03,2272,2510,2404
Punjab,Ludhiana,Ludhiana Mandi,Mustard,2024-07-03,4914,5281,5083
Punjab,Ludhiana,Ludhiana Mandi,Banana,2024-07-03,1106,1299,1197
Punjab,Ludhiana,Ludhiana Mandi,Soybean,2024-07-03,3672,4139,3870
Punjab,Ludhiana,Ludhiana Mandi,Jowar,2024-07-07,2407,2624,2504
Punjab,Ludhiana,Ludhiana Mandi,Mango,2024-07-07,2581,3676,3069
Punjab,Ludhiana,Ludhiana Mandi,Mustard,2024-07-07,4635,4945,4784
Punjab,Ludhiana,Ludhiana Mandi,Tomato,2024-07-07,1072,1465,1293
Punjab,Ludhiana,Ludhiana Mandi,Banana,2024-07-07,946,1167,1063
Punjab,Ludhiana,Ludhiana Mandi,Soybean,2024-07-07,3813,4061,3908
Punjab,Ludhiana,Ludhiana Mandi,Turmeric,2024-07-07,7113,8312,7760
Punjab,Ludhiana,Ludhiana Mandi,Mustard,2024-07-11,4898,5507,5143
Punjab,Ludhiana,Ludhiana Mandi,Tomato,2024-07-11,964,1573,1314
Punjab,Ludhiana,Ludhiana Mandi,Banana,2024-07-11,1047,1228,1121
Punjab,Ludhiana,Ludhiana Mandi,Soybean,2024-07-11,4117,4532,4362
Punjab,Ludhiana,Ludhiana Mandi,Turmeric,2024-07-11,6806,8180,7407
Punjab,Ludhiana,Ludhiana Mandi,Jowar,2024-07-15,2558,2768,2652
Punjab,Ludhiana,Ludhiana Mandi,Mango,2024-07-15,2810,3943,3442
Punjab,Ludhiana,Ludhiana Mandi,Mustard,2024-07-15,5417,5755,5585
Punjab,Ludhiana,Ludhiana Mandi,Tomato,2024-07-15,1138,1559,1321
Punjab,Ludhiana,Ludhiana Mandi,Banana,2024-07-15,1064,1340,1177
Punjab,Ludhiana,Ludhiana Mandi,Soybean,2024-07-15,4184,4593,4403
Punjab,Ludhiana,Ludhiana Mandi,Turmeric,2024-07-15,6252,8109,7159
Punjab,Ludhiana,Ludhiana Mandi,Jowar,2024-07-19,2601,2923,2777
Punjab,Ludhiana,Ludhiana Mandi,Mango,2024-07-19,2568,3764,3120
Punjab,Ludhiana,Ludhiana Mandi,Banana,2024-07-19,1043,1185,1118
Punjab,Ludhiana,Ludhiana Mandi,Soybean,2024-07-19,4212,4584,4398
Punjab,Ludhiana,Ludhiana Mandi,Jowar,2024-07-23,2399,2644,2513
Punjab,Ludhiana,Ludhiana Mandi,Mango,2024-07-23,2606,3616,2988
Punjab,Ludhiana,Ludhiana Mandi,Mustard,2024-07-23,5342,5879,5596
Punjab,Ludhiana,Ludhiana Mandi,Banana,2024-07-23,1007,1279,1141
Punjab,Ludhiana,Ludhiana Mandi,Mango,2024-07-27,2773,3340,3120
Punjab,Ludhiana,Ludhiana Mandi,Mustard,2024-07-27,4545,4960,4804
Punjab,Ludhiana,Ludhiana Mandi,Tomato,2024-07-27,920,1548,1252
Punjab,Ludhiana,Ludhiana Mandi,Banana,2024-07-27,1147,1315,1222
Punjab,Ludhiana,Ludhiana Mandi,Turmeric,2024-07-27,6322,7699,7066
Punjab,Ludhiana,Ludhiana Mandi,Jowar,2024-07-31,2561,2681,2621
Punjab,Ludhiana,Ludhiana Mandi,Mustard,2024-07-31,4940,5449,5179
Punjab,Ludhiana,Ludhiana Mandi,Banana,2024-07-31,935,1237,1092
Punjab,Ludhiana,Ludhiana Mandi,Turmeric,2024-07-31,6547,7692,6970
Punjab,Ludhiana,Ludhiana Mandi,Jowar,2024-08-04,2477,2792,2621
Punjab,Ludhiana,Ludhiana Mandi,Mango,2024-08-04,2666,3599,3172
Punjab,Ludhiana,Ludhiana Mandi,Tomato,2024-08-04,1042,1618,1386
Punjab,Ludhiana,Ludhiana Mandi,Banana,2024-08-04,1089,1419,1231
Punjab,Ludhiana,Ludhiana Mandi,Jowar,2024-08-08,2336,2518,2429
Punjab,Ludhiana,Ludhiana Mandi,Mango,2024-08-08,2975,3909,3428
Punjab,Ludhiana,Ludhiana Mandi,Tomato,2024-08-08,706,1563,1224
Punjab,Ludhiana,Ludhiana Mandi,Banana,2024-08-08,1118,1259,1187
Punjab,Ludhiana,Ludhiana Mandi,Soybean,2024-08-08,3903,4429,4114
Punjab,Ludhiana,Ludhiana Mandi,Jowar,2024-08-12,2538,2808,2644
Punjab,Ludhiana,Ludhiana Mandi,Mango,2024-08-12,2790,3701,3208
Punjab,Ludhiana,Ludhiana Mandi,Mustard,2024-08-12,5191,5603,5397
Punjab,Ludhiana,Ludhiana Mandi,Banana,2024-08-12,984,1258,1132
Punjab,Ludhiana,Ludhiana Mandi,Soybean,2024-08-12,4203,4565,4398
Punjab,Ludhiana,Ludhiana Mandi,Turmeric,2024-08-12,7189,8440,7908
Punjab,Ludhiana,Ludhiana Mandi,Jowar,2024-08-16,2527,2868,2716
Punjab,Ludhiana,Ludhiana Mandi,Mango,2024-08-16,2510,3365,3010
Punjab,Ludhiana,Ludhiana Mandi,Mustard,2024-08-16,4636,5099,4839
Punjab,Ludhiana,Ludhiana Mandi,Tomato,2024-08-16,1135,1677,1387
Punjab,Ludhiana,Ludhiana Mandi,Banana,2024-08-16,1057,1279,1161
Punjab,Ludhiana,Ludhiana Mandi,Turmeric,2024-08-16,7108,8379,7665
Punjab,Ludhiana,Ludhiana Mandi,Jowar,2024-08-20,2601,2877,2758
Punjab,Ludhiana,Ludhiana Mandi,Mango,2024-08-20,3031,3753,3433
Punjab,Ludhiana,Ludhiana Mandi,Mustard,2024-08-20,5031,5600,5356
Punjab,Ludhiana,Ludhiana Mandi,Banana,2024-08-20,1105,1363,1229
Punjab,Ludhiana,Ludhiana Mandi,Soybean,2024-08-20,4049,4575,4333
Punjab,Ludhiana,Ludhiana Mandi,Turmeric,2024-08-20,7308,8679,7931
Punjab,Ludhiana,Ludhiana Mandi,Mango,2024-08-24,2405,3453,3006
Punjab,Ludhiana,Ludhiana Mandi,Mustard,2024-08-24,5183,5765,5503
Punjab,Ludhiana,Ludhiana Mandi,Tomato,2024-08-24,821,1808,1333
Punjab,Ludhiana,Ludhiana Mandi,Turmeric,2024-08-24,6654,7493,6972
Punjab,Ludhiana,Ludhiana Mandi,Tomato,2024-08-28,1149,1504,1313
Punjab,Ludhiana,Ludhiana Mandi,Banana,2024-08-28,1013,1217,1115
Punjab,Ludhiana,Ludhiana Mandi,Soybean,2024-08-28,3917,4463,4171
Punjab,Ludhiana,Ludhiana Mandi,Turmeric,2024-08-28,7062,8468,7865
Punjab,Ludhiana,Ludhiana Mandi,Jowar,2024-09-01,2407,2604,2508
Punjab,Ludhiana,Ludhiana Mandi,Mango,2024-09-01,2400,3580,3030
Punjab,Ludhiana,Ludhiana Mandi,Mustard,2024-09-01,5064,5676,5362
Punjab,Ludhiana,Ludhiana Mandi,Banana,2024-09-01,1072,1286,1186
Punjab,Ludhiana,Ludhiana Mandi,Soybean,2024-09-01,4024,4524,4284
Punjab,Ludhiana,Ludhiana Mandi,Turmeric,2024-09-01,7275,9001,8094
Punjab,Ludhiana,Ludhiana Mandi,Jowar,2024-09-05,2352,2562,2451
Punjab,Ludhiana,Ludhiana Mandi,Mustard,2024-09-05,5452,5751,5608
Punjab,Ludhiana,Ludhiana Mandi,Tomato,2024-09-05,997,1561,1256
Punjab,Ludhiana,Ludhiana Mandi,Jowar,2024-09-09,2371,2585,2483
Punjab,Ludhiana,Ludhiana Mandi,Mango,2024-09-09,2842,3724,3322
Punjab,Ludhiana,Ludhiana Mandi,Mustard,2024-09-09,5047,5546,5284
Punjab,Ludhiana,Ludhiana Mandi,Tomato,2024-09-09,917,1797,1377
Punjab,Ludhiana,Ludhiana Mandi,Banana,2024-09-09,1001,1189,1102
Punjab,Ludhiana,Ludhiana Mandi,Soybean,2024-09-09,3995,4257,4128
Punjab,Ludhiana,Ludhiana Mandi,Turmeric,2024-09-09,6998,8568,7866
Punjab,Ludhiana,Ludhiana Mandi,Jowar,2024-09-13,2426,2573,2504
Punjab,Ludhiana,Ludhiana Mandi,Mango,2024-09-13,3051,3798,3449
Punjab,Ludhiana,Ludhiana Mandi,Mustard,2024-09-13,4671,5123,4877
Punjab,Ludhiana,Ludhiana Mandi,Tomato,2024-09-13,1213,1627,1384
Punjab,Ludhiana,Ludhiana Mandi,Banana,2024-09-13,1095,1272,1175
Punjab,Ludhiana,Ludhiana Mandi,Soybean,2024-09-13,3985,4225,4077
Punjab,Ludhiana,Ludhiana Mandi,Turmeric,2024-09-13,6581,7477,6985
Punjab,Ludhiana,Ludhiana Mandi,Jowar,2024-09-17,2485,2752,2617
Punjab,Ludhiana,Ludhiana Mandi,Mango,2024-09-17,2687,3755,3144
Punjab,Ludhiana,Ludhiana Mandi,Mustard,2024-09-17,4854,5445,5182
Punjab,Ludhiana,Ludhiana Mandi,Tomato,2024-09-17,909,1696,1255
Punjab,Ludhiana,Ludhiana Mandi,Banana,2024-09-17,1089,1359,1209
Punjab,Ludhiana,Ludhiana Mandi,Soybean,2024-09-17,3745,4040,3898
Punjab,Ludhiana,Ludhiana Mandi,Turmeric,2024-09-17,7320,8833,8046
Punjab,Ludhiana,Ludhiana Mandi,Jowar,2024-09-21,2515,2735,2626
Punjab,Ludhiana,Ludhiana Mandi,Mango,2024-09-21,2771,3700,3229
Punjab,Ludhiana,Ludhiana Mandi,Tomato,2024-09-21,1176,1638,1385
Punjab,Ludhiana,Ludhiana Mandi,Banana,2024-09-21,912,1230,1077
Punjab,Ludhiana,Ludhiana Mandi,Turmeric,2024-09-21,6858,7885,7304
Punjab,Ludhiana,Ludhiana Mandi,Mango,2024-09-25,2625,3701,3232
Punjab,Ludhiana,Ludhiana Mandi,Mustard,2024-09-25,4715,4986,4867
Punjab,Ludhiana,Ludhiana Mandi,Tomato,2024-09-25,1019,1426,1236
Punjab,Ludhiana,Ludhiana Mandi,Soybean,2024-09-25,3961,4267,4120
Punjab,Ludhiana,Ludhiana Mandi,Turmeric,2024-09-25,6212,7720,6999
Punjab,Ludhiana,Ludhiana Mandi,Mustard,2024-09-29,4771,5147,4937
Punjab,Ludhiana,Ludhiana Mandi,Banana,2024-09-29,1081,1288,1206
Punjab,Ludhiana,Ludhiana Mandi,Soybean,2024-09-29,3743,4122,3895
Punjab,Ludhiana,Ludhiana Mandi,Turmeric,2024-09-29,7278,8666,7986
Punjab,Ludhiana,Ludhiana Mandi,Jowar,2024-10-03,2116,2329,2227
Punjab,Ludhiana,Ludhiana Mandi,Mango,2024-10-03,2780,3778,3212
Punjab,Ludhiana,Ludhiana Mandi,Mustard,2024-10-03,5343,5806,5542
Punjab,Ludhiana,Ludhiana Mandi,Tomato,2024-10-03,936,1686,1299
Punjab,Ludhiana,Ludhiana Mandi,Banana,2024-10-03,1071,1357,1217
Punjab,Ludhiana,Ludhiana Mandi,Soybean,2024-10-03,3075,3279,3186
Punjab,Ludhiana,Ludhiana Mandi,Turmeric,2024-10-03,6436,7663,7150
Punjab,Ludhiana,Ludhiana Mandi,Jowar,2024-10-07,2171,2430,2276
Punjab,Ludhiana,Ludhiana Mandi,Mango,2024-10-07,2841,3607,3157
Punjab,Ludhiana,Ludhiana Mandi,Mustard,2024-10-07,5320,5666,5496
Punjab,Ludhiana,Ludhiana Mandi,Tomato,2024-10-07,937,1464,1220
Punjab,Ludhiana,Ludhiana Mandi,Banana,2024-10-07,977,1271,1099
Punjab,Ludhiana,Ludhiana Mandi,Soybean,2024-10-07,3355,3823,3619
Punjab,Ludhiana,Ludhiana Mandi,Jowar,2024-10-11,2079,2268,2177
Punjab,Ludhiana,Ludhiana Mandi,Mango,2024-10-11,2735,3328,3060
Punjab,Ludhiana,Ludhiana Mandi,Mustard,2024-10-11,4781,5127,4953
Punjab,Ludhiana,Ludhiana Mandi,Tomato,2024-10-11,851,1726,1287
Punjab,Ludhiana,Ludhiana Mandi,Banana,2024-10-11,1018,1241,1121
Punjab,Ludhiana,Ludhiana Mandi,Soybean,2024-10-11,3183,3589,3344
Punjab,Ludhiana,Ludhiana Mandi,Turmeric,2024-10-11,7046,8850,8058
Punjab,Ludhiana,Ludhiana Mandi,Jowar,2024-10-15,1985,2206,2098
Punjab,Ludhiana,Ludhiana Mandi,Tomato,2024-10-15,856,1650,1250
Punjab,Ludhiana,Ludhiana Mandi,Banana,2024-10-15,1006,1223,1109
Punjab,Ludhiana,Ludhiana Mandi,Mustard,2024-10-19,5137,5706,5432
Punjab,Ludhiana,Ludhiana Mandi,Banana,2024-10-19,1143,1302,1228
Punjab,Ludhiana,Ludhiana Mandi,Soybean,2024-10-19,3289,3565,3421
Punjab,Ludhiana,Ludhiana Mandi,Turmeric,2024-10-19,6991,8067,7492
Punjab,Ludhiana,Ludhiana Mandi,Jowar,2024-10-23,2071,2287,2187
Punjab,Ludhiana,Ludhiana Mandi,Tomato,2024-10-23,958,1671,1315
Punjab,Ludhiana,Ludhiana Mandi,Banana,2024-10-23,1068,1249,1149
Punjab,Ludhiana,Ludhiana Mandi,Turmeric,2024-10-23,7301,8414,7740
Punjab,Ludhiana,Ludhiana Mandi,Jowar,2024-10-27,2039,2263,2170
Punjab,Ludhiana,Ludhiana Mandi,Mango,2024-10-27,2678,3713,3320
Punjab,Ludhiana,Ludhiana Mandi,Tomato,2024-10-27,941,1596,1262
Punjab,Ludhiana,Ludhiana Mandi,Banana,2024-10-27,1051,1292,1158
Punjab,Ludhiana,Ludhiana Mandi,Soybean,2024-10-27,3077,3302,3195
Punjab,Ludhiana,Ludhiana Mandi,Turmeric,2024-10-27,6530,7962,7345
Punjab,Ludhiana,Ludhiana Mandi,Mango,2024-10-31,2619,3248,2997
Punjab,Ludhiana,Ludhiana Mandi,Mustard,2024-10-31,4938,5609,5270
Punjab,Ludhiana,Ludhiana Mandi,Tomato,2024-10-31,868,1895,1346
Punjab,Ludhiana,Ludhiana Mandi,Banana,2024-10-31,988,1300,1142
Punjab,Ludhiana,Ludhiana Mandi,Soybean,2024-10-31,3217,3512,3375
Punjab,Ludhiana,Ludhiana Mandi,Turmeric,2024-10-31,7514,8729,8016
Punjab,Ludhiana,Ludhiana Mandi,Jowar,2024-11-04,2066,2349,2232
Punjab,Ludhiana,Ludhiana Mandi,Mango,2024-11-04,2838,3951,3322
Punjab,Ludhiana,Ludhiana Mandi,Tomato,2024-11-04,878,1308,1085
Punjab,Ludhiana,Ludhiana Mandi,Banana,2024-11-04,1008,1306,1147
Punjab,Ludhiana,Ludhiana Mandi,Soybean,2024-11-04,3056,3421,3220
Punjab,Ludhiana,Ludhiana Mandi,Turmeric,2024-11-04,7037,8451,7704
Punjab,Ludhiana,Ludhiana Mandi,Mustard,2024-11-08,5149,5536,5392
Punjab,Ludhiana,Ludhiana Mandi,Tomato,2024-11-08,737,1480,1111
Punjab,Ludhiana,Ludhiana Mandi,Banana,2024-11-08,1068,1297,1195
Punjab,Ludhiana,Ludhiana Mandi,Soybean,2024-11-08,3099,3306,3211
Punjab,Ludhiana,Ludhiana Mandi,Jowar,2024-11-12,2027,2175,2092
Punjab,Ludhiana,Ludhiana Mandi,Mustard,2024-11-12,4818,5364,5104
Punjab,Ludhiana,Ludhiana Mandi,Banana,2024-11-12,991,1155,1067
Punjab,Ludhiana,Ludhiana Mandi,Soybean,2024-11-12,3332,3576,3461
Punjab,Ludhiana,Ludhiana Mandi,Turmeric,2024-11-12,6407,7799,7154
Punjab,Ludhiana,Ludhiana Mandi,Jowar,2024-11-16,2029,2232,2151
Punjab,Ludhiana,Ludhiana Mandi,Mustard,2024-11-16,4539,5057,4825
Punjab,Ludhiana,Ludhiana Mandi,Tomato,2024-11-16,669,1327,987
Punjab,Ludhiana,Ludhiana Mandi,Banana,2024-11-16,1133,1323,1225
Punjab,Ludhiana,Ludhiana Mandi,Soybean,2024-11-16,3193,3430,3292
Punjab,Ludhiana,Ludhiana Mandi,Mango,2024-11-20,2726,3705,3200
Punjab,Ludhiana,Ludhiana Mandi,Mustard,2024-11-20,4668,4998,4800
Punjab,Ludhiana,Ludhiana Mandi,Banana,2024-11-20,1010,1296,1183
Punjab,Ludhiana,Ludhiana Mandi,Soybean,2024-11-20,3216,3537,3352
Punjab,Ludhiana,Ludhiana Mandi,Turmeric,2024-11-20,6658,7856,7222
Punjab,Ludhiana,Ludhiana Mandi,Mango,2024-11-24,2723,3397,3047
Punjab,Ludhiana,Ludhiana Mandi,Soybean,2024-11-24,3430,3728,3602
Punjab,Ludhiana,Ludhiana Mandi,Turmeric,2024-11-24,6915,8391,7521
Punjab,Ludhiana,Ludhiana Mandi,Jowar,2024-11-28,2156,2418,2260
Punjab,Ludhiana,Ludhiana Mandi,Mango,2024-11-28,2742,3676,3166
Punjab,Ludhiana,Ludhiana Mandi,Tomato,2024-11-28,860,1291,1059
Punjab,Ludhiana,Ludhiana Mandi,Banana,2024-11-28,1010,1313,1166
Punjab,Ludhiana,Ludhiana Mandi,Soybean,2024-11-28,3344,3766,3533
Punjab,Ludhiana,Ludhiana Mandi,Turmeric,2024-11-28,7135,8419,7817
Punjab,Ludhiana,Ludhiana Mandi,Jowar,2024-12-02,2521,2720,2629
Punjab,Ludhiana,Ludhiana Mandi,Mango,2024-12-02,2745,3444,3095
Punjab,Ludhiana,Ludhiana Mandi,Tomato,2024-12-02,957,1324,1108
Punjab,Ludhiana,Ludhiana Mandi,Banana,2024-12-02,1122,1289,1203
Punjab,Ludhiana,Ludhiana Mandi,Soybean,2024-12-02,4217,4477,4345
Punjab,Ludhiana,Ludhiana Mandi,Turmeric,2024-12-02,6770,8044,7385
Punjab,Ludhiana,Ludhiana Mandi,Jowar,2024-12-06,2316,2596,2484
Punjab,Ludhiana,Ludhiana Mandi,Mango,2024-12-06,3138,3620,3408
Punjab,Ludhiana,Ludhiana Mandi,Mustard,2024-12-06,4712,5121,4886
Punjab,Ludhiana,Ludhiana Mandi,Tomato,2024-12-06,744,1285,995
Punjab,Ludhiana,Ludhiana Mandi,Banana,2024-12-06,978,1240,1102
Punjab,Ludhiana,Ludhiana Mandi,Soybean,2024-12-06,4097,4439,4274
Punjab,Ludhiana,Ludhiana Mandi,Turmeric,2024-12-06,6863,7640,7243
Punjab,Ludhiana,Ludhiana Mandi,Mango,2024-12-10,3089,3894,3437
Punjab,Ludhiana,Ludhiana Mandi,Mustard,2024-12-10,5078,5588,5348
Punjab,Ludhiana,Ludhiana Mandi,Tomato,2024-12-10,787,1501,1128
Punjab,Ludhiana,Ludhiana Mandi,Soybean,2024-12-10,3734,4101,3939
Punjab,Ludhiana,Ludhiana Mandi,Turmeric,2024-12-10,6662,8002,7315
Punjab,Ludhiana,Ludhiana Mandi,Mango,2024-12-14,2991,3819,3381
Punjab,Ludhiana,Ludhiana Mandi,Mustard,2024-12-14,5185,5518,5345
Punjab,Ludhiana,Ludhiana Mandi,Tomato,2024-12-14,842,1405,1091
Punjab,Ludhiana,Ludhiana Mandi,Banana,2024-12-14,988,1223,1091
Punjab,Ludhiana,Ludhiana Mandi,Soybean,2024-12-14,3886,4359,4131
Punjab,Ludhiana,Ludhiana Mandi,Turmeric,2024-12-14,6609,8109,7322
Punjab,Ludhiana,Ludhiana Mandi,Jowar,2024-12-18,2464,2719,2599
Punjab,Ludhiana,Ludhiana Mandi,Mango,2024-12-18,2939,3644,3370
Punjab,Ludhiana,Ludhiana Mandi,Mustard,2024-12-18,4804,5369,5098
Punjab,Ludhiana,Ludhiana Mandi,Tomato,2024-12-18,771,1394,1060
Punjab,Ludhiana,Ludhiana Mandi,Banana,2024-12-18,998,1387,1188
Punjab,Ludhiana,Ludhiana Mandi,Jowar,2024-12-22,2463,2721,2580
Punjab,Ludhiana,Ludhiana Mandi,Mustard,2024-12-22,4934,5388,5144
Punjab,Ludhiana,Ludhiana Mandi,Tomato,2024-12-22,751,1354,1059
Punjab,Ludhiana,Ludhiana Mandi,Banana,2024-12-22,989,1304,1115
Punjab,Ludhiana,Ludhiana Mandi,Soybean,2024-12-22,3814,4301,4060
Punjab,Ludhiana,Ludhiana Mandi,Turmeric,2024-12-22,6695,8179,7382
Punjab,Ludhiana,Ludhiana Mandi,Jowar,2024-12-26,2575,2886,2749
Punjab,Ludhiana,Ludhiana Mandi,Mango,2024-12-26,3055,3704,3402
Punjab,Ludhiana,Ludhiana Mandi,Mustard,2024-12-26,4962,5658,5319
Punjab,Ludhiana,Ludhiana Mandi,Soybean,2024-12-26,4030,4547,4329
Punjab,Ludhiana,Ludhiana Mandi,Turmeric,2024-12-26,7409,8185,7719
Punjab,Ludhiana,Ludhiana Mandi,Jowar,2024-12-30,2262,2520,2400
Punjab,Ludhiana,Ludhiana Mandi,Mango,2024-12-30,2669,3314,2992
Punjab,Ludhiana,Ludhiana Mandi,Mustard,2024-12-30,5010,5359,5147
Punjab,Ludhiana,Ludhiana Mandi,Tomato,2024-12-30,860,1289,1052
Punjab,Ludhiana,Ludhiana Mandi,Banana,2024-12-30,945,1216,1075
Punjab,Ludhiana,Ludhiana Mandi,Soybean,2024-12-30,4090,4694,4392
Punjab,Ludhiana,Ludhiana Mandi,Turmeric,2024-12-30,6128,7718,6936
Punjab,Amritsar,Amritsar Mandi,Cotton,2024-01-01,4988,5387,5161
Punjab,Amritsar,Amritsar Mandi,Soybean,2024-01-01,3702,4041,3887
Punjab,Amritsar,Amritsar Mandi,Chilli,2024-01-01,10719,12266,11572
Punjab,Amritsar,Amritsar Mandi,Banana,2024-01-01,1053,1295,1195
Punjab,Amritsar,Amritsar Mandi,Potato,2024-01-01,743,1052,899
Punjab,Amritsar,Amritsar Mandi,Mango,2024-01-01,2829,3917,3334
Punjab,Amritsar,Amritsar Mandi,Soybean,2024-01-05,3739,4217,4033
Punjab,Amritsar,Amritsar Mandi,Chilli,2024-01-05,9934,13485,12108
Punjab,Amritsar,Amritsar Mandi,Banana,2024-01-05,1089,1381,1211
Punjab,Amritsar,Amritsar Mandi,Potato,2024-01-05,743,1017,878
Punjab,Amritsar,Amritsar Mandi,Mango,2024-01-05,2699,3624,3137
Punjab,Amritsar,Amritsar Mandi,Cotton,2024-01-09,5518,6412,5975
Punjab,Amritsar,Amritsar Mandi,Soybean,2024-01-09,4265,4571,4414
Punjab,Amritsar,Amritsar Mandi,Chilli,2024-01-09,9938,11482,10844
Punjab,Amritsar,Amritsar Mandi,Banana,2024-01-09,955,1193,1077
Punjab,Amritsar,Amritsar Mandi,Potato,2024-01-09,716,1007,831
Punjab,Amritsar,Amritsar Mandi,Mango,2024-01-09,2539,3850,3249
Punjab,Amritsar,Amritsar Mandi,Turmeric,2024-01-09,6498,7891,7331
Punjab,Amritsar,Amritsar Mandi,Cotton,2024-01-13,5477,6000,5779
Punjab,Amritsar,Amritsar Mandi,Soybean,2024-01-13,4047,4304,4171
Punjab,Amritsar,Amritsar Mandi,Chilli,2024-01-13,9159,11685,10607
Punjab,Amritsar,Amritsar Mandi,Banana,2024-01-13,916,1177,1063
Punjab,Amritsar,Amritsar Mandi,Potato,2024-01-13,707,1027,883
Punjab,Amritsar,Amritsar Mandi,Soybean,2024-01-17,4120,4618,4370
Punjab,Amritsar,Amritsar Mandi,Chilli,2024-01-17,10711,13060,11863
Punjab,Amritsar,Amritsar Mandi,Banana,2024-01-17,980,1206,1076
Punjab,Amritsar,Amritsar Mandi,Potato,2024-01-17,794,1111,958
Punjab,Amritsar,Amritsar Mandi,Mango,2024-01-17,3020,3568,3308
Punjab,Amritsar,Amritsar Mandi,Cotton,2024-01-21,5219,5671,5415
Punjab,Amritsar,Amritsar Mandi,Soybean,2024-01-21,4099,4463,4256
Punjab,Amritsar,Amritsar Mandi,Chilli,2024-01-21,10153,11808,10873
Punjab,Amritsar,Amritsar Mandi,Cotton,2024-01-25,5312,6200,5847
Punjab,Amritsar,Amritsar Mandi,Chilli,2024-01-25,9919,13016,11212
Punjab,Amritsar,Amritsar Mandi,Banana,2024-01-25,1092,1261,1185
Punjab,Amritsar,Amritsar Mandi,Potato,2024-01-25,788,1105,923
Punjab,Amritsar,Amritsar Mandi,Banana,2024-01-29,1070,1299,1186
Punjab,Amritsar,Amritsar Mandi,Potato,2024-01-29,736,979,830
Punjab,Amritsar,Amritsar Mandi,Mango,2024-01-29,2619,3951,3332
Punjab,Amritsar,Amritsar Mandi,Cotton,2024-02-02,6944,7564,7223
Punjab,Amritsar,Amritsar Mandi,Soybean,2024-02-02,3660,4162,3965
Punjab,Amritsar,Amritsar Mandi,Chilli,2024-02-02,9174,12199,10759
Punjab,Amritsar,Amritsar Mandi,Potato,2024-02-02,758,1039,879
Punjab,Amritsar,Amritsar Mandi,Turmeric,2024-02-02,5780,6565,6180
Punjab,Amritsar,Amritsar Mandi,Cotton,2024-02-06,6214,7182,6785
Punjab,Amritsar,Amritsar Mandi,Soybean,2024-02-06,4054,4601,4347
Punjab,Amritsar,Amritsar Mandi,Chilli,2024-02-06,10245,13324,11910
Punjab,Amritsar,Amritsar Mandi,Banana,2024-02-06,997,1246,1137
Punjab,Amritsar,Amritsar Mandi,Potato,2024-02-06,760,1113,909
Punjab,Amritsar,Amritsar Mandi,Mango,2024-02-06,2753,3308,3056
Punjab,Amritsar,Amritsar Mandi,Turmeric,2024-02-06,5634,6598,6200
Punjab,Amritsar,Amritsar Mandi,Soybean,2024-02-10,4109,4479,4277
Punjab,Amritsar,Amritsar Mandi,Chilli,2024-02-10,10980,13161,12171
Punjab,Amritsar,Amritsar Mandi,Potato,2024-02-10,821,1049,907
Punjab,Amritsar,Amritsar Mandi,Mango,2024-02-10,3021,3695,3344
Punjab,Amritsar,Amritsar Mandi,Cotton,2024-02-14,6788,7548,7214
Punjab,Amritsar,Amritsar Mandi,Chilli,2024-02-14,10641,13268,12066
Punjab,Amritsar,Amritsar Mandi,Potato,2024-02-14,743,1173,950
Punjab,Amritsar,Amritsar Mandi,Turmeric,2024-02-14,5493,6812,6126
Punjab,Amritsar,Amritsar Mandi,Cotton,2024-02-18,6582,7240,6906
Punjab,Amritsar,Amritsar Mandi,Soybean,2024-02-18,4188,4648,4411
Punjab,Amritsar,Amritsar Mandi,Chilli,2024-02-18,9378,12033,10713
Punjab,Amritsar,Amritsar Mandi,Potato,2024-02-18,777,1005,879
Punjab,Amritsar,Amritsar Mandi,Mango,2024-02-18,2717,3445,3126
Punjab,Amritsar,Amritsar Mandi,Turmeric,2024-02-18,5339,6137,5767
Punjab,Amritsar,Amritsar Mandi,Cotton,2024-02-22,6772,7303,7094
Punjab,Amritsar,Amritsar Mandi,Soybean,2024-02-22,4145,4469,4287
Punjab,Amritsar,Amritsar Mandi,Chilli,2024-02-22,10450,13530,11973
Punjab,Amritsar,Amritsar Mandi,Mango,2024-02-22,2632,3865,3252
Punjab,Amritsar,Amritsar Mandi,Cotton,2024-02-26,6438,7251,6817
Punjab,Amritsar,Amritsar Mandi,Soybean,2024-02-26,3790,4392,4119
Punjab,Amritsar,Amritsar Mandi,Chilli,2024-02-26,10303,12069,11308
Punjab,Amritsar,Amritsar Mandi,Mango,2024-02-26,2843,3539,3177
Punjab,Amritsar,Amritsar Mandi,Turmeric,2024-02-26,5533,6832,6197
Punjab,Amritsar,Amritsar Mandi,Chilli,2024-03-01,11591,13414,12275
Punjab,Amritsar,Amritsar Mandi,Banana,2024-03-01,1039,1221,1112
Punjab,Amritsar,Amritsar Mandi,Mango,2024-03-01,2777,3556,3091
Punjab,Amritsar,Amritsar Mandi,Turmeric,2024-03-01,5327,6039,5712
Punjab,Amritsar,Amritsar Mandi,Chilli,2024-03-05,10847,12834,11595
Punjab,Amritsar,Amritsar Mandi,Banana,2024-03-05,989,1251,1094
Punjab,Amritsar,Amritsar Mandi,Potato,2024-03-05,648,1077,864
Punjab,Amritsar,Amritsar Mandi,Mango,2024-03-05,2736,3930,3338
Punjab,Amritsar,Amritsar Mandi,Turmeric,2024-03-05,5437,6540,5995
Punjab,Amritsar,Amritsar Mandi,Cotton,2024-03-09,6266,6974,6608
Punjab,Amritsar,Amritsar Mandi,Soybean,2024-03-09,3930,4476,4145
Punjab,Amritsar,Amritsar Mandi,Chilli,2024-03-09,9722,12075,10935
Punjab,Amritsar,Amritsar Mandi,Potato,2024-03-09,751,1030,885
Punjab,Amritsar,Amritsar Mandi,Mango,2024-03-09,2937,3686,3334
Punjab,Amritsar,Amritsar Mandi,Turmeric,2024-03-09,5478,6355,5850
Punjab,Amritsar,Amritsar Mandi,Cotton,2024-03-13,6510,7590,7153
Punjab,Amritsar,Amritsar Mandi,Soybean,2024-03-13,3794,4246,4058
Punjab,Amritsar,Amritsar Mandi,Chilli,2024-03-13,10583,13159,11901
Punjab,Amritsar,Amritsar Mandi,Potato,2024-03-13,751,1119,951
Punjab,Amritsar,Amritsar Mandi,Mango,2024-03-13,3024,3773,3387
Punjab,Amritsar,Amritsar Mandi,Turmeric,2024-03-13,5626,6922,6214
Punjab,Amritsar,Amritsar Mandi,Cotton,2024-03-17,6704,7417,7073
Punjab,Amritsar,Amritsar Mandi,Chilli,2024-03-17,9900,11574,10863
Punjab,Amritsar,Amritsar Mandi,Banana,2024-03-17,916,1241,1101
Punjab,Amritsar,Amritsar Mandi,Turmeric,2024-03-17,5534,6260,5864
Punjab,Amritsar,Amritsar Mandi,Chilli,2024-03-21,10954,14145,12389
Punjab,Amritsar,Amritsar Mandi,Banana,2024-03-21,1128,1375,1236
Punjab,Amritsar,Amritsar Mandi,Mango,2024-03-21,2951,3531,3279
Punjab,Amritsar,Amritsar Mandi,Cotton,2024-03-25,6900,7446,7143
Punjab,Amritsar,Amritsar Mandi,Soybean,2024-03-25,4103,4686,4370
Punjab,Amritsar,Amritsar Mandi,Chilli,2024-03-25,11005,13605,12236
Punjab,Amritsar,Amritsar Mandi,Banana,2024-03-25,961,1274,1128
Punjab,Amritsar,Amritsar Mandi,Potato,2024-03-25,752,936,840
Punjab,Amritsar,Amritsar Mandi,Mango,2024-03-25,2603,3379,2985
Punjab,Amritsar,Amritsar Mandi,Cotton,2024-03-29,6233,7021,6612
Punjab,Amritsar,Amritsar Mandi,Soybean,2024-03-29,4026,4371,4200
Punjab,Amritsar,Amritsar Mandi,Chilli,2024-03-29,10248,12668,11555
Punjab,Amritsar,Amritsar Mandi,Mango,2024-03-29,2956,3732,3364
Punjab,Amritsar,Amritsar Mandi,Turmeric,2024-03-29,5670,6396,5981
Punjab,Amritsar,Amritsar Mandi,Cotton,2024-04-02,6684,7444,7124
Punjab,Amritsar,Amritsar Mandi,Chilli,2024-04-02,11153,15354,13796
Punjab,Amritsar,Amritsar Mandi,Banana,2024-04-02,952,1330,1156
Punjab,Amritsar,Amritsar Mandi,Potato,2024-04-02,908,1336,1127
Punjab,Amritsar,Amritsar Mandi,Mango,2024-04-02,2208,2771,2491
Punjab,Amritsar,Amritsar Mandi,Soybean,2024-04-06,4149,4766,4451
Punjab,Amritsar,Amritsar Mandi,Chilli,2024-04-06,12812,14815,13803
Punjab,Amritsar,Amritsar Mandi,Banana,2024-04-06,1010,1269,1142
Punjab,Amritsar,Amritsar Mandi,Mango,2024-04-06,2065,2996,2583
Punjab,Amritsar,Amritsar Mandi,Turmeric,2024-04-06,6877,8362,7704
Punjab,Amritsar,Amritsar Mandi,Cotton,2024-04-10,6442,7566,6922
Punjab,Amritsar,Amritsar Mandi,Soybean,2024-04-10,3983,4406,4213
Punjab,Amritsar,Amritsar Mandi,Chilli,2024-04-10,13183,16455,15030
Punjab,Amritsar,Amritsar Mandi,Banana,2024-04-10,1056,1272,1159
Punjab,Amritsar,Amritsar Mandi,Potato,2024-04-10,923,1190,1058
Punjab,Amritsar,Amritsar Mandi,Mango,2024-04-10,2104,3188,2678
Punjab,Amritsar,Amritsar Mandi,Turmeric,2024-04-10,7296,8220,7790
Punjab,Amritsar,Amritsar Mandi,Soybean,2024-04-14,3984,4295,4155
Punjab,Amritsar,Amritsar Mandi,Banana,2024-04-14,1032,1262,1151
Punjab,Amritsar,Amritsar Mandi,Potato,2024-04-14,928,1437,1167
Punjab,Amritsar,Amritsar Mandi,Mango,2024-04-14,2289,2811,2531
Punjab,Amritsar,Amritsar Mandi,Turmeric,2024-04-14,6108,7754,7141
Punjab,Amritsar,Amritsar Mandi,Cotton,2024-04-18,5922,6679,6321
Punjab,Amritsar,Amritsar Mandi,Soybean,2024-04-18,3724,4025,3889
Punjab,Amritsar,Amritsar Mandi,Banana,2024-04-18,943,1240,1077
Punjab,Amritsar,Amritsar Mandi,Potato,2024-04-18,899,1209,1050
Punjab,Amritsar,Amritsar Mandi,Mango,2024-04-18,1970,3018,2448
Punjab,Amritsar,Amritsar Mandi,Turmeric,2024-04-18,6918,7695,7344
Punjab,Amritsar,Amritsar Mandi,Cotton,2024-04-22,6638,7415,7100
Punjab,Amritsar,Amritsar Mandi,Soybean,2024-04-22,3915,4197,4035
Punjab,Amritsar,Amritsar Mandi,Chilli,2024-04-22,12015,15715,14063
Punjab,Amritsar,Amritsar Mandi,Banana,2024-04-22,986,1173,1065
Punjab,Amritsar,Amritsar Mandi,Potato,2024-04-22,947,1377,1151
Punjab,Amritsar,Amritsar Mandi,Cotton,2024-04-26,6290,6905,6551
Punjab,Amritsar,Amritsar Mandi,Soybean,2024-04-26,3845,4244,4057
Punjab,Amritsar,Amritsar Mandi,Chilli,2024-04-26,12128,15018,13747
Punjab,Amritsar,Amritsar Mandi,Banana,2024-04-26,1004,1160,1074
Punjab,Amritsar,Amritsar Mandi,Potato,2024-04-26,859,1225,1014
Punjab,Amritsar,Amritsar Mandi,Mango,2024-04-26,2361,3215,2739
Punjab,Amritsar,Amritsar Mandi,Cotton,2024-04-30,6439,7326,6813
Punjab,Amritsar,Amritsar Mandi,Soybean,2024-04-30,4345,4709,4536
Punjab,Amritsar,Amritsar Mandi,Banana,2024-04-30,979,1226,1077
Punjab,Amritsar,Amritsar Mandi,Potato,2024-04-30,935,1184,1056
Punjab,Amritsar,Amritsar Mandi,Turmeric,2024-04-30,7496,8381,7979
Punjab,Amritsar,Amritsar Mandi,Cotton,2024-05-04,6861,7543,7222
Punjab,Amritsar,Amritsar Mandi,Soybean,2024-05-04,4267,4607,4412
Punjab,Amritsar,Amritsar Mandi,Banana,2024-05-04,1009,1170,1085
Punjab,Amritsar,Amritsar Mandi,Potato,2024-05-04,926,1227,1068
Punjab,Amritsar,Amritsar Mandi,Mango,2024-05-04,1944,3002,2470
Punjab,Amritsar,Amritsar Mandi,Turmeric,2024-05-04,6592,7780,7177
Punjab,Amritsar,Amritsar Mandi,Chilli,2024-05-08,12725,16638,15069
Punjab,Amritsar,Amritsar Mandi,Potato,2024-05-08,1049,1321,1187
Punjab,Amritsar,Amritsar Mandi,Mango,2024-05-08,1894,2839,2416
Punjab,Amritsar,Amritsar Mandi,Turmeric,2024-05-08,7479,8286,7832
Punjab,Amritsar,Amritsar Mandi,Cotton,2024-05-12,6122,7186,6667
Punjab,Amritsar,Amritsar Mandi,Soybean,2024-05-12,3773,4108,3965
Punjab,Amritsar,Amritsar Mandi,Banana,2024-05-12,1064,1323,1185
Punjab,Amritsar,Amritsar Mandi,Turmeric,2024-05-12,7136,7950,7448
Punjab,Amritsar,Amritsar Mandi,Cotton,2024-05-16,5984,6906,6447
Punjab,Amritsar,Amritsar Mandi,Soybean,2024-05-16,4145,4399,4292
Punjab,Amritsar,Amritsar Mandi,Chilli,2024-05-16,12361,16822,14820
Punjab,Amritsar,Amritsar Mandi,Banana,2024-05-16,1042,1288,1173
Punjab,Amritsar,Amritsar Mandi,Potato,2024-05-16,920,1195,1079
Punjab,Amritsar,Amritsar Mandi,Mango,2024-05-16,2193,3085,2580
Punjab,Amritsar,Amritsar Mandi,Turmeric,2024-05-16,7089,8272,7776
Punjab,Amritsar,Amritsar Mandi,Soybean,2024-05-20,3725,4196,4002
Punjab,Amritsar,Amritsar Mandi,Banana,2024-05-20,1067,1271,1169
Punjab,Amritsar,Amritsar Mandi,Mango,2024-05-20,2473,2944,2689
Punjab,Amritsar,Amritsar Mandi,Cotton,2024-05-24,6742,7651,7106
Punjab,Amritsar,Amritsar Mandi,Soybean,2024-05-24,3801,4098,3938
Punjab,Amritsar,Amritsar Mandi,Chilli,2024-05-24,12852,15496,14208
Punjab,Amritsar,Amritsar Mandi,Banana,2024-05-24,1032,1248,1141
Punjab,Amritsar,Amritsar Mandi,Cotton,2024-05-28,6480,6995,6754
Punjab,Amritsar,Amritsar Mandi,Soybean,2024-05-28,4026,4428,4182
Punjab,Amritsar,Amritsar Mandi,Banana,2024-05-28,1094,1335,1213
Punjab,Amritsar,Amritsar Mandi,Potato,2024-05-28,999,1305,1171
Punjab,Amritsar,Amritsar Mandi,Mango,2024-05-28,2389,2878,2664
Punjab,Amritsar,Amritsar Mandi,Turmeric,2024-05-28,6996,8174,7692
Punjab,Amritsar,Amritsar Mandi,Cotton,2024-06-01,5894,6917,6413
Punjab,Amritsar,Amritsar Mandi,Chilli,2024-06-01,11683,14446,12892
Punjab,Amritsar,Amritsar Mandi,Banana,2024-06-01,1154,1291,1222
Punjab,Amritsar,Amritsar Mandi,Potato,2024-06-01,963,1424,1164
Punjab,Amritsar,Amritsar Mandi,Mango,2024-06-01,2320,2736,2521
Punjab,Amritsar,Amritsar Mandi,Turmeric,2024-06-01,6938,8771,7733
Punjab,Amritsar,Amritsar Mandi,Soybean,2024-06-05,3888,4323,4089
Punjab,Amritsar,Amritsar Mandi,Chilli,2024-06-05,11517,14648,13214
Punjab,Amritsar,Amritsar Mandi,Banana,2024-06-05,1022,1341,1146
Punjab,Amritsar,Amritsar Mandi,Potato,2024-06-05,983,1364,1169
Punjab,Amritsar,Amritsar Mandi,Mango,2024-06-05,2278,3130,2643
Punjab,Amritsar,Amritsar Mandi,Turmeric,2024-06-05,7230,8478,7835
Punjab,Amritsar,Amritsar Mandi,Chilli,2024-06-09,11862,15524,13940
Punjab,Amritsar,Amritsar Mandi,Potato,2024-06-09,903,1348,1161
Punjab,Amritsar,Amritsar Mandi,Turmeric,2024-06-09,6800,8173,7633
Punjab,Amritsar,Amritsar Mandi,Cotton,2024-06-13,6176,7022,6522
Punjab,Amritsar,Amritsar Mandi,Soybean,2024-06-13,3937,4193,4084
Punjab,Amritsar,Amritsar Mandi,Chilli,2024-06-13,12133,16834,14630
Punjab,Amritsar,Amritsar Mandi,Potato,2024-06-13,994,1355,1161
Punjab,Amritsar,Amritsar Mandi,Mango,2024-06-13,2479,3182,2761
Punjab,Amritsar,Amritsar Mandi,Turmeric,2024-06-13,6684,7599,7170
Punjab,Amritsar,Amritsar Mandi,Cotton,2024-06-17,6334,6944,6644
Punjab,Amritsar,Amritsar Mandi,Chilli,2024-06-17,12933,16097,14605
Punjab,Amritsar,Amritsar Mandi,Banana,2024-06-17,1129,1367,1237
Punjab,Amritsar,Amritsar Mandi,Potato,2024-06-17,821,1268,1025
Punjab,Amritsar,Amritsar Mandi,Mango,2024-06-17,2171,3037,2632
Punjab,Amritsar,Amritsar Mandi,Cotton,2024-06-21,6457,7494,6874
Punjab,Amritsar,Amritsar Mandi,Soybean,2024-06-21,4219,4679,4425
Punjab,Amritsar,Amritsar Mandi,Chilli,2024-06-21,12040,14132,13077
Punjab,Amritsar,Amritsar Mandi,Banana,2024-06-21,931,1206,1082
Punjab,Amritsar,Amritsar Mandi,Potato,2024-06-21,975,1180,1078
Punjab,Amritsar,Amritsar Mandi,Mango,2024-06-21,2358,3360,2806
Punjab,Amritsar,Amritsar Mandi,Cotton,2024-06-25,6784,7434,7091
Punjab,Amritsar,Amritsar Mandi,Soybean,2024-06-25,4230,4758,4518
Punjab,Amritsar,Amritsar Mandi,Chilli,2024-06-25,13026,14902,14122
Punjab,Amritsar,Amritsar Mandi,Banana,2024-06-25,1105,1293,1207
Punjab,Amritsar,Amritsar Mandi,Mango,2024-06-25,2035,2712,2462
Punjab,Amritsar,Amritsar Mandi,Turmeric,2024-06-25,6739,7937,7343
Punjab,Amritsar,Amritsar Mandi,Cotton,2024-06-29,6617,7503,7115
Punjab,Amritsar,Amritsar Mandi,Soybean,2024-06-29,3746,4372,4051
Punjab,Amritsar,Amritsar Mandi,Chilli,2024-06-29,14008,16089,14888
Punjab,Amritsar,Amritsar Mandi,Banana,2024-06-29,1080,1323,1219
Punjab,Amritsar,Amritsar Mandi,Mango,2024-06-29,2162,3037,2602
Punjab,Amritsar,Amritsar Mandi,Cotton,2024-07-03,6937,7744,7333
Punjab,Amritsar,Amritsar Mandi,Soybean,2024-07-03,4287,4558,4445
Punjab,Amritsar,Amritsar Mandi,Chilli,2024-07-03,12448,15727,14179
Punjab,Amritsar,Amritsar Mandi,Potato,2024-07-03,982,1225,1108
Punjab,Amritsar,Amritsar Mandi,Turmeric,2024-07-03,6883,7844,7438
Punjab,Amritsar,Amritsar Mandi,Soybean,2024-07-07,3883,4391,4113
Punjab,Amritsar,Amritsar Mandi,Chilli,2024-07-07,13621,15880,14963
Punjab,Amritsar,Amritsar Mandi,Banana,2024-07-07,973,1181,1073
Punjab,Amritsar,Amritsar Mandi,Potato,2024-07-07,998,1242,1139
Punjab,Amritsar,Amritsar Mandi,Mango,2024-07-07,2605,3637,3212
Punjab,Amritsar,Amritsar Mandi,Turmeric,2024-07-07,6678,7927,7267
Punjab,Amritsar,Amritsar Mandi,Cotton,2024-07-11,6248,6867,6551
Punjab,Amritsar,Amritsar Mandi,Soybean,2024-07-11,4034,4256,4146
Punjab,Amritsar,Amritsar Mandi,Chilli,2024-07-11,12082,14124,13190
Punjab,Amritsar,Amritsar Mandi,Banana,2024-07-11,1059,1340,1217
Punjab,Amritsar,Amritsar Mandi,Potato,2024-07-11,996,1314,1116
Punjab,Amritsar,Amritsar Mandi,Mango,2024-07-11,3194,3705,3445
Punjab,Amritsar,Amritsar Mandi,Banana,2024-07-15,1043,1348,1198
Punjab,Amritsar,Amritsar Mandi,Potato,2024-07-15,905,1396,1152
Punjab,Amritsar,Amritsar Mandi,Mango,2024-07-15,2619,3673,3046
Punjab,Amritsar,Amritsar Mandi,Turmeric,2024-07-15,6901,8123,7511
Punjab,Amritsar,Amritsar Mandi,Cotton,2024-07-19,6017,6464,6276
Punjab,Amritsar,Amritsar Mandi,Banana,2024-07-19,1124,1296,1196
Punjab,Amritsar,Amritsar Mandi,Potato,2024-07-19,848,1317,1137
Punjab,Amritsar,Amritsar Mandi,Mango,2024-07-19,2474,3424,2979
Punjab,Amritsar,Amritsar Mandi,Turmeric,2024-07-19,7333,8391,7872
Punjab,Amritsar,Amritsar Mandi,Soybean,2024-07-23,4105,4576,4344
Punjab,Amritsar,Amritsar Mandi,Chilli,2024-07-23,12224,15006,13948
Punjab,Amritsar,Amritsar Mandi,Banana,2024-07-23,995,1187,1084
Punjab,Amritsar,Amritsar Mandi,Potato,2024-07-23,850,1321,1064
Punjab,Amritsar,Amritsar Mandi,Turmeric,2024-07-23,6870,8463,7526
Punjab,Amritsar,Amritsar Mandi,Cotton,2024-07-27,7087,7667,7304
Punjab,Amritsar,Amritsar Mandi,Chilli,2024-07-27,13005,15973,14732
Punjab,Amritsar,Amritsar Mandi,Mango,2024-07-27,2958,3569,3339
Punjab,Amritsar,Amritsar Mandi,Cotton,2024-07-31,6886,7909,7342
Punjab,Amritsar,Amritsar Mandi,Chilli,2024-07-31,12417,16802,14723
Punjab,Amritsar,Amritsar Mandi,Banana,2024-07-31,1020,1395,1224
Punjab,Amritsar,Amritsar Mandi,Turmeric,2024-07-31,6743,8257,7504
Punjab,Amritsar,Amritsar Mandi,Cotton,2024-08-04,6443,7035,6785
Punjab,Amritsar,Amritsar Mandi,Soybean,2024-08-04,4223,4582,4440
Punjab,Amritsar,Amritsar Mandi,Chilli,2024-08-04,13577,15995,14760
Punjab,Amritsar,Amritsar Mandi,Banana,2024-08-04,984,1301,1146
Punjab,Amritsar,Amritsar Mandi,Potato,2024-08-04,975,1230,1094
Punjab,Amritsar,Amritsar Mandi,Mango,2024-08-04,2811,3378,3138
Punjab,Amritsar,Amritsar Mandi,Turmeric,2024-08-04,7095,8611,7858
Punjab,Amritsar,Amritsar Mandi,Soybean,2024-08-08,3830,4195,4024
Punjab,Amritsar,Amritsar Mandi,Chilli,2024-08-08,13105,16630,14868
Punjab,Amritsar,Amritsar Mandi,Banana,2024-08-08,1034,1274,1151
Punjab,Amritsar,Amritsar Mandi,Potato,2024-08-08,927,1403,1157
Punjab,Amritsar,Amritsar Mandi,Mango,2024-08-08,2511,3881,3262
Punjab,Amritsar,Amritsar Mandi,Soybean,2024-08-12,4351,4680,4499
Punjab,Amritsar,Amritsar Mandi,Chilli,2024-08-12,11995,15303,13354
Punjab,Amritsar,Amritsar Mandi,Banana,2024-08-12,1049,1296,1170
Punjab,Amritsar,Amritsar Mandi,Potato,2024-08-12,862,1310,1097
Punjab,Amritsar,Amritsar Mandi,Mango,2024-08-12,3004,4072,3418
Punjab,Amritsar,Amritsar Mandi,Cotton,2024-08-16,6792,7802,7254
Punjab,Amritsar,Amritsar Mandi,Soybean,2024-08-16,3754,4051,3903
Punjab,Amritsar,Amritsar Mandi,Mango,2024-08-16,2700,3403,3110
Punjab,Amritsar,Amritsar Mandi,Cotton,2024-08-20,6134,6603,6367
Punjab,Amritsar,Amritsar Mandi,Soybean,2024-08-20,3850,4180,3993
Punjab,Amritsar,Amritsar Mandi,Chilli,2024-08-20,11546,14637,13385
Punjab,Amritsar,Amritsar Mandi,Potato,2024-08-20,827,1331,1104
Punjab,Amritsar,Amritsar Mandi,Mango,2024-08-20,2663,3634,3071
Punjab,Amritsar,Amritsar Mandi,Turmeric,2024-08-20,6728,7643,7106
Punjab,Amritsar,Amritsar Mandi,Cotton,2024-08-24,6059,6570,6315
Punjab,Amritsar,Amritsar Mandi,Soybean,2024-08-24,3760,4059,3894
Punjab,Amritsar,Amritsar Mandi,Chilli,2024-08-24,11943,14912,13290
Punjab,Amritsar,Amritsar Mandi,Banana,2024-08-24,1110,1280,1199
Punjab,Amritsar,Amritsar Mandi,Potato,2024-08-24,935,1335,1126
Punjab,Amritsar,Amritsar Mandi,Mango,2024-08-24,2869,3852,3451
Punjab,Amritsar,Amritsar Mandi,Turmeric,2024-08-24,6742,7897,7373
Punjab,Amritsar,Amritsar Mandi,Cotton,2024-08-28,6299,6943,6639
Punjab,Amritsar,Amritsar Mandi,Soybean,2024-08-28,3876,4388,4143
Punjab,Amritsar,Amritsar Mandi,Chilli,2024-08-28,13203,16652,14885
Punjab,Amritsar,Amritsar Mandi,Potato,2024-08-28,1000,1204,1091
Punjab,Amritsar,Amritsar Mandi,Mango,2024-08-28,2532,3565,3117
Punjab,Amritsar,Amritsar Mandi,Turmeric,2024-08-28,6791,7935,7227
Punjab,Amritsar,Amritsar Mandi,Cotton,2024-09-01,6519,7482,7050
Punjab,Amritsar,Amritsar Mandi,Soybean,2024-09-01,4327,4582,4444
Punjab,Amritsar,Amritsar Mandi,Banana,2024-09-01,890,1192,1061
Punjab,Amritsar,Amritsar Mandi,Potato,2024-09-01,836,1320,1107
Punjab,Amritsar,Amritsar Mandi,Turmeric,2024-09-01,6022,7614,7005
Punjab,Amritsar,Amritsar Mandi,Cotton,2024-09-05,5906,6806,6312
Punjab,Amritsar,Amritsar Mandi,Soybean,2024-09-05,3909,4315,4149
Punjab,Amritsar,Amritsar Mandi,Chilli,2024-09-05,11710,14789,12945
Punjab,Amritsar,Amritsar Mandi,Mango,2024-09-05,2890,3362,3090
Punjab,Amritsar,Amritsar Mandi,Turmeric,2024-09-05,6730,7988,7249
Punjab,Amritsar,Amritsar Mandi,Chilli,2024-09-09,13659,16369,15004
Punjab,Amritsar,Amritsar Mandi,Banana,2024-09-09,888,1250,1075
Punjab,Amritsar,Amritsar Mandi,Potato,2024-09-09,926,1352,1165
Punjab,Amritsar,Amritsar Mandi,Turmeric,2024-09-09,7186,8124,7738
Punjab,Amritsar,Amritsar Mandi,Cotton,2024-09-13,6515,7245,6929
Punjab,Amritsar,Amritsar Mandi,Soybean,2024-09-13,3912,4138,4014
Punjab,Amritsar,Amritsar Mandi,Mango,2024-09-13,2797,3557,3184
Punjab,Amritsar,Amritsar Mandi,Soybean,2024-09-17,4060,4288,4176
Punjab,Amritsar,Amritsar Mandi,Chilli,2024-09-17,12093,15000,13364
Punjab,Amritsar,Amritsar Mandi,Banana,2024-09-17,974,1192,1073
Punjab,Amritsar,Amritsar Mandi,Potato,2024-09-17,968,1282,1132
Punjab,Amritsar,Amritsar Mandi,Mango,2024-09-17,2605,3785,3139
Punjab,Amritsar,Amritsar Mandi,Cotton,2024-09-21,6669,7657,7199
Punjab,Amritsar,Amritsar Mandi,Chilli,2024-09-21,11329,14897,13104
Punjab,Amritsar,Amritsar Mandi,Banana,2024-09-21,987,1269,1128
Punjab,Amritsar,Amritsar Mandi,Potato,2024-09-21,977,1266,1112
Punjab,Amritsar,Amritsar Mandi,Turmeric,2024-09-21,6690,7594,7138
Punjab,Amritsar,Amritsar Mandi,Cotton,2024-09-25,6118,6608,6372
Punjab,Amritsar,Amritsar Mandi,Soybean,2024-09-25,4003,4479,4272
Punjab,Amritsar,Amritsar Mandi,Chilli,2024-09-25,11792,15227,13862
Punjab,Amritsar,Amritsar Mandi,Banana,2024-09-25,1059,1224,1123
Punjab,Amritsar,Amritsar Mandi,Potato,2024-09-25,948,1328,1134
Punjab,Amritsar,Amritsar Mandi,Mango,2024-09-25,2940,3650,3219
Punjab,Amritsar,Amritsar Mandi,Cotton,2024-09-29,6411,7041,6779
Punjab,Amritsar,Amritsar Mandi,Soybean,2024-09-29,4095,4647,4362
Punjab,Amritsar,Amritsar Mandi,Banana,2024-09-29,1029,1198,1126
Punjab,Amritsar,Amritsar Mandi,Potato,2024-09-29,903,1327,1118
Punjab,Amritsar,Amritsar Mandi,Turmeric,2024-09-29,6656,8171,7501
Punjab,Amritsar,Amritsar Mandi,Soybean,2024-10-03,3073,3560,3297
Punjab,Amritsar,Amritsar Mandi,Chilli,2024-10-03,13221,15713,14467
Punjab,Amritsar,Amritsar Mandi,Banana,2024-10-03,938,1185,1082
Punjab,Amritsar,Amritsar Mandi,Mango,2024-10-03,3026,3675,3308
Punjab,Amritsar,Amritsar Mandi,Turmeric,2024-10-03,7515,8498,7905
Punjab,Amritsar,Amritsar Mandi,Cotton,2024-10-07,6514,6991,6746
Punjab,Amritsar,Amritsar Mandi,Soybean,2024-10-07,3076,3350,3222
Punjab,Amritsar,Amritsar Mandi,Potato,2024-10-07,997,1358,1149
Punjab,Amritsar,Amritsar Mandi,Mango,2024-10-07,2656,3937,3341
Punjab,Amritsar,Amritsar Mandi,Turmeric,2024-10-07,6231,7610,7011
Punjab,Amritsar,Amritsar Mandi,Soybean,2024-10-11,3388,3744,3569
Punjab,Amritsar,Amritsar Mandi,Chilli,2024-10-11,11961,16702,14447
Punjab,Amritsar,Amritsar Mandi,Banana,2024-10-11,1002,1312,1164
Punjab,Amritsar,Amritsar Mandi,Potato,2024-10-11,984,1370,1154
Punjab,Amritsar,Amritsar Mandi,Mango,2024-10-11,2608,3268,2946
Punjab,Amritsar,Amritsar Mandi,Soybean,2024-10-15,3476,3911,3653
Punjab,Amritsar,Amritsar Mandi,Chilli,2024-10-15,12740,14926,14017
Punjab,Amritsar,Amritsar Mandi,Banana,2024-10-15,1006,1172,1088
Punjab,Amritsar,Amritsar Mandi,Potato,2024-10-15,783,1201,1032
Punjab,Amritsar,Amritsar Mandi,Cotton,2024-10-19,6395,6843,6567
Punjab,Amritsar,Amritsar Mandi,Chilli,2024-10-19,13149,15320,14195
Punjab,Amritsar,Amritsar Mandi,Banana,2024-10-19,1070,1327,1206
Punjab,Amritsar,Amritsar Mandi,Mango,2024-10-19,2423,3660,3121
Punjab,Amritsar,Amritsar Mandi,Turmeric,2024-10-19,6350,7941,7130
Punjab,Amritsar,Amritsar Mandi,Soybean,2024-10-23,3234,3543,3419
Punjab,Amritsar,Amritsar Mandi,Chilli,2024-10-23,12222,16413,14443
Punjab,Amritsar,Amritsar Mandi,Banana,2024-10-23,1073,1302,1181
Punjab,Amritsar,Amritsar Mandi,Potato,2024-10-23,860,1367,1110
Punjab,Amritsar,Amritsar Mandi,Turmeric,2024-10-23,6912,8472,7838
Punjab,Amritsar,Amritsar Mandi,Cotton,2024-10-27,6389,7525,6888
Punjab,Amritsar,Amritsar Mandi,Soybean,2024-10-27,3371,3782,3601
Punjab,Amritsar,Amritsar Mandi,Chilli,2024-10-27,12570,15681,14103
Punjab,Amritsar,Amritsar Mandi,Potato,2024-10-27,1061,1309,1182
Punjab,Amritsar,Amritsar Mandi,Mango,2024-10-27,2894,3659,3366
Punjab,Amritsar,Amritsar Mandi,Turmeric,2024-10-27,6643,8019,7378
Punjab,Amritsar,Amritsar Mandi,Cotton,2024-10-31,6110,6834,6490
Punjab,Amritsar,Amritsar Mandi,Soybean,2024-10-31,3234,3635,3428
Punjab,Amritsar,Amritsar Mandi,Chilli,2024-10-31,11542,14447,13106
Punjab,Amritsar,Amritsar Mandi,Banana,2024-10-31,962,1253,1110
Punjab,Amritsar,Amritsar Mandi,Potato,2024-10-31,967,1284,1109
Punjab,Amritsar,Amritsar Mandi,Mango,2024-10-31,2662,3340,3013
Punjab,Amritsar,Amritsar Mandi,Turmeric,2024-10-31,6786,8011,7440
Punjab,Amritsar,Amritsar Mandi,Cotton,2024-11-04,5367,5900,5606
Punjab,Amritsar,Amritsar Mandi,Soybean,2024-11-04,3393,3751,3528
Punjab,Amritsar,Amritsar Mandi,Chilli,2024-11-04,12010,15876,13823
Punjab,Amritsar,Amritsar Mandi,Banana,2024-11-04,941,1148,1061
Punjab,Amritsar,Amritsar Mandi,Mango,2024-11-04,2591,3629,3139
Punjab,Amritsar,Amritsar Mandi,Turmeric,2024-11-04,6440,8081,7173
Punjab,Amritsar,Amritsar Mandi,Soybean,2024-11-08,3207,3465,3336
Punjab,Amritsar,Amritsar Mandi,Chilli,2024-11-08,11887,16039,13847
Punjab,Amritsar,Amritsar Mandi,Banana,2024-11-08,965,1134,1062
Punjab,Amritsar,Amritsar Mandi,Potato,2024-11-08,904,1401,1179
Punjab,Amritsar,Amritsar Mandi,Mango,2024-11-08,2450,3327,2966
Punjab,Amritsar,Amritsar Mandi,Turmeric,2024-11-08,6358,7397,6968
Punjab,Amritsar,Amritsar Mandi,Cotton,2024-11-12,5497,6206,5777
Punjab,Amritsar,Amritsar Mandi,Banana,2024-11-12,1053,1237,1141
Punjab,Amritsar,Amritsar Mandi,Potato,2024-11-12,793,1346,1068
Punjab,Amritsar,Amritsar Mandi,Turmeric,2024-11-12,7002,8366,7647
Punjab,Amritsar,Amritsar Mandi,Cotton,2024-11-16,5187,5639,5413
Punjab,Amritsar,Amritsar Mandi,Soybean,2024-11-16,3363,3566,3465
Punjab,Amritsar,Amritsar Mandi,Chilli,2024-11-16,12252,16145,14079
Punjab,Amritsar,Amritsar Mandi,Banana,2024-11-16,977,1155,1085
Punjab,Amritsar,Amritsar Mandi,Potato,2024-11-16,1010,1363,1188
Punjab,Amritsar,Amritsar Mandi,Cotton,2024-11-20,5407,5905,5658
Punjab,Amritsar,Amritsar Mandi,Banana,2024-11-20,1033,1310,1174
Punjab,Amritsar,Amritsar Mandi,Potato,2024-11-20,935,1347,1134
Punjab,Amritsar,Amritsar Mandi,Turmeric,2024-11-20,7597,8441,8018
Punjab,Amritsar,Amritsar Mandi,Cotton,2024-11-24,5411,6374,5892
Punjab,Amritsar,Amritsar Mandi,Chilli,2024-11-24,13274,15961,14449
Punjab,Amritsar,Amritsar Mandi,Banana,2024-11-24,1006,1248,1103
Punjab,Amritsar,Amritsar Mandi,Mango,2024-11-24,2541,3795,3125
Punjab,Amritsar,Amritsar Mandi,Turmeric,2024-11-24,6339,7858,7000
Punjab,Amritsar,Amritsar Mandi,Cotton,2024-11-28,4875,5726,5278
Punjab,Amritsar,Amritsar Mandi,Banana,2024-11-28,1049,1329,1186
Punjab,Amritsar,Amritsar Mandi,Potato,2024-11-28,875,1255,1081
Punjab,Amritsar,Amritsar Mandi,Mango,2024-11-28,2792,3949,3451
Punjab,Amritsar,Amritsar Mandi,Cotton,2024-12-02,5060,5601,5276
Punjab,Amritsar,Amritsar Mandi,Soybean,2024-12-02,4134,4777,4504
Punjab,Amritsar,Amritsar Mandi,Potato,2024-12-02,900,1176,1018
Punjab,Amritsar,Amritsar Mandi,Soybean,2024-12-06,4164,4689,4463
Punjab,Amritsar,Amritsar Mandi,Chilli,2024-12-06,12551,15529,14180
Punjab,Amritsar,Amritsar Mandi,Banana,2024-12-06,994,1134,1066
Punjab,Amritsar,Amritsar Mandi,Turmeric,2024-12-06,7238,8572,8029
Punjab,Amritsar,Amritsar Mandi,Cotton,2024-12-10,4996,5379,5163
Punjab,Amritsar,Amritsar Mandi,Soybean,2024-12-10,3828,4170,3981
Punjab,Amritsar,Amritsar Mandi,Banana,2024-12-10,1021,1327,1194
Punjab,Amritsar,Amritsar Mandi,Mango,2024-12-10,2766,3290,3000
Punjab,Amritsar,Amritsar Mandi,Soybean,2024-12-14,4119,4537,4303
Punjab,Amritsar,Amritsar Mandi,Chilli,2024-12-14,13296,15478,14282
Punjab,Amritsar,Amritsar Mandi,Banana,2024-12-14,1006,1228,1116
Punjab,Amritsar,Amritsar Mandi,Potato,2024-12-14,963,1300,1143
Punjab,Amritsar,Amritsar Mandi,Mango,2024-12-14,3001,3746,3423
Punjab,Amritsar,Amritsar Mandi,Cotton,2024-12-18,5761,6146,5928
Punjab,Amritsar,Amritsar Mandi,Chilli,2024-12-18,12537,15960,14585
Punjab,Amritsar,Amritsar Mandi,Banana,2024-12-18,1035,1258,1146
Punjab,Amritsar,Amritsar Mandi,Potato,2024-12-18,882,1420,1185
Punjab,Amritsar,Amritsar Mandi,Mango,2024-12-18,2913,3600,3297
Punjab,Amritsar,Amritsar Mandi,Cotton,2024-12-22,5418,6234,5869
Punjab,Amritsar,Amritsar Mandi,Chilli,2024-12-22,11543,14547,12956
Punjab,Amritsar,Amritsar Mandi,Potato,2024-12-22,976,1468,1177
Punjab,Amritsar,Amritsar Mandi,Mango,2024-12-22,2599,3687,3048
Punjab,Amritsar,Amritsar Mandi,Turmeric,2024-12-22,6579,7407,7006
Punjab,Amritsar,Amritsar Mandi,Cotton,2024-12-26,5113,6013,5593
Punjab,Amritsar,Amritsar Mandi,Soybean,2024-12-26,3948,4230,4066
Punjab,Amritsar,Amritsar Mandi,Chilli,2024-12-26,12554,16127,14501
Punjab,Amritsar,Amritsar Mandi,Banana,2024-12-26,967,1196,1099
Punjab,Amritsar,Amritsar Mandi,Mango,2024-12-26,2873,4001,3405
Punjab,Amritsar,Amritsar Mandi,Turmeric,2024-12-26,6858,8544,7583
Punjab,Amritsar,Amritsar Mandi,Chilli,2024-12-30,12612,15049,13610
Punjab,Amritsar,Amritsar Mandi,Banana,2024-12-30,1088,1363,1236
Punjab,Amritsar,Amritsar Mandi,Turmeric,2024-12-30,7193,8886,8092
Haryana,Karnal,Karnal Mandi,Mustard,2024-01-01,4955,5331,5136
Haryana,Karnal,Karnal Mandi,Paddy(Dhan),2024-01-01,1993,2235,2103
Haryana,Karnal,Karnal Mandi,Jowar,2024-01-01,2478,2799,2660
Haryana,Karnal,Karnal Mandi,Gram(Chana),2024-01-01,4542,5006,4747
Haryana,Karnal,Karnal Mandi,Chilli,2024-01-01,10572,13884,11910
Haryana,Karnal,Karnal Mandi,Banana,2024-01-01,1014,1178,1113
Haryana,Karnal,Karnal Mandi,Paddy(Dhan),2024-01-05,1867,2021,1951
Haryana,Karnal,Karnal Mandi,Gram(Chana),2024-01-05,4542,4885,4705
Haryana,Karnal,Karnal Mandi,Chilli,2024-01-05,10449,12321,11448
Haryana,Karnal,Karnal Mandi,Wheat,2024-01-09,2139,2360,2231
Haryana,Karnal,Karnal Mandi,Mustard,2024-01-09,5163,5734,5448
Haryana,Karnal,Karnal Mandi,Paddy(Dhan),2024-01-09,1893,2032,1976
Haryana,Karnal,Karnal Mandi,Jowar,2024-01-09,2445,2618,2546
Haryana,Karnal,Karnal Mandi,Soybean,2024-01-09,3952,4235,4106
Haryana,Karnal,Karnal Mandi,Gram(Chana),2024-01-09,4574,5004,4815
Haryana,Karnal,Karnal Mandi,Chilli,2024-01-09,10073,13494,11727
Haryana,Karnal,Karnal Mandi,Banana,2024-01-09,992,1360,1179
Haryana,Karnal,Karnal Mandi,Wheat,2024-01-13,2108,2258,2167
Haryana,Karnal,Karnal Mandi,Paddy(Dhan),2024-01-13,1919,2109,2017
Haryana,Karnal,Karnal Mandi,Wheat,2024-01-17,1988,2167,2096
Haryana,Karnal,Karnal Mandi,Mustard,2024-01-17,5140,5589,5361
Haryana,Karnal,Karnal Mandi,Paddy(Dhan),2024-01-17,2130,2241,2191
Haryana,Karnal,Karnal Mandi,Jowar,2024-01-17,2408,2583,2509
Haryana,Karnal,Karnal Mandi,Soybean,2024-01-17,4049,4341,4167
Haryana,Karnal,Karnal Mandi,Gram(Chana),2024-01-17,4789,5169,4966
Haryana,Karnal,Karnal Mandi,Chilli,2024-01-17,9795,11667,10621
Haryana,Karnal,Karnal Mandi,Banana,2024-01-17,936,1272,1127
Haryana,Karnal,Karnal Mandi,Wheat,2024-01-21,1986,2141,2074
Haryana,Karnal,Karnal Mandi,Mustard,2024-01-21,4656,4944,4788
Haryana,Karnal,Karnal Mandi,Paddy(Dhan),2024-01-21,1844,2029,1955
Haryana,Karnal,Karnal Mandi,Jowar,2024-01-21,2544,2933,2756
Haryana,Karnal,Karnal Mandi,Soybean,2024-01-21,4102,4409,4249
Haryana,Karnal,Karnal Mandi,Gram(Chana),2024-01-21,4607,5332,4918
Haryana,Karnal,Karnal Mandi,Chilli,2024-01-21,10621,12617,11584
Haryana,Karnal,Karnal Mandi,Banana,2024-01-21,1087,1248,1164
Haryana,Karnal,Karnal Mandi,Wheat,2024-01-25,2121,2241,2179
Haryana,Karnal,Karnal Mandi,Paddy(Dhan),2024-01-25,1911,2025,1962
Haryana,Karnal,Karnal Mandi,Soybean,2024-01-25,3875,4202,4033
Haryana,Karnal,Karnal Mandi,Gram(Chana),2024-01-25,4654,5133,4892
Haryana,Karnal,Karnal Mandi,Chilli,2024-01-25,9841,13003,11119
Haryana,Karnal,Karnal Mandi,Banana,2024-01-25,1054,1271,1180
Haryana,Karnal,Karnal Mandi,Wheat,2024-01-29,2016,2155,2079
Haryana,Karnal,Karnal Mandi,Mustard,2024-01-29,5181,5608,5437
Haryana,Karnal,Karnal Mandi,Paddy(Dhan),2024-01-29,1845,2013,1925
Haryana,Karnal,Karnal Mandi,Jowar,2024-01-29,2622,2872,2735
Haryana,Karnal,Karnal Mandi,Soybean,2024-01-29,3834,4147,3973
Haryana,Karnal,Karnal Mandi,Gram(Chana),2024-01-29,4924,5655,5320
Haryana,Karnal,Karnal Mandi,Chilli,2024-01-29,10508,13352,11769
Haryana,Karnal,Karnal Mandi,Banana,2024-01-29,967,1190,1095
Haryana,Karnal,Karnal Mandi,Mustard,2024-02-02,4749,5421,5098
Haryana,Karnal,Karnal Mandi,Paddy(Dhan),2024-02-02,1953,2133,2045
Haryana,Karnal,Karnal Mandi,Jowar,2024-02-02,2470,2797,2623
Haryana,Karnal,Karnal Mandi,Soybean,2024-02-02,4235,4786,4516
Haryana,Karnal,Karnal Mandi,Gram(Chana),2024-02-02,4901,5510,5269
Haryana,Karnal,Karnal Mandi,Chilli,2024-02-02,10194,12739,11283
Haryana,Karnal,Karnal Mandi,Banana,2024-02-02,964,1381,1168
Haryana,Karnal,Karnal Mandi,Wheat,2024-02-06,2204,2336,2271
Haryana,Karnal,Karnal Mandi,Mustard,2024-02-06,4950,5338,5111
Haryana,Karnal,Karnal Mandi,Paddy(Dhan),2024-02-06,2013,2146,2074
Haryana,Karnal,Karnal Mandi,Jowar,2024-02-06,2417,2600,2519
Haryana,Karnal,Karnal Mandi,Gram(Chana),2024-02-06,4761,5144,4985
Haryana,Karnal,Karnal Mandi,Chilli,2024-02-06,10671,13760,12210
Haryana,Karnal,Karnal Mandi,Banana,2024-02-06,1122,1367,1233
Haryana,Karnal,Karnal Mandi,Wheat,2024-02-10,2102,2175,2136
Haryana,Karnal,Karnal Mandi,Paddy(Dhan),2024-02-10,2078,2164,2117
Haryana,Karnal,Karnal Mandi,Jowar,2024-02-10,2435,2670,2525
Haryana,Karnal,Karnal Mandi,Gram(Chana),2024-02-10,5095,5507,5277
Haryana,Karnal,Karnal Mandi,Chilli,2024-02-10,10739,13826,12102
Haryana,Karnal,Karnal Mandi,Banana,2024-02-10,1115,1335,1238
Haryana,Karnal,Karnal Mandi,Wheat,2024-02-14,1951,2090,2013
Haryana,Karnal,Karnal Mandi,Jowar,2024-02-14,2583,2884,2699
Haryana,Karnal,Karnal Mandi,Gram(Chana),2024-02-14,4971,5313,5156
Haryana,Karnal,Karnal Mandi,Chilli,2024-02-14,10496,13301,11714
Haryana,Karnal,Karnal Mandi,Banana,2024-02-14,954,1235,1109
Haryana,Karnal,Karnal Mandi,Mustard,2024-02-18,4640,4956,4787
Haryana,Karnal,Karnal Mandi,Paddy(Dhan),2024-02-18,2053,2164,2108
Haryana,Karnal,Karnal Mandi,Jowar,2024-02-18,2346,2570,2455
Haryana,Karnal,Karnal Mandi,Gram(Chana),2024-02-18,5251,5605,5397
Haryana,Karnal,Karnal Mandi,Chilli,2024-02-18,11344,12823,12050
Haryana,Karnal,Karnal Mandi,Wheat,2024-02-22,2118,2211,2160
Haryana,Karnal,Karnal Mandi,Mustard,2024-02-22,5412,5736,5536
Haryana,Karnal,Karnal Mandi,Paddy(Dhan),2024-02-22,1887,2032,1971
Haryana,Karnal,Karnal Mandi,Jowar,2024-02-22,2512,2785,2652
Haryana,Karnal,Karnal Mandi,Gram(Chana),2024-02-22,5005,5524,5253
Haryana,Karnal,Karnal Mandi,Chilli,2024-02-22,11434,13472,12302
Haryana,Karnal,Karnal Mandi,Banana,2024-02-22,1086,1301,1181
Haryana,Karnal,Karnal Mandi,Wheat,2024-02-26,2075,2177,2135
Haryana,Karnal,Karnal Mandi,Paddy(Dhan),2024-02-26,2030,2159,2087
Haryana,Karnal,Karnal Mandi,Jowar,2024-02-26,2586,2903,2751
Haryana,Karnal,Karnal Mandi,Gram(Chana),2024-02-26,4707,5265,4983
Haryana,Karnal,Karnal Mandi,Banana,2024-02-26,999,1299,1141
Haryana,Karnal,Karnal Mandi,Mustard,2024-03-01,4032,4457,4288
Haryana,Karnal,Karnal Mandi,Paddy(Dhan),2024-03-01,2097,2308,2179
Haryana,Karnal,Karnal Mandi,Jowar,2024-03-01,2502,2717,2607
Haryana,Karnal,Karnal Mandi,Soybean,2024-03-01,3639,4159,3911
Haryana,Karnal,Karnal Mandi,Gram(Chana),2024-03-01,3866,4197,4071
Haryana,Karnal,Karnal Mandi,Chilli,2024-03-01,10747,13048,11754
Haryana,Karnal,Karnal Mandi,Banana,2024-03-01,1130,1260,1196
Haryana,Karnal,Karnal Mandi,Wheat,2024-03-05,1781,1877,1836
Haryana,Karnal,Karnal Mandi,Mustard,2024-03-05,4122,4468,4310
Haryana,Karnal,Karnal Mandi,Paddy(Dhan),2024-03-05,2061,2252,2141
Haryana,Karnal,Karnal Mandi,Jowar,2024-03-05,2301,2613,2440
Haryana,Karnal,Karnal Mandi,Soybean,2024-03-05,4291,4626,4469
Haryana,Karnal,Karnal Mandi,Gram(Chana),2024-03-05,4103,4566,4376
Haryana,Karnal,Karnal Mandi,Chilli,2024-03-05,9976,12492,11238
Haryana,Karnal,Karnal Mandi,Wheat,2024-03-09,1819,1934,1863
Haryana,Karnal,Karnal Mandi,Mustard,2024-03-09,4157,4479,4307
Haryana,Karnal,Karnal Mandi,Paddy(Dhan),2024-03-09,2024,2131,2068
Haryana,Karnal,Karnal Mandi,Jowar,2024-03-09,2485,2655,2577
Haryana,Karnal,Karnal Mandi,Soybean,2024-03-09,4039,4447,4259
Haryana,Karnal,Karnal Mandi,Gram(Chana),2024-03-09,3692,4240,3971
Haryana,Karnal,Karnal Mandi,Banana,2024-03-09,1078,1317,1208
Haryana,Karnal,Karnal Mandi,Wheat,2024-03-13,1600,1693,1652
Haryana,Karnal,Karnal Mandi,Paddy(Dhan),2024-03-13,2104,2294,2191
Haryana,Karnal,Karnal Mandi,Jowar,2024-03-13,2462,2709,2592
Haryana,Karnal,Karnal Mandi,Gram(Chana),2024-03-13,3801,3996,3888
Haryana,Karnal,Karnal Mandi,Banana,2024-03-13,972,1229,1102
Haryana,Karnal,Karnal Mandi,Mustard,2024-03-17,4181,4482,4342
Haryana,Karnal,Karnal Mandi,Paddy(Dhan),2024-03-17,1914,2047,1981
Haryana,Karnal,Karnal Mandi,Soybean,2024-03-17,4295,4687,4520
Haryana,Karnal,Karnal Mandi,Banana,2024-03-17,903,1238,1063
Haryana,Karnal,Karnal Mandi,Wheat,2024-03-21,1849,1931,1897
Haryana,Karnal,Karnal Mandi,Mustard,2024-03-21,4374,4679,4511
Haryana,Karnal,Karnal Mandi,Paddy(Dhan),2024-03-21,2082,2246,2160
Haryana,Karnal,Karnal Mandi,Jowar,2024-03-21,2437,2703,2571
Haryana,Karnal,Karnal Mandi,Soybean,2024-03-21,3911,4325,4119
Haryana,Karnal,Karnal Mandi,Gram(Chana),2024-03-21,3736,4257,4024
Haryana,Karnal,Karnal Mandi,Chilli,2024-03-21,9791,12658,11554
Haryana,Karnal,Karnal Mandi,Banana,2024-03-21,1115,1330,1236
Haryana,Karnal,Karnal Mandi,Wheat,2024-03-25,1573,1685,1638
Haryana,Karnal,Karnal Mandi,Mustard,2024-03-25,4194,4398,4296
Haryana,Karnal,Karnal Mandi,Paddy(Dhan),2024-03-25,1917,2004,1959
Haryana,Karnal,Karnal Mandi,Jowar,2024-03-25,2373,2577,2483
Haryana,Karnal,Karnal Mandi,Soybean,2024-03-25,3773,4113,3957
Haryana,Karnal,Karnal Mandi,Gram(Chana),2024-03-25,3928,4357,4182
Haryana,Karnal,Karnal Mandi,Wheat,2024-03-29,1665,1816,1748
Haryana,Karnal,Karnal Mandi,Jowar,2024-03-29,2343,2499,2417
Haryana,Karnal,Karnal Mandi,Chilli,2024-03-29,9723,12395,10814
Haryana,Karnal,Karnal Mandi,Wheat,2024-04-02,1770,1838,1802
Haryana,Karnal,Karnal Mandi,Mustard,2024-04-02,4135,4622,4361
Haryana,Karnal,Karnal Mandi,Paddy(Dhan),2024-04-02,1833,1970,1887
Haryana,Karnal,Karnal Mandi,Jowar,2024-04-02,2355,2513,2446
Haryana,Karnal,Karnal Mandi,Soybean,2024-04-02,3809,4106,3967
Haryana,Karnal,Karnal Mandi,Gram(Chana),2024-04-02,3929,4341,4124
Haryana,Karnal,Karnal Mandi,Chilli,2024-04-02,11059,15054,13067
Haryana,Karnal,Karnal Mandi,Banana,2024-04-02,935,1199,1058
Haryana,Karnal,Karnal Mandi,Wheat,2024-04-06,1577,1705,1654
Haryana,Karnal,Karnal Mandi,Paddy(Dhan),2024-04-06,2007,2202,2130
Haryana,Karnal,Karnal Mandi,Gram(Chana),2024-04-06,3920,4279,4101
Haryana,Karnal,Karnal Mandi,Banana,2024-04-06,1011,1160,1078
Haryana,Karnal,Karnal Mandi,Wheat,2024-04-10,1536,1675,1622
Haryana,Karnal,Karnal Mandi,Mustard,2024-04-10,3923,4263,4110
Haryana,Karnal,Karnal Mandi,Paddy(Dhan),2024-04-10,1931,2154,2031
Haryana,Karnal,Karnal Mandi,Jowar,2024-04-10,2653,2863,2771
Haryana,Karnal,Karnal Mandi,Soybean,2024-04-10,4004,4368,4186
Haryana,Karnal,Karnal Mandi,Gram(Chana),2024-04-10,3724,4048,3879
Haryana,Karnal,Karnal Mandi,Banana,2024-04-10,1069,1329,1219
Haryana,Karnal,Karnal Mandi,Wheat,2024-04-14,1787,1935,1848
Haryana,Karnal,Karnal Mandi,Mustard,2024-04-14,4298,4760,4522
Haryana,Karnal,Karnal Mandi,Paddy(Dhan),2024-04-14,2137,2249,2192
Haryana,Karnal,Karnal Mandi,Soybean,2024-04-14,3736,4242,4055
Haryana,Karnal,Karnal Mandi,Gram(Chana),2024-04-14,4098,4688,4394
Haryana,Karnal,Karnal Mandi,Chilli,2024-04-14,12594,15170,13841
Haryana,Karnal,Karnal Mandi,Banana,2024-04-14,1029,1339,1179
Haryana,Karnal,Karnal Mandi,Wheat,2024-04-18,1757,1861,1815
Haryana,Karnal,Karnal Mandi,Mustard,2024-04-18,3984,4351,4202
Haryana,Karnal,Karnal Mandi,Paddy(Dhan),2024-04-18,1922,2083,2016
Haryana,Karnal,Karnal Mandi,Jowar,2024-04-18,2437,2605,2525
Haryana,Karnal,Karnal Mandi,Soybean,2024-04-18,3800,4262,3989
Haryana,Karnal,Karnal Mandi,Gram(Chana),2024-04-18,3739,4167,3973
Haryana,Karnal,Karnal Mandi,Wheat,2024-04-22,1783,1881,1824
Haryana,Karnal,Karnal Mandi,Mustard,2024-04-22,4364,4670,4532
Haryana,Karnal,Karnal Mandi,Paddy(Dhan),2024-04-22,1974,2076,2025
Haryana,Karnal,Karnal Mandi,Jowar,2024-04-22,2564,2759,2680
Haryana,Karnal,Karnal Mandi,Soybean,2024-04-22,4159,4778,4484
Haryana,Karnal,Karnal Mandi,Banana,2024-04-22,1102,1387,1232
Haryana,Karnal,Karnal Mandi,Wheat,2024-04-26,1781,1910,1841
Haryana,Karnal,Karnal Mandi,Mustard,2024-04-26,4198,4690,4445
Haryana,Karnal,Karnal Mandi,Paddy(Dhan),2024-04-26,1955,2071,2007
Haryana,Karnal,Karnal Mandi,Jowar,2024-04-26,2501,2777,2632
Haryana,Karnal,Karnal Mandi,Soybean,2024-04-26,3872,4175,3999
Haryana,Karnal,Karnal Mandi,Gram(Chana),2024-04-26,3694,4052,3882
Haryana,Karnal,Karnal Mandi,Chilli,2024-04-26,11704,14255,13116
Haryana,Karnal,Karnal Mandi,Wheat,2024-04-30,1591,1728,1650
Haryana,Karnal,Karnal Mandi,Paddy(Dhan),2024-04-30,1923,2119,2015
Haryana,Karnal,Karnal Mandi,Chilli,2024-04-30,12807,16133,14370
Haryana,Karnal,Karnal Mandi,Banana,2024-04-30,1058,1332,1192
Haryana,Karnal,Karnal Mandi,Wheat,2024-05-04,1640,1742,1693
Haryana,Karnal,Karnal Mandi,Mustard,2024-05-04,4628,5064,4857
Haryana,Karnal,Karnal Mandi,Soybean,2024-05-04,4071,4481,4268
Haryana,Karnal,Karnal Mandi,Chilli,2024-05-04,11943,14490,13059
Haryana,Karnal,Karnal Mandi,Banana,2024-05-04,978,1311,1150
Haryana,Karnal,Karnal Mandi,Wheat,2024-05-08,1641,1738,1690
Haryana,Karnal,Karnal Mandi,Mustard,2024-05-08,5225,5560,5375
Haryana,Karnal,Karnal Mandi,Paddy(Dhan),2024-05-08,2094,2177,2140
Haryana,Karnal,Karnal Mandi,Soybean,2024-05-08,4109,4738,4424
Haryana,Karnal,Karnal Mandi,Gram(Chana),2024-05-08,4598,5004,4791
Haryana,Karnal,Karnal Mandi,Wheat,2024-05-12,1831,1915,1879
Haryana,Karnal,Karnal Mandi,Mustard,2024-05-12,5315,5671,5495
Haryana,Karnal,Karnal Mandi,Paddy(Dhan),2024-05-12,2046,2167,2101
Haryana,Karnal,Karnal Mandi,Jowar,2024-05-12,2572,2738,2647
Haryana,Karnal,Karnal Mandi,Gram(Chana),2024-05-12,4898,5460,5116
Haryana,Karnal,Karnal Mandi,Banana,2024-05-12,964,1281,1151
Haryana,Karnal,Karnal Mandi,Wheat,2024-05-16,1830,1910,1878
Haryana,Karnal,Karnal Mandi,Mustard,2024-05-16,4925,5537,5168
Haryana,Karnal,Karnal Mandi,Paddy(Dhan),2024-05-16,1861,1953,1904
Haryana,Karnal,Karnal Mandi,Soybean,2024-05-16,3961,4308,4130
Haryana,Karnal,Karnal Mandi,Gram(Chana),2024-05-16,4868,5329,5088
Haryana,Karnal,Karnal Mandi,Chilli,2024-05-16,13090,15950,14321
Haryana,Karnal,Karnal Mandi,Banana,2024-05-16,989,1223,1087
Haryana,Karnal,Karnal Mandi,Wheat,2024-05-20,1843,1933,1897
Haryana,Karnal,Karnal Mandi,Mustard,2024-05-20,4572,4996,4808
Haryana,Karnal,Karnal Mandi,Jowar,2024-05-20,2491,2744,2633
Haryana,Karnal,Karnal Mandi,Soybean,2024-05-20,4040,4487,4276
Haryana,Karnal,Karnal Mandi,Gram(Chana),2024-05-20,4498,5033,4798
Haryana,Karnal,Karnal Mandi,Chilli,2024-05-20,12779,15724,14000
Haryana,Karnal,Karnal Mandi,Banana,2024-05-20,1003,1184,1096
Haryana,Karnal,Karnal Mandi,Wheat,2024-05-24,1594,1714,1647
Haryana,Karnal,Karnal Mandi,Mustard,2024-05-24,5039,5560,5259
Haryana,Karnal,Karnal Mandi,Jowar,2024-05-24,2396,2547,2467
Haryana,Karnal,Karnal Mandi,Soybean,2024-05-24,3860,4230,4049
Haryana,Karnal,Karnal Mandi,Gram(Chana),2024-05-24,4753,5258,5035
Haryana,Karnal,Karnal Mandi,Banana,2024-05-24,1118,1314,1222
Haryana,Karnal,Karnal Mandi,Wheat,2024-05-28,1712,1809,1760
Haryana,Karnal,Karnal Mandi,Paddy(Dhan),2024-05-28,1941,2046,2003
Haryana,Karnal,Karnal Mandi,Soybean,2024-05-28,4042,4261,4143
Haryana,Karnal,Karnal Mandi,Gram(Chana),2024-05-28,5097,5355,5224
Haryana,Karnal,Karnal Mandi,Chilli,2024-05-28,12129,14737,13229
Haryana,Karnal,Karnal Mandi,Banana,2024-05-28,1054,1223,1126
Haryana,Karnal,Karnal Mandi,Wheat,2024-06-01,2003,2188,2099
Haryana,Karnal,Karnal Mandi,Mustard,2024-06-01,5059,5370,5216
Haryana,Karnal,Karnal Mandi,Jowar,2024-06-01,2618,2871,2767
Haryana,Karnal,Karnal Mandi,Soybean,2024-06-01,3667,4000,3871
Haryana,Karnal,Karnal Mandi,Gram(Chana),2024-06-01,5172,5598,5374
Haryana,Karnal,Karnal Mandi,Chilli,2024-06-01,13750,15837,14843
Haryana,Karnal,Karnal Mandi,Banana,2024-06-01,983,1301,1130
Haryana,Karnal,Karnal Mandi,Wheat,2024-06-05,1923,2077,2002
Haryana,Karnal,Karnal Mandi,Mustard,2024-06-05,4940,5352,5173
Haryana,Karnal,Karnal Mandi,Paddy(Dhan),2024-06-05,1901,2064,1980
Haryana,Karnal,Karnal Mandi,Soybean,2024-06-05,4154,4711,4438
Haryana,Karnal,Karnal Mandi,Chilli,2024-06-05,12045,16669,14534
Haryana,Karnal,Karnal Mandi,Banana,2024-06-05,972,1141,1066
Haryana,Karnal,Karnal Mandi,Wheat,2024-06-09,2214,2324,2274
Haryana,Karnal,Karnal Mandi,Jowar,2024-06-09,2465,2707,2567
Haryana,Karnal,Karnal Mandi,Gram(Chana),2024-06-09,4446,5036,4754
Haryana,Karnal,Karnal Mandi,Chilli,2024-06-09,12644,15035,13954
Haryana,Karnal,Karnal Mandi,Banana,2024-06-09,1010,1217,1138
Haryana,Karnal,Karnal Mandi,Paddy(Dhan),2024-06-13,1838,2023,1918
Haryana,Karnal,Karnal Mandi,Jowar,2024-06-13,2427,2725,2580
Haryana,Karnal,Karnal Mandi,Soybean,2024-06-13,4029,4586,4322
Haryana,Karnal,Karnal Mandi,Gram(Chana),2024-06-13,5012,5560,5250
Haryana,Karnal,Karnal Mandi,Chilli,2024-06-13,12978,15764,14303
Haryana,Karnal,Karnal Mandi,Banana,2024-06-13,1098,1283,1198
Haryana,Karnal,Karnal Mandi,Mustard,2024-06-17,4745,5171,4958
Haryana,Karnal,Karnal Mandi,Paddy(Dhan),2024-06-17,2082,2278,2183
Haryana,Karnal,Karnal Mandi,Soybean,2024-06-17,3663,4080,3890
Haryana,Karnal,Karnal Mandi,Wheat,2024-06-21,1942,2031,1992
Haryana,Karnal,Karnal Mandi,Mustard,2024-06-21,4579,5170,4888
Haryana,Karnal,Karnal Mandi,Paddy(Dhan),2024-06-21,1964,2141,2073
Haryana,Karnal,Karnal Mandi,Jowar,2024-06-21,2310,2504,2417
Haryana,Karnal,Karnal Mandi,Soybean,2024-06-21,3691,4134,3949
Haryana,Karnal,Karnal Mandi,Chilli,2024-06-21,12072,16564,14686
Haryana,Karnal,Karnal Mandi,Banana,2024-06-21,1118,1383,1239
Haryana,Karnal,Karnal Mandi,Wheat,2024-06-25,1929,2044,1989
Haryana,Karnal,Karnal Mandi,Mustard,2024-06-25,5134,5768,5496
Haryana,Karnal,Karnal Mandi,Jowar,2024-06-25,2567,2810,2686
Haryana,Karnal,Karnal Mandi,Soybean,2024-06-25,4268,4737,4513
Haryana,Karnal,Karnal Mandi,Gram(Chana),2024-06-25,5155,5482,5333
Haryana,Karnal,Karnal Mandi,Chilli,2024-06-25,13938,16599,15110
Haryana,Karnal,Karnal Mandi,Banana,2024-06-25,1099,1316,1182
Haryana,Karnal,Karnal Mandi,Wheat,2024-06-29,2172,2353,2261
Haryana,Karnal,Karnal Mandi,Mustard,2024-06-29,5152,5556,5335
Haryana,Karnal,Karnal Mandi,Paddy(Dhan),2024-06-29,2066,2187,2121
Haryana,Karnal,Karnal Mandi,Jowar,2024-06-29,2307,2537,2416
Haryana,Karnal,Karnal Mandi,Gram(Chana),2024-06-29,4618,4870,4741
Haryana,Karnal,Karnal Mandi,Chilli,2024-06-29,13866,16157,15036
Haryana,Karnal,Karnal Mandi,Banana,2024-06-29,1053,1283,1169
Haryana,Karnal,Karnal Mandi,Mustard,2024-07-03,4700,5321,4979
Haryana,Karnal,Karnal Mandi,Paddy(Dhan),2024-07-03,2137,2250,2192
Haryana,Karnal,Karnal Mandi,Jowar,2024-07-03,2253,2567,2411
Haryana,Karnal,Karnal Mandi,Soybean,2024-07-03,3836,4331,4057
Haryana,Karnal,Karnal Mandi,Gram(Chana),2024-07-03,4743,5039,4867
Haryana,Karnal,Karnal Mandi,Chilli,2024-07-03,13223,16395,14772
Haryana,Karnal,Karnal Mandi,Wheat,2024-07-07,2186,2286,2246
Haryana,Karnal,Karnal Mandi,Mustard,2024-07-07,4706,5065,4888
Haryana,Karnal,Karnal Mandi,Gram(Chana),2024-07-07,4370,4912,4604
Haryana,Karnal,Karnal Mandi,Chilli,2024-07-07,11648,14921,13195
Haryana,Karnal,Karnal Mandi,Banana,2024-07-07,1104,1325,1237
Haryana,Karnal,Karnal Mandi,Wheat,2024-07-11,1924,2065,1988
Haryana,Karnal,Karnal Mandi,Mustard,2024-07-11,5015,5266,5133
Haryana,Karnal,Karnal Mandi,Paddy(Dhan),2024-07-11,1944,2126,2027
Haryana,Karnal,Karnal Mandi,Jowar,2024-07-11,2598,2871,2705
Haryana,Karnal,Karnal Mandi,Soybean,2024-07-11,3630,4111,3920
Haryana,Karnal,Karnal Mandi,Gram(Chana),2024-07-11,4785,5145,4978
Haryana,Karnal,Karnal Mandi,Chilli,2024-07-11,14146,16323,15082
Haryana,Karnal,Karnal Mandi,Banana,2024-07-11,998,1227,1089
Haryana,Karnal,Karnal Mandi,Wheat,2024-07-15,1939,2060,1999
Haryana,Karnal,Karnal Mandi,Mustard,2024-07-15,4980,5278,5093
Haryana,Karnal,Karnal Mandi,Paddy(Dhan),2024-07-15,1938,2117,2038
Haryana,Karnal,Karnal Mandi,Jowar,2024-07-15,2434,2712,2569
Haryana,Karnal,Karnal Mandi,Chilli,2024-07-15,10856,15249,12951
Haryana,Karnal,Karnal Mandi,Banana,2024-07-15,1019,1255,1127
Haryana,Karnal,Karnal Mandi,Wheat,2024-07-19,1954,2136,2039
Haryana,Karnal,Karnal Mandi,Mustard,2024-07-19,4974,5444,5236
Haryana,Karnal,Karnal Mandi,Paddy(Dhan),2024-07-19,1923,2093,2003
Haryana,Karnal,Karnal Mandi,Jowar,2024-07-19,2527,2743,2637
Haryana,Karnal,Karnal Mandi,Soybean,2024-07-19,3980,4563,4271
Haryana,Karnal,Karnal Mandi,Gram(Chana),2024-07-19,4361,4841,4633
Haryana,Karnal,Karnal Mandi,Chilli,2024-07-19,13721,16657,15067
Haryana,Karnal,Karnal Mandi,Banana,2024-07-19,923,1230,1059
Haryana,Karnal,Karnal Mandi,Wheat,2024-07-23,2057,2244,2170
Haryana,Karnal,Karnal Mandi,Jowar,2024-07-23,2397,2680,2564
Haryana,Karnal,Karnal Mandi,Gram(Chana),2024-07-23,4715,5173,4946
Haryana,Karnal,Karnal Mandi,Chilli,2024-07-23,13176,16758,14842
Haryana,Karnal,Karnal Mandi,Banana,2024-07-23,930,1242,1064
Haryana,Karnal,Karnal Mandi,Mustard,2024-07-27,5273,5701,5436
Haryana,Karnal,Karnal Mandi,Paddy(Dhan),2024-07-27,1856,2067,1952
Haryana,Karnal,Karnal Mandi,Soybean,2024-07-27,3947,4320,4156
Haryana,Karnal,Karnal Mandi,Chilli,2024-07-27,12973,15612,14467
Haryana,Karnal,Karnal Mandi,Wheat,2024-07-31,1945,2064,2014
Haryana,Karnal,Karnal Mandi,Mustard,2024-07-31,4938,5529,5200
Haryana,Karnal,Karnal Mandi,Paddy(Dhan),2024-07-31,2084,2266,2170
Haryana,Karnal,Karnal Mandi,Chilli,2024-07-31,12534,15543,14193
Haryana,Karnal,Karnal Mandi,Banana,2024-07-31,1146,1314,1219
Haryana,Karnal,Karnal Mandi,Wheat,2024-08-04,2132,2253,2187
Haryana,Karnal,Karnal Mandi,Mustard,2024-08-04,5015,5554,5301
Haryana,Karnal,Karnal Mandi,Paddy(Dhan),2024-08-04,1871,1971,1917
Haryana,Karnal,Karnal Mandi,Soybean,2024-08-04,3995,4352,4196
Haryana,Karnal,Karnal Mandi,Gram(Chana),2024-08-04,4385,4868,4668
Haryana,Karnal,Karnal Mandi,Wheat,2024-08-08,2029,2240,2130
Haryana,Karnal,Karnal Mandi,Mustard,2024-08-08,5349,5780,5553
Haryana,Karnal,Karnal Mandi,Paddy(Dhan),2024-08-08,2045,2194,2122
Haryana,Karnal,Karnal Mandi,Jowar,2024-08-08,2695,2873,2778
Haryana,Karnal,Karnal Mandi,Soybean,2024-08-08,4092,4419,4239
Haryana,Karnal,Karnal Mandi,Gram(Chana),2024-08-08,4482,4745,4620
Haryana,Karnal,Karnal Mandi,Chilli,2024-08-08,12783,15996,14162
Haryana,Karnal,Karnal Mandi,Banana,2024-08-08,1058,1291,1183
Haryana,Karnal,Karnal Mandi,Mustard,2024-08-12,4958,5553,5212
Haryana,Karnal,Karnal Mandi,Paddy(Dhan),2024-08-12,2072,2248,2161
Haryana,Karnal,Karnal Mandi,Jowar,2024-08-12,2606,2930,2788
Haryana,Karnal,Karnal Mandi,Soybean,2024-08-12,4226,4544,4402
Haryana,Karnal,Karnal Mandi,Chilli,2024-08-12,11176,15397,13212
Haryana,Karnal,Karnal Mandi,Banana,2024-08-12,1054,1421,1238
Haryana,Karnal,Karnal Mandi,Wheat,2024-08-16,2062,2245,2148
Haryana,Karnal,Karnal Mandi,Mustard,2024-08-16,5000,5552,5254
Haryana,Karnal,Karnal Mandi,Paddy(Dhan),2024-08-16,1972,2125,2054
Haryana,Karnal,Karnal Mandi,Jowar,2024-08-16,2328,2520,2406
Haryana,Karnal,Karnal Mandi,Soybean,2024-08-16,4149,4441,4267
Haryana,Karnal,Karnal Mandi,Gram(Chana),2024-08-16,4453,4945,4689
Haryana,Karnal,Karnal Mandi,Chilli,2024-08-16,13509,16980,14996
Haryana,Karnal,Karnal Mandi,Wheat,2024-08-20,1910,2039,1980
Haryana,Karnal,Karnal Mandi,Mustard,2024-08-20,5063,5435,5256
Haryana,Karnal,Karnal Mandi,Paddy(Dhan),2024-08-20,2034,2236,2128
Haryana,Karnal,Karnal Mandi,Jowar,2024-08-20,2464,2635,2547
Haryana,Karnal,Karnal Mandi,Soybean,2024-08-20,3829,4075,3934
Haryana,Karnal,Karnal Mandi,Chilli,2024-08-20,12307,16243,14472
Haryana,Karnal,Karnal Mandi,Banana,2024-08-20,1070,1378,1217
Haryana,Karnal,Karnal Mandi,Paddy(Dhan),2024-08-24,2009,2205,2119
Haryana,Karnal,Karnal Mandi,Soybean,2024-08-24,4004,4563,4326
Haryana,Karnal,Karnal Mandi,Gram(Chana),2024-08-24,4657,5317,5035
Haryana,Karnal,Karnal Mandi,Banana,2024-08-24,1095,1239,1171
Haryana,Karnal,Karnal Mandi,Wheat,2024-08-28,1925,2095,2002
Haryana,Karnal,Karnal Mandi,Mustard,2024-08-28,5069,5512,5300
Haryana,Karnal,Karnal Mandi,Jowar,2024-08-28,2609,2847,2714
Haryana,Karnal,Karnal Mandi,Soybean,2024-08-28,3784,4329,4103
Haryana,Karnal,Karnal Mandi,Gram(Chana),2024-08-28,4523,4995,4739
Haryana,Karnal,Karnal Mandi,Chilli,2024-08-28,12225,15069,13534
Haryana,Karnal,Karnal Mandi,Banana,2024-08-28,1020,1139,1080
Haryana,Karnal,Karnal Mandi,Wheat,2024-09-01,2192,2404,2290
Haryana,Karnal,Karnal Mandi,Mustard,2024-09-01,5193,5803,5493
Haryana,Karnal,Karnal Mandi,Jowar,2024-09-01,2514,2851,2690
Haryana,Karnal,Karnal Mandi,Gram(Chana),2024-09-01,4497,4961,4720
Haryana,Karnal,Karnal Mandi,Chilli,2024-09-01,13348,16293,15048
Haryana,Karnal,Karnal Mandi,Banana,2024-09-01,1091,1328,1225
Haryana,Karnal,Karnal Mandi,Wheat,2024-09-05,2040,2133,2094
Haryana,Karnal,Karnal Mandi,Paddy(Dhan),2024-09-05,2062,2234,2142
Haryana,Karnal,Karnal Mandi,Jowar,2024-09-05,2595,2935,2799
Haryana,Karnal,Karnal Mandi,Soybean,2024-09-05,3940,4228,4094
Haryana,Karnal,Karnal Mandi,Gram(Chana),2024-09-05,5040,5628,5356
Haryana,Karnal,Karnal Mandi,Chilli,2024-09-05,12305,15626,13874
Haryana,Karnal,Karnal Mandi,Wheat,2024-09-09,2037,2211,2137
Haryana,Karnal,Karnal Mandi,Paddy(Dhan),2024-09-09,1910,2015,1960
Haryana,Karnal,Karnal Mandi,Soybean,2024-09-09,3713,4175,3910
Haryana,Karnal,Karnal Mandi,Chilli,2024-09-09,12176,17473,14781
Haryana,Karnal,Karnal Mandi,Banana,2024-09-09,961,1330,1179
Haryana,Karnal,Karnal Mandi,Wheat,2024-09-13,2080,2208,2156
Haryana,Karnal,Karnal Mandi,Mustard,2024-09-13,4830,5211,5021
Haryana,Karnal,Karnal Mandi,Paddy(Dhan),2024-09-13,2066,2175,2123
Haryana,Karnal,Karnal Mandi,Jowar,2024-09-13,2655,2867,2764
Haryana,Karnal,Karnal Mandi,Soybean,2024-09-13,4008,4631,4300
Haryana,Karnal,Karnal Mandi,Chilli,2024-09-13,12106,16720,14868
Haryana,Karnal,Karnal Mandi,Banana,2024-09-13,985,1237,1110
Haryana,Karnal,Karnal Mandi,Wheat,2024-09-17,2151,2324,2238
Haryana,Karnal,Karnal Mandi,Mustard,2024-09-17,5295,5724,5500
Haryana,Karnal,Karnal Mandi,Jowar,2024-09-17,2581,2825,2683
Haryana,Karnal,Karnal Mandi,Soybean,2024-09-17,4228,4719,4515
Haryana,Karnal,Karnal Mandi,Gram(Chana),2024-09-17,5114,5542,5302
Haryana,Karnal,Karnal Mandi,Chilli,2024-09-17,11323,15006,12983
Haryana,Karnal,Karnal Mandi,Mustard,2024-09-21,5433,5784,5576
Haryana,Karnal,Karnal Mandi,Paddy(Dhan),2024-09-21,1916,2093,1997
Haryana,Karnal,Karnal Mandi,Jowar,2024-09-21,2664,2927,2801
Haryana,Karnal,Karnal Mandi,Chilli,2024-09-21,11935,14844,13294
Haryana,Karnal,Karnal Mandi,Banana,2024-09-21,1025,1241,1144
Haryana,Karnal,Karnal Mandi,Wheat,2024-09-25,2200,2341,2264
Haryana,Karnal,Karnal Mandi,Mustard,2024-09-25,4582,4970,4791
Haryana,Karnal,Karnal Mandi,Paddy(Dhan),2024-09-25,2017,2152,2086
Haryana,Karnal,Karnal Mandi,Jowar,2024-09-25,2681,2921,2795
Haryana,Karnal,Karnal Mandi,Chilli,2024-09-25,12840,15788,14403
Haryana,Karnal,Karnal Mandi,Banana,2024-09-25,985,1293,1128
Haryana,Karnal,Karnal Mandi,Wheat,2024-09-29,2233,2313,2270
Haryana,Karnal,Karnal Mandi,Mustard,2024-09-29,4897,5409,5174
Haryana,Karnal,Karnal Mandi,Jowar,2024-09-29,2364,2646,2499
Haryana,Karnal,Karnal Mandi,Gram(Chana),2024-09-29,4638,5154,4863
Haryana,Karnal,Karnal Mandi,Banana,2024-09-29,1004,1225,1107
Haryana,Karnal,Karnal Mandi,Wheat,2024-10-03,2215,2358,2287
Haryana,Karnal,Karnal Mandi,Mustard,2024-10-03,5099,5426,5277
Haryana,Karnal,Karnal Mandi,Paddy(Dhan),2024-10-03,1687,1846,1782
Haryana,Karnal,Karnal Mandi,Jowar,2024-10-03,1882,2068,1975
Haryana,Karnal,Karnal Mandi,Soybean,2024-10-03,3304,3628,3499
Haryana,Karnal,Karnal Mandi,Gram(Chana),2024-10-03,4676,5177,4931
Haryana,Karnal,Karnal Mandi,Banana,2024-10-03,985,1273,1117
Haryana,Karnal,Karnal Mandi,Mustard,2024-10-07,5276,5744,5516
Haryana,Karnal,Karnal Mandi,Paddy(Dhan),2024-10-07,1699,1824,1763
Haryana,Karnal,Karnal Mandi,Jowar,2024-10-07,2001,2116,2048
Haryana,Karnal,Karnal Mandi,Gram(Chana),2024-10-07,5023,5683,5333
Haryana,Karnal,Karnal Mandi,Chilli,2024-10-07,11956,15874,13560
Haryana,Karnal,Karnal Mandi,Banana,2024-10-07,1093,1365,1217
Haryana,Karnal,Karnal Mandi,Wheat,2024-10-11,2220,2382,2298
Haryana,Karnal,Karnal Mandi,Mustard,2024-10-11,4963,5461,5194
Haryana,Karnal,Karnal Mandi,Paddy(Dhan),2024-10-11,1670,1759,1719
Haryana,Karnal,Karnal Mandi,Jowar,2024-10-11,2161,2282,2223
Haryana,Karnal,Karnal Mandi,Soybean,2024-10-11,3078,3412,3211
Haryana,Karnal,Karnal Mandi,Chilli,2024-10-11,11545,15221,13033
Haryana,Karnal,Karnal Mandi,Wheat,2024-10-15,1997,2100,2043
Haryana,Karnal,Karnal Mandi,Soybean,2024-10-15,3297,3754,3544
Haryana,Karnal,Karnal Mandi,Gram(Chana),2024-10-15,4564,5096,4840
Haryana,Karnal,Karnal Mandi,Chilli,2024-10-15,12871,15811,14054
Haryana,Karnal,Karnal Mandi,Banana,2024-10-15,978,1263,1115
Haryana,Karnal,Karnal Mandi,Wheat,2024-10-19,2237,2374,2307
Haryana,Karnal,Karnal Mandi,Mustard,2024-10-19,4875,5174,5028
Haryana,Karnal,Karnal Mandi,Paddy(Dhan),2024-10-19,1600,1750,1676
Haryana,Karnal,Karnal Mandi,Jowar,2024-10-19,1841,2101,1974
Haryana,Karnal,Karnal Mandi,Soybean,2024-10-19,3012,3345,3169
Haryana,Karnal,Karnal Mandi,Gram(Chana),2024-10-19,5061,5546,5258
Haryana,Karnal,Karnal Mandi,Chilli,2024-10-19,12427,15104,13673
Haryana,Karnal,Karnal Mandi,Banana,2024-10-19,1166,1302,1235
Haryana,Karnal,Karnal Mandi,Wheat,2024-10-23,2091,2210,2152
Haryana,Karnal,Karnal Mandi,Mustard,2024-10-23,4583,5045,4802
Haryana,Karnal,Karnal Mandi,Paddy(Dhan),2024-10-23,1698,1803,1747
Haryana,Karnal,Karnal Mandi,Jowar,2024-10-23,1938,2063,2011
Haryana,Karnal,Karnal Mandi,Soybean,2024-10-23,3213,3680,3430
Haryana,Karnal,Karnal Mandi,Gram(Chana),2024-10-23,4926,5351,5126
Haryana,Karnal,Karnal Mandi,Chilli,2024-10-23,12186,14508,13338
Haryana,Karnal,Karnal Mandi,Banana,2024-10-23,1053,1249,1159
Haryana,Karnal,Karnal Mandi,Wheat,2024-10-27,2154,2256,2212
Haryana,Karnal,Karnal Mandi,Mustard,2024-10-27,4743,5286,5028
Haryana,Karnal,Karnal Mandi,Soybean,2024-10-27,3044,3424,3231
Haryana,Karnal,Karnal Mandi,Gram(Chana),2024-10-27,4828,5127,4973
Haryana,Karnal,Karnal Mandi,Chilli,2024-10-27,12322,16320,14512
Haryana,Karnal,Karnal Mandi,Banana,2024-10-27,1066,1334,1193
Haryana,Karnal,Karnal Mandi,Wheat,2024-10-31,1994,2148,2063
Haryana,Karnal,Karnal Mandi,Mustard,2024-10-31,5197,5741,5484
Haryana,Karnal,Karnal Mandi,Soybean,2024-10-31,3483,3887,3686
Haryana,Karnal,Karnal Mandi,Gram(Chana),2024-10-31,4742,5445,5059
Haryana,Karnal,Karnal Mandi,Mustard,2024-11-04,5323,5860,5573
Haryana,Karnal,Karnal Mandi,Jowar,2024-11-04,1834,2122,1973
Haryana,Karnal,Karnal Mandi,Soybean,2024-11-04,3532,3840,3689
Haryana,Karnal,Karnal Mandi,Gram(Chana),2024-11-04,4708,5329,4976
Haryana,Karnal,Karnal Mandi,Chilli,2024-11-04,11181,14422,12981
Haryana,Karnal,Karnal Mandi,Banana,2024-11-04,1071,1397,1235
Haryana,Karnal,Karnal Mandi,Wheat,2024-11-08,2139,2308,2234
Haryana,Karnal,Karnal Mandi,Mustard,2024-11-08,5259,5527,5381
Haryana,Karnal,Karnal Mandi,Paddy(Dhan),2024-11-08,1565,1713,1648
Haryana,Karnal,Karnal Mandi,Soybean,2024-11-08,3465,3835,3615
Haryana,Karnal,Karnal Mandi,Gram(Chana),2024-11-08,4821,5456,5089
Haryana,Karnal,Karnal Mandi,Banana,2024-11-08,1063,1352,1208
Haryana,Karnal,Karnal Mandi,Wheat,2024-11-12,2106,2213,2153
Haryana,Karnal,Karnal Mandi,Jowar,2024-11-12,1956,2205,2102
Haryana,Karnal,Karnal Mandi,Soybean,2024-11-12,3289,3791,3589
Haryana,Karnal,Karnal Mandi,Chilli,2024-11-12,12936,16904,15025
Haryana,Karnal,Karnal Mandi,Banana,2024-11-12,1055,1405,1213
Haryana,Karnal,Karnal Mandi,Wheat,2024-11-16,1974,2093,2035
Haryana,Karnal,Karnal Mandi,Mustard,2024-11-16,5181,5699,5436
Haryana,Karnal,Karnal Mandi,Paddy(Dhan),2024-11-16,1615,1748,1684
Haryana,Karnal,Karnal Mandi,Jowar,2024-11-16,2124,2247,2175
Haryana,Karnal,Karnal Mandi,Soybean,2024-11-16,3318,3563,3451
Haryana,Karnal,Karnal Mandi,Gram(Chana),2024-11-16,4389,5012,4685
Haryana,Karnal,Karnal Mandi,Chilli,2024-11-16,12604,16095,14582
Haryana,Karnal,Karnal Mandi,Banana,2024-11-16,1056,1276,1182
Haryana,Karnal,Karnal Mandi,Mustard,2024-11-20,5237,5802,5466
Haryana,Karnal,Karnal Mandi,Paddy(Dhan),2024-11-20,1743,1875,1813
Haryana,Karnal,Karnal Mandi,Soybean,2024-11-20,3057,3565,3349
Haryana,Karnal,Karnal Mandi,Gram(Chana),2024-11-20,4452,4731,4617
Haryana,Karnal,Karnal Mandi,Chilli,2024-11-20,13299,16481,15087
Haryana,Karnal,Karnal Mandi,Banana,2024-11-20,1059,1228,1122
Haryana,Karnal,Karnal Mandi,Wheat,2024-11-24,1923,2043,1993
Haryana,Karnal,Karnal Mandi,Paddy(Dhan),2024-11-24,1493,1667,1579
Haryana,Karnal,Karnal Mandi,Jowar,2024-11-24,1930,2164,2059
Haryana,Karnal,Karnal Mandi,Soybean,2024-11-24,3010,3521,3274
Haryana,Karnal,Karnal Mandi,Gram(Chana),2024-11-24,4490,5231,4816
Haryana,Karnal,Karnal Mandi,Chilli,2024-11-24,11823,14080,12955
Haryana,Karnal,Karnal Mandi,Banana,2024-11-24,1051,1312,1208
Haryana,Karnal,Karnal Mandi,Wheat,2024-11-28,2250,2359,2304
Haryana,Karnal,Karnal Mandi,Mustard,2024-11-28,4822,5348,5060
Haryana,Karnal,Karnal Mandi,Jowar,2024-11-28,1938,2118,2015
Haryana,Karnal,Karnal Mandi,Soybean,2024-11-28,3445,3934,3703
Haryana,Karnal,Karnal Mandi,Gram(Chana),2024-11-28,5180,5581,5389
Haryana,Karnal,Karnal Mandi,Chilli,2024-11-28,13523,15690,14553
Haryana,Karnal,Karnal Mandi,Wheat,2024-12-02,2010,2133,2073
Haryana,Karnal,Karnal Mandi,Mustard,2024-12-02,5293,5738,5535
Haryana,Karnal,Karnal Mandi,Paddy(Dhan),2024-12-02,1634,1812,1717
Haryana,Karnal,Karnal Mandi,Soybean,2024-12-02,4103,4556,4328
Haryana,Karnal,Karnal Mandi,Chilli,2024-12-02,12681,16368,14618
Haryana,Karnal,Karnal Mandi,Banana,2024-12-02,1112,1338,1205
Haryana,Karnal,Karnal Mandi,Wheat,2024-12-06,1982,2085,2042
Haryana,Karnal,Karnal Mandi,Mustard,2024-12-06,5077,5387,5204
Haryana,Karnal,Karnal Mandi,Soybean,2024-12-06,4233,4573,4420
Haryana,Karnal,Karnal Mandi,Gram(Chana),2024-12-06,4503,4802,4648
Haryana,Karnal,Karnal Mandi,Chilli,2024-12-06,12057,15875,14121
Haryana,Karnal,Karnal Mandi,Banana,2024-12-06,1013,1173,1101
Haryana,Karnal,Karnal Mandi,Wheat,2024-12-10,1964,2088,2035
Haryana,Karnal,Karnal Mandi,Mustard,2024-12-10,5201,5596,5418
Haryana,Karnal,Karnal Mandi,Paddy(Dhan),2024-12-10,1723,1874,1789
Haryana,Karnal,Karnal Mandi,Soybean,2024-12-10,3687,4154,3889
Haryana,Karnal,Karnal Mandi,Gram(Chana),2024-12-10,4913,5494,5165
Haryana,Karnal,Karnal Mandi,Chilli,2024-12-10,11579,14610,13245
Haryana,Karnal,Karnal Mandi,Banana,2024-12-10,1028,1376,1184
Haryana,Karnal,Karnal Mandi,Wheat,2024-12-14,2083,2169,2130
Haryana,Karnal,Karnal Mandi,Mustard,2024-12-14,5394,5736,5559
Haryana,Karnal,Karnal Mandi,Paddy(Dhan),2024-12-14,1760,1863,1810
Haryana,Karnal,Karnal Mandi,Jowar,2024-12-14,2633,2839,2729
Haryana,Karnal,Karnal Mandi,Chilli,2024-12-14,13181,16477,14513
Haryana,Karnal,Karnal Mandi,Banana,2024-12-14,1057,1330,1187
Haryana,Karnal,Karnal Mandi,Wheat,2024-12-18,2208,2370,2281
Haryana,Karnal,Karnal Mandi,Mustard,2024-12-18,4757,5111,4918
Haryana,Karnal,Karnal Mandi,Soybean,2024-12-18,4209,4782,4531
Haryana,Karnal,Karnal Mandi,Gram(Chana),2024-12-18,4666,5253,5002
Haryana,Karnal,Karnal Mandi,Chilli,2024-12-18,11987,16239,14669
Haryana,Karnal,Karnal Mandi,Banana,2024-12-18,987,1418,1203
Haryana,Karnal,Karnal Mandi,Wheat,2024-12-22,1966,2054,2009
Haryana,Karnal,Karnal Mandi,Mustard,2024-12-22,5045,5446,5210
Haryana,Karnal,Karnal Mandi,Paddy(Dhan),2024-12-22,1533,1728,1618
Haryana,Karnal,Karnal Mandi,Jowar,2024-12-22,2507,2818,2674
Haryana,Karnal,Karnal Mandi,Chilli,2024-12-22,11723,14780,13120
Haryana,Karnal,Karnal Mandi,Banana,2024-12-22,980,1405,1213
Haryana,Karnal,Karnal Mandi,Wheat,2024-12-26,1924,2058,1990
Haryana,Karnal,Karnal Mandi,Paddy(Dhan),2024-12-26,1575,1741,1678
Haryana,Karnal,Karnal Mandi,Soybean,2024-12-26,3858,4167,3984
Haryana,Karnal,Karnal Mandi,Gram(Chana),2024-12-26,4667,5335,4998
Haryana,Karnal,Karnal Mandi,Chilli,2024-12-26,12254,14369,13377
Haryana,Karnal,Karnal Mandi,Wheat,2024-12-30,2231,2377,2303
Haryana,Karnal,Karnal Mandi,Mustard,2024-12-30,4873,5339,5117
Haryana,Karnal,Karnal Mandi,Jowar,2024-12-30,2428,2583,2504
Haryana,Karnal,Karnal Mandi,Chilli,2024-12-30,12783,16412,14996
Uttar Pradesh,Meerut,Meerut Mandi,Banana,2024-01-01,1063,1333,1232
Uttar Pradesh,Meerut,Meerut Mandi,Gram(Chana),2024-01-01,4941,5575,5296
Uttar Pradesh,Meerut,Meerut Mandi,Cotton,2024-01-01,5560,6285,5990
Uttar Pradesh,Meerut,Meerut Mandi,Groundnut,2024-01-01,5099,5804,5372
Uttar Pradesh,Meerut,Meerut Mandi,Jowar,2024-01-01,2266,2527,2394
Uttar Pradesh,Meerut,Meerut Mandi,Paddy(Dhan),2024-01-01,2051,2184,2119
Uttar Pradesh,Meerut,Meerut Mandi,Bajra,2024-01-01,2142,2322,2229
Uttar Pradesh,Meerut,Meerut Mandi,Banana,2024-01-05,1078,1224,1144
Uttar Pradesh,Meerut,Meerut Mandi,Jowar,2024-01-05,2503,2667,2590
Uttar Pradesh,Meerut,Meerut Mandi,Paddy(Dhan),2024-01-05,1914,2029,1983
Uttar Pradesh,Meerut,Meerut Mandi,Banana,2024-01-09,1095,1400,1238
Uttar Pradesh,Meerut,Meerut Mandi,Tomato,2024-01-09,723,1382,1061
Uttar Pradesh,Meerut,Meerut Mandi,Gram(Chana),2024-01-09,5046,5510,5319
Uttar Pradesh,Meerut,Meerut Mandi,Cotton,2024-01-09,5269,5860,5540
Uttar Pradesh,Meerut,Meerut Mandi,Groundnut,2024-01-09,5612,6407,6048
Uttar Pradesh,Meerut,Meerut Mandi,Bajra,2024-01-09,2154,2289,2212
Uttar Pradesh,Meerut,Meerut Mandi,Gram(Chana),2024-01-13,4908,5662,5223
Uttar Pradesh,Meerut,Meerut Mandi,Cotton,2024-01-13,5099,5856,5452
Uttar Pradesh,Meerut,Meerut Mandi,Groundnut,2024-01-13,5518,5994,5745
Uttar Pradesh,Meerut,Meerut Mandi,Jowar,2024-01-13,2447,2587,2523
Uttar Pradesh,Meerut,Meerut Mandi,Paddy(Dhan),2024-01-13,1848,1953,1897
Uttar Pradesh,Meerut,Meerut Mandi,Bajra,2024-01-13,1928,2178,2071
Uttar Pradesh,Meerut,Meerut Mandi,Banana,2024-01-17,1088,1237,1170
Uttar Pradesh,Meerut,Meerut Mandi,Cotton,2024-01-17,5511,6359,5965
Uttar Pradesh,Meerut,Meerut Mandi,Paddy(Dhan),2024-01-17,1885,2079,1999
Uttar Pradesh,Meerut,Meerut Mandi,Bajra,2024-01-17,1854,2046,1942
Uttar Pradesh,Meerut,Meerut Mandi,Banana,2024-01-21,989,1139,1057
Uttar Pradesh,Meerut,Meerut Mandi,Tomato,2024-01-21,904,1268,1064
Uttar Pradesh,Meerut,Meerut Mandi,Gram(Chana),2024-01-21,4739,5169,4954
Uttar Pradesh,Meerut,Meerut Mandi,Groundnut,2024-01-21,5620,6281,5960
Uttar Pradesh,Meerut,Meerut Mandi,Jowar,2024-01-21,2605,2779,2705
Uttar Pradesh,Meerut,Meerut Mandi,Bajra,2024-01-21,1940,2200,2063
Uttar Pradesh,Meerut,Meerut Mandi,Banana,2024-01-25,1032,1414,1211
Uttar Pradesh,Meerut,Meerut Mandi,Tomato,2024-01-25,903,1388,1127
Uttar Pradesh,Meerut,Meerut Mandi,Cotton,2024-01-25,4904,5741,5342
Uttar Pradesh,Meerut,Meerut Mandi,Groundnut,2024-01-25,5155,5561,5398
Uttar Pradesh,Meerut,Meerut Mandi,Jowar,2024-01-25,2475,2693,2605
Uttar Pradesh,Meerut,Meerut Mandi,Bajra,2024-01-25,1865,2096,1955
Uttar Pradesh,Meerut,Meerut Mandi,Banana,2024-01-29,1056,1228,1147
Uttar Pradesh,Meerut,Meerut Mandi,Gram(Chana),2024-01-29,4764,5402,5128
Uttar Pradesh,Meerut,Meerut Mandi,Cotton,2024-01-29,4984,5603,5299
Uttar Pradesh,Meerut,Meerut Mandi,Groundnut,2024-01-29,5682,6369,5975
Uttar Pradesh,Meerut,Meerut Mandi,Bajra,2024-01-29,2050,2245,2159
Uttar Pradesh,Meerut,Meerut Mandi,Tomato,2024-02-02,876,1185,1017
Uttar Pradesh,Meerut,Meerut Mandi,Gram(Chana),2024-02-02,5010,5434,5183
Uttar Pradesh,Meerut,Meerut Mandi,Cotton,2024-02-02,6638,7694,7254
Uttar Pradesh,Meerut,Meerut Mandi,Groundnut,2024-02-02,5682,6223,5979
Uttar Pradesh,Meerut,Meerut Mandi,Jowar,2024-02-02,2450,2761,2603
Uttar Pradesh,Meerut,Meerut Mandi,Paddy(Dhan),2024-02-02,1921,2104,2026
Uttar Pradesh,Meerut,Meerut Mandi,Bajra,2024-02-02,1986,2147,2064
Uttar Pradesh,Meerut,Meerut Mandi,Banana,2024-02-06,1044,1363,1235
Uttar Pradesh,Meerut,Meerut Mandi,Tomato,2024-02-06,841,1310,1100
Uttar Pradesh,Meerut,Meerut Mandi,Gram(Chana),2024-02-06,5103,5518,5288
Uttar Pradesh,Meerut,Meerut Mandi,Cotton,2024-02-06,6198,6934,6619
Uttar Pradesh,Meerut,Meerut Mandi,Groundnut,2024-02-06,5663,6757,6224
Uttar Pradesh,Meerut,Meerut Mandi,Jowar,2024-02-06,2603,2777,2694
Uttar Pradesh,Meerut,Meerut Mandi,Paddy(Dhan),2024-02-06,1972,2093,2034
Uttar Pradesh,Meerut,Meerut Mandi,Bajra,2024-02-06,2016,2144,2073
Uttar Pradesh,Meerut,Meerut Mandi,Tomato,2024-02-10,680,1400,1041
Uttar Pradesh,Meerut,Meerut Mandi,Gram(Chana),2024-02-10,4471,4765,4606
Uttar Pradesh,Meerut,Meerut Mandi,Cotton,2024-02-10,5804,6878,6319
Uttar Pradesh,Meerut,Meerut Mandi,Groundnut,2024-02-10,5270,5948,5637
Uttar Pradesh,Meerut,Meerut Mandi,Paddy(Dhan),2024-02-10,2133,2269,2189
Uttar Pradesh,Meerut,Meerut Mandi,Banana,2024-02-14,1036,1218,1109
Uttar Pradesh,Meerut,Meerut Mandi,Tomato,2024-02-14,900,1281,1073
Uttar Pradesh,Meerut,Meerut Mandi,Gram(Chana),2024-02-14,5077,5729,5347
Uttar Pradesh,Meerut,Meerut Mandi,Cotton,2024-02-14,6043,6600,6260
Uttar Pradesh,Meerut,Meerut Mandi,Groundnut,2024-02-14,5255,5650,5494
Uttar Pradesh,Meerut,Meerut Mandi,Jowar,2024-02-14,2391,2552,2456
Uttar Pradesh,Meerut,Meerut Mandi,Paddy(Dhan),2024-02-14,2019,2213,2131
Uttar Pradesh,Meerut,Meerut Mandi,Bajra,2024-02-14,2197,2341,2266
Uttar Pradesh,Meerut,Meerut Mandi,Banana,2024-02-18,1002,1168,1082
Uttar Pradesh,Meerut,Meerut Mandi,Tomato,2024-02-18,874,1361,1088
Uttar Pradesh,Meerut,Meerut Mandi,Gram(Chana),2024-02-18,4481,4741,4601
Uttar Pradesh,Meerut,Meerut Mandi,Cotton,2024-02-18,6447,7220,6825
Uttar Pradesh,Meerut,Meerut Mandi,Groundnut,2024-02-18,5089,5852,5559
Uttar Pradesh,Meerut,Meerut Mandi,Jowar,2024-02-18,2655,2872,2756
Uttar Pradesh,Meerut,Meerut Mandi,Bajra,2024-02-18,2008,2166,2089
Uttar Pradesh,Meerut,Meerut Mandi,Tomato,2024-02-22,930,1337,1150
Uttar Pradesh,Meerut,Meerut Mandi,Gram(Chana),2024-02-22,5120,5762,5389
Uttar Pradesh,Meerut,Meerut Mandi,Cotton,2024-02-22,6444,7061,6680
Uttar Pradesh,Meerut,Meerut Mandi,Paddy(Dhan),2024-02-22,2107,2237,2178
Uttar Pradesh,Meerut,Meerut Mandi,Bajra,2024-02-22,1948,2101,2032
Uttar Pradesh,Meerut,Meerut Mandi,Banana,2024-02-26,998,1204,1117
Uttar Pradesh,Meerut,Meerut Mandi,Tomato,2024-02-26,835,1158,1004
Uttar Pradesh,Meerut,Meerut Mandi,Gram(Chana),2024-02-26,4594,5069,4823
Uttar Pradesh,Meerut,Meerut Mandi,Groundnut,2024-02-26,5242,5778,5528
Uttar Pradesh,Meerut,Meerut Mandi,Jowar,2024-02-26,2516,2716,2605
Uttar Pradesh,Meerut,Meerut Mandi,Bajra,2024-02-26,2055,2364,2214
Uttar Pradesh,Meerut,Meerut Mandi,Cotton,2024-03-01,6314,6895,6597
Uttar Pradesh,Meerut,Meerut Mandi,Groundnut,2024-03-01,4934,5752,5423
Uttar Pradesh,Meerut,Meerut Mandi,Jowar,2024-03-01,2459,2609,2538
Uttar Pradesh,Meerut,Meerut Mandi,Paddy(Dhan),2024-03-01,2038,2236,2130
Uttar Pradesh,Meerut,Meerut Mandi,Tomato,2024-03-05,847,1559,1259
Uttar Pradesh,Meerut,Meerut Mandi,Gram(Chana),2024-03-05,4221,4495,4335
Uttar Pradesh,Meerut,Meerut Mandi,Groundnut,2024-03-05,5442,5904,5654
Uttar Pradesh,Meerut,Meerut Mandi,Jowar,2024-03-05,2620,2966,2800
Uttar Pradesh,Meerut,Meerut Mandi,Paddy(Dhan),2024-03-05,2034,2174,2110
Uttar Pradesh,Meerut,Meerut Mandi,Bajra,2024-03-05,1867,2115,1980
Uttar Pradesh,Meerut,Meerut Mandi,Banana,2024-03-09,1072,1299,1169
Uttar Pradesh,Meerut,Meerut Mandi,Gram(Chana),2024-03-09,3586,4055,3877
Uttar Pradesh,Meerut,Meerut Mandi,Cotton,2024-03-09,6538,7032,6821
Uttar Pradesh,Meerut,Meerut Mandi,Paddy(Dhan),2024-03-09,1891,2095,1993
Uttar Pradesh,Meerut,Meerut Mandi,Bajra,2024-03-09,2053,2244,2127
Uttar Pradesh,Meerut,Meerut Mandi,Tomato,2024-03-13,1074,1678,1361
Uttar Pradesh,Meerut,Meerut Mandi,Gram(Chana),2024-03-13,3761,4009,3901
Uttar Pradesh,Meerut,Meerut Mandi,Groundnut,2024-03-13,5561,6521,6035
Uttar Pradesh,Meerut,Meerut Mandi,Jowar,2024-03-13,2441,2669,2573
Uttar Pradesh,Meerut,Meerut Mandi,Bajra,2024-03-13,1843,2053,1940
Uttar Pradesh,Meerut,Meerut Mandi,Banana,2024-03-17,961,1249,1111
Uttar Pradesh,Meerut,Meerut Mandi,Gram(Chana),2024-03-17,4007,4368,4194
Uttar Pradesh,Meerut,Meerut Mandi,Cotton,2024-03-17,6742,7551,7112
Uttar Pradesh,Meerut,Meerut Mandi,Paddy(Dhan),2024-03-17,1838,1956,1896
Uttar Pradesh,Meerut,Meerut Mandi,Bajra,2024-03-17,2021,2165,2085
Uttar Pradesh,Meerut,Meerut Mandi,Gram(Chana),2024-03-21,3894,4431,4137
Uttar Pradesh,Meerut,Meerut Mandi,Cotton,2024-03-21,6083,6603,6318
Uttar Pradesh,Meerut,Meerut Mandi,Groundnut,2024-03-21,5120,5761,5448
Uttar Pradesh,Meerut,Meerut Mandi,Jowar,2024-03-21,2433,2637,2532
Uttar Pradesh,Meerut,Meerut Mandi,Paddy(Dhan),2024-03-21,2095,2211,2156
Uttar Pradesh,Meerut,Meerut Mandi,Banana,2024-03-25,1108,1244,1166
Uttar Pradesh,Meerut,Meerut Mandi,Tomato,2024-03-25,913,1826,1363
Uttar Pradesh,Meerut,Meerut Mandi,Gram(Chana),2024-03-25,3722,4084,3877
Uttar Pradesh,Meerut,Meerut Mandi,Groundnut,2024-03-25,5552,5950,5755
Uttar Pradesh,Meerut,Meerut Mandi,Jowar,2024-03-25,2701,2837,2775
Uttar Pradesh,Meerut,Meerut Mandi,Paddy(Dhan),2024-03-25,2107,2266,2185
Uttar Pradesh,Meerut,Meerut Mandi,Bajra,2024-03-25,1900,2009,1959
Uttar Pradesh,Meerut,Meerut Mandi,Banana,2024-03-29,1062,1226,1154
Uttar Pradesh,Meerut,Meerut Mandi,Tomato,2024-03-29,1030,1584,1283
Uttar Pradesh,Meerut,Meerut Mandi,Gram(Chana),2024-03-29,3765,4168,3966
Uttar Pradesh,Meerut,Meerut Mandi,Cotton,2024-03-29,6681,7632,7188
Uttar Pradesh,Meerut,Meerut Mandi,Groundnut,2024-03-29,5697,6453,6015
Uttar Pradesh,Meerut,Meerut Mandi,Jowar,2024-03-29,2558,2832,2700
Uttar Pradesh,Meerut,Meerut Mandi,Bajra,2024-03-29,1890,2062,1974
Uttar Pradesh,Meerut,Meerut Mandi,Banana,2024-04-02,1015,1164,1101
Uttar Pradesh,Meerut,Meerut Mandi,Tomato,2024-04-02,1006,1562,1298
Uttar Pradesh,Meerut,Meerut Mandi,Gram(Chana),2024-04-02,4048,4281,4149
Uttar Pradesh,Meerut,Meerut Mandi,Cotton,2024-04-02,5800,6639,6293
Uttar Pradesh,Meerut,Meerut Mandi,Jowar,2024-04-02,2515,2853,2700
Uttar Pradesh,Meerut,Meerut Mandi,Paddy(Dhan),2024-04-02,1947,2115,2042
Uttar Pradesh,Meerut,Meerut Mandi,Bajra,2024-04-02,1911,2017,1961
Uttar Pradesh,Meerut,Meerut Mandi,Banana,2024-04-06,1034,1291,1188
Uttar Pradesh,Meerut,Meerut Mandi,Tomato,2024-04-06,1014,1474,1271
Uttar Pradesh,Meerut,Meerut Mandi,Gram(Chana),2024-04-06,4096,4471,4250
Uttar Pradesh,Meerut,Meerut Mandi,Cotton,2024-04-06,6280,7454,6798
Uttar Pradesh,Meerut,Meerut Mandi,Groundnut,2024-04-06,5915,6297,6088
Uttar Pradesh,Meerut,Meerut Mandi,Jowar,2024-04-06,2512,2823,2667
Uttar Pradesh,Meerut,Meerut Mandi,Bajra,2024-04-06,2146,2294,2219
Uttar Pradesh,Meerut,Meerut Mandi,Banana,2024-04-10,981,1192,1068
Uttar Pradesh,Meerut,Meerut Mandi,Tomato,2024-04-10,1011,1418,1218
Uttar Pradesh,Meerut,Meerut Mandi,Gram(Chana),2024-04-10,3725,4143,3903
Uttar Pradesh,Meerut,Meerut Mandi,Cotton,2024-04-10,6392,7132,6755
Uttar Pradesh,Meerut,Meerut Mandi,Groundnut,2024-04-10,5639,6533,6109
Uttar Pradesh,Meerut,Meerut Mandi,Jowar,2024-04-10,2595,2795,2694
Uttar Pradesh,Meerut,Meerut Mandi,Paddy(Dhan),2024-04-10,1828,2014,1911
Uttar Pradesh,Meerut,Meerut Mandi,Bajra,2024-04-10,2093,2202,2140
Uttar Pradesh,Meerut,Meerut Mandi,Banana,2024-04-14,1120,1255,1192
Uttar Pradesh,Meerut,Meerut Mandi,Tomato,2024-04-14,860,1703,1293
Uttar Pradesh,Meerut,Meerut Mandi,Gram(Chana),2024-04-14,3866,4136,4010
Uttar Pradesh,Meerut,Meerut Mandi,Cotton,2024-04-14,6167,7171,6714
Uttar Pradesh,Meerut,Meerut Mandi,Groundnut,2024-04-14,5912,6417,6180
Uttar Pradesh,Meerut,Meerut Mandi,Paddy(Dhan),2024-04-14,2093,2261,2179
Uttar Pradesh,Meerut,Meerut Mandi,Bajra,2024-04-14,1881,2091,1990
Uttar Pradesh,Meerut,Meerut Mandi,Banana,2024-04-18,1052,1286,1150
Uttar Pradesh,Meerut,Meerut Mandi,Groundnut,2024-04-18,5646,6271,5948
Uttar Pradesh,Meerut,Meerut Mandi,Paddy(Dhan),2024-04-18,2046,2190,2110
Uttar Pradesh,Meerut,Meerut Mandi,Bajra,2024-04-18,1965,2164,2081
Uttar Pradesh,Meerut,Meerut Mandi,Banana,2024-04-22,988,1180,1080
Uttar Pradesh,Meerut,Meerut Mandi,Gram(Chana),2024-04-22,4124,4586,4368
Uttar Pradesh,Meerut,Meerut Mandi,Cotton,2024-04-22,6828,7397,7110
Uttar Pradesh,Meerut,Meerut Mandi,Groundnut,2024-04-22,5183,5827,5550
Uttar Pradesh,Meerut,Meerut Mandi,Jowar,2024-04-22,2336,2564,2449
Uttar Pradesh,Meerut,Meerut Mandi,Paddy(Dhan),2024-04-22,1932,2107,2020
Uttar Pradesh,Meerut,Meerut Mandi,Bajra,2024-04-22,1896,2116,2009
Uttar Pradesh,Meerut,Meerut Mandi,Banana,2024-04-26,999,1309,1176
Uttar Pradesh,Meerut,Meerut Mandi,Tomato,2024-04-26,1099,1658,1329
Uttar Pradesh,Meerut,Meerut Mandi,Gram(Chana),2024-04-26,4025,4371,4181
Uttar Pradesh,Meerut,Meerut Mandi,Cotton,2024-04-26,5921,6615,6271
Uttar Pradesh,Meerut,Meerut Mandi,Groundnut,2024-04-26,5337,5861,5617
Uttar Pradesh,Meerut,Meerut Mandi,Jowar,2024-04-26,2357,2634,2506
Uttar Pradesh,Meerut,Meerut Mandi,Paddy(Dhan),2024-04-26,2072,2264,2147
Uttar Pradesh,Meerut,Meerut Mandi,Bajra,2024-04-26,2002,2211,2111
Uttar Pradesh,Meerut,Meerut Mandi,Banana,2024-04-30,1029,1378,1201
Uttar Pradesh,Meerut,Meerut Mandi,Cotton,2024-04-30,6383,7448,6908
Uttar Pradesh,Meerut,Meerut Mandi,Jowar,2024-04-30,2357,2582,2471
Uttar Pradesh,Meerut,Meerut Mandi,Paddy(Dhan),2024-04-30,2048,2136,2097
Uttar Pradesh,Meerut,Meerut Mandi,Bajra,2024-04-30,2135,2254,2196
Uttar Pradesh,Meerut,Meerut Mandi,Banana,2024-05-04,1105,1294,1193
Uttar Pradesh,Meerut,Meerut Mandi,Gram(Chana),2024-05-04,4910,5528,5220
Uttar Pradesh,Meerut,Meerut Mandi,Groundnut,2024-05-04,5217,5536,5385
Uttar Pradesh,Meerut,Meerut Mandi,Jowar,2024-05-04,2576,2905,2738
Uttar Pradesh,Meerut,Meerut Mandi,Paddy(Dhan),2024-05-04,2093,2226,2166
Uttar Pradesh,Meerut,Meerut Mandi,Banana,2024-05-08,942,1173,1084
Uttar Pradesh,Meerut,Meerut Mandi,Tomato,2024-05-08,862,1587,1205
Uttar Pradesh,Meerut,Meerut Mandi,Gram(Chana),2024-05-08,4528,4903,4696
Uttar Pradesh,Meerut,Meerut Mandi,Cotton,2024-05-08,6183,7341,6708
Uttar Pradesh,Meerut,Meerut Mandi,Jowar,2024-05-08,2405,2580,2485
Uttar Pradesh,Meerut,Meerut Mandi,Paddy(Dhan),2024-05-08,1877,1970,1928
Uttar Pradesh,Meerut,Meerut Mandi,Bajra,2024-05-08,2090,2285,2197
Uttar Pradesh,Meerut,Meerut Mandi,Banana,2024-05-12,1025,1272,1131
Uttar Pradesh,Meerut,Meerut Mandi,Tomato,2024-05-12,1148,1702,1370
Uttar Pradesh,Meerut,Meerut Mandi,Gram(Chana),2024-05-12,4860,5340,5111
Uttar Pradesh,Meerut,Meerut Mandi,Cotton,2024-05-12,6737,7662,7298
Uttar Pradesh,Meerut,Meerut Mandi,Groundnut,2024-05-12,5744,6501,6117
Uttar Pradesh,Meerut,Meerut Mandi,Jowar,2024-05-12,2329,2488,2427
Uttar Pradesh,Meerut,Meerut Mandi,Paddy(Dhan),2024-05-12,1901,2102,2011
Uttar Pradesh,Meerut,Meerut Mandi,Bajra,2024-05-12,1956,2069,2018
Uttar Pradesh,Meerut,Meerut Mandi,Banana,2024-05-16,1061,1275,1168
Uttar Pradesh,Meerut,Meerut Mandi,Gram(Chana),2024-05-16,4635,5310,5024
Uttar Pradesh,Meerut,Meerut Mandi,Cotton,2024-05-16,5945,6799,6388
Uttar Pradesh,Meerut,Meerut Mandi,Groundnut,2024-05-16,6038,6398,6211
Uttar Pradesh,Meerut,Meerut Mandi,Jowar,2024-05-16,2475,2742,2628
Uttar Pradesh,Meerut,Meerut Mandi,Paddy(Dhan),2024-05-16,2032,2136,2090
Uttar Pradesh,Meerut,Meerut Mandi,Bajra,2024-05-16,1957,2191,2082
Uttar Pradesh,Meerut,Meerut Mandi,Banana,2024-05-20,974,1216,1095
Uttar Pradesh,Meerut,Meerut Mandi,Tomato,2024-05-20,910,1642,1287
Uttar Pradesh,Meerut,Meerut Mandi,Gram(Chana),2024-05-20,4664,5131,4877
Uttar Pradesh,Meerut,Meerut Mandi,Groundnut,2024-05-20,5906,6517,6219
Uttar Pradesh,Meerut,Meerut Mandi,Jowar,2024-05-20,2505,2687,2597
Uttar Pradesh,Meerut,Meerut Mandi,Paddy(Dhan),2024-05-20,1927,2035,1985
Uttar Pradesh,Meerut,Meerut Mandi,Bajra,2024-05-20,1964,2067,2020
Uttar Pradesh,Meerut,Meerut Mandi,Tomato,2024-05-24,857,1681,1315
Uttar Pradesh,Meerut,Meerut Mandi,Cotton,2024-05-24,5834,6867,6361
Uttar Pradesh,Meerut,Meerut Mandi,Bajra,2024-05-24,1980,2183,2089
Uttar Pradesh,Meerut,Meerut Mandi,Banana,2024-05-28,1142,1323,1230
Uttar Pradesh,Meerut,Meerut Mandi,Tomato,2024-05-28,877,1634,1338
Uttar Pradesh,Meerut,Meerut Mandi,Cotton,2024-05-28,6111,7286,6690
Uttar Pradesh,Meerut,Meerut Mandi,Paddy(Dhan),2024-05-28,2030,2318,2171
Uttar Pradesh,Meerut,Meerut Mandi,Bajra,2024-05-28,2171,2296,2246
Uttar Pradesh,Meerut,Meerut Mandi,Tomato,2024-06-01,1033,1706,1375
Uttar Pradesh,Meerut,Meerut Mandi,Cotton,2024-06-01,6310,7136,6791
Uttar Pradesh,Meerut,Meerut Mandi,Groundnut,2024-06-01,5673,6557,6020
Uttar Pradesh,Meerut,Meerut Mandi,Jowar,2024-06-01,2332,2526,2426
Uttar Pradesh,Meerut,Meerut Mandi,Tomato,2024-06-05,907,1551,1262
Uttar Pradesh,Meerut,Meerut Mandi,Gram(Chana),2024-06-05,4311,4829,4625
Uttar Pradesh,Meerut,Meerut Mandi,Groundnut,2024-06-05,5197,5631,5407
Uttar Pradesh,Meerut,Meerut Mandi,Jowar,2024-06-05,2644,2825,2729
Uttar Pradesh,Meerut,Meerut Mandi,Paddy(Dhan),2024-06-05,1913,2071,2007
Uttar Pradesh,Meerut,Meerut Mandi,Bajra,2024-06-05,2038,2261,2142
Uttar Pradesh,Meerut,Meerut Mandi,Tomato,2024-06-09,970,1824,1401
Uttar Pradesh,Meerut,Meerut Mandi,Gram(Chana),2024-06-09,5113,5527,5319
Uttar Pradesh,Meerut,Meerut Mandi,Cotton,2024-06-09,6624,7175,6885
Uttar Pradesh,Meerut,Meerut Mandi,Jowar,2024-06-09,2380,2625,2490
Uttar Pradesh,Meerut,Meerut Mandi,Gram(Chana),2024-06-13,4439,4877,4651
Uttar Pradesh,Meerut,Meerut Mandi,Cotton,2024-06-13,6833,7889,7331
Uttar Pradesh,Meerut,Meerut Mandi,Groundnut,2024-06-13,5980,6477,6240
Uttar Pradesh,Meerut,Meerut Mandi,Paddy(Dhan),2024-06-13,2064,2253,2159
Uttar Pradesh,Meerut,Meerut Mandi,Bajra,2024-06-13,2098,2383,2238
Uttar Pradesh,Meerut,Meerut Mandi,Banana,2024-06-17,993,1189,1092
Uttar Pradesh,Meerut,Meerut Mandi,Tomato,2024-06-17,1076,1661,1343
Uttar Pradesh,Meerut,Meerut Mandi,Gram(Chana),2024-06-17,4704,5261,4951
Uttar Pradesh,Meerut,Meerut Mandi,Cotton,2024-06-17,6409,6956,6702
Uttar Pradesh,Meerut,Meerut Mandi,Groundnut,2024-06-17,5900,6463,6225
Uttar Pradesh,Meerut,Meerut Mandi,Bajra,2024-06-17,2092,2237,2170
Uttar Pradesh,Meerut,Meerut Mandi,Banana,2024-06-21,1040,1218,1142
Uttar Pradesh,Meerut,Meerut Mandi,Tomato,2024-06-21,940,1790,1321
Uttar Pradesh,Meerut,Meerut Mandi,Gram(Chana),2024-06-21,4470,4903,4647
Uttar Pradesh,Meerut,Meerut Mandi,Cotton,2024-06-21,6151,6654,6372
Uttar Pradesh,Meerut,Meerut Mandi,Groundnut,2024-06-21,5392,6073,5750
Uttar Pradesh,Meerut,Meerut Mandi,Paddy(Dhan),2024-06-21,1856,1993,1928
Uttar Pradesh,Meerut,Meerut Mandi,Bajra,2024-06-21,2197,2313,2256
Uttar Pradesh,Meerut,Meerut Mandi,Banana,2024-06-25,1045,1401,1232
Uttar Pradesh,Meerut,Meerut Mandi,Tomato,2024-06-25,1068,1440,1260
Uttar Pradesh,Meerut,Meerut Mandi,Gram(Chana),2024-06-25,4471,4994,4722
Uttar Pradesh,Meerut,Meerut Mandi,Cotton,2024-06-25,6717,7861,7248
Uttar Pradesh,Meerut,Meerut Mandi,Groundnut,2024-06-25,5297,5722,5505
Uttar Pradesh,Meerut,Meerut Mandi,Jowar,2024-06-25,2337,2622,2474
Uttar Pradesh,Meerut,Meerut Mandi,Paddy(Dhan),2024-06-25,2003,2131,2069
Uttar Pradesh,Meerut,Meerut Mandi,Banana,2024-06-29,1005,1151,1088
Uttar Pradesh,Meerut,Meerut Mandi,Tomato,2024-06-29,904,1680,1279
Uttar Pradesh,Meerut,Meerut Mandi,Gram(Chana),2024-06-29,4415,5073,4811
Uttar Pradesh,Meerut,Meerut Mandi,Cotton,2024-06-29,7065,7558,7318
Uttar Pradesh,Meerut,Meerut Mandi,Groundnut,2024-06-29,5616,6655,6124
Uttar Pradesh,Meerut,Meerut Mandi,Jowar,2024-06-29,2521,2810,2631
Uttar Pradesh,Meerut,Meerut Mandi,Bajra,2024-06-29,2058,2271,2148
Uttar Pradesh,Meerut,Meerut Mandi,Banana,2024-07-03,940,1196,1081
Uttar Pradesh,Meerut,Meerut Mandi,Tomato,2024-07-03,1135,1676,1351
Uttar Pradesh,Meerut,Meerut Mandi,Gram(Chana),2024-07-03,4604,5376,5033
Uttar Pradesh,Meerut,Meerut Mandi,Cotton,2024-07-03,6525,7080,6825
Uttar Pradesh,Meerut,Meerut Mandi,Groundnut,2024-07-03,5937,6319,6159
Uttar Pradesh,Meerut,Meerut Mandi,Jowar,2024-07-03,2466,2615,2541
Uttar Pradesh,Meerut,Meerut Mandi,Paddy(Dhan),2024-07-03,1915,1995,1954
Uttar Pradesh,Meerut,Meerut Mandi,Bajra,2024-07-03,1864,2074,1949
Uttar Pradesh,Meerut,Meerut Mandi,Banana,2024-07-07,968,1198,1113
Uttar Pradesh,Meerut,Meerut Mandi,Tomato,2024-07-07,1062,1611,1339
Uttar Pradesh,Meerut,Meerut Mandi,Gram(Chana),2024-07-07,4876,5252,5059
Uttar Pradesh,Meerut,Meerut Mandi,Cotton,2024-07-07,5747,6817,6295
Uttar Pradesh,Meerut,Meerut Mandi,Groundnut,2024-07-07,5174,5797,5485
Uttar Pradesh,Meerut,Meerut Mandi,Jowar,2024-07-07,2333,2520,2438
Uttar Pradesh,Meerut,Meerut Mandi,Paddy(Dhan),2024-07-07,1981,2194,2087
Uttar Pradesh,Meerut,Meerut Mandi,Bajra,2024-07-07,1838,2063,1951
Uttar Pradesh,Meerut,Meerut Mandi,Banana,2024-07-11,1025,1351,1165
Uttar Pradesh,Meerut,Meerut Mandi,Tomato,2024-07-11,1087,1688,1392
Uttar Pradesh,Meerut,Meerut Mandi,Gram(Chana),2024-07-11,5161,5633,5367
Uttar Pradesh,Meerut,Meerut Mandi,Cotton,2024-07-11,5748,6592,6266
Uttar Pradesh,Meerut,Meerut Mandi,Groundnut,2024-07-11,5479,6249,5903
Uttar Pradesh,Meerut,Meerut Mandi,Jowar,2024-07-11,2645,2938,2805
Uttar Pradesh,Meerut,Meerut Mandi,Paddy(Dhan),2024-07-11,2101,2293,2204
Uttar Pradesh,Meerut,Meerut Mandi,Bajra,2024-07-11,1915,2078,2001
Uttar Pradesh,Meerut,Meerut Mandi,Banana,2024-07-15,978,1292,1165
Uttar Pradesh,Meerut,Meerut Mandi,Tomato,2024-07-15,1090,1806,1384
Uttar Pradesh,Meerut,Meerut Mandi,Gram(Chana),2024-07-15,4622,5309,5044
Uttar Pradesh,Meerut,Meerut Mandi,Cotton,2024-07-15,6208,7222,6708
Uttar Pradesh,Meerut,Meerut Mandi,Groundnut,2024-07-15,5515,6416,6078
Uttar Pradesh,Meerut,Meerut Mandi,Jowar,2024-07-15,2662,2843,2761
Uttar Pradesh,Meerut,Meerut Mandi,Bajra,2024-07-15,1886,2107,2003
Uttar Pradesh,Meerut,Meerut Mandi,Banana,2024-07-19,1041,1311,1155
Uttar Pradesh,Meerut,Meerut Mandi,Tomato,2024-07-19,833,1553,1236
Uttar Pradesh,Meerut,Meerut Mandi,Gram(Chana),2024-07-19,5013,5436,5225
Uttar Pradesh,Meerut,Meerut Mandi,Cotton,2024-07-19,6381,7517,6997
Uttar Pradesh,Meerut,Meerut Mandi,Jowar,2024-07-19,2537,2748,2648
Uttar Pradesh,Meerut,Meerut Mandi,Paddy(Dhan),2024-07-19,1931,2131,2024
Uttar Pradesh,Meerut,Meerut Mandi,Bajra,2024-07-19,2055,2258,2167
Uttar Pradesh,Meerut,Meerut Mandi,Banana,2024-07-23,1091,1408,1237
Uttar Pradesh,Meerut,Meerut Mandi,Gram(Chana),2024-07-23,4896,5465,5170
Uttar Pradesh,Meerut,Meerut Mandi,Cotton,2024-07-23,6133,7027,6678
Uttar Pradesh,Meerut,Meerut Mandi,Groundnut,2024-07-23,5631,6566,6032
Uttar Pradesh,Meerut,Meerut Mandi,Paddy(Dhan),2024-07-23,1837,2006,1905
Uttar Pradesh,Meerut,Meerut Mandi,Bajra,2024-07-23,2000,2256,2114
Uttar Pradesh,Meerut,Meerut Mandi,Tomato,2024-07-27,922,1671,1333
Uttar Pradesh,Meerut,Meerut Mandi,Gram(Chana),2024-07-27,4551,5015,4783
Uttar Pradesh,Meerut,Meerut Mandi,Groundnut,2024-07-27,5991,6457,6260
Uttar Pradesh,Meerut,Meerut Mandi,Paddy(Dhan),2024-07-27,2005,2152,2079
Uttar Pradesh,Meerut,Meerut Mandi,Tomato,2024-07-31,963,1652,1231
Uttar Pradesh,Meerut,Meerut Mandi,Gram(Chana),2024-07-31,5082,5648,5379
Uttar Pradesh,Meerut,Meerut Mandi,Cotton,2024-07-31,6854,7691,7312
Uttar Pradesh,Meerut,Meerut Mandi,Groundnut,2024-07-31,5112,5651,5350
Uttar Pradesh,Meerut,Meerut Mandi,Paddy(Dhan),2024-07-31,1836,2004,1921
Uttar Pradesh,Meerut,Meerut Mandi,Bajra,2024-07-31,2031,2190,2097
Uttar Pradesh,Meerut,Meerut Mandi,Tomato,2024-08-04,1040,1431,1217
Uttar Pradesh,Meerut,Meerut Mandi,Gram(Chana),2024-08-04,4606,4931,4792
Uttar Pradesh,Meerut,Meerut Mandi,Cotton,2024-08-04,6707,7310,7006
Uttar Pradesh,Meerut,Meerut Mandi,Jowar,2024-08-04,2617,2749,2689
Uttar Pradesh,Meerut,Meerut Mandi,Bajra,2024-08-04,1983,2150,2064
Uttar Pradesh,Meerut,Meerut Mandi,Banana,2024-08-08,1082,1314,1182
Uttar Pradesh,Meerut,Meerut Mandi,Tomato,2024-08-08,868,1765,1352
Uttar Pradesh,Meerut,Meerut Mandi,Bajra,2024-08-08,1901,2099,1996
Uttar Pradesh,Meerut,Meerut Mandi,Banana,2024-08-12,946,1180,1083
Uttar Pradesh,Meerut,Meerut Mandi,Gram(Chana),2024-08-12,4919,5533,5207
Uttar Pradesh,Meerut,Meerut Mandi,Cotton,2024-08-12,6826,7302,7074
Uttar Pradesh,Meerut,Meerut Mandi,Groundnut,2024-08-12,5810,6372,6071
Uttar Pradesh,Meerut,Meerut Mandi,Jowar,2024-08-12,2390,2595,2483
Uttar Pradesh,Meerut,Meerut Mandi,Paddy(Dhan),2024-08-12,1980,2119,2036
Uttar Pradesh,Meerut,Meerut Mandi,Bajra,2024-08-12,1911,2094,2001
Uttar Pradesh,Meerut,Meerut Mandi,Banana,2024-08-16,1026,1334,1185
Uttar Pradesh,Meerut,Meerut Mandi,Tomato,2024-08-16,922,1600,1332
Uttar Pradesh,Meerut,Meerut Mandi,Gram(Chana),2024-08-16,4440,4987,4680
Uttar Pradesh,Meerut,Meerut Mandi,Groundnut,2024-08-16,5546,6312,5942
Uttar Pradesh,Meerut,Meerut Mandi,Jowar,2024-08-16,2561,2713,2637
Uttar Pradesh,Meerut,Meerut Mandi,Paddy(Dhan),2024-08-16,2050,2312,2192
Uttar Pradesh,Meerut,Meerut Mandi,Bajra,2024-08-16,1888,1998,1933
Uttar Pradesh,Meerut,Meerut Mandi,Banana,2024-08-20,1052,1246,1132
Uttar Pradesh,Meerut,Meerut Mandi,Tomato,2024-08-20,1044,1503,1263
Uttar Pradesh,Meerut,Meerut Mandi,Gram(Chana),2024-08-20,4924,5303,5119
Uttar Pradesh,Meerut,Meerut Mandi,Cotton,2024-08-20,6098,6789,6398
Uttar Pradesh,Meerut,Meerut Mandi,Groundnut,2024-08-20,5563,6142,5853
Uttar Pradesh,Meerut,Meerut Mandi,Jowar,2024-08-20,2631,2934,2802
Uttar Pradesh,Meerut,Meerut Mandi,Banana,2024-08-24,976,1336,1166
Uttar Pradesh,Meerut,Meerut Mandi,Tomato,2024-08-24,1009,1615,1344
Uttar Pradesh,Meerut,Meerut Mandi,Gram(Chana),2024-08-24,5032,5508,5290
Uttar Pradesh,Meerut,Meerut Mandi,Cotton,2024-08-24,6637,7949,7326
Uttar Pradesh,Meerut,Meerut Mandi,Jowar,2024-08-24,2351,2510,2428
Uttar Pradesh,Meerut,Meerut Mandi,Paddy(Dhan),2024-08-24,1991,2149,2071
Uttar Pradesh,Meerut,Meerut Mandi,Banana,2024-08-28,999,1165,1071
Uttar Pradesh,Meerut,Meerut Mandi,Tomato,2024-08-28,1137,1654,1389
Uttar Pradesh,Meerut,Meerut Mandi,Gram(Chana),2024-08-28,4496,4908,4716
Uttar Pradesh,Meerut,Meerut Mandi,Cotton,2024-08-28,6318,7489,6899
Uttar Pradesh,Meerut,Meerut Mandi,Groundnut,2024-08-28,5818,6652,6183
Uttar Pradesh,Meerut,Meerut Mandi,Jowar,2024-08-28,2489,2632,2549
Uttar Pradesh,Meerut,Meerut Mandi,Paddy(Dhan),2024-08-28,1987,2107,2046
Uttar Pradesh,Meerut,Meerut Mandi,Banana,2024-09-01,1079,1257,1162
Uttar Pradesh,Meerut,Meerut Mandi,Tomato,2024-09-01,921,1761,1331
Uttar Pradesh,Meerut,Meerut Mandi,Cotton,2024-09-01,6832,7343,7140
Uttar Pradesh,Meerut,Meerut Mandi,Paddy(Dhan),2024-09-01,2001,2161,2089
Uttar Pradesh,Meerut,Meerut Mandi,Bajra,2024-09-01,1677,1796,1737
Uttar Pradesh,Meerut,Meerut Mandi,Banana,2024-09-05,978,1116,1061
Uttar Pradesh,Meerut,Meerut Mandi,Tomato,2024-09-05,770,1606,1215
Uttar Pradesh,Meerut,Meerut Mandi,Cotton,2024-09-05,6412,6943,6635
Uttar Pradesh,Meerut,Meerut Mandi,Groundnut,2024-09-05,5518,6240,5891
Uttar Pradesh,Meerut,Meerut Mandi,Jowar,2024-09-05,2344,2552,2448
Uttar Pradesh,Meerut,Meerut Mandi,Bajra,2024-09-05,1713,1834,1765
Uttar Pradesh,Meerut,Meerut Mandi,Banana,2024-09-09,1024,1161,1086
Uttar Pradesh,Meerut,Meerut Mandi,Tomato,2024-09-09,1002,1890,1376
Uttar Pradesh,Meerut,Meerut Mandi,Cotton,2024-09-09,6218,7185,6656
Uttar Pradesh,Meerut,Meerut Mandi,Groundnut,2024-09-09,5835,6663,6235
Uttar Pradesh,Meerut,Meerut Mandi,Jowar,2024-09-09,2502,2796,2678
Uttar Pradesh,Meerut,Meerut Mandi,Paddy(Dhan),2024-09-09,1914,2018,1962
Uttar Pradesh,Meerut,Meerut Mandi,Bajra,2024-09-09,1776,1945,1859
Uttar Pradesh,Meerut,Meerut Mandi,Gram(Chana),2024-09-13,4827,5577,5262
Uttar Pradesh,Meerut,Meerut Mandi,Cotton,2024-09-13,6666,7524,7033
Uttar Pradesh,Meerut,Meerut Mandi,Groundnut,2024-09-13,5262,5678,5429
Uttar Pradesh,Meerut,Meerut Mandi,Paddy(Dhan),2024-09-13,2068,2304,2174
Uttar Pradesh,Meerut,Meerut Mandi,Bajra,2024-09-13,1742,1963,1849
Uttar Pradesh,Meerut,Meerut Mandi,Banana,2024-09-17,1118,1335,1219
Uttar Pradesh,Meerut,Meerut Mandi,Tomato,2024-09-17,1123,1503,1338
Uttar Pradesh,Meerut,Meerut Mandi,Gram(Chana),2024-09-17,4474,5069,4703
Uttar Pradesh,Meerut,Meerut Mandi,Groundnut,2024-09-17,5857,6439,6163
Uttar Pradesh,Meerut,Meerut Mandi,Jowar,2024-09-17,2537,2662,2607
Uttar Pradesh,Meerut,Meerut Mandi,Bajra,2024-09-17,1742,1930,1836
Uttar Pradesh,Meerut,Meerut Mandi,Banana,2024-09-21,1014,1399,1222
Uttar Pradesh,Meerut,Meerut Mandi,Tomato,2024-09-21,967,1559,1248
Uttar Pradesh,Meerut,Meerut Mandi,Gram(Chana),2024-09-21,4725,5226,4975
Uttar Pradesh,Meerut,Meerut Mandi,Cotton,2024-09-21,6187,6810,6494
Uttar Pradesh,Meerut,Meerut Mandi,Groundnut,2024-09-21,5582,6181,5857
Uttar Pradesh,Meerut,Meerut Mandi,Paddy(Dhan),2024-09-21,1946,2176,2060
Uttar Pradesh,Meerut,Meerut Mandi,Bajra,2024-09-21,1615,1717,1654
Uttar Pradesh,Meerut,Meerut Mandi,Banana,2024-09-25,965,1399,1184
Uttar Pradesh,Meerut,Meerut Mandi,Gram(Chana),2024-09-25,4791,5116,4983
Uttar Pradesh,Meerut,Meerut Mandi,Cotton,2024-09-25,6598,7543,7163
Uttar Pradesh,Meerut,Meerut Mandi,Groundnut,2024-09-25,5511,6103,5768
Uttar Pradesh,Meerut,Meerut Mandi,Jowar,2024-09-25,2506,2713,2606
Uttar Pradesh,Meerut,Meerut Mandi,Paddy(Dhan),2024-09-25,1855,1968,1908
Uttar Pradesh,Meerut,Meerut Mandi,Banana,2024-09-29,1091,1313,1208
Uttar Pradesh,Meerut,Meerut Mandi,Tomato,2024-09-29,848,1612,1212
Uttar Pradesh,Meerut,Meerut Mandi,Gram(Chana),2024-09-29,4889,5379,5103
Uttar Pradesh,Meerut,Meerut Mandi,Jowar,2024-09-29,2338,2521,2419
Uttar Pradesh,Meerut,Meerut Mandi,Paddy(Dhan),2024-09-29,1887,2078,1978
Uttar Pradesh,Meerut,Meerut Mandi,Banana,2024-10-03,966,1151,1065
Uttar Pradesh,Meerut,Meerut Mandi,Tomato,2024-10-03,1037,1495,1264
Uttar Pradesh,Meerut,Meerut Mandi,Groundnut,2024-10-03,4742,5358,5026
Uttar Pradesh,Meerut,Meerut Mandi,Jowar,2024-10-03,2194,2430,2299
Uttar Pradesh,Meerut,Meerut Mandi,Paddy(Dhan),2024-10-03,1752,1854,1809
Uttar Pradesh,Meerut,Meerut Mandi,Bajra,2024-10-03,1517,1710,1599
Uttar Pradesh,Meerut,Meerut Mandi,Tomato,2024-10-07,962,1496,1235
Uttar Pradesh,Meerut,Meerut Mandi,Gram(Chana),2024-10-07,5104,5607,5358
Uttar Pradesh,Meerut,Meerut Mandi,Cotton,2024-10-07,6742,7616,7149
Uttar Pradesh,Meerut,Meerut Mandi,Groundnut,2024-10-07,4548,5149,4813
Uttar Pradesh,Meerut,Meerut Mandi,Jowar,2024-10-07,2098,2274,2192
Uttar Pradesh,Meerut,Meerut Mandi,Paddy(Dhan),2024-10-07,1582,1667,1631
Uttar Pradesh,Meerut,Meerut Mandi,Bajra,2024-10-07,1737,1849,1783
Uttar Pradesh,Meerut,Meerut Mandi,Banana,2024-10-11,1154,1313,1219
Uttar Pradesh,Meerut,Meerut Mandi,Tomato,2024-10-11,889,1850,1380
Uttar Pradesh,Meerut,Meerut Mandi,Cotton,2024-10-11,6084,6609,6383
Uttar Pradesh,Meerut,Meerut Mandi,Groundnut,2024-10-11,4533,5017,4810
Uttar Pradesh,Meerut,Meerut Mandi,Paddy(Dhan),2024-10-11,1716,1815,1763
Uttar Pradesh,Meerut,Meerut Mandi,Banana,2024-10-15,1115,1299,1200
Uttar Pradesh,Meerut,Meerut Mandi,Tomato,2024-10-15,1116,1681,1390
Uttar Pradesh,Meerut,Meerut Mandi,Gram(Chana),2024-10-15,5083,5659,5348
Uttar Pradesh,Meerut,Meerut Mandi,Cotton,2024-10-15,6906,7630,7196
Uttar Pradesh,Meerut,Meerut Mandi,Groundnut,2024-10-15,4585,4998,4767
Uttar Pradesh,Meerut,Meerut Mandi,Bajra,2024-10-15,1681,1897,1786
Uttar Pradesh,Meerut,Meerut Mandi,Banana,2024-10-19,1080,1274,1170
Uttar Pradesh,Meerut,Meerut Mandi,Tomato,2024-10-19,1028,1548,1311
Uttar Pradesh,Meerut,Meerut Mandi,Cotton,2024-10-19,6219,6739,6483
Uttar Pradesh,Meerut,Meerut Mandi,Groundnut,2024-10-19,4318,4755,4559
Uttar Pradesh,Meerut,Meerut Mandi,Jowar,2024-10-19,2170,2390,2292
Uttar Pradesh,Meerut,Meerut Mandi,Paddy(Dhan),2024-10-19,1721,1925,1814
Uttar Pradesh,Meerut,Meerut Mandi,Bajra,2024-10-19,1591,1792,1698
Uttar Pradesh,Meerut,Meerut Mandi,Banana,2024-10-23,1079,1307,1181
Uttar Pradesh,Meerut,Meerut Mandi,Tomato,2024-10-23,936,1436,1218
Uttar Pradesh,Meerut,Meerut Mandi,Cotton,2024-10-23,6366,7406,6963
Uttar Pradesh,Meerut,Meerut Mandi,Groundnut,2024-10-23,4519,4983,4765
Uttar Pradesh,Meerut,Meerut Mandi,Paddy(Dhan),2024-10-23,1467,1658,1569
Uttar Pradesh,Meerut,Meerut Mandi,Bajra,2024-10-23,1573,1673,1620
Uttar Pradesh,Meerut,Meerut Mandi,Gram(Chana),2024-10-27,4892,5471,5240
Uttar Pradesh,Meerut,Meerut Mandi,Cotton,2024-10-27,6416,7004,6652
Uttar Pradesh,Meerut,Meerut Mandi,Groundnut,2024-10-27,4685,5451,4992
Uttar Pradesh,Meerut,Meerut Mandi,Jowar,2024-10-27,2089,2289,2194
Uttar Pradesh,Meerut,Meerut Mandi,Bajra,2024-10-27,1536,1723,1637
Uttar Pradesh,Meerut,Meerut Mandi,Tomato,2024-10-31,884,1745,1329
Uttar Pradesh,Meerut,Meerut Mandi,Gram(Chana),2024-10-31,4616,4959,4763
Uttar Pradesh,Meerut,Meerut Mandi,Cotton,2024-10-31,6009,6729,6292
Uttar Pradesh,Meerut,Meerut Mandi,Groundnut,2024-10-31,4691,4986,4828
Uttar Pradesh,Meerut,Meerut Mandi,Jowar,2024-10-31,2058,2210,2148
Uttar Pradesh,Meerut,Meerut Mandi,Banana,2024-11-04,934,1233,1093
Uttar Pradesh,Meerut,Meerut Mandi,Tomato,2024-11-04,775,1315,993
Uttar Pradesh,Meerut,Meerut Mandi,Gram(Chana),2024-11-04,4486,4786,4662
Uttar Pradesh,Meerut,Meerut Mandi,Cotton,2024-11-04,4839,5459,5135
Uttar Pradesh,Meerut,Meerut Mandi,Groundnut,2024-11-04,4397,4951,4623
Uttar Pradesh,Meerut,Meerut Mandi,Jowar,2024-11-04,1904,2072,1978
Uttar Pradesh,Meerut,Meerut Mandi,Bajra,2024-11-04,1885,2049,1960
Uttar Pradesh,Meerut,Meerut Mandi,Tomato,2024-11-08,869,1361,1074
Uttar Pradesh,Meerut,Meerut Mandi,Bajra,2024-11-08,2154,2341,2259
Uttar Pradesh,Meerut,Meerut Mandi,Banana,2024-11-12,1079,1326,1214
Uttar Pradesh,Meerut,Meerut Mandi,Tomato,2024-11-12,729,1316,1038
Uttar Pradesh,Meerut,Meerut Mandi,Gram(Chana),2024-11-12,4405,4901,4638
Uttar Pradesh,Meerut,Meerut Mandi,Cotton,2024-11-12,5713,6223,5902
Uttar Pradesh,Meerut,Meerut Mandi,Groundnut,2024-11-12,4659,5493,5072
Uttar Pradesh,Meerut,Meerut Mandi,Jowar,2024-11-12,2124,2288,2227
Uttar Pradesh,Meerut,Meerut Mandi,Banana,2024-11-16,969,1185,1092
Uttar Pradesh,Meerut,Meerut Mandi,Tomato,2024-11-16,764,1373,1051
Uttar Pradesh,Meerut,Meerut Mandi,Cotton,2024-11-16,5497,5860,5711
Uttar Pradesh,Meerut,Meerut Mandi,Groundnut,2024-11-16,4720,5355,5008
Uttar Pradesh,Meerut,Meerut Mandi,Jowar,2024-11-16,1920,2094,2013
Uttar Pradesh,Meerut,Meerut Mandi,Paddy(Dhan),2024-11-16,1518,1629,1566
Uttar Pradesh,Meerut,Meerut Mandi,Bajra,2024-11-16,2068,2221,2152
Uttar Pradesh,Meerut,Meerut Mandi,Tomato,2024-11-20,949,1385,1137
Uttar Pradesh,Meerut,Meerut Mandi,Groundnut,2024-11-20,4382,4785,4558
Uttar Pradesh,Meerut,Meerut Mandi,Jowar,2024-11-20,1980,2221,2092
Uttar Pradesh,Meerut,Meerut Mandi,Bajra,2024-11-20,2175,2400,2264
Uttar Pradesh,Meerut,Meerut Mandi,Banana,2024-11-24,1072,1413,1228
Uttar Pradesh,Meerut,Meerut Mandi,Tomato,2024-11-24,763,1441,1093
Uttar Pradesh,Meerut,Meerut Mandi,Gram(Chana),2024-11-24,4440,5007,4676
Uttar Pradesh,Meerut,Meerut Mandi,Cotton,2024-11-24,4987,5629,5308
Uttar Pradesh,Meerut,Meerut Mandi,Groundnut,2024-11-24,4369,5058,4728
Uttar Pradesh,Meerut,Meerut Mandi,Jowar,2024-11-24,2003,2144,2083
Uttar Pradesh,Meerut,Meerut Mandi,Paddy(Dhan),2024-11-24,1630,1790,1704
Uttar Pradesh,Meerut,Meerut Mandi,Bajra,2024-11-24,2065,2297,2171
Uttar Pradesh,Meerut,Meerut Mandi,Banana,2024-11-28,1092,1243,1166
Uttar Pradesh,Meerut,Meerut Mandi,Gram(Chana),2024-11-28,4975,5315,5124
Uttar Pradesh,Meerut,Meerut Mandi,Cotton,2024-11-28,5083,5831,5519
Uttar Pradesh,Meerut,Meerut Mandi,Groundnut,2024-11-28,4252,4681,4503
Uttar Pradesh,Meerut,Meerut Mandi,Jowar,2024-11-28,2135,2404,2269
Uttar Pradesh,Meerut,Meerut Mandi,Paddy(Dhan),2024-11-28,1604,1776,1685
Uttar Pradesh,Meerut,Meerut Mandi,Bajra,2024-11-28,2103,2225,2169
Uttar Pradesh,Meerut,Meerut Mandi,Banana,2024-12-02,1042,1292,1172
Uttar Pradesh,Meerut,Meerut Mandi,Tomato,2024-12-02,969,1323,1104
Uttar Pradesh,Meerut,Meerut Mandi,Groundnut,2024-12-02,5392,5785,5606
Uttar Pradesh,Meerut,Meerut Mandi,Paddy(Dhan),2024-12-02,1586,1693,1633
Uttar Pradesh,Meerut,Meerut Mandi,Bajra,2024-12-02,2112,2379,2244
Uttar Pradesh,Meerut,Meerut Mandi,Banana,2024-12-06,930,1160,1064
Uttar Pradesh,Meerut,Meerut Mandi,Tomato,2024-12-06,853,1416,1062
Uttar Pradesh,Meerut,Meerut Mandi,Gram(Chana),2024-12-06,4831,5367,5090
Uttar Pradesh,Meerut,Meerut Mandi,Cotton,2024-12-06,5591,6275,5927
Uttar Pradesh,Meerut,Meerut Mandi,Groundnut,2024-12-06,5393,6251,5934
Uttar Pradesh,Meerut,Meerut Mandi,Jowar,2024-12-06,2630,2904,2778
Uttar Pradesh,Meerut,Meerut Mandi,Paddy(Dhan),2024-12-06,1553,1633,1591
Uttar Pradesh,Meerut,Meerut Mandi,Banana,2024-12-10,1123,1314,1203
Uttar Pradesh,Meerut,Meerut Mandi,Tomato,2024-12-10,925,1247,1053
Uttar Pradesh,Meerut,Meerut Mandi,Gram(Chana),2024-12-10,4461,4914,4690
Uttar Pradesh,Meerut,Meerut Mandi,Cotton,2024-12-10,5145,5475,5306
Uttar Pradesh,Meerut,Meerut Mandi,Groundnut,2024-12-10,5086,5836,5423
Uttar Pradesh,Meerut,Meerut Mandi,Paddy(Dhan),2024-12-10,1674,1785,1724
Uttar Pradesh,Meerut,Meerut Mandi,Tomato,2024-12-14,650,1227,981
Uttar Pradesh,Meerut,Meerut Mandi,Gram(Chana),2024-12-14,4749,5436,5057
Uttar Pradesh,Meerut,Meerut Mandi,Groundnut,2024-12-14,5088,5549,5347
Uttar Pradesh,Meerut,Meerut Mandi,Paddy(Dhan),2024-12-14,1726,1872,1806
Uttar Pradesh,Meerut,Meerut Mandi,Bajra,2024-12-14,2145,2281,2210
Uttar Pradesh,Meerut,Meerut Mandi,Banana,2024-12-18,1025,1238,1139
Uttar Pradesh,Meerut,Meerut Mandi,Tomato,2024-12-18,813,1342,1059
Uttar Pradesh,Meerut,Meerut Mandi,Gram(Chana),2024-12-18,5086,5660,5383
Uttar Pradesh,Meerut,Meerut Mandi,Cotton,2024-12-18,5194,5568,5395
Uttar Pradesh,Meerut,Meerut Mandi,Groundnut,2024-12-18,5068,5817,5455
Uttar Pradesh,Meerut,Meerut Mandi,Paddy(Dhan),2024-12-18,1751,1851,1796
Uttar Pradesh,Meerut,Meerut Mandi,Banana,2024-12-22,1086,1322,1215
Uttar Pradesh,Meerut,Meerut Mandi,Tomato,2024-12-22,827,1442,1089
Uttar Pradesh,Meerut,Meerut Mandi,Gram(Chana),2024-12-22,4707,5269,5029
Uttar Pradesh,Meerut,Meerut Mandi,Cotton,2024-12-22,5177,5966,5592
Uttar Pradesh,Meerut,Meerut Mandi,Groundnut,2024-12-22,5796,6403,6149
Uttar Pradesh,Meerut,Meerut Mandi,Jowar,2024-12-22,2448,2720,2585
Uttar Pradesh,Meerut,Meerut Mandi,Paddy(Dhan),2024-12-22,1543,1674,1614
Uttar Pradesh,Meerut,Meerut Mandi,Bajra,2024-12-22,2035,2274,2151
Uttar Pradesh,Meerut,Meerut Mandi,Gram(Chana),2024-12-26,5099,5507,5319
Uttar Pradesh,Meerut,Meerut Mandi,Cotton,2024-12-26,4824,5610,5138
Uttar Pradesh,Meerut,Meerut Mandi,Groundnut,2024-12-26,5655,6181,5955
Uttar Pradesh,Meerut,Meerut Mandi,Jowar,2024-12-26,2424,2710,2580
Uttar Pradesh,Meerut,Meerut Mandi,Paddy(Dhan),2024-12-26,1622,1706,1662
Uttar Pradesh,Meerut,Meerut Mandi,Bajra,2024-12-26,2035,2285,2161
Uttar Pradesh,Meerut,Meerut Mandi,Banana,2024-12-30,944,1194,1065
Uttar Pradesh,Meerut,Meerut Mandi,Tomato,2024-12-30,922,1348,1097
Uttar Pradesh,Meerut,Meerut Mandi,Gram(Chana),2024-12-30,4425,5005,4754
Uttar Pradesh,Meerut,Meerut Mandi,Cotton,2024-12-30,4968,5502,5242
Uttar Pradesh,Meerut,Meerut Mandi,Groundnut,2024-12-30,5351,6025,5677
Uttar Pradesh,Meerut,Meerut Mandi,Jowar,2024-12-30,2647,2826,2755
Uttar Pradesh,Meerut,Meerut Mandi,Bajra,2024-12-30,1948,2142,2053
Uttar Pradesh,Kanpur Dehat,Akbarpur Mandi,Onion,2024-01-01,1187,1915,1474
Uttar Pradesh,Kanpur Dehat,Akbarpur Mandi,Bajra,2024-01-01,2029,2264,2141
Uttar Pradesh,Kanpur Dehat,Akbarpur Mandi,Banana,2024-01-01,1061,1377,1203
Uttar Pradesh,Kanpur Dehat,Akbarpur Mandi,Potato,2024-01-01,830,1013,911
Uttar Pradesh,Kanpur Dehat,Akbarpur Mandi,Maize,2024-01-05,1779,1997,1882
Uttar Pradesh,Kanpur Dehat,Akbarpur Mandi,Banana,2024-01-05,1080,1316,1209
Uttar Pradesh,Kanpur Dehat,Akbarpur Mandi,Potato,2024-01-05,793,1146,944
Uttar Pradesh,Kanpur Dehat,Akbarpur Mandi,Onion,2024-01-09,1134,1634,1415
Uttar Pradesh,Kanpur Dehat,Akbarpur Mandi,Bajra,2024-01-09,1867,2024,1959
Uttar Pradesh,Kanpur Dehat,Akbarpur Mandi,Banana,2024-01-09,981,1302,1118
Uttar Pradesh,Kanpur Dehat,Akbarpur Mandi,Potato,2024-01-09,745,939,864
Uttar Pradesh,Kanpur Dehat,Akbarpur Mandi,Soybean,2024-01-09,3928,4354,4183
Uttar Pradesh,Kanpur Dehat,Akbarpur Mandi,Onion,2024-01-13,1157,1749,1490
Uttar Pradesh,Kanpur Dehat,Akbarpur Mandi,Maize,2024-01-13,1686,1844,1777
Uttar Pradesh,Kanpur Dehat,Akbarpur Mandi,Bajra,2024-01-13,1886,2018,1941
Uttar Pradesh,Kanpur Dehat,Akbarpur Mandi,Banana,2024-01-13,1020,1319,1165
Uttar Pradesh,Kanpur Dehat,Akbarpur Mandi,Potato,2024-01-13,700,978,839
Uttar Pradesh,Kanpur Dehat,Akbarpur Mandi,Soybean,2024-01-13,4256,4720,4523
Uttar Pradesh,Kanpur Dehat,Akbarpur Mandi,Maize,2024-01-17,1742,1821,1780
Uttar Pradesh,Kanpur Dehat,Akbarpur Mandi,Bajra,2024-01-17,1901,2083,1990
Uttar Pradesh,Kanpur Dehat,Akbarpur Mandi,Potato,2024-01-17,696,1105,921
Uttar Pradesh,Kanpur Dehat,Akbarpur Mandi,Soybean,2024-01-17,4288,4769,4531
Uttar Pradesh,Kanpur Dehat,Akbarpur Mandi,Onion,2024-01-21,1250,1947,1579
Uttar Pradesh,Kanpur Dehat,Akbarpur Mandi,Maize,2024-01-21,1900,2016,1951
Uttar Pradesh,Kanpur Dehat,Akbarpur Mandi,Bajra,2024-01-21,1828,2093,1961
Uttar Pradesh,Kanpur Dehat,Akbarpur Mandi,Banana,2024-01-21,949,1178,1082
Uttar Pradesh,Kanpur Dehat,Akbarpur Mandi,Potato,2024-01-21,722,1126,918
Uttar Pradesh,Kanpur Dehat,Akbarpur Mandi,Maize,2024-01-25,1703,1932,1809
Uttar Pradesh,Kanpur Dehat,Akbarpur Mandi,Bajra,2024-01-25,1867,2071,1959
Uttar Pradesh,Kanpur Dehat,Akbarpur Mandi,Banana,2024-01-25,991,1291,1162
Uttar Pradesh,Kanpur Dehat,Akbarpur Mandi,Potato,2024-01-25,732,1074,917
Uttar Pradesh,Kanpur Dehat,Akbarpur Mandi,Soybean,2024-01-25,4292,4598,4462
Uttar Pradesh,Kanpur Dehat,Akbarpur Mandi,Maize,2024-01-29,1799,2018,1896
Uttar Pradesh,Kanpur Dehat,Akbarpur Mandi,Bajra,2024-01-29,1940,2103,2022
Uttar Pradesh,Kanpur Dehat,Akbarpur Mandi,Potato,2024-01-29,856,1054,967
Uttar Pradesh,Kanpur Dehat,Akbarpur Mandi,Soybean,2024-01-29,4135,4510,4280
Uttar Pradesh,Kanpur Dehat,Akbarpur Mandi,Maize,2024-02-02,1777,1924,1860
Uttar Pradesh,Kanpur Dehat,Akbarpur Mandi,Bajra,2024-02-02,2075,2363,2230
Uttar Pradesh,Kanpur Dehat,Akbarpur Mandi,Potato,2024-02-02,820,1068,962
Uttar Pradesh,Kanpur Dehat,Akbarpur Mandi,Onion,2024-02-06,1262,1860,1589
Uttar Pradesh,Kanpur Dehat,Akbarpur Mandi,Maize,2024-02-06,1832,2007,1909
Uttar Pradesh,Kanpur Dehat,Akbarpur Mandi,Bajra,2024-02-06,1973,2146,2053
Uttar Pradesh,Kanpur Dehat,Akbarpur Mandi,Soybean,2024-02-06,4041,4612,4370
Uttar Pradesh,Kanpur Dehat,Akbarpur Mandi,Onion,2024-02-10,1279,1713,1458
Uttar Pradesh,Kanpur Dehat,Akbarpur Mandi,Maize,2024-02-10,1863,1982,1921
Uttar Pradesh,Kanpur Dehat,Akbarpur Mandi,Bajra,2024-02-10,2039,2314,2165
Uttar Pradesh,Kanpur Dehat,Akbarpur Mandi,Potato,2024-02-10,682,1034,845
Uttar Pradesh,Kanpur Dehat,Akbarpur Mandi,Soybean,2024-02-10,3790,4379,4067
Uttar Pradesh,Kanpur Dehat,Akbarpur Mandi,Onion,2024-02-14,1247,1585,1423
Uttar Pradesh,Kanpur Dehat,Akbarpur Mandi,Maize,2024-02-14,1678,1819,1760
Uttar Pradesh,Kanpur Dehat,Akbarpur Mandi,Bajra,2024-02-14,2011,2298,2135
Uttar Pradesh,Kanpur Dehat,Akbarpur Mandi,Banana,2024-02-14,986,1170,1092
Uttar Pradesh,Kanpur Dehat,Akbarpur Mandi,Potato,2024-02-14,797,1050,920
Uttar Pradesh,Kanpur Dehat,Akbarpur Mandi,Soybean,2024-02-14,3821,4199,4053
Uttar Pradesh,Kanpur Dehat,Akbarpur Mandi,Onion,2024-02-18,1227,1553,1417
Uttar Pradesh,Kanpur Dehat,Akbarpur Mandi,Bajra,2024-02-18,2108,2271,2191
Uttar Pradesh,Kanpur Dehat,Akbarpur Mandi,Potato,2024-02-18,852,1085,948
Uttar Pradesh,Kanpur Dehat,Akbarpur Mandi,Soybean,2024-02-18,3971,4407,4186
Uttar Pradesh,Kanpur Dehat,Akbarpur Mandi,Onion,2024-02-22,1333,1737,1569
Uttar Pradesh,Kanpur Dehat,Akbarpur Mandi,Maize,2024-02-22,1781,1985,1875
Uttar Pradesh,Kanpur Dehat,Akbarpur Mandi,Bajra,2024-02-22,2167,2354,2263
Uttar Pradesh,Kanpur Dehat,Akbarpur Mandi,Potato,2024-02-22,774,991,881
Uttar Pradesh,Kanpur Dehat,Akbarpur Mandi,Soybean,2024-02-22,3941,4409,4201
Uttar Pradesh,Kanpur Dehat,Akbarpur Mandi,Onion,2024-02-26,1172,1838,1447
Uttar Pradesh,Kanpur Dehat,Akbarpur Mandi,Maize,2024-02-26,1770,1998,1902
Uttar Pradesh,Kanpur Dehat,Akbarpur Mandi,Banana,2024-02-26,992,1194,1089
Uttar Pradesh,Kanpur Dehat,Akbarpur Mandi,Soybean,2024-02-26,3992,4302,4183
Uttar Pradesh,Kanpur Dehat,Akbarpur Mandi,Maize,2024-03-01,1846,1967,1907
Uttar Pradesh,Kanpur Dehat,Akbarpur Mandi,Banana,2024-03-01,1039,1227,1131
Uttar Pradesh,Kanpur Dehat,Akbarpur Mandi,Potato,2024-03-01,659,1083,866
Uttar Pradesh,Kanpur Dehat,Akbarpur Mandi,Soybean,2024-03-01,4395,4677,4535
Uttar Pradesh,Kanpur Dehat,Akbarpur Mandi,Bajra,2024-03-05,1875,2076,1971
Uttar Pradesh,Kanpur Dehat,Akbarpur Mandi,Banana,2024-03-05,1130,1307,1221
Uttar Pradesh,Kanpur Dehat,Akbarpur Mandi,Soybean,2024-03-05,3912,4278,4128
Uttar Pradesh,Kanpur Dehat,Akbarpur Mandi,Maize,2024-03-09,1784,1978,1890
Uttar Pradesh,Kanpur Dehat,Akbarpur Mandi,Bajra,2024-03-09,2002,2150,2079
Uttar Pradesh,Kanpur Dehat,Akbarpur Mandi,Banana,2024-03-09,950,1234,1107
Uttar Pradesh,Kanpur Dehat,Akbarpur Mandi,Potato,2024-03-09,699,1112,892
Uttar Pradesh,Kanpur Dehat,Akbarpur Mandi,Onion,2024-03-13,951,1460,1268
Uttar Pradesh,Kanpur Dehat,Akbarpur Mandi,Maize,2024-03-13,1702,1813,1760
Uttar Pradesh,Kanpur Dehat,Akbarpur Mandi,Bajra,2024-03-13,2086,2278,2180
Uttar Pradesh,Kanpur Dehat,Akbarpur Mandi,Potato,2024-03-13,690,992,856
Uttar Pradesh,Kanpur Dehat,Akbarpur Mandi,Soybean,2024-03-13,3828,4143,3987
Uttar Pradesh,Kanpur Dehat,Akbarpur Mandi,Onion,2024-03-17,1004,1553,1274
Uttar Pradesh,Kanpur Dehat,Akbarpur Mandi,Maize,2024-03-17,1951,2131,2040
Uttar Pradesh,Kanpur Dehat,Akbarpur Mandi,Bajra,2024-03-17,2110,2439,2267
Uttar Pradesh,Kanpur Dehat,Akbarpur Mandi,Banana,2024-03-17,1065,1317,1216
Uttar Pradesh,Kanpur Dehat,Akbarpur Mandi,Soybean,2024-03-17,3958,4463,4220
Uttar Pradesh,Kanpur Dehat,Akbarpur Mandi,Maize,2024-03-21,1794,1998,1896
Uttar Pradesh,Kanpur Dehat,Akbarpur Mandi,Bajra,2024-03-21,1927,2138,2050
Uttar Pradesh,Kanpur Dehat,Akbarpur Mandi,Banana,2024-03-21,941,1258,1089
Uttar Pradesh,Kanpur Dehat,Akbarpur Mandi,Soybean,2024-03-21,4335,4717,4508
Uttar Pradesh,Kanpur Dehat,Akbarpur Mandi,Onion,2024-03-25,872,1475,1149
Uttar Pradesh,Kanpur Dehat,Akbarpur Mandi,Maize,2024-03-25,1955,2117,2031
Uttar Pradesh,Kanpur Dehat,Akbarpur Mandi,Potato,2024-03-25,754,980,869
Uttar Pradesh,Kanpur Dehat,Akbarpur Mandi,Soybean,2024-03-25,4084,4498,4307
Uttar Pradesh,Kanpur Dehat,Akbarpur Mandi,Onion,2024-03-29,770,1450,1144
Uttar Pradesh,Kanpur Dehat,Akbarpur Mandi,Maize,2024-03-29,1727,1850,1792
Uttar Pradesh,Kanpur Dehat,Akbarpur Mandi,Bajra,2024-03-29,2164,2346,2238
Uttar Pradesh,Kanpur Dehat,Akbarpur Mandi,Banana,2024-03-29,1005,1334,1150
Uttar Pradesh,Kanpur Dehat,Akbarpur Mandi,Potato,2024-03-29,758,1155,970
Uttar Pradesh,Kanpur Dehat,Akbarpur Mandi,Soybean,2024-03-29,4307,4688,4496
Uttar Pradesh,Kanpur Dehat,Akbarpur Mandi,Onion,2024-04-02,1147,1480,1314
Uttar Pradesh,Kanpur Dehat,Akbarpur Mandi,Maize,2024-04-02,1680,1844,1776
Uttar Pradesh,Kanpur Dehat,Akbarpur Mandi,Bajra,2024-04-02,1876,2026,1951
Uttar Pradesh,Kanpur Dehat,Akbarpur Mandi,Banana,2024-04-02,1027,1365,1227
Uttar Pradesh,Kanpur Dehat,Akbarpur Mandi,Potato,2024-04-02,904,1391,1153
Uttar Pradesh,Kanpur Dehat,Akbarpur Mandi,Soybean,2024-04-02,4106,4582,4283
Uttar Pradesh,Kanpur Dehat,Akbarpur Mandi,Maize,2024-04-06,1921,2032,1976
Uttar Pradesh,Kanpur Dehat,Akbarpur Mandi,Banana,2024-04-06,1136,1314,1235
Uttar Pradesh,Kanpur Dehat,Akbarpur Mandi,Potato,2024-04-06,906,1395,1124
Uttar Pradesh,Kanpur Dehat,Akbarpur Mandi,Onion,2024-04-10,973,1389,1178
Uttar Pradesh,Kanpur Dehat,Akbarpur Mandi,Bajra,2024-04-10,2148,2303,2211
Uttar Pradesh,Kanpur Dehat,Akbarpur Mandi,Banana,2024-04-10,1002,1303,1183
Uttar Pradesh,Kanpur Dehat,Akbarpur Mandi,Soybean,2024-04-10,3854,4131,3998
Uttar Pradesh,Kanpur Dehat,Akbarpur Mandi,Onion,2024-04-14,980,1576,1274
Uttar Pradesh,Kanpur Dehat,Akbarpur Mandi,Bajra,2024-04-14,1897,2013,1948
Uttar Pradesh,Kanpur Dehat,Akbarpur Mandi,Banana,2024-04-14,1070,1368,1225
Uttar Pradesh,Kanpur Dehat,Akbarpur Mandi,Soybean,2024-04-14,3788,4060,3940
Uttar Pradesh,Kanpur Dehat,Akbarpur Mandi,Maize,2024-04-18,1817,2001,1919
Uttar Pradesh,Kanpur Dehat,Akbarpur Mandi,Bajra,2024-04-18,2027,2135,2087
Uttar Pradesh,Kanpur Dehat,Akbarpur Mandi,Soybean,2024-04-18,4172,4530,4340
Uttar Pradesh,Kanpur Dehat,Akbarpur Mandi,Banana,2024-04-22,1139,1334,1240
Uttar Pradesh,Kanpur Dehat,Akbarpur Mandi,Potato,2024-04-22,909,1298,1096
Uttar Pradesh,Kanpur Dehat,Akbarpur Mandi,Soybean,2024-04-22,3891,4414,4203
Uttar Pradesh,Kanpur Dehat,Akbarpur Mandi,Bajra,2024-04-26,1937,2142,2048
Uttar Pradesh,Kanpur Dehat,Akbarpur Mandi,Banana,2024-04-26,1006,1167,1085
Uttar Pradesh,Kanpur Dehat,Akbarpur Mandi,Potato,2024-04-26,893,1324,1127
Uttar Pradesh,Kanpur Dehat,Akbarpur Mandi,Onion,2024-04-30,898,1572,1202
Uttar Pradesh,Kanpur Dehat,Akbarpur Mandi,Maize,2024-04-30,1853,1967,1907
Uttar Pradesh,Kanpur Dehat,Akbarpur Mandi,Bajra,2024-04-30,2034,2217,2113
Uttar Pradesh,Kanpur Dehat,Akbarpur Mandi,Banana,2024-04-30,984,1160,1058
Uttar Pradesh,Kanpur Dehat,Akbarpur Mandi,Soybean,2024-04-30,3833,4110,3942
Uttar Pradesh,Kanpur Dehat,Akbarpur Mandi,Onion,2024-05-04,1254,1695,1468
Uttar Pradesh,Kanpur Dehat,Akbarpur Mandi,Maize,2024-05-04,1780,1906,1841
Uttar Pradesh,Kanpur Dehat,Akbarpur Mandi,Banana,2024-05-04,1038,1361,1232
Uttar Pradesh,Kanpur Dehat,Akbarpur Mandi,Potato,2024-05-04,911,1308,1115
Uttar Pradesh,Kanpur Dehat,Akbarpur Mandi,Soybean,2024-05-04,4202,4666,4446
Uttar Pradesh,Kanpur Dehat,Akbarpur Mandi,Maize,2024-05-08,1714,1833,1759
Uttar Pradesh,Kanpur Dehat,Akbarpur Mandi,Bajra,2024-05-08,2026,2293,2165
Uttar Pradesh,Kanpur Dehat,Akbarpur Mandi,Banana,2024-05-08,946,1276,1142
Uttar Pradesh,Kanpur Dehat,Akbarpur Mandi,Soybean,2024-05-08,4031,4398,4189
Uttar Pradesh,Kanpur Dehat,Akbarpur Mandi,Onion,2024-05-12,1283,1902,1535
Uttar Pradesh,Kanpur Dehat,Akbarpur Mandi,Maize,2024-05-12,1836,1993,1903
Uttar Pradesh,Kanpur Dehat,Akbarpur Mandi,Onion,2024-05-16,1220,1855,1572
Uttar Pradesh,Kanpur Dehat,Akbarpur Mandi,Bajra,2024-05-16,2028,2222,2113
Uttar Pradesh,Kanpur Dehat,Akbarpur Mandi,Potato,2024-05-16,754,1229,1033
Uttar Pradesh,Kanpur Dehat,Akbarpur Mandi,Onion,2024-05-20,1182,1773,1512
Uttar Pradesh,Kanpur Dehat,Akbarpur Mandi,Banana,2024-05-20,1070,1255,1152
Uttar Pradesh,Kanpur Dehat,Akbarpur Mandi,Potato,2024-05-20,831,1176,1014
Uttar Pradesh,Kanpur Dehat,Akbarpur Mandi,Onion,2024-05-24,1267,1775,1571
Uttar Pradesh,Kanpur Dehat,Akbarpur Mandi,Maize,2024-05-24,1801,1925,1863
Uttar Pradesh,Kanpur Dehat,Akbarpur Mandi,Bajra,2024-05-24,2177,2358,2259
Uttar Pradesh,Kanpur Dehat,Akbarpur Mandi,Banana,2024-05-24,936,1203,1066
Uttar Pradesh,Kanpur Dehat,Akbarpur Mandi,Potato,2024-05-24,900,1222,1058
Uttar Pradesh,Kanpur Dehat,Akbarpur Mandi,Soybean,2024-05-24,3648,4113,3869
Uttar Pradesh,Kanpur Dehat,Akbarpur Mandi,Onion,2024-05-28,1163,1703,1445
Uttar Pradesh,Kanpur Dehat,Akbarpur Mandi,Maize,2024-05-28,1894,2122,2001
Uttar Pradesh,Kanpur Dehat,Akbarpur Mandi,Bajra,2024-05-28,1882,1991,1937
Uttar Pradesh,Kanpur Dehat,Akbarpur Mandi,Banana,2024-05-28,1044,1337,1177
Uttar Pradesh,Kanpur Dehat,Akbarpur Mandi,Potato,2024-05-28,936,1287,1098
Uttar Pradesh,Kanpur Dehat,Akbarpur Mandi,Onion,2024-06-01,1114,2081,1620
Uttar Pradesh,Kanpur Dehat,Akbarpur Mandi,Maize,2024-06-01,1712,1891,1801
Uttar Pradesh,Kanpur Dehat,Akbarpur Mandi,Banana,2024-06-01,945,1246,1091
Uttar Pradesh,Kanpur Dehat,Akbarpur Mandi,Potato,2024-06-01,791,1315,1095
Uttar Pradesh,Kanpur Dehat,Akbarpur Mandi,Soybean,2024-06-01,4146,4699,4434
Uttar Pradesh,Kanpur Dehat,Akbarpur Mandi,Onion,2024-06-05,1104,2002,1581
Uttar Pradesh,Kanpur Dehat,Akbarpur Mandi,Bajra,2024-06-05,1984,2170,2054
Uttar Pradesh,Kanpur Dehat,Akbarpur Mandi,Banana,2024-06-05,1083,1268,1163
Uttar Pradesh,Kanpur Dehat,Akbarpur Mandi,Potato,2024-06-05,1026,1267,1155
Uttar Pradesh,Kanpur Dehat,Akbarpur Mandi,Soybean,2024-06-05,3858,4351,4072
Uttar Pradesh,Kanpur Dehat,Akbarpur Mandi,Onion,2024-06-09,1386,1840,1609
Uttar Pradesh,Kanpur Dehat,Akbarpur Mandi,Maize,2024-06-09,1720,1825,1765
Uttar Pradesh,Kanpur Dehat,Akbarpur Mandi,Bajra,2024-06-09,1828,2047,1939
Uttar Pradesh,Kanpur Dehat,Akbarpur Mandi,Banana,2024-06-09,1120,1312,1208
Uttar Pradesh,Kanpur Dehat,Akbarpur Mandi,Potato,2024-06-09,1001,1276,1154
Uttar Pradesh,Kanpur Dehat,Akbarpur Mandi,Maize,2024-06-13,1901,2100,1997
Uttar Pradesh,Kanpur Dehat,Akbarpur Mandi,Banana,2024-06-13,967,1365,1154
Uttar Pradesh,Kanpur Dehat,Akbarpur Mandi,Potato,2024-06-13,956,1296,1127
Uttar Pradesh,Kanpur Dehat,Akbarpur Mandi,Onion,2024-06-17,1206,1957,1558
Uttar Pradesh,Kanpur Dehat,Akbarpur Mandi,Maize,2024-06-17,1919,2061,1990
Uttar Pradesh,Kanpur Dehat,Akbarpur Mandi,Banana,2024-06-17,961,1373,1168
Uttar Pradesh,Kanpur Dehat,Akbarpur Mandi,Potato,2024-06-17,870,1390,1115
Uttar Pradesh,Kanpur Dehat,Akbarpur Mandi,Maize,2024-06-21,1719,1876,1804
Uttar Pradesh,Kanpur Dehat,Akbarpur Mandi,Bajra,2024-06-21,2050,2197,2113
Uttar Pradesh,Kanpur Dehat,Akbarpur Mandi,Banana,2024-06-21,1013,1308,1150
Uttar Pradesh,Kanpur Dehat,Akbarpur Mandi,Potato,2024-06-21,867,1188,1028
Uttar Pradesh,Kanpur Dehat,Akbarpur Mandi,Soybean,2024-06-21,3746,4164,3953
Uttar Pradesh,Kanpur Dehat,Akbarpur Mandi,Onion,2024-06-25,1270,1754,1524
Uttar Pradesh,Kanpur Dehat,Akbarpur Mandi,Maize,2024-06-25,1813,1916,1863
Uttar Pradesh,Kanpur Dehat,Akbarpur Mandi,Bajra,2024-06-25,2112,2222,2167
Uttar Pradesh,Kanpur Dehat,Akbarpur Mandi,Banana,2024-06-25,1089,1280,1178
Uttar Pradesh,Kanpur Dehat,Akbarpur Mandi,Potato,2024-06-25,1040,1275,1135
Uttar Pradesh,Kanpur Dehat,Akbarpur Mandi,Soybean,2024-06-25,3793,4150,3990
Uttar Pradesh,Kanpur Dehat,Akbarpur Mandi,Onion,2024-06-29,1167,1683,1421
Uttar Pradesh,Kanpur Dehat,Akbarpur Mandi,Maize,2024-06-29,1725,1854,1783
Uttar Pradesh,Kanpur Dehat,Akbarpur Mandi,Bajra,2024-06-29,1878,2090,1978
Uttar Pradesh,Kanpur Dehat,Akbarpur Mandi,Banana,2024-06-29,1113,1278,1186
Uttar Pradesh,Kanpur Dehat,Akbarpur Mandi,Potato,2024-06-29,918,1359,1173
Uttar Pradesh,Kanpur Dehat,Akbarpur Mandi,Soybean,2024-06-29,4110,4528,4322
Uttar Pradesh,Kanpur Dehat,Akbarpur Mandi,Onion,2024-07-03,1357,1800,1549
Uttar Pradesh,Kanpur Dehat,Akbarpur Mandi,Maize,2024-07-03,1673,1850,1779
Uttar Pradesh,Kanpur Dehat,Akbarpur Mandi,Bajra,2024-07-03,2129,2304,2222
Uttar Pradesh,Kanpur Dehat,Akbarpur Mandi,Banana,2024-07-03,1017,1196,1097
Uttar Pradesh,Kanpur Dehat,Akbarpur Mandi,Potato,2024-07-03,919,1169,1058
Uttar Pradesh,Kanpur Dehat,Akbarpur Mandi,Soybean,2024-07-03,4030,4320,4193
Uttar Pradesh,Kanpur Dehat,Akbarpur Mandi,Onion,2024-07-07,1166,1988,1598
Uttar Pradesh,Kanpur Dehat,Akbarpur Mandi,Maize,2024-07-07,1790,1916,1860
Uttar Pradesh,Kanpur Dehat,Akbarpur Mandi,Bajra,2024-07-07,1888,2074,1998
Uttar Pradesh,Kanpur Dehat,Akbarpur Mandi,Potato,2024-07-07,983,1262,1157
Uttar Pradesh,Kanpur Dehat,Akbarpur Mandi,Soybean,2024-07-07,3851,4138,3989
Uttar Pradesh,Kanpur Dehat,Akbarpur Mandi,Onion,2024-07-11,1104,2051,1606
Uttar Pradesh,Kanpur Dehat,Akbarpur Mandi,Maize,2024-07-11,1889,1990,1941
Uttar Pradesh,Kanpur Dehat,Akbarpur Mandi,Bajra,2024-07-11,2000,2177,2094
Uttar Pradesh,Kanpur Dehat,Akbarpur Mandi,Potato,2024-07-11,942,1329,1144
Uttar Pradesh,Kanpur Dehat,Akbarpur Mandi,Onion,2024-07-15,1048,1932,1527
Uttar Pradesh,Kanpur Dehat,Akbarpur Mandi,Maize,2024-07-15,1799,1905,1855
Uttar Pradesh,Kanpur Dehat,Akbarpur Mandi,Bajra,2024-07-15,2120,2307,2219
Uttar Pradesh,Kanpur Dehat,Akbarpur Mandi,Banana,2024-07-15,1074,1306,1198
Uttar Pradesh,Kanpur Dehat,Akbarpur Mandi,Potato,2024-07-15,933,1219,1072
Uttar Pradesh,Kanpur Dehat,Akbarpur Mandi,Onion,2024-07-19,1308,1714,1555
Uttar Pradesh,Kanpur Dehat,Akbarpur Mandi,Maize,2024-07-19,1875,2099,1962
Uttar Pradesh,Kanpur Dehat,Akbarpur Mandi,Bajra,2024-07-19,2027,2145,2096
Uttar Pradesh,Kanpur Dehat,Akbarpur Mandi,Potato,2024-07-19,836,1226,1024
Uttar Pradesh,Kanpur Dehat,Akbarpur Mandi,Soybean,2024-07-19,3993,4386,4141
Uttar Pradesh,Kanpur Dehat,Akbarpur Mandi,Onion,2024-07-23,1206,1850,1456
Uttar Pradesh,Kanpur Dehat,Akbarpur Mandi,Maize,2024-07-23,1757,1894,1820
Uttar Pradesh,Kanpur Dehat,Akbarpur Mandi,Banana,2024-07-23,969,1213,1077
Uttar Pradesh,Kanpur Dehat,Akbarpur Mandi,Soybean,2024-07-23,3898,4304,4092
Uttar Pradesh,Kanpur Dehat,Akbarpur Mandi,Onion,2024-07-27,1303,1693,1492
Uttar Pradesh,Kanpur Dehat,Akbarpur Mandi,Maize,2024-07-27,1762,1891,1842
Uttar Pradesh,Kanpur Dehat,Akbarpur Mandi,Bajra,2024-07-27,1949,2209,2072
Uttar Pradesh,Kanpur Dehat,Akbarpur Mandi,Banana,2024-07-27,966,1168,1074
Uttar Pradesh,Kanpur Dehat,Akbarpur Mandi,Potato,2024-07-27,830,1311,1114
Uttar Pradesh,Kanpur Dehat,Akbarpur Mandi,Onion,2024-07-31,1166,1805,1447
Uttar Pradesh,Kanpur Dehat,Akbarpur Mandi,Maize,2024-07-31,1908,2179,2051
Uttar Pradesh,Kanpur Dehat,Akbarpur Mandi,Soybean,2024-07-31,3722,4314,4026
Uttar Pradesh,Kanpur Dehat,Akbarpur Mandi,Onion,2024-08-04,1255,1607,1399
Uttar Pradesh,Kanpur Dehat,Akbarpur Mandi,Bajra,2024-08-04,1950,2091,2026
Uttar Pradesh,Kanpur Dehat,Akbarpur Mandi,Banana,2024-08-04,1143,1314,1238
Uttar Pradesh,Kanpur Dehat,Akbarpur Mandi,Potato,2024-08-04,833,1280,1036
Uttar Pradesh,Kanpur Dehat,Akbarpur Mandi,Onion,2024-08-08,1244,1923,1610
Uttar Pradesh,Kanpur Dehat,Akbarpur Mandi,Maize,2024-08-08,1960,2072,2014
Uttar Pradesh,Kanpur Dehat,Akbarpur Mandi,Banana,2024-08-08,1090,1245,1177
Uttar Pradesh,Kanpur Dehat,Akbarpur Mandi,Potato,2024-08-08,837,1219,1051
Uttar Pradesh,Kanpur Dehat,Akbarpur Mandi,Soybean,2024-08-08,3617,4131,3891
Uttar Pradesh,Kanpur Dehat,Akbarpur Mandi,Onion,2024-08-12,1335,1857,1542
Uttar Pradesh,Kanpur Dehat,Akbarpur Mandi,Maize,2024-08-12,1710,1858,1783
Uttar Pradesh,Kanpur Dehat,Akbarpur Mandi,Bajra,2024-08-12,2033,2295,2185
Uttar Pradesh,Kanpur Dehat,Akbarpur Mandi,Banana,2024-08-12,999,1175,1088
Uttar Pradesh,Kanpur Dehat,Akbarpur Mandi,Potato,2024-08-12,884,1253,1068
Uttar Pradesh,Kanpur Dehat,Akbarpur Mandi,Soybean,2024-08-12,4329,4744,4517
Uttar Pradesh,Kanpur Dehat,Akbarpur Mandi,Maize,2024-08-16,1976,2133,2049
Uttar Pradesh,Kanpur Dehat,Akbarpur Mandi,Banana,2024-08-16,1005,1381,1198
Uttar Pradesh,Kanpur Dehat,Akbarpur Mandi,Potato,2024-08-16,867,1348,1099
Uttar Pradesh,Kanpur Dehat,Akbarpur Mandi,Potato,2024-08-20,963,1213,1105
Uttar Pradesh,Kanpur Dehat,Akbarpur Mandi,Onion,2024-08-24,1248,1580,1397
Uttar Pradesh,Kanpur Dehat,Akbarpur Mandi,Bajra,2024-08-24,2123,2303,2220
Uttar Pradesh,Kanpur Dehat,Akbarpur Mandi,Banana,2024-08-24,961,1254,1099
Uttar Pradesh,Kanpur Dehat,Akbarpur Mandi,Potato,2024-08-24,892,1355,1160
Uttar Pradesh,Kanpur Dehat,Akbarpur Mandi,Soybean,2024-08-24,3786,4200,3968
Uttar Pradesh,Kanpur Dehat,Akbarpur Mandi,Onion,2024-08-28,1354,1711,1492
Uttar Pradesh,Kanpur Dehat,Akbarpur Mandi,Maize,2024-08-28,1855,2037,1964
Uttar Pradesh,Kanpur Dehat,Akbarpur Mandi,Bajra,2024-08-28,2045,2211,2122
Uttar Pradesh,Kanpur Dehat,Akbarpur Mandi,Banana,2024-08-28,983,1162,1083
Uttar Pradesh,Kanpur Dehat,Akbarpur Mandi,Potato,2024-08-28,991,1327,1137
Uttar Pradesh,Kanpur Dehat,Akbarpur Mandi,Soybean,2024-08-28,3756,4159,3985
Uttar Pradesh,Kanpur Dehat,Akbarpur Mandi,Onion,2024-09-01,1135,1892,1497
Uttar Pradesh,Kanpur Dehat,Akbarpur Mandi,Maize,2024-09-01,1619,1741,1682
Uttar Pradesh,Kanpur Dehat,Akbarpur Mandi,Bajra,2024-09-01,1571,1724,1637
Uttar Pradesh,Kanpur Dehat,Akbarpur Mandi,Potato,2024-09-01,844,1367,1098
Uttar Pradesh,Kanpur Dehat,Akbarpur Mandi,Soybean,2024-09-01,4221,4760,4489
Uttar Pradesh,Kanpur Dehat,Akbarpur Mandi,Onion,2024-09-05,1095,1690,1440
Uttar Pradesh,Kanpur Dehat,Akbarpur Mandi,Maize,2024-09-05,1467,1611,1525
Uttar Pradesh,Kanpur Dehat,Akbarpur Mandi,Bajra,2024-09-05,1507,1668,1587
Uttar Pradesh,Kanpur Dehat,Akbarpur Mandi,Banana,2024-09-05,1110,1324,1226
Uttar Pradesh,Kanpur Dehat,Akbarpur Mandi,Potato,2024-09-05,887,1232,1018
Uttar Pradesh,Kanpur Dehat,Akbarpur Mandi,Onion,2024-09-09,1261,1870,1529
Uttar Pradesh,Kanpur Dehat,Akbarpur Mandi,Bajra,2024-09-09,1607,1812,1700
Uttar Pradesh,Kanpur Dehat,Akbarpur Mandi,Banana,2024-09-09,960,1236,1116
Uttar Pradesh,Kanpur Dehat,Akbarpur Mandi,Potato,2024-09-09,903,1403,1124
Uttar Pradesh,Kanpur Dehat,Akbarpur Mandi,Soybean,2024-09-09,3883,4536,4228
Uttar Pradesh,Kanpur Dehat,Akbarpur Mandi,Onion,2024-09-13,1264,1953,1563
Uttar Pradesh,Kanpur Dehat,Akbarpur Mandi,Bajra,2024-09-13,1631,1726,1685
Uttar Pradesh,Kanpur Dehat,Akbarpur Mandi,Banana,2024-09-13,1036,1345,1202
Uttar Pradesh,Kanpur Dehat,Akbarpur Mandi,Potato,2024-09-13,826,1367,1074
Uttar Pradesh,Kanpur Dehat,Akbarpur Mandi,Soybean,2024-09-13,3749,4024,3870
Uttar Pradesh,Kanpur Dehat,Akbarpur Mandi,Onion,2024-09-17,1161,2084,1597
Uttar Pradesh,Kanpur Dehat,Akbarpur Mandi,Maize,2024-09-17,1561,1720,1637
Uttar Pradesh,Kanpur Dehat,Akbarpur Mandi,Banana,2024-09-17,920,1205,1058
Uttar Pradesh,Kanpur Dehat,Akbarpur Mandi,Potato,2024-09-17,998,1248,1102
Uttar Pradesh,Kanpur Dehat,Akbarpur Mandi,Soybean,2024-09-17,3840,4104,3960
Uttar Pradesh,Kanpur Dehat,Akbarpur Mandi,Onion,2024-09-21,1154,1688,1401
Uttar Pradesh,Kanpur Dehat,Akbarpur Mandi,Banana,2024-09-21,1034,1268,1136
Uttar Pradesh,Kanpur Dehat,Akbarpur Mandi,Potato,2024-09-21,894,1296,1142
Uttar Pradesh,Kanpur Dehat,Akbarpur Mandi,Soybean,2024-09-21,3789,4200,3954
Uttar Pradesh,Kanpur Dehat,Akbarpur Mandi,Onion,2024-09-25,1212,1985,1565
Uttar Pradesh,Kanpur Dehat,Akbarpur Mandi,Potato,2024-09-25,1024,1324,1180
Uttar Pradesh,Kanpur Dehat,Akbarpur Mandi,Soybean,2024-09-25,3675,4109,3865
Uttar Pradesh,Kanpur Dehat,Akbarpur Mandi,Potato,2024-09-29,848,1373,1098
Uttar Pradesh,Kanpur Dehat,Akbarpur Mandi,Onion,2024-10-03,1021,1775,1439
Uttar Pradesh,Kanpur Dehat,Akbarpur Mandi,Banana,2024-10-03,950,1232,1089
Uttar Pradesh,Kanpur Dehat,Akbarpur Mandi,Potato,2024-10-03,830,1255,1057
Uttar Pradesh,Kanpur Dehat,Akbarpur Mandi,Soybean,2024-10-03,3095,3405,3261
Uttar Pradesh,Kanpur Dehat,Akbarpur Mandi,Onion,2024-10-07,1220,1755,1500
Uttar Pradesh,Kanpur Dehat,Akbarpur Mandi,Maize,2024-10-07,1517,1647,1574
Uttar Pradesh,Kanpur Dehat,Akbarpur Mandi,Bajra,2024-10-07,1510,1692,1594
Uttar Pradesh,Kanpur Dehat,Akbarpur Mandi,Banana,2024-10-07,1029,1290,1159
Uttar Pradesh,Kanpur Dehat,Akbarpur Mandi,Potato,2024-10-07,884,1220,1051
Uttar Pradesh,Kanpur Dehat,Akbarpur Mandi,Soybean,2024-10-07,3141,3387,3283
Uttar Pradesh,Kanpur Dehat,Akbarpur Mandi,Onion,2024-10-11,1308,1656,1458
Uttar Pradesh,Kanpur Dehat,Akbarpur Mandi,Maize,2024-10-11,1593,1772,1660
Uttar Pradesh,Kanpur Dehat,Akbarpur Mandi,Bajra,2024-10-11,1572,1704,1633
Uttar Pradesh,Kanpur Dehat,Akbarpur Mandi,Banana,2024-10-11,1038,1234,1115
Uttar Pradesh,Kanpur Dehat,Akbarpur Mandi,Soybean,2024-10-11,3124,3391,3263
Uttar Pradesh,Kanpur Dehat,Akbarpur Mandi,Onion,2024-10-15,1210,1912,1536
Uttar Pradesh,Kanpur Dehat,Akbarpur Mandi,Maize,2024-10-15,1418,1579,1496
Uttar Pradesh,Kanpur Dehat,Akbarpur Mandi,Banana,2024-10-15,1075,1301,1170
Uttar Pradesh,Kanpur Dehat,Akbarpur Mandi,Potato,2024-10-15,854,1213,1049
Uttar Pradesh,Kanpur Dehat,Akbarpur Mandi,Soybean,2024-10-15,3289,3594,3419
Uttar Pradesh,Kanpur Dehat,Akbarpur Mandi,Onion,2024-10-19,1192,1589,1419
Uttar Pradesh,Kanpur Dehat,Akbarpur Mandi,Bajra,2024-10-19,1698,1865,1780
Uttar Pradesh,Kanpur Dehat,Akbarpur Mandi,Banana,2024-10-19,1017,1273,1154
Uttar Pradesh,Kanpur Dehat,Akbarpur Mandi,Potato,2024-10-19,945,1172,1057
Uttar Pradesh,Kanpur Dehat,Akbarpur Mandi,Soybean,2024-10-19,3166,3461,3310
Uttar Pradesh,Kanpur Dehat,Akbarpur Mandi,Onion,2024-10-23,1249,1650,1418
Uttar Pradesh,Kanpur Dehat,Akbarpur Mandi,Maize,2024-10-23,1459,1676,1563
Uttar Pradesh,Kanpur Dehat,Akbarpur Mandi,Bajra,2024-10-23,1659,1825,1727
Uttar Pradesh,Kanpur Dehat,Akbarpur Mandi,Banana,2024-10-23,983,1143,1060
Uttar Pradesh,Kanpur Dehat,Akbarpur Mandi,Potato,2024-10-23,813,1220,1039
Uttar Pradesh,Kanpur Dehat,Akbarpur Mandi,Maize,2024-10-27,1446,1600,1540
Uttar Pradesh,Kanpur Dehat,Akbarpur Mandi,Bajra,2024-10-27,1621,1800,1702
Uttar Pradesh,Kanpur Dehat,Akbarpur Mandi,Banana,2024-10-27,1094,1319,1234
Uttar Pradesh,Kanpur Dehat,Akbarpur Mandi,Potato,2024-10-27,919,1217,1080
Uttar Pradesh,Kanpur Dehat,Akbarpur Mandi,Soybean,2024-10-27,3315,3669,3516
Uttar Pradesh,Kanpur Dehat,Akbarpur Mandi,Onion,2024-10-31,1359,1648,1487
Uttar Pradesh,Kanpur Dehat,Akbarpur Mandi,Maize,2024-10-31,1583,1743,1646
Uttar Pradesh,Kanpur Dehat,Akbarpur Mandi,Bajra,2024-10-31,1721,1879,1788
Uttar Pradesh,Kanpur Dehat,Akbarpur Mandi,Banana,2024-10-31,1030,1378,1203
Uttar Pradesh,Kanpur Dehat,Akbarpur Mandi,Potato,2024-10-31,846,1231,1021
Uttar Pradesh,Kanpur Dehat,Akbarpur Mandi,Soybean,2024-10-31,3321,3711,3488
Uttar Pradesh,Kanpur Dehat,Akbarpur Mandi,Onion,2024-11-04,962,1435,1244
Uttar Pradesh,Kanpur Dehat,Akbarpur Mandi,Maize,2024-11-04,1925,2186,2044
Uttar Pradesh,Kanpur Dehat,Akbarpur Mandi,Banana,2024-11-04,1041,1320,1167
Uttar Pradesh,Kanpur Dehat,Akbarpur Mandi,Potato,2024-11-04,970,1283,1119
Uttar Pradesh,Kanpur Dehat,Akbarpur Mandi,Soybean,2024-11-04,3457,3834,3646
Uttar Pradesh,Kanpur Dehat,Akbarpur Mandi,Onion,2024-11-08,1135,1484,1314
Uttar Pradesh,Kanpur Dehat,Akbarpur Mandi,Maize,2024-11-08,1699,1865,1793
Uttar Pradesh,Kanpur Dehat,Akbarpur Mandi,Banana,2024-11-08,1041,1209,1145
Uttar Pradesh,Kanpur Dehat,Akbarpur Mandi,Potato,2024-11-08,890,1319,1086
Uttar Pradesh,Kanpur Dehat,Akbarpur Mandi,Onion,2024-11-12,973,1636,1230
Uttar Pradesh,Kanpur Dehat,Akbarpur Mandi,Maize,2024-11-12,1898,2066,1987
Uttar Pradesh,Kanpur Dehat,Akbarpur Mandi,Bajra,2024-11-12,2067,2330,2191
Uttar Pradesh,Kanpur Dehat,Akbarpur Mandi,Banana,2024-11-12,1033,1327,1171
Uttar Pradesh,Kanpur Dehat,Akbarpur Mandi,Potato,2024-11-12,1009,1252,1123
Uttar Pradesh,Kanpur Dehat,Akbarpur Mandi,Onion,2024-11-16,965,1347,1148
Uttar Pradesh,Kanpur Dehat,Akbarpur Mandi,Maize,2024-11-16,1811,1976,1896
Uttar Pradesh,Kanpur Dehat,Akbarpur Mandi,Bajra,2024-11-16,1966,2159,2084
Uttar Pradesh,Kanpur Dehat,Akbarpur Mandi,Banana,2024-11-16,1110,1363,1225
Uttar Pradesh,Kanpur Dehat,Akbarpur Mandi,Potato,2024-11-16,860,1351,1100
Uttar Pradesh,Kanpur Dehat,Akbarpur Mandi,Soybean,2024-11-16,3183,3643,3418
Uttar Pradesh,Kanpur Dehat,Akbarpur Mandi,Onion,2024-11-20,855,1529,1184
Uttar Pradesh,Kanpur Dehat,Akbarpur Mandi,Maize,2024-11-20,1877,2072,1969
Uttar Pradesh,Kanpur Dehat,Akbarpur Mandi,Banana,2024-11-20,915,1223,1089
Uttar Pradesh,Kanpur Dehat,Akbarpur Mandi,Potato,2024-11-20,779,1325,1065
Uttar Pradesh,Kanpur Dehat,Akbarpur Mandi,Soybean,2024-11-20,3438,3891,3648
Uttar Pradesh,Kanpur Dehat,Akbarpur Mandi,Banana,2024-11-24,1043,1197,1138
Uttar Pradesh,Kanpur Dehat,Akbarpur Mandi,Potato,2024-11-24,884,1197,1053
Uttar Pradesh,Kanpur Dehat,Akbarpur Mandi,Soybean,2024-11-24,3378,3864,3642
Uttar Pradesh,Kanpur Dehat,Akbarpur Mandi,Bajra,2024-11-28,2113,2324,2206
Uttar Pradesh,Kanpur Dehat,Akbarpur Mandi,Banana,2024-11-28,1080,1333,1227
Uttar Pradesh,Kanpur Dehat,Akbarpur Mandi,Potato,2024-11-28,1048,1374,1177
Uttar Pradesh,Kanpur Dehat,Akbarpur Mandi,Soybean,2024-11-28,3131,3473,3311
Uttar Pradesh,Kanpur Dehat,Akbarpur Mandi,Onion,2024-12-02,1105,1422,1233
Uttar Pradesh,Kanpur Dehat,Akbarpur Mandi,Maize,2024-12-02,1717,1807,1765
Uttar Pradesh,Kanpur Dehat,Akbarpur Mandi,Bajra,2024-12-02,1944,2109,2017
Uttar Pradesh,Kanpur Dehat,Akbarpur Mandi,Banana,2024-12-02,1026,1372,1212
Uttar Pradesh,Kanpur Dehat,Akbarpur Mandi,Soybean,2024-12-02,4054,4340,4207
Uttar Pradesh,Kanpur Dehat,Akbarpur Mandi,Maize,2024-12-06,1800,1931,1869
Uttar Pradesh,Kanpur Dehat,Akbarpur Mandi,Bajra,2024-12-06,2105,2289,2199
Uttar Pradesh,Kanpur Dehat,Akbarpur Mandi,Potato,2024-12-06,885,1496,1176
Uttar Pradesh,Kanpur Dehat,Akbarpur Mandi,Soybean,2024-12-06,4154,4534,4355
Uttar Pradesh,Kanpur Dehat,Akbarpur Mandi,Onion,2024-12-10,1053,1406,1212
Uttar Pradesh,Kanpur Dehat,Akbarpur Mandi,Maize,2024-12-10,1700,1921,1796
Uttar Pradesh,Kanpur Dehat,Akbarpur Mandi,Bajra,2024-12-10,1861,2126,1977
Uttar Pradesh,Kanpur Dehat,Akbarpur Mandi,Banana,2024-12-10,1020,1247,1147
Uttar Pradesh,Kanpur Dehat,Akbarpur Mandi,Potato,2024-12-10,900,1316,1059
Uttar Pradesh,Kanpur Dehat,Akbarpur Mandi,Onion,2024-12-14,1031,1461,1291
Uttar Pradesh,Kanpur Dehat,Akbarpur Mandi,Maize,2024-12-14,1829,1922,1881
Uttar Pradesh,Kanpur Dehat,Akbarpur Mandi,Bajra,2024-12-14,2101,2427,2263
Uttar Pradesh,Kanpur Dehat,Akbarpur Mandi,Banana,2024-12-14,981,1182,1074
Uttar Pradesh,Kanpur Dehat,Akbarpur Mandi,Potato,2024-12-14,1008,1230,1105
Uttar Pradesh,Kanpur Dehat,Akbarpur Mandi,Soybean,2024-12-14,3977,4585,4285
Uttar Pradesh,Kanpur Dehat,Akbarpur Mandi,Onion,2024-12-18,1102,1612,1309
Uttar Pradesh,Kanpur Dehat,Akbarpur Mandi,Bajra,2024-12-18,1996,2139,2063
Uttar Pradesh,Kanpur Dehat,Akbarpur Mandi,Banana,2024-12-18,1044,1219,1135
Uttar Pradesh,Kanpur Dehat,Akbarpur Mandi,Potato,2024-12-18,880,1273,1058
Uttar Pradesh,Kanpur Dehat,Akbarpur Mandi,Soybean,2024-12-18,3942,4362,4142
Uttar Pradesh,Kanpur Dehat,Akbarpur Mandi,Maize,2024-12-22,1686,1852,1763
Uttar Pradesh,Kanpur Dehat,Akbarpur Mandi,Bajra,2024-12-22,1934,2049,2000
Uttar Pradesh,Kanpur Dehat,Akbarpur Mandi,Potato,2024-12-22,966,1414,1176
Uttar Pradesh,Kanpur Dehat,Akbarpur Mandi,Onion,2024-12-26,1096,1461,1244
Uttar Pradesh,Kanpur Dehat,Akbarpur Mandi,Maize,2024-12-26,1848,2000,1931
Uttar Pradesh,Kanpur Dehat,Akbarpur Mandi,Bajra,2024-12-26,1972,2174,2073
Uttar Pradesh,Kanpur Dehat,Akbarpur Mandi,Banana,2024-12-26,1025,1247,1163
Uttar Pradesh,Kanpur Dehat,Akbarpur Mandi,Potato,2024-12-26,807,1254,1030
Uttar Pradesh,Kanpur Dehat,Akbarpur Mandi,Soybean,2024-12-26,4115,4361,4229
Uttar Pradesh,Kanpur Dehat,Akbarpur Mandi,Onion,2024-12-30,1034,1551,1295
Uttar Pradesh,Kanpur Dehat,Akbarpur Mandi,Maize,2024-12-30,1852,2006,1942
Uttar Pradesh,Kanpur Dehat,Akbarpur Mandi,Bajra,2024-12-30,2054,2265,2181
Uttar Pradesh,Kanpur Dehat,Akbarpur Mandi,Banana,2024-12-30,1021,1211,1132
Madhya Pradesh,Indore,Indore Mandi,Paddy(Dhan),2024-01-01,2133,2285,2202
Madhya Pradesh,Indore,Indore Mandi,Potato,2024-01-01,740,1063,898
Madhya Pradesh,Indore,Indore Mandi,Chilli,2024-01-01,10043,11921,11190
Madhya Pradesh,Indore,Indore Mandi,Groundnut,2024-01-01,5762,6650,6232
Madhya Pradesh,Indore,Indore Mandi,Sugarcane,2024-01-01,284,296,291
Madhya Pradesh,Indore,Indore Mandi,Paddy(Dhan),2024-01-05,1853,2033,1924
Madhya Pradesh,Indore,Indore Mandi,Onion,2024-01-05,1209,1997,1562
Madhya Pradesh,Indore,Indore Mandi,Potato,2024-01-05,696,993,842
Madhya Pradesh,Indore,Indore Mandi,Chilli,2024-01-05,9177,11962,10671
Madhya Pradesh,Indore,Indore Mandi,Groundnut,2024-01-05,5772,6523,6147
Madhya Pradesh,Indore,Indore Mandi,Sugarcane,2024-01-05,264,283,273
Madhya Pradesh,Indore,Indore Mandi,Paddy(Dhan),2024-01-09,1940,2177,2065
Madhya Pradesh,Indore,Indore Mandi,Onion,2024-01-09,1158,1999,1607
Madhya Pradesh,Indore,Indore Mandi,Potato,2024-01-09,730,1076,875
Madhya Pradesh,Indore,Indore Mandi,Chilli,2024-01-09,9572,12155,10615
Madhya Pradesh,Indore,Indore Mandi,Groundnut,2024-01-09,5202,5571,5420
Madhya Pradesh,Indore,Indore Mandi,Sugarcane,2024-01-09,261,279,270
Madhya Pradesh,Indore,Indore Mandi,Paddy(Dhan),2024-01-13,1933,2025,1972
Madhya Pradesh,Indore,Indore Mandi,Onion,2024-01-13,1012,1787,1411
Madhya Pradesh,Indore,Indore Mandi,Potato,2024-01-13,748,1022,864
Madhya Pradesh,Indore,Indore Mandi,Chilli,2024-01-13,10677,12400,11685
Madhya Pradesh,Indore,Indore Mandi,Groundnut,2024-01-13,5002,5801,5418
Madhya Pradesh,Indore,Indore Mandi,Sugarcane,2024-01-13,263,273,268
Madhya Pradesh,Indore,Indore Mandi,Paddy(Dhan),2024-01-17,1921,2015,1976
Madhya Pradesh,Indore,Indore Mandi,Onion,2024-01-17,1206,1627,1381
Madhya Pradesh,Indore,Indore Mandi,Chilli,2024-01-17,9315,12308,10713
Madhya Pradesh,Indore,Indore Mandi,Sugarcane,2024-01-17,275,300,288
Madhya Pradesh,Indore,Indore Mandi,Paddy(Dhan),2024-01-21,2128,2273,2189
Madhya Pradesh,Indore,Indore Mandi,Chilli,2024-01-21,9939,12014,10950
Madhya Pradesh,Indore,Indore Mandi,Groundnut,2024-01-21,5148,5858,5503
Madhya Pradesh,Indore,Indore Mandi,Paddy(Dhan),2024-01-25,2022,2146,2082
Madhya Pradesh,Indore,Indore Mandi,Onion,2024-01-25,1245,1659,1444
Madhya Pradesh,Indore,Indore Mandi,Potato,2024-01-25,802,1030,922
Madhya Pradesh,Indore,Indore Mandi,Chilli,2024-01-25,9947,13127,11423
Madhya Pradesh,Indore,Indore Mandi,Groundnut,2024-01-25,5083,5768,5440
Madhya Pradesh,Indore,Indore Mandi,Sugarcane,2024-01-25,282,298,289
Madhya Pradesh,Indore,Indore Mandi,Paddy(Dhan),2024-01-29,1965,2121,2052
Madhya Pradesh,Indore,Indore Mandi,Onion,2024-01-29,1059,2065,1590
Madhya Pradesh,Indore,Indore Mandi,Chilli,2024-01-29,11291,13198,12284
Madhya Pradesh,Indore,Indore Mandi,Groundnut,2024-01-29,5655,6235,5917
Madhya Pradesh,Indore,Indore Mandi,Sugarcane,2024-01-29,255,263,259
Madhya Pradesh,Indore,Indore Mandi,Paddy(Dhan),2024-02-02,1933,2079,2010
Madhya Pradesh,Indore,Indore Mandi,Onion,2024-02-02,1152,1982,1511
Madhya Pradesh,Indore,Indore Mandi,Groundnut,2024-02-02,5075,5895,5574
Madhya Pradesh,Indore,Indore Mandi,Sugarcane,2024-02-02,248,262,255
Madhya Pradesh,Indore,Indore Mandi,Paddy(Dhan),2024-02-06,1950,2180,2083
Madhya Pradesh,Indore,Indore Mandi,Onion,2024-02-06,1191,1971,1606
Madhya Pradesh,Indore,Indore Mandi,Potato,2024-02-06,765,1117,942
Madhya Pradesh,Indore,Indore Mandi,Chilli,2024-02-06,11104,14103,12302
Madhya Pradesh,Indore,Indore Mandi,Onion,2024-02-10,1123,1713,1439
Madhya Pradesh,Indore,Indore Mandi,Potato,2024-02-10,714,1069,918
Madhya Pradesh,Indore,Indore Mandi,Chilli,2024-02-10,9706,12163,10955
Madhya Pradesh,Indore,Indore Mandi,Groundnut,2024-02-10,5783,6263,6000
Madhya Pradesh,Indore,Indore Mandi,Sugarcane,2024-02-10,246,254,251
Madhya Pradesh,Indore,Indore Mandi,Paddy(Dhan),2024-02-14,1781,2030,1905
Madhya Pradesh,Indore,Indore Mandi,Onion,2024-02-14,1084,1852,1505
Madhya Pradesh,Indore,Indore Mandi,Potato,2024-02-14,766,1149,962
Madhya Pradesh,Indore,Indore Mandi,Chilli,2024-02-14,9868,12285,11253
Madhya Pradesh,Indore,Indore Mandi,Groundnut,2024-02-14,5921,6341,6117
Madhya Pradesh,Indore,Indore Mandi,Sugarcane,2024-02-14,281,295,289
Madhya Pradesh,Indore,Indore Mandi,Paddy(Dhan),2024-02-18,1791,2010,1909
Madhya Pradesh,Indore,Indore Mandi,Onion,2024-02-18,1176,1864,1514
Madhya Pradesh,Indore,Indore Mandi,Potato,2024-02-18,719,1049,862
Madhya Pradesh,Indore,Indore Mandi,Groundnut,2024-02-18,5495,5848,5702
Madhya Pradesh,Indore,Indore Mandi,Sugarcane,2024-02-18,283,299,289
Madhya Pradesh,Indore,Indore Mandi,Chilli,2024-02-22,9900,12914,11061
Madhya Pradesh,Indore,Indore Mandi,Sugarcane,2024-02-22,263,273,268
Madhya Pradesh,Indore,Indore Mandi,Paddy(Dhan),2024-02-26,1958,2082,2023
Madhya Pradesh,Indore,Indore Mandi,Onion,2024-02-26,1250,1601,1417
Madhya Pradesh,Indore,Indore Mandi,Groundnut,2024-02-26,5585,6247,5884
Madhya Pradesh,Indore,Indore Mandi,Sugarcane,2024-02-26,274,285,279
Madhya Pradesh,Indore,Indore Mandi,Paddy(Dhan),2024-03-01,1875,2019,1951
Madhya Pradesh,Indore,Indore Mandi,Onion,2024-03-01,1091,1368,1224
Madhya Pradesh,Indore,Indore Mandi,Potato,2024-03-01,756,1028,906
Madhya Pradesh,Indore,Indore Mandi,Sugarcane,2024-03-01,276,295,284
Madhya Pradesh,Indore,Indore Mandi,Paddy(Dhan),2024-03-05,2075,2231,2160
Madhya Pradesh,Indore,Indore Mandi,Onion,2024-03-05,1039,1678,1326
Madhya Pradesh,Indore,Indore Mandi,Potato,2024-03-05,842,1097,959
Madhya Pradesh,Indore,Indore Mandi,Chilli,2024-03-05,10803,13823,12235
Madhya Pradesh,Indore,Indore Mandi,Groundnut,2024-03-05,5516,6273,5951
Madhya Pradesh,Indore,Indore Mandi,Sugarcane,2024-03-05,243,258,250
Madhya Pradesh,Indore,Indore Mandi,Onion,2024-03-09,1026,1298,1162
Madhya Pradesh,Indore,Indore Mandi,Potato,2024-03-09,869,1039,956
Madhya Pradesh,Indore,Indore Mandi,Chilli,2024-03-09,10491,12186,11341
Madhya Pradesh,Indore,Indore Mandi,Sugarcane,2024-03-09,275,291,283
Madhya Pradesh,Indore,Indore Mandi,Groundnut,2024-03-13,5305,6311,5813
Madhya Pradesh,Indore,Indore Mandi,Paddy(Dhan),2024-03-17,2025,2148,2086
Madhya Pradesh,Indore,Indore Mandi,Potato,2024-03-17,775,1157,970
Madhya Pradesh,Indore,Indore Mandi,Chilli,2024-03-17,10258,13432,11590
Madhya Pradesh,Indore,Indore Mandi,Groundnut,2024-03-17,5682,6290,6045
Madhya Pradesh,Indore,Indore Mandi,Sugarcane,2024-03-17,266,281,272
Madhya Pradesh,Indore,Indore Mandi,Paddy(Dhan),2024-03-21,2114,2288,2204
Madhya Pradesh,Indore,Indore Mandi,Onion,2024-03-21,1022,1416,1207
Madhya Pradesh,Indore,Indore Mandi,Potato,2024-03-21,640,1022,842
Madhya Pradesh,Indore,Indore Mandi,Chilli,2024-03-21,11205,14201,12371
Madhya Pradesh,Indore,Indore Mandi,Sugarcane,2024-03-21,246,257,252
Madhya Pradesh,Indore,Indore Mandi,Onion,2024-03-25,985,1349,1142
Madhya Pradesh,Indore,Indore Mandi,Potato,2024-03-25,802,1056,960
Madhya Pradesh,Indore,Indore Mandi,Chilli,2024-03-25,10106,11796,11045
Madhya Pradesh,Indore,Indore Mandi,Groundnut,2024-03-25,5753,6292,6016
Madhya Pradesh,Indore,Indore Mandi,Sugarcane,2024-03-25,246,256,252
Madhya Pradesh,Indore,Indore Mandi,Paddy(Dhan),2024-03-29,2001,2166,2092
Madhya Pradesh,Indore,Indore Mandi,Onion,2024-03-29,983,1329,1158
Madhya Pradesh,Indore,Indore Mandi,Potato,2024-03-29,715,1122,916
Madhya Pradesh,Indore,Indore Mandi,Chilli,2024-03-29,10558,12157,11222
Madhya Pradesh,Indore,Indore Mandi,Groundnut,2024-03-29,5811,6256,6057
Madhya Pradesh,Indore,Indore Mandi,Onion,2024-04-02,1077,1457,1268
Madhya Pradesh,Indore,Indore Mandi,Potato,2024-04-02,945,1289,1121
Madhya Pradesh,Indore,Indore Mandi,Chilli,2024-04-02,12740,16296,14581
Madhya Pradesh,Indore,Indore Mandi,Sugarcane,2024-04-02,307,320,315
Madhya Pradesh,Indore,Indore Mandi,Chilli,2024-04-06,13849,15952,14735
Madhya Pradesh,Indore,Indore Mandi,Groundnut,2024-04-06,5669,6502,6165
Madhya Pradesh,Indore,Indore Mandi,Sugarcane,2024-04-06,330,351,340
Madhya Pradesh,Indore,Indore Mandi,Paddy(Dhan),2024-04-10,2029,2122,2075
Madhya Pradesh,Indore,Indore Mandi,Onion,2024-04-10,982,1450,1182
Madhya Pradesh,Indore,Indore Mandi,Groundnut,2024-04-10,5765,6347,6110
Madhya Pradesh,Indore,Indore Mandi,Paddy(Dhan),2024-04-14,2014,2163,2084
Madhya Pradesh,Indore,Indore Mandi,Onion,2024-04-14,1055,1408,1252
Madhya Pradesh,Indore,Indore Mandi,Potato,2024-04-14,959,1412,1174
Madhya Pradesh,Indore,Indore Mandi,Chilli,2024-04-14,12384,16329,14477
Madhya Pradesh,Indore,Indore Mandi,Groundnut,2024-04-14,5016,5842,5397
Madhya Pradesh,Indore,Indore Mandi,Sugarcane,2024-04-14,331,348,338
Madhya Pradesh,Indore,Indore Mandi,Paddy(Dhan),2024-04-18,2049,2247,2160
Madhya Pradesh,Indore,Indore Mandi,Onion,2024-04-18,890,1448,1202
Madhya Pradesh,Indore,Indore Mandi,Potato,2024-04-18,931,1173,1069
Madhya Pradesh,Indore,Indore Mandi,Chilli,2024-04-18,12468,15659,14012
Madhya Pradesh,Indore,Indore Mandi,Groundnut,2024-04-18,5498,5871,5692
Madhya Pradesh,Indore,Indore Mandi,Potato,2024-04-22,988,1269,1105
Madhya Pradesh,Indore,Indore Mandi,Chilli,2024-04-22,12847,15414,14112
Madhya Pradesh,Indore,Indore Mandi,Groundnut,2024-04-22,5212,6009,5658
Madhya Pradesh,Indore,Indore Mandi,Sugarcane,2024-04-22,340,358,349
Madhya Pradesh,Indore,Indore Mandi,Onion,2024-04-26,947,1463,1202
Madhya Pradesh,Indore,Indore Mandi,Potato,2024-04-26,1026,1300,1180
Madhya Pradesh,Indore,Indore Mandi,Chilli,2024-04-26,13374,16746,14961
Madhya Pradesh,Indore,Indore Mandi,Sugarcane,2024-04-26,329,346,337
Madhya Pradesh,Indore,Indore Mandi,Paddy(Dhan),2024-04-30,2071,2190,2125
Madhya Pradesh,Indore,Indore Mandi,Onion,2024-04-30,977,1509,1224
Madhya Pradesh,Indore,Indore Mandi,Potato,2024-04-30,923,1255,1081
Madhya Pradesh,Indore,Indore Mandi,Chilli,2024-04-30,13433,16497,14996
Madhya Pradesh,Indore,Indore Mandi,Groundnut,2024-04-30,5083,5694,5425
Madhya Pradesh,Indore,Indore Mandi,Sugarcane,2024-04-30,298,312,305
Madhya Pradesh,Indore,Indore Mandi,Paddy(Dhan),2024-05-04,1979,2104,2033
Madhya Pradesh,Indore,Indore Mandi,Onion,2024-05-04,1080,2002,1568
Madhya Pradesh,Indore,Indore Mandi,Chilli,2024-05-04,12067,15173,13784
Madhya Pradesh,Indore,Indore Mandi,Groundnut,2024-05-04,5660,6445,6068
Madhya Pradesh,Indore,Indore Mandi,Sugarcane,2024-05-04,305,320,313
Madhya Pradesh,Indore,Indore Mandi,Paddy(Dhan),2024-05-08,2016,2151,2086
Madhya Pradesh,Indore,Indore Mandi,Onion,2024-05-08,1033,1976,1496
Madhya Pradesh,Indore,Indore Mandi,Potato,2024-05-08,923,1302,1089
Madhya Pradesh,Indore,Indore Mandi,Chilli,2024-05-08,13184,17698,15068
Madhya Pradesh,Indore,Indore Mandi,Groundnut,2024-05-08,5528,5907,5715
Madhya Pradesh,Indore,Indore Mandi,Paddy(Dhan),2024-05-12,1888,1959,1922
Madhya Pradesh,Indore,Indore Mandi,Chilli,2024-05-12,11999,15412,13688
Madhya Pradesh,Indore,Indore Mandi,Paddy(Dhan),2024-05-16,1980,2199,2067
Madhya Pradesh,Indore,Indore Mandi,Onion,2024-05-16,1004,1685,1384
Madhya Pradesh,Indore,Indore Mandi,Potato,2024-05-16,970,1400,1186
Madhya Pradesh,Indore,Indore Mandi,Chilli,2024-05-16,13838,16724,15094
Madhya Pradesh,Indore,Indore Mandi,Groundnut,2024-05-16,5866,6531,6206
Madhya Pradesh,Indore,Indore Mandi,Sugarcane,2024-05-16,297,312,305
Madhya Pradesh,Indore,Indore Mandi,Paddy(Dhan),2024-05-20,2093,2297,2189
Madhya Pradesh,Indore,Indore Mandi,Onion,2024-05-20,1138,1673,1395
Madhya Pradesh,Indore,Indore Mandi,Potato,2024-05-20,894,1141,1018
Madhya Pradesh,Indore,Indore Mandi,Chilli,2024-05-20,13757,16095,14914
Madhya Pradesh,Indore,Indore Mandi,Groundnut,2024-05-20,5149,5827,5529
Madhya Pradesh,Indore,Indore Mandi,Sugarcane,2024-05-20,328,358,342
Madhya Pradesh,Indore,Indore Mandi,Onion,2024-05-24,1232,1673,1467
Madhya Pradesh,Indore,Indore Mandi,Chilli,2024-05-24,12351,14665,13543
Madhya Pradesh,Indore,Indore Mandi,Sugarcane,2024-05-24,307,322,314
Madhya Pradesh,Indore,Indore Mandi,Onion,2024-05-28,1251,1681,1477
Madhya Pradesh,Indore,Indore Mandi,Potato,2024-05-28,858,1334,1058
Madhya Pradesh,Indore,Indore Mandi,Chilli,2024-05-28,13439,15625,14537
Madhya Pradesh,Indore,Indore Mandi,Groundnut,2024-05-28,5701,6170,5944
Madhya Pradesh,Indore,Indore Mandi,Sugarcane,2024-05-28,327,351,337
Madhya Pradesh,Indore,Indore Mandi,Onion,2024-06-01,1352,1838,1561
Madhya Pradesh,Indore,Indore Mandi,Potato,2024-06-01,894,1238,1035
Madhya Pradesh,Indore,Indore Mandi,Chilli,2024-06-01,13199,16139,14638
Madhya Pradesh,Indore,Indore Mandi,Groundnut,2024-06-01,4908,5841,5402
Madhya Pradesh,Indore,Indore Mandi,Sugarcane,2024-06-01,312,322,317
Madhya Pradesh,Indore,Indore Mandi,Paddy(Dhan),2024-06-05,1994,2142,2071
Madhya Pradesh,Indore,Indore Mandi,Onion,2024-06-05,1256,1972,1551
Madhya Pradesh,Indore,Indore Mandi,Potato,2024-06-05,987,1236,1124
Madhya Pradesh,Indore,Indore Mandi,Groundnut,2024-06-05,5396,5910,5696
Madhya Pradesh,Indore,Indore Mandi,Sugarcane,2024-06-05,314,326,320
Madhya Pradesh,Indore,Indore Mandi,Paddy(Dhan),2024-06-09,2100,2243,2161
Madhya Pradesh,Indore,Indore Mandi,Onion,2024-06-09,1159,1716,1390
Madhya Pradesh,Indore,Indore Mandi,Potato,2024-06-09,949,1228,1077
Madhya Pradesh,Indore,Indore Mandi,Groundnut,2024-06-09,5502,6217,5793
Madhya Pradesh,Indore,Indore Mandi,Sugarcane,2024-06-09,309,328,320
Madhya Pradesh,Indore,Indore Mandi,Paddy(Dhan),2024-06-13,2035,2239,2116
Madhya Pradesh,Indore,Indore Mandi,Onion,2024-06-13,1239,1563,1428
Madhya Pradesh,Indore,Indore Mandi,Chilli,2024-06-13,12085,15010,13695
Madhya Pradesh,Indore,Indore Mandi,Groundnut,2024-06-13,5627,6067,5808
Madhya Pradesh,Indore,Indore Mandi,Sugarcane,2024-06-13,345,362,354
Madhya Pradesh,Indore,Indore Mandi,Paddy(Dhan),2024-06-17,1946,2161,2050
Madhya Pradesh,Indore,Indore Mandi,Onion,2024-06-17,1103,1741,1424
Madhya Pradesh,Indore,Indore Mandi,Groundnut,2024-06-17,4998,5851,5466
Madhya Pradesh,Indore,Indore Mandi,Sugarcane,2024-06-17,307,324,317
Madhya Pradesh,Indore,Indore Mandi,Paddy(Dhan),2024-06-21,1950,2109,2031
Madhya Pradesh,Indore,Indore Mandi,Onion,2024-06-21,1059,1784,1483
Madhya Pradesh,Indore,Indore Mandi,Potato,2024-06-21,926,1266,1115
Madhya Pradesh,Indore,Indore Mandi,Chilli,2024-06-21,12888,17211,15073
Madhya Pradesh,Indore,Indore Mandi,Sugarcane,2024-06-21,313,328,322
Madhya Pradesh,Indore,Indore Mandi,Potato,2024-06-25,967,1238,1090
Madhya Pradesh,Indore,Indore Mandi,Groundnut,2024-06-25,5321,5736,5552
Madhya Pradesh,Indore,Indore Mandi,Sugarcane,2024-06-25,338,355,347
Madhya Pradesh,Indore,Indore Mandi,Paddy(Dhan),2024-06-29,1996,2224,2115
Madhya Pradesh,Indore,Indore Mandi,Onion,2024-06-29,1252,1709,1495
Madhya Pradesh,Indore,Indore Mandi,Potato,2024-06-29,883,1158,1047
Madhya Pradesh,Indore,Indore Mandi,Chilli,2024-06-29,12861,15403,14171
Madhya Pradesh,Indore,Indore Mandi,Groundnut,2024-06-29,5426,5922,5702
Madhya Pradesh,Indore,Indore Mandi,Sugarcane,2024-06-29,326,350,340
Madhya Pradesh,Indore,Indore Mandi,Paddy(Dhan),2024-07-03,1864,1953,1917
Madhya Pradesh,Indore,Indore Mandi,Onion,2024-07-03,1079,1776,1427
Madhya Pradesh,Indore,Indore Mandi,Potato,2024-07-03,844,1360,1104
Madhya Pradesh,Indore,Indore Mandi,Chilli,2024-07-03,11414,15069,13419
Madhya Pradesh,Indore,Indore Mandi,Groundnut,2024-07-03,5906,6218,6056
Madhya Pradesh,Indore,Indore Mandi,Chilli,2024-07-07,11879,16379,14001
Madhya Pradesh,Indore,Indore Mandi,Groundnut,2024-07-07,5991,6511,6261
Madhya Pradesh,Indore,Indore Mandi,Sugarcane,2024-07-07,298,310,304
Madhya Pradesh,Indore,Indore Mandi,Paddy(Dhan),2024-07-11,1862,2058,1950
Madhya Pradesh,Indore,Indore Mandi,Potato,2024-07-11,820,1238,1061
Madhya Pradesh,Indore,Indore Mandi,Groundnut,2024-07-11,5463,6388,5947
Madhya Pradesh,Indore,Indore Mandi,Sugarcane,2024-07-11,315,327,322
Madhya Pradesh,Indore,Indore Mandi,Paddy(Dhan),2024-07-15,1961,2078,2029
Madhya Pradesh,Indore,Indore Mandi,Onion,2024-07-15,1127,1703,1407
Madhya Pradesh,Indore,Indore Mandi,Potato,2024-07-15,905,1273,1095
Madhya Pradesh,Indore,Indore Mandi,Sugarcane,2024-07-15,301,320,311
Madhya Pradesh,Indore,Indore Mandi,Paddy(Dhan),2024-07-19,2032,2295,2165
Madhya Pradesh,Indore,Indore Mandi,Onion,2024-07-19,1077,1784,1434
Madhya Pradesh,Indore,Indore Mandi,Potato,2024-07-19,962,1327,1151
Madhya Pradesh,Indore,Indore Mandi,Chilli,2024-07-19,11890,16433,14540
Madhya Pradesh,Indore,Indore Mandi,Sugarcane,2024-07-19,316,330,322
Madhya Pradesh,Indore,Indore Mandi,Paddy(Dhan),2024-07-23,1880,2019,1955
Madhya Pradesh,Indore,Indore Mandi,Onion,2024-07-23,1088,1995,1537
Madhya Pradesh,Indore,Indore Mandi,Potato,2024-07-23,889,1260,1060
Madhya Pradesh,Indore,Indore Mandi,Chilli,2024-07-23,12867,15450,14215
Madhya Pradesh,Indore,Indore Mandi,Groundnut,2024-07-23,5686,6062,5859
Madhya Pradesh,Indore,Indore Mandi,Sugarcane,2024-07-23,338,352,345
Madhya Pradesh,Indore,Indore Mandi,Paddy(Dhan),2024-07-27,2104,2243,2169
Madhya Pradesh,Indore,Indore Mandi,Potato,2024-07-27,1011,1342,1173
Madhya Pradesh,Indore,Indore Mandi,Chilli,2024-07-27,12277,16610,14462
Madhya Pradesh,Indore,Indore Mandi,Groundnut,2024-07-27,5705,6218,5917
Madhya Pradesh,Indore,Indore Mandi,Sugarcane,2024-07-27,309,329,319
Madhya Pradesh,Indore,Indore Mandi,Paddy(Dhan),2024-07-31,2014,2253,2139
Madhya Pradesh,Indore,Indore Mandi,Onion,2024-07-31,1212,1736,1479
Madhya Pradesh,Indore,Indore Mandi,Potato,2024-07-31,812,1201,1017
Madhya Pradesh,Indore,Indore Mandi,Sugarcane,2024-07-31,301,318,309
Madhya Pradesh,Indore,Indore Mandi,Onion,2024-08-04,1256,1693,1465
Madhya Pradesh,Indore,Indore Mandi,Potato,2024-08-04,1025,1329,1173
Madhya Pradesh,Indore,Indore Mandi,Chilli,2024-08-04,11815,13909,12895
Madhya Pradesh,Indore,Indore Mandi,Groundnut,2024-08-04,5637,6531,6169
Madhya Pradesh,Indore,Indore Mandi,Sugarcane,2024-08-04,338,352,343
Madhya Pradesh,Indore,Indore Mandi,Potato,2024-08-08,899,1275,1051
Madhya Pradesh,Indore,Indore Mandi,Chilli,2024-08-08,13995,16587,15054
Madhya Pradesh,Indore,Indore Mandi,Groundnut,2024-08-08,5820,6397,6129
Madhya Pradesh,Indore,Indore Mandi,Sugarcane,2024-08-08,344,368,356
Madhya Pradesh,Indore,Indore Mandi,Onion,2024-08-12,982,1655,1381
Madhya Pradesh,Indore,Indore Mandi,Potato,2024-08-12,992,1184,1086
Madhya Pradesh,Indore,Indore Mandi,Chilli,2024-08-12,11773,15250,13420
Madhya Pradesh,Indore,Indore Mandi,Paddy(Dhan),2024-08-16,2151,2259,2200
Madhya Pradesh,Indore,Indore Mandi,Groundnut,2024-08-16,5045,5975,5522
Madhya Pradesh,Indore,Indore Mandi,Paddy(Dhan),2024-08-20,1899,2087,2003
Madhya Pradesh,Indore,Indore Mandi,Groundnut,2024-08-20,5828,6660,6182
Madhya Pradesh,Indore,Indore Mandi,Sugarcane,2024-08-20,342,365,352
Madhya Pradesh,Indore,Indore Mandi,Paddy(Dhan),2024-08-24,2099,2205,2161
Madhya Pradesh,Indore,Indore Mandi,Onion,2024-08-24,1145,1634,1407
Madhya Pradesh,Indore,Indore Mandi,Onion,2024-08-28,1189,1712,1484
Madhya Pradesh,Indore,Indore Mandi,Potato,2024-08-28,885,1174,1027
Madhya Pradesh,Indore,Indore Mandi,Chilli,2024-08-28,12561,14601,13611
Madhya Pradesh,Indore,Indore Mandi,Sugarcane,2024-08-28,303,321,311
Madhya Pradesh,Indore,Indore Mandi,Potato,2024-09-01,863,1213,1042
Madhya Pradesh,Indore,Indore Mandi,Groundnut,2024-09-01,5607,6328,5990
Madhya Pradesh,Indore,Indore Mandi,Sugarcane,2024-09-01,301,311,307
Madhya Pradesh,Indore,Indore Mandi,Paddy(Dhan),2024-09-05,1809,1953,1888
Madhya Pradesh,Indore,Indore Mandi,Onion,2024-09-05,1187,2049,1607
Madhya Pradesh,Indore,Indore Mandi,Chilli,2024-09-05,11626,14455,13161
Madhya Pradesh,Indore,Indore Mandi,Sugarcane,2024-09-05,324,349,338
Madhya Pradesh,Indore,Indore Mandi,Paddy(Dhan),2024-09-09,1885,2068,1978
Madhya Pradesh,Indore,Indore Mandi,Onion,2024-09-09,1255,1725,1451
Madhya Pradesh,Indore,Indore Mandi,Potato,2024-09-09,925,1183,1043
Madhya Pradesh,Indore,Indore Mandi,Chilli,2024-09-09,12449,14594,13416
Madhya Pradesh,Indore,Indore Mandi,Sugarcane,2024-09-09,302,320,310
Madhya Pradesh,Indore,Indore Mandi,Paddy(Dhan),2024-09-13,1992,2193,2086
Madhya Pradesh,Indore,Indore Mandi,Groundnut,2024-09-13,5521,6176,5876
Madhya Pradesh,Indore,Indore Mandi,Sugarcane,2024-09-13,326,339,333
Madhya Pradesh,Indore,Indore Mandi,Paddy(Dhan),2024-09-17,2111,2280,2194
Madhya Pradesh,Indore,Indore Mandi,Potato,2024-09-17,906,1408,1128
Madhya Pradesh,Indore,Indore Mandi,Chilli,2024-09-17,11772,14671,13375
Madhya Pradesh,Indore,Indore Mandi,Groundnut,2024-09-17,5115,5595,5375
Madhya Pradesh,Indore,Indore Mandi,Sugarcane,2024-09-17,317,333,326
Madhya Pradesh,Indore,Indore Mandi,Paddy(Dhan),2024-09-21,2134,2243,2177
Madhya Pradesh,Indore,Indore Mandi,Potato,2024-09-21,994,1384,1144
Madhya Pradesh,Indore,Indore Mandi,Groundnut,2024-09-21,5662,6419,6052
Madhya Pradesh,Indore,Indore Mandi,Sugarcane,2024-09-21,308,319,314
Madhya Pradesh,Indore,Indore Mandi,Paddy(Dhan),2024-09-25,1982,2131,2056
Madhya Pradesh,Indore,Indore Mandi,Onion,2024-09-25,1091,1775,1423
Madhya Pradesh,Indore,Indore Mandi,Potato,2024-09-25,938,1252,1103
Madhya Pradesh,Indore,Indore Mandi,Chilli,2024-09-25,13981,15994,15105
Madhya Pradesh,Indore,Indore Mandi,Groundnut,2024-09-25,5319,5771,5548
Madhya Pradesh,Indore,Indore Mandi,Sugarcane,2024-09-25,321,339,332
Madhya Pradesh,Indore,Indore Mandi,Onion,2024-09-29,1333,1761,1533
Madhya Pradesh,Indore,Indore Mandi,Potato,2024-09-29,973,1411,1161
Madhya Pradesh,Indore,Indore Mandi,Groundnut,2024-09-29,5655,6312,5975
Madhya Pradesh,Indore,Indore Mandi,Sugarcane,2024-09-29,318,332,325
Madhya Pradesh,Indore,Indore Mandi,Paddy(Dhan),2024-10-03,1721,1856,1786
Madhya Pradesh,Indore,Indore Mandi,Chilli,2024-10-03,11763,15181,13542
Madhya Pradesh,Indore,Indore Mandi,Sugarcane,2024-10-03,329,351,340
Madhya Pradesh,Indore,Indore Mandi,Paddy(Dhan),2024-10-07,1621,1740,1685
Madhya Pradesh,Indore,Indore Mandi,Chilli,2024-10-07,12416,16857,14600
Madhya Pradesh,Indore,Indore Mandi,Groundnut,2024-10-07,4716,5250,4974
Madhya Pradesh,Indore,Indore Mandi,Paddy(Dhan),2024-10-11,1634,1807,1723
Madhya Pradesh,Indore,Indore Mandi,Potato,2024-10-11,994,1264,1108
Madhya Pradesh,Indore,Indore Mandi,Chilli,2024-10-11,11739,14713,13168
Madhya Pradesh,Indore,Indore Mandi,Paddy(Dhan),2024-10-15,1721,1792,1753
Madhya Pradesh,Indore,Indore Mandi,Onion,2024-10-15,1205,1968,1594
Madhya Pradesh,Indore,Indore Mandi,Potato,2024-10-15,1045,1312,1186
Madhya Pradesh,Indore,Indore Mandi,Groundnut,2024-10-15,4710,5162,4921
Madhya Pradesh,Indore,Indore Mandi,Paddy(Dhan),2024-10-19,1637,1744,1698
Madhya Pradesh,Indore,Indore Mandi,Onion,2024-10-19,1284,1763,1534
Madhya Pradesh,Indore,Indore Mandi,Potato,2024-10-19,925,1194,1070
Madhya Pradesh,Indore,Indore Mandi,Paddy(Dhan),2024-10-23,1593,1671,1637
Madhya Pradesh,Indore,Indore Mandi,Onion,2024-10-23,1082,1748,1406
Madhya Pradesh,Indore,Indore Mandi,Potato,2024-10-23,1037,1321,1187
Madhya Pradesh,Indore,Indore Mandi,Groundnut,2024-10-23,4468,5167,4800
Madhya Pradesh,Indore,Indore Mandi,Sugarcane,2024-10-23,323,339,332
Madhya Pradesh,Indore,Indore Mandi,Paddy(Dhan),2024-10-27,1691,1860,1784
Madhya Pradesh,Indore,Indore Mandi,Potato,2024-10-27,895,1271,1082
Madhya Pradesh,Indore,Indore Mandi,Chilli,2024-10-27,11815,14674,13417
Madhya Pradesh,Indore,Indore Mandi,Sugarcane,2024-10-27,329,354,341
Madhya Pradesh,Indore,Indore Mandi,Paddy(Dhan),2024-10-31,1658,1798,1721
Madhya Pradesh,Indore,Indore Mandi,Onion,2024-10-31,1191,1836,1506
Madhya Pradesh,Indore,Indore Mandi,Potato,2024-10-31,1033,1252,1137
Madhya Pradesh,Indore,Indore Mandi,Sugarcane,2024-10-31,293,317,305
Madhya Pradesh,Indore,Indore Mandi,Paddy(Dhan),2024-11-04,1544,1673,1606
Madhya Pradesh,Indore,Indore Mandi,Onion,2024-11-04,1103,1513,1265
Madhya Pradesh,Indore,Indore Mandi,Potato,2024-11-04,1040,1381,1174
Madhya Pradesh,Indore,Indore Mandi,Groundnut,2024-11-04,4589,5089,4844
Madhya Pradesh,Indore,Indore Mandi,Sugarcane,2024-11-04,283,292,287
Madhya Pradesh,Indore,Indore Mandi,Paddy(Dhan),2024-11-08,1528,1635,1577
Madhya Pradesh,Indore,Indore Mandi,Onion,2024-11-08,880,1550,1200
Madhya Pradesh,Indore,Indore Mandi,Potato,2024-11-08,1048,1277,1183
Madhya Pradesh,Indore,Indore Mandi,Chilli,2024-11-08,12161,15655,13883
Madhya Pradesh,Indore,Indore Mandi,Groundnut,2024-11-08,4581,4910,4770
Madhya Pradesh,Indore,Indore Mandi,Paddy(Dhan),2024-11-12,1513,1632,1566
Madhya Pradesh,Indore,Indore Mandi,Onion,2024-11-12,912,1535,1229
Madhya Pradesh,Indore,Indore Mandi,Chilli,2024-11-12,12512,14233,13450
Madhya Pradesh,Indore,Indore Mandi,Groundnut,2024-11-12,4233,4996,4619
Madhya Pradesh,Indore,Indore Mandi,Sugarcane,2024-11-12,268,280,273
Madhya Pradesh,Indore,Indore Mandi,Onion,2024-11-16,963,1547,1293
Madhya Pradesh,Indore,Indore Mandi,Potato,2024-11-16,933,1189,1051
Madhya Pradesh,Indore,Indore Mandi,Chilli,2024-11-16,12400,14448,13402
Madhya Pradesh,Indore,Indore Mandi,Paddy(Dhan),2024-11-20,1569,1686,1618
Madhya Pradesh,Indore,Indore Mandi,Onion,2024-11-20,857,1406,1144
Madhya Pradesh,Indore,Indore Mandi,Potato,2024-11-20,904,1298,1103
Madhya Pradesh,Indore,Indore Mandi,Chilli,2024-11-20,13027,16062,14523
Madhya Pradesh,Indore,Indore Mandi,Groundnut,2024-11-20,4835,5224,5034
Madhya Pradesh,Indore,Indore Mandi,Sugarcane,2024-11-20,248,267,259
Madhya Pradesh,Indore,Indore Mandi,Onion,2024-11-24,1041,1589,1290
Madhya Pradesh,Indore,Indore Mandi,Chilli,2024-11-24,11475,14685,12961
Madhya Pradesh,Indore,Indore Mandi,Groundnut,2024-11-24,4490,5163,4816
Madhya Pradesh,Indore,Indore Mandi,Paddy(Dhan),2024-11-28,1550,1671,1600
Madhya Pradesh,Indore,Indore Mandi,Onion,2024-11-28,1161,1520,1297
Madhya Pradesh,Indore,Indore Mandi,Groundnut,2024-11-28,4732,5441,5069
Madhya Pradesh,Indore,Indore Mandi,Sugarcane,2024-11-28,280,299,291
Madhya Pradesh,Indore,Indore Mandi,Paddy(Dhan),2024-12-02,1682,1800,1751
Madhya Pradesh,Indore,Indore Mandi,Onion,2024-12-02,996,1310,1163
Madhya Pradesh,Indore,Indore Mandi,Potato,2024-12-02,1024,1448,1186
Madhya Pradesh,Indore,Indore Mandi,Chilli,2024-12-02,13243,16580,14779
Madhya Pradesh,Indore,Indore Mandi,Groundnut,2024-12-02,5336,5944,5667
Madhya Pradesh,Indore,Indore Mandi,Sugarcane,2024-12-02,253,273,262
Madhya Pradesh,Indore,Indore Mandi,Paddy(Dhan),2024-12-06,1517,1635,1579
Madhya Pradesh,Indore,Indore Mandi,Onion,2024-12-06,1062,1548,1297
Madhya Pradesh,Indore,Indore Mandi,Potato,2024-12-06,921,1312,1135
Madhya Pradesh,Indore,Indore Mandi,Chilli,2024-12-06,13445,15774,14623
Madhya Pradesh,Indore,Indore Mandi,Groundnut,2024-12-06,5106,5813,5433
Madhya Pradesh,Indore,Indore Mandi,Sugarcane,2024-12-06,282,299,291
Madhya Pradesh,Indore,Indore Mandi,Paddy(Dhan),2024-12-10,1637,1819,1727
Madhya Pradesh,Indore,Indore Mandi,Onion,2024-12-10,941,1665,1323
Madhya Pradesh,Indore,Indore Mandi,Potato,2024-12-10,905,1217,1050
Madhya Pradesh,Indore,Indore Mandi,Chilli,2024-12-10,12834,16697,14469
Madhya Pradesh,Indore,Indore Mandi,Sugarcane,2024-12-10,278,287,283
Madhya Pradesh,Indore,Indore Mandi,Onion,2024-12-14,1112,1448,1242
Madhya Pradesh,Indore,Indore Mandi,Potato,2024-12-14,921,1441,1173
Madhya Pradesh,Indore,Indore Mandi,Chilli,2024-12-14,10757,15298,13020
Madhya Pradesh,Indore,Indore Mandi,Groundnut,2024-12-14,5160,5652,5445
Madhya Pradesh,Indore,Indore Mandi,Sugarcane,2024-12-14,266,278,273
Madhya Pradesh,Indore,Indore Mandi,Paddy(Dhan),2024-12-18,1616,1792,1693
Madhya Pradesh,Indore,Indore Mandi,Potato,2024-12-18,911,1362,1185
Madhya Pradesh,Indore,Indore Mandi,Chilli,2024-12-18,12959,16106,14275
Madhya Pradesh,Indore,Indore Mandi,Groundnut,2024-12-18,5098,5736,5421
Madhya Pradesh,Indore,Indore Mandi,Sugarcane,2024-12-18,249,272,260
Madhya Pradesh,Indore,Indore Mandi,Groundnut,2024-12-22,5660,6370,6083
Madhya Pradesh,Indore,Indore Mandi,Sugarcane,2024-12-22,267,282,273
Madhya Pradesh,Indore,Indore Mandi,Onion,2024-12-26,968,1492,1239
Madhya Pradesh,Indore,Indore Mandi,Potato,2024-12-26,1016,1324,1185
Madhya Pradesh,Indore,Indore Mandi,Chilli,2024-12-26,12744,16247,14728
Madhya Pradesh,Indore,Indore Mandi,Groundnut,2024-12-26,5174,5583,5372
Madhya Pradesh,Indore,Indore Mandi,Sugarcane,2024-12-26,265,285,274
Madhya Pradesh,Indore,Indore Mandi,Paddy(Dhan),2024-12-30,1538,1721,1629
Madhya Pradesh,Indore,Indore Mandi,Potato,2024-12-30,859,1376,1119
Madhya Pradesh,Indore,Indore Mandi,Chilli,2024-12-30,13603,16297,14901
Madhya Pradesh,Indore,Indore Mandi,Groundnut,2024-12-30,5660,6139,5865
Madhya Pradesh,Indore,Indore Mandi,Sugarcane,2024-12-30,277,287,282
Madhya Pradesh,Bhopal,Berasia Mandi,Cotton,2024-01-01,4814,5589,5225
Madhya Pradesh,Bhopal,Berasia Mandi,Gram(Chana),2024-01-01,4684,5336,5007
Madhya Pradesh,Bhopal,Berasia Mandi,Wheat,2024-01-01,2073,2253,2168
Madhya Pradesh,Bhopal,Berasia Mandi,Chilli,2024-01-01,10202,13570,12119
Madhya Pradesh,Bhopal,Berasia Mandi,Cotton,2024-01-05,4995,5539,5240
Madhya Pradesh,Bhopal,Berasia Mandi,Mango,2024-01-05,2804,3446,3198
Madhya Pradesh,Bhopal,Berasia Mandi,Groundnut,2024-01-05,5856,6529,6151
Madhya Pradesh,Bhopal,Berasia Mandi,Wheat,2024-01-05,2231,2363,2301
Madhya Pradesh,Bhopal,Berasia Mandi,Chilli,2024-01-05,10016,12466,11012
Madhya Pradesh,Bhopal,Berasia Mandi,Cotton,2024-01-09,5247,5683,5474
Madhya Pradesh,Bhopal,Berasia Mandi,Mango,2024-01-09,2427,3521,3004
Madhya Pradesh,Bhopal,Berasia Mandi,Maize,2024-01-09,1908,2069,1990
Madhya Pradesh,Bhopal,Berasia Mandi,Gram(Chana),2024-01-09,4683,5047,4873
Madhya Pradesh,Bhopal,Berasia Mandi,Jowar,2024-01-09,2361,2634,2497
Madhya Pradesh,Bhopal,Berasia Mandi,Chilli,2024-01-09,10725,14191,12189
Madhya Pradesh,Bhopal,Berasia Mandi,Cotton,2024-01-13,5235,5617,5411
Madhya Pradesh,Bhopal,Berasia Mandi,Mango,2024-01-13,2910,3754,3310
Madhya Pradesh,Bhopal,Berasia Mandi,Maize,2024-01-13,1819,1955,1882
Madhya Pradesh,Bhopal,Berasia Mandi,Gram(Chana),2024-01-13,4614,4875,4748
Madhya Pradesh,Bhopal,Berasia Mandi,Wheat,2024-01-13,2198,2376,2300
Madhya Pradesh,Bhopal,Berasia Mandi,Chilli,2024-01-13,10884,13424,12322
Madhya Pradesh,Bhopal,Berasia Mandi,Cotton,2024-01-17,5567,6065,5831
Madhya Pradesh,Bhopal,Berasia Mandi,Gram(Chana),2024-01-17,4811,5254,5035
Madhya Pradesh,Bhopal,Berasia Mandi,Jowar,2024-01-17,2494,2778,2607
Madhya Pradesh,Bhopal,Berasia Mandi,Groundnut,2024-01-17,5215,5565,5397
Madhya Pradesh,Bhopal,Berasia Mandi,Wheat,2024-01-17,2036,2169,2100
Madhya Pradesh,Bhopal,Berasia Mandi,Chilli,2024-01-17,9261,12339,11196
Madhya Pradesh,Bhopal,Berasia Mandi,Cotton,2024-01-21,4893,5443,5205
Madhya Pradesh,Bhopal,Berasia Mandi,Mango,2024-01-21,2696,3821,3222
Madhya Pradesh,Bhopal,Berasia Mandi,Maize,2024-01-21,1791,2014,1894
Madhya Pradesh,Bhopal,Berasia Mandi,Gram(Chana),2024-01-21,4651,5300,5008
Madhya Pradesh,Bhopal,Berasia Mandi,Jowar,2024-01-21,2387,2585,2486
Madhya Pradesh,Bhopal,Berasia Mandi,Groundnut,2024-01-21,5496,6003,5748
Madhya Pradesh,Bhopal,Berasia Mandi,Wheat,2024-01-21,2170,2275,2222
Madhya Pradesh,Bhopal,Berasia Mandi,Chilli,2024-01-21,10684,13104,11979
Madhya Pradesh,Bhopal,Berasia Mandi,Mango,2024-01-25,2792,3500,3124
Madhya Pradesh,Bhopal,Berasia Mandi,Maize,2024-01-25,1779,1935,1868
Madhya Pradesh,Bhopal,Berasia Mandi,Gram(Chana),2024-01-25,4469,4966,4665
Madhya Pradesh,Bhopal,Berasia Mandi,Jowar,2024-01-25,2586,2715,2663
Madhya Pradesh,Bhopal,Berasia Mandi,Groundnut,2024-01-25,5657,6336,5961
Madhya Pradesh,Bhopal,Berasia Mandi,Mango,2024-01-29,2766,3872,3450
Madhya Pradesh,Bhopal,Berasia Mandi,Maize,2024-01-29,1824,2017,1916
Madhya Pradesh,Bhopal,Berasia Mandi,Groundnut,2024-01-29,5754,6287,5982
Madhya Pradesh,Bhopal,Berasia Mandi,Wheat,2024-01-29,2092,2228,2152
Madhya Pradesh,Bhopal,Berasia Mandi,Chilli,2024-01-29,9785,11887,10867
Madhya Pradesh,Bhopal,Berasia Mandi,Cotton,2024-02-02,6036,7062,6577
Madhya Pradesh,Bhopal,Berasia Mandi,Mango,2024-02-02,2855,3566,3182
Madhya Pradesh,Bhopal,Berasia Mandi,Maize,2024-02-02,1902,2007,1948
Madhya Pradesh,Bhopal,Berasia Mandi,Gram(Chana),2024-02-02,4478,4787,4611
Madhya Pradesh,Bhopal,Berasia Mandi,Jowar,2024-02-02,2296,2499,2407
Madhya Pradesh,Bhopal,Berasia Mandi,Groundnut,2024-02-02,5797,6214,6010
Madhya Pradesh,Bhopal,Berasia Mandi,Wheat,2024-02-02,1880,2106,1995
Madhya Pradesh,Bhopal,Berasia Mandi,Cotton,2024-02-06,7031,7713,7335
Madhya Pradesh,Bhopal,Berasia Mandi,Gram(Chana),2024-02-06,5109,5485,5313
Madhya Pradesh,Bhopal,Berasia Mandi,Jowar,2024-02-06,2407,2615,2512
Madhya Pradesh,Bhopal,Berasia Mandi,Groundnut,2024-02-06,5321,5916,5604
Madhya Pradesh,Bhopal,Berasia Mandi,Chilli,2024-02-06,10827,12218,11580
Madhya Pradesh,Bhopal,Berasia Mandi,Cotton,2024-02-10,6155,7213,6711
Madhya Pradesh,Bhopal,Berasia Mandi,Mango,2024-02-10,2498,3445,3040
Madhya Pradesh,Bhopal,Berasia Mandi,Maize,2024-02-10,1863,1994,1935
Madhya Pradesh,Bhopal,Berasia Mandi,Gram(Chana),2024-02-10,4542,5181,4883
Madhya Pradesh,Bhopal,Berasia Mandi,Groundnut,2024-02-10,5213,5752,5521
Madhya Pradesh,Bhopal,Berasia Mandi,Chilli,2024-02-10,9016,11840,10614
Madhya Pradesh,Bhopal,Berasia Mandi,Cotton,2024-02-14,6460,6957,6650
Madhya Pradesh,Bhopal,Berasia Mandi,Mango,2024-02-14,2767,4011,3380
Madhya Pradesh,Bhopal,Berasia Mandi,Jowar,2024-02-14,2395,2564,2473
Madhya Pradesh,Bhopal,Berasia Mandi,Groundnut,2024-02-14,5866,6712,6263
Madhya Pradesh,Bhopal,Berasia Mandi,Wheat,2024-02-14,2223,2301,2260
Madhya Pradesh,Bhopal,Berasia Mandi,Chilli,2024-02-14,10620,12713,11484
Madhya Pradesh,Bhopal,Berasia Mandi,Cotton,2024-02-18,6061,6745,6418
Madhya Pradesh,Bhopal,Berasia Mandi,Mango,2024-02-18,2584,3470,3020
Madhya Pradesh,Bhopal,Berasia Mandi,Maize,2024-02-18,1781,1965,1884
Madhya Pradesh,Bhopal,Berasia Mandi,Gram(Chana),2024-02-18,4689,4954,4828
Madhya Pradesh,Bhopal,Berasia Mandi,Jowar,2024-02-18,2618,2931,2790
Madhya Pradesh,Bhopal,Berasia Mandi,Groundnut,2024-02-18,5894,6327,6117
Madhya Pradesh,Bhopal,Berasia Mandi,Wheat,2024-02-18,2183,2270,2227
Madhya Pradesh,Bhopal,Berasia Mandi,Cotton,2024-02-22,6676,7589,7207
Madhya Pradesh,Bhopal,Berasia Mandi,Mango,2024-02-22,2944,3949,3401
Madhya Pradesh,Bhopal,Berasia Mandi,Jowar,2024-02-22,2659,2823,2740
Madhya Pradesh,Bhopal,Berasia Mandi,Groundnut,2024-02-22,5433,6129,5792
Madhya Pradesh,Bhopal,Berasia Mandi,Chilli,2024-02-22,9151,12584,11225
Madhya Pradesh,Bhopal,Berasia Mandi,Mango,2024-02-26,2424,3529,3016
Madhya Pradesh,Bhopal,Berasia Mandi,Maize,2024-02-26,1709,1843,1793
Madhya Pradesh,Bhopal,Berasia Mandi,Jowar,2024-02-26,2611,2896,2775
Madhya Pradesh,Bhopal,Berasia Mandi,Groundnut,2024-02-26,5181,5910,5576
Madhya Pradesh,Bhopal,Berasia Mandi,Wheat,2024-02-26,2167,2310,2252
Madhya Pradesh,Bhopal,Berasia Mandi,Chilli,2024-02-26,11236,13702,12393
Madhya Pradesh,Bhopal,Berasia Mandi,Mango,2024-03-01,2634,3582,3153
Madhya Pradesh,Bhopal,Berasia Mandi,Gram(Chana),2024-03-01,3917,4497,4166
Madhya Pradesh,Bhopal,Berasia Mandi,Jowar,2024-03-01,2338,2538,2446
Madhya Pradesh,Bhopal,Berasia Mandi,Wheat,2024-03-01,1670,1759,1726
Madhya Pradesh,Bhopal,Berasia Mandi,Cotton,2024-03-05,6215,7222,6588
Madhya Pradesh,Bhopal,Berasia Mandi,Mango,2024-03-05,3039,3587,3248
Madhya Pradesh,Bhopal,Berasia Mandi,Maize,2024-03-05,1709,1904,1808
Madhya Pradesh,Bhopal,Berasia Mandi,Gram(Chana),2024-03-05,3895,4421,4097
Madhya Pradesh,Bhopal,Berasia Mandi,Groundnut,2024-03-05,5269,5993,5611
Madhya Pradesh,Bhopal,Berasia Mandi,Chilli,2024-03-05,10404,12305,11232
Madhya Pradesh,Bhopal,Berasia Mandi,Cotton,2024-03-09,6572,7404,6964
Madhya Pradesh,Bhopal,Berasia Mandi,Mango,2024-03-09,3125,3796,3405
Madhya Pradesh,Bhopal,Berasia Mandi,Maize,2024-03-09,1890,2066,1967
Madhya Pradesh,Bhopal,Berasia Mandi,Gram(Chana),2024-03-09,3783,4277,3985
Madhya Pradesh,Bhopal,Berasia Mandi,Groundnut,2024-03-09,5504,6386,5931
Madhya Pradesh,Bhopal,Berasia Mandi,Wheat,2024-03-09,1817,1912,1859
Madhya Pradesh,Bhopal,Berasia Mandi,Chilli,2024-03-09,9176,11816,10563
Madhya Pradesh,Bhopal,Berasia Mandi,Cotton,2024-03-13,6170,6798,6481
Madhya Pradesh,Bhopal,Berasia Mandi,Mango,2024-03-13,2490,3505,3001
Madhya Pradesh,Bhopal,Berasia Mandi,Maize,2024-03-13,1722,1961,1848
Madhya Pradesh,Bhopal,Berasia Mandi,Gram(Chana),2024-03-13,3909,4499,4249
Madhya Pradesh,Bhopal,Berasia Mandi,Jowar,2024-03-13,2640,2867,2737
Madhya Pradesh,Bhopal,Berasia Mandi,Groundnut,2024-03-13,5104,5640,5340
Madhya Pradesh,Bhopal,Berasia Mandi,Wheat,2024-03-13,1648,1764,1702
Madhya Pradesh,Bhopal,Berasia Mandi,Chilli,2024-03-13,10329,13996,12004
Madhya Pradesh,Bhopal,Berasia Mandi,Cotton,2024-03-17,6706,7427,7130
Madhya Pradesh,Bhopal,Berasia Mandi,Mango,2024-03-17,2599,3990,3286
Madhya Pradesh,Bhopal,Berasia Mandi,Maize,2024-03-17,1903,2134,2006
Madhya Pradesh,Bhopal,Berasia Mandi,Gram(Chana),2024-03-17,3671,3981,3831
Madhya Pradesh,Bhopal,Berasia Mandi,Jowar,2024-03-17,2318,2467,2394
Madhya Pradesh,Bhopal,Berasia Mandi,Groundnut,2024-03-17,5623,6382,6042
Madhya Pradesh,Bhopal,Berasia Mandi,Wheat,2024-03-17,1581,1719,1651
Madhya Pradesh,Bhopal,Berasia Mandi,Maize,2024-03-21,1732,1822,1785
Madhya Pradesh,Bhopal,Berasia Mandi,Jowar,2024-03-21,2606,2917,2749
Madhya Pradesh,Bhopal,Berasia Mandi,Groundnut,2024-03-21,5785,6590,6116
Madhya Pradesh,Bhopal,Berasia Mandi,Cotton,2024-03-25,6608,7402,7086
Madhya Pradesh,Bhopal,Berasia Mandi,Mango,2024-03-25,2729,3557,3149
Madhya Pradesh,Bhopal,Berasia Mandi,Maize,2024-03-25,1757,1890,1819
Madhya Pradesh,Bhopal,Berasia Mandi,Gram(Chana),2024-03-25,3996,4456,4207
Madhya Pradesh,Bhopal,Berasia Mandi,Groundnut,2024-03-25,5675,6609,6068
Madhya Pradesh,Bhopal,Berasia Mandi,Chilli,2024-03-25,9884,12805,11252
Madhya Pradesh,Bhopal,Berasia Mandi,Mango,2024-03-29,2946,3504,3212
Madhya Pradesh,Bhopal,Berasia Mandi,Maize,2024-03-29,1893,2076,1995
Madhya Pradesh,Bhopal,Berasia Mandi,Gram(Chana),2024-03-29,3788,4147,4004
Madhya Pradesh,Bhopal,Berasia Mandi,Jowar,2024-03-29,2495,2734,2637
Madhya Pradesh,Bhopal,Berasia Mandi,Wheat,2024-03-29,1780,1916,1848
Madhya Pradesh,Bhopal,Berasia Mandi,Cotton,2024-04-02,6579,7467,7016
Madhya Pradesh,Bhopal,Berasia Mandi,Maize,2024-04-02,1895,2131,2006
Madhya Pradesh,Bhopal,Berasia Mandi,Gram(Chana),2024-04-02,3864,4167,4018
Madhya Pradesh,Bhopal,Berasia Mandi,Jowar,2024-04-02,2659,2925,2802
Madhya Pradesh,Bhopal,Berasia Mandi,Groundnut,2024-04-02,5398,6438,5912
Madhya Pradesh,Bhopal,Berasia Mandi,Wheat,2024-04-02,1742,1871,1805
Madhya Pradesh,Bhopal,Berasia Mandi,Chilli,2024-04-02,11274,15675,13557
Madhya Pradesh,Bhopal,Berasia Mandi,Cotton,2024-04-06,6925,7583,7243
Madhya Pradesh,Bhopal,Berasia Mandi,Mango,2024-04-06,2436,3180,2817
Madhya Pradesh,Bhopal,Berasia Mandi,Maize,2024-04-06,1820,2027,1924
Madhya Pradesh,Bhopal,Berasia Mandi,Gram(Chana),2024-04-06,4113,4529,4353
Madhya Pradesh,Bhopal,Berasia Mandi,Jowar,2024-04-06,2502,2649,2575
Madhya Pradesh,Bhopal,Berasia Mandi,Groundnut,2024-04-06,5667,6457,6006
Madhya Pradesh,Bhopal,Berasia Mandi,Wheat,2024-04-06,1710,1897,1809
Madhya Pradesh,Bhopal,Berasia Mandi,Chilli,2024-04-06,13013,15419,14305
Madhya Pradesh,Bhopal,Berasia Mandi,Mango,2024-04-10,2220,3462,2804
Madhya Pradesh,Bhopal,Berasia Mandi,Maize,2024-04-10,1764,1934,1837
Madhya Pradesh,Bhopal,Berasia Mandi,Jowar,2024-04-10,2347,2485,2403
Madhya Pradesh,Bhopal,Berasia Mandi,Groundnut,2024-04-10,5335,5803,5527
Madhya Pradesh,Bhopal,Berasia Mandi,Wheat,2024-04-10,1678,1755,1723
Madhya Pradesh,Bhopal,Berasia Mandi,Chilli,2024-04-10,12622,14993,13817
Madhya Pradesh,Bhopal,Berasia Mandi,Mango,2024-04-14,2204,2969,2548
Madhya Pradesh,Bhopal,Berasia Mandi,Maize,2024-04-14,1674,1839,1774
Madhya Pradesh,Bhopal,Berasia Mandi,Gram(Chana),2024-04-14,4214,4654,4404
Madhya Pradesh,Bhopal,Berasia Mandi,Jowar,2024-04-14,2659,2824,2728
Madhya Pradesh,Bhopal,Berasia Mandi,Groundnut,2024-04-14,5245,5933,5524
Madhya Pradesh,Bhopal,Berasia Mandi,Wheat,2024-04-14,1741,1810,1781
Madhya Pradesh,Bhopal,Berasia Mandi,Chilli,2024-04-14,13387,16491,14866
Madhya Pradesh,Bhopal,Berasia Mandi,Mango,2024-04-18,2244,2641,2427
Madhya Pradesh,Bhopal,Berasia Mandi,Maize,2024-04-18,1795,1970,1893
Madhya Pradesh,Bhopal,Berasia Mandi,Gram(Chana),2024-04-18,3999,4339,4209
Madhya Pradesh,Bhopal,Berasia Mandi,Wheat,2024-04-18,1660,1751,1714
Madhya Pradesh,Bhopal,Berasia Mandi,Chilli,2024-04-18,13610,15649,14654
Madhya Pradesh,Bhopal,Berasia Mandi,Cotton,2024-04-22,6102,6798,6402
Madhya Pradesh,Bhopal,Berasia Mandi,Jowar,2024-04-22,2423,2584,2496
Madhya Pradesh,Bhopal,Berasia Mandi,Groundnut,2024-04-22,5605,6271,5868
Madhya Pradesh,Bhopal,Berasia Mandi,Wheat,2024-04-22,1592,1734,1674
Madhya Pradesh,Bhopal,Berasia Mandi,Chilli,2024-04-22,11922,14410,13146
Madhya Pradesh,Bhopal,Berasia Mandi,Cotton,2024-04-26,6348,7242,6836
Madhya Pradesh,Bhopal,Berasia Mandi,Maize,2024-04-26,1950,2064,2015
Madhya Pradesh,Bhopal,Berasia Mandi,Gram(Chana),2024-04-26,3614,4078,3853
Madhya Pradesh,Bhopal,Berasia Mandi,Jowar,2024-04-26,2386,2600,2488
Madhya Pradesh,Bhopal,Berasia Mandi,Groundnut,2024-04-26,5957,6498,6218
Madhya Pradesh,Bhopal,Berasia Mandi,Wheat,2024-04-26,1794,1872,1826
Madhya Pradesh,Bhopal,Berasia Mandi,Cotton,2024-04-30,6563,7126,6829
Madhya Pradesh,Bhopal,Berasia Mandi,Mango,2024-04-30,2151,3118,2727
Madhya Pradesh,Bhopal,Berasia Mandi,Maize,2024-04-30,1750,1903,1821
Madhya Pradesh,Bhopal,Berasia Mandi,Gram(Chana),2024-04-30,3940,4256,4102
Madhya Pradesh,Bhopal,Berasia Mandi,Jowar,2024-04-30,2405,2741,2573
Madhya Pradesh,Bhopal,Berasia Mandi,Groundnut,2024-04-30,5915,6385,6100
Madhya Pradesh,Bhopal,Berasia Mandi,Wheat,2024-04-30,1641,1722,1688
Madhya Pradesh,Bhopal,Berasia Mandi,Chilli,2024-04-30,11422,14544,12926
Madhya Pradesh,Bhopal,Berasia Mandi,Mango,2024-05-04,2128,2910,2471
Madhya Pradesh,Bhopal,Berasia Mandi,Maize,2024-05-04,1766,1984,1882
Madhya Pradesh,Bhopal,Berasia Mandi,Gram(Chana),2024-05-04,4832,5336,5051
Madhya Pradesh,Bhopal,Berasia Mandi,Groundnut,2024-05-04,5266,5824,5554
Madhya Pradesh,Bhopal,Berasia Mandi,Wheat,2024-05-04,1629,1784,1715
Madhya Pradesh,Bhopal,Berasia Mandi,Maize,2024-05-08,1854,2007,1934
Madhya Pradesh,Bhopal,Berasia Mandi,Jowar,2024-05-08,2564,2852,2704
Madhya Pradesh,Bhopal,Berasia Mandi,Groundnut,2024-05-08,5251,5903,5549
Madhya Pradesh,Bhopal,Berasia Mandi,Wheat,2024-05-08,1578,1697,1631
Madhya Pradesh,Bhopal,Berasia Mandi,Chilli,2024-05-08,13982,16142,14906
Madhya Pradesh,Bhopal,Berasia Mandi,Cotton,2024-05-12,6959,7668,7288
Madhya Pradesh,Bhopal,Berasia Mandi,Gram(Chana),2024-05-12,4351,4933,4694
Madhya Pradesh,Bhopal,Berasia Mandi,Jowar,2024-05-12,2580,2793,2682
Madhya Pradesh,Bhopal,Berasia Mandi,Groundnut,2024-05-12,5899,6558,6229
Madhya Pradesh,Bhopal,Berasia Mandi,Wheat,2024-05-12,1632,1714,1679
Madhya Pradesh,Bhopal,Berasia Mandi,Chilli,2024-05-12,13100,15644,14674
Madhya Pradesh,Bhopal,Berasia Mandi,Cotton,2024-05-16,6748,7372,7109
Madhya Pradesh,Bhopal,Berasia Mandi,Mango,2024-05-16,2157,2888,2494
Madhya Pradesh,Bhopal,Berasia Mandi,Maize,2024-05-16,1751,1888,1820
Madhya Pradesh,Bhopal,Berasia Mandi,Jowar,2024-05-16,2713,2869,2790
Madhya Pradesh,Bhopal,Berasia Mandi,Groundnut,2024-05-16,5658,6311,5993
Madhya Pradesh,Bhopal,Berasia Mandi,Wheat,2024-05-16,1788,1894,1834
Madhya Pradesh,Bhopal,Berasia Mandi,Chilli,2024-05-16,12900,14824,13823
Madhya Pradesh,Bhopal,Berasia Mandi,Maize,2024-05-20,1872,2157,2012
Madhya Pradesh,Bhopal,Berasia Mandi,Gram(Chana),2024-05-20,4488,4944,4741
Madhya Pradesh,Bhopal,Berasia Mandi,Jowar,2024-05-20,2404,2737,2569
Madhya Pradesh,Bhopal,Berasia Mandi,Groundnut,2024-05-20,5162,5631,5371
Madhya Pradesh,Bhopal,Berasia Mandi,Cotton,2024-05-24,6523,7447,6882
Madhya Pradesh,Bhopal,Berasia Mandi,Gram(Chana),2024-05-24,4679,5251,4984
Madhya Pradesh,Bhopal,Berasia Mandi,Jowar,2024-05-24,2420,2590,2483
Madhya Pradesh,Bhopal,Berasia Mandi,Wheat,2024-05-24,1559,1731,1642
Madhya Pradesh,Bhopal,Berasia Mandi,Chilli,2024-05-24,12972,15423,14074
Madhya Pradesh,Bhopal,Berasia Mandi,Cotton,2024-05-28,6248,6832,6549
Madhya Pradesh,Bhopal,Berasia Mandi,Mango,2024-05-28,2412,2938,2705
Madhya Pradesh,Bhopal,Berasia Mandi,Jowar,2024-05-28,2606,2730,2669
Madhya Pradesh,Bhopal,Berasia Mandi,Groundnut,2024-05-28,5751,6625,6188
Madhya Pradesh,Bhopal,Berasia Mandi,Wheat,2024-05-28,1566,1734,1650
Madhya Pradesh,Bhopal,Berasia Mandi,Chilli,2024-05-28,12063,16786,14300
Madhya Pradesh,Bhopal,Berasia Mandi,Cotton,2024-06-01,6133,7045,6630
Madhya Pradesh,Bhopal,Berasia Mandi,Maize,2024-06-01,1894,2003,1959
Madhya Pradesh,Bhopal,Berasia Mandi,Groundnut,2024-06-01,5538,5967,5728
Madhya Pradesh,Bhopal,Berasia Mandi,Wheat,2024-06-01,2143,2346,2253
Madhya Pradesh,Bhopal,Berasia Mandi,Chilli,2024-06-01,12250,14885,13661
Madhya Pradesh,Bhopal,Berasia Mandi,Cotton,2024-06-05,6076,6952,6592
Madhya Pradesh,Bhopal,Berasia Mandi,Maize,2024-06-05,1728,1928,1836
Madhya Pradesh,Bhopal,Berasia Mandi,Gram(Chana),2024-06-05,4971,5607,5298
Madhya Pradesh,Bhopal,Berasia Mandi,Jowar,2024-06-05,2518,2691,2611
Madhya Pradesh,Bhopal,Berasia Mandi,Chilli,2024-06-05,11356,14660,12981
Madhya Pradesh,Bhopal,Berasia Mandi,Cotton,2024-06-09,6138,6972,6500
Madhya Pradesh,Bhopal,Berasia Mandi,Mango,2024-06-09,2424,3071,2669
Madhya Pradesh,Bhopal,Berasia Mandi,Maize,2024-06-09,1879,2019,1947
Madhya Pradesh,Bhopal,Berasia Mandi,Gram(Chana),2024-06-09,5093,5634,5398
Madhya Pradesh,Bhopal,Berasia Mandi,Jowar,2024-06-09,2613,2876,2764
Madhya Pradesh,Bhopal,Berasia Mandi,Groundnut,2024-06-09,5805,6476,6097
Madhya Pradesh,Bhopal,Berasia Mandi,Cotton,2024-06-13,6265,7069,6639
Madhya Pradesh,Bhopal,Berasia Mandi,Mango,2024-06-13,2439,3239,2822
Madhya Pradesh,Bhopal,Berasia Mandi,Maize,2024-06-13,1949,2084,2019
Madhya Pradesh,Bhopal,Berasia Mandi,Jowar,2024-06-13,2276,2591,2428
Madhya Pradesh,Bhopal,Berasia Mandi,Wheat,2024-06-13,2040,2213,2105
Madhya Pradesh,Bhopal,Berasia Mandi,Chilli,2024-06-13,12966,15856,14563
Madhya Pradesh,Bhopal,Berasia Mandi,Cotton,2024-06-17,6432,7088,6738
Madhya Pradesh,Bhopal,Berasia Mandi,Mango,2024-06-17,2440,2896,2632
Madhya Pradesh,Bhopal,Berasia Mandi,Maize,2024-06-17,1760,1983,1868
Madhya Pradesh,Bhopal,Berasia Mandi,Gram(Chana),2024-06-17,4968,5506,5221
Madhya Pradesh,Bhopal,Berasia Mandi,Groundnut,2024-06-17,5947,6486,6180
Madhya Pradesh,Bhopal,Berasia Mandi,Wheat,2024-06-17,1943,2026,1979
Madhya Pradesh,Bhopal,Berasia Mandi,Chilli,2024-06-17,13554,16547,14878
Madhya Pradesh,Bhopal,Berasia Mandi,Cotton,2024-06-21,6165,6703,6459
Madhya Pradesh,Bhopal,Berasia Mandi,Mango,2024-06-21,2263,3394,2819
Madhya Pradesh,Bhopal,Berasia Mandi,Gram(Chana),2024-06-21,4983,5705,5378
Madhya Pradesh,Bhopal,Berasia Mandi,Groundnut,2024-06-21,5246,5682,5496
Madhya Pradesh,Bhopal,Berasia Mandi,Wheat,2024-06-21,2161,2369,2278
Madhya Pradesh,Bhopal,Berasia Mandi,Chilli,2024-06-21,13370,16049,14666
Madhya Pradesh,Bhopal,Berasia Mandi,Cotton,2024-06-25,6038,6506,6256
Madhya Pradesh,Bhopal,Berasia Mandi,Mango,2024-06-25,1902,3008,2423
Madhya Pradesh,Bhopal,Berasia Mandi,Maize,2024-06-25,1936,2071,2008
Madhya Pradesh,Bhopal,Berasia Mandi,Jowar,2024-06-25,2346,2550,2437
Madhya Pradesh,Bhopal,Berasia Mandi,Groundnut,2024-06-25,5660,6175,5899
Madhya Pradesh,Bhopal,Berasia Mandi,Wheat,2024-06-25,2198,2328,2273
Madhya Pradesh,Bhopal,Berasia Mandi,Chilli,2024-06-25,12174,15646,13686
Madhya Pradesh,Bhopal,Berasia Mandi,Mango,2024-06-29,2447,2972,2675
Madhya Pradesh,Bhopal,Berasia Mandi,Maize,2024-06-29,1900,2119,1997
Madhya Pradesh,Bhopal,Berasia Mandi,Gram(Chana),2024-06-29,4680,5140,4899
Madhya Pradesh,Bhopal,Berasia Mandi,Jowar,2024-06-29,2365,2581,2464
Madhya Pradesh,Bhopal,Berasia Mandi,Groundnut,2024-06-29,5739,6614,6232
Madhya Pradesh,Bhopal,Berasia Mandi,Wheat,2024-06-29,2116,2259,2191
Madhya Pradesh,Bhopal,Berasia Mandi,Chilli,2024-06-29,11941,15777,13864
Madhya Pradesh,Bhopal,Berasia Mandi,Cotton,2024-07-03,6886,7289,7085
Madhya Pradesh,Bhopal,Berasia Mandi,Mango,2024-07-03,2694,3413,3021
Madhya Pradesh,Bhopal,Berasia Mandi,Maize,2024-07-03,1805,1979,1898
Madhya Pradesh,Bhopal,Berasia Mandi,Gram(Chana),2024-07-03,4398,5184,4804
Madhya Pradesh,Bhopal,Berasia Mandi,Jowar,2024-07-03,2449,2745,2619
Madhya Pradesh,Bhopal,Berasia Mandi,Groundnut,2024-07-03,5867,6469,6119
Madhya Pradesh,Bhopal,Berasia Mandi,Wheat,2024-07-03,1951,2116,2027
Madhya Pradesh,Bhopal,Berasia Mandi,Chilli,2024-07-03,13199,16666,15046
Madhya Pradesh,Bhopal,Berasia Mandi,Cotton,2024-07-07,5899,6734,6358
Madhya Pradesh,Bhopal,Berasia Mandi,Mango,2024-07-07,2694,3274,3028
Madhya Pradesh,Bhopal,Berasia Mandi,Maize,2024-07-07,1758,1897,1842
Madhya Pradesh,Bhopal,Berasia Mandi,Gram(Chana),2024-07-07,4498,5092,4818
Madhya Pradesh,Bhopal,Berasia Mandi,Jowar,2024-07-07,2668,2848,2742
Madhya Pradesh,Bhopal,Berasia Mandi,Groundnut,2024-07-07,4952,5892,5469
Madhya Pradesh,Bhopal,Berasia Mandi,Wheat,2024-07-07,1954,2041,1998
Madhya Pradesh,Bhopal,Berasia Mandi,Chilli,2024-07-07,11967,14379,13265
Madhya Pradesh,Bhopal,Berasia Mandi,Cotton,2024-07-11,5918,6962,6489
Madhya Pradesh,Bhopal,Berasia Mandi,Mango,2024-07-11,2658,3284,2951
Madhya Pradesh,Bhopal,Berasia Mandi,Maize,2024-07-11,1878,2046,1976
Madhya Pradesh,Bhopal,Berasia Mandi,Gram(Chana),2024-07-11,4500,4862,4685
Madhya Pradesh,Bhopal,Berasia Mandi,Groundnut,2024-07-11,5401,6110,5789
Madhya Pradesh,Bhopal,Berasia Mandi,Wheat,2024-07-11,2143,2345,2234
Madhya Pradesh,Bhopal,Berasia Mandi,Chilli,2024-07-11,11968,15590,13760
Madhya Pradesh,Bhopal,Berasia Mandi,Cotton,2024-07-15,6747,7436,7070
Madhya Pradesh,Bhopal,Berasia Mandi,Mango,2024-07-15,2612,3299,2966
Madhya Pradesh,Bhopal,Berasia Mandi,Maize,2024-07-15,1919,2020,1965
Madhya Pradesh,Bhopal,Berasia Mandi,Gram(Chana),2024-07-15,4480,4719,4608
Madhya Pradesh,Bhopal,Berasia Mandi,Groundnut,2024-07-15,5618,5997,5800
Madhya Pradesh,Bhopal,Berasia Mandi,Wheat,2024-07-15,1974,2111,2032
Madhya Pradesh,Bhopal,Berasia Mandi,Maize,2024-07-19,1801,2035,1908
Madhya Pradesh,Bhopal,Berasia Mandi,Gram(Chana),2024-07-19,4625,4995,4813
Madhya Pradesh,Bhopal,Berasia Mandi,Jowar,2024-07-19,2442,2746,2592
Madhya Pradesh,Bhopal,Berasia Mandi,Chilli,2024-07-19,13258,16634,15068
Madhya Pradesh,Bhopal,Berasia Mandi,Mango,2024-07-23,2740,3591,3180
Madhya Pradesh,Bhopal,Berasia Mandi,Maize,2024-07-23,1754,1959,1839
Madhya Pradesh,Bhopal,Berasia Mandi,Jowar,2024-07-23,2691,2945,2800
Madhya Pradesh,Bhopal,Berasia Mandi,Groundnut,2024-07-23,5047,5817,5432
Madhya Pradesh,Bhopal,Berasia Mandi,Wheat,2024-07-23,2028,2234,2117
Madhya Pradesh,Bhopal,Berasia Mandi,Cotton,2024-07-27,5937,6799,6326
Madhya Pradesh,Bhopal,Berasia Mandi,Mango,2024-07-27,2422,3458,3035
Madhya Pradesh,Bhopal,Berasia Mandi,Maize,2024-07-27,1864,2039,1950
Madhya Pradesh,Bhopal,Berasia Mandi,Gram(Chana),2024-07-27,4688,5191,4945
Madhya Pradesh,Bhopal,Berasia Mandi,Jowar,2024-07-27,2658,2835,2734
Madhya Pradesh,Bhopal,Berasia Mandi,Groundnut,2024-07-27,5576,6527,6046
Madhya Pradesh,Bhopal,Berasia Mandi,Wheat,2024-07-27,2127,2292,2197
Madhya Pradesh,Bhopal,Berasia Mandi,Chilli,2024-07-27,11793,14697,13134
Madhya Pradesh,Bhopal,Berasia Mandi,Mango,2024-07-31,2856,3503,3186
Madhya Pradesh,Bhopal,Berasia Mandi,Maize,2024-07-31,1872,2078,1989
Madhya Pradesh,Bhopal,Berasia Mandi,Chilli,2024-07-31,12148,17318,14660
Madhya Pradesh,Bhopal,Berasia Mandi,Mango,2024-08-04,2586,3380,3042
Madhya Pradesh,Bhopal,Berasia Mandi,Maize,2024-08-04,1952,2091,2019
Madhya Pradesh,Bhopal,Berasia Mandi,Gram(Chana),2024-08-04,5016,5560,5326
Madhya Pradesh,Bhopal,Berasia Mandi,Jowar,2024-08-04,2309,2466,2393
Madhya Pradesh,Bhopal,Berasia Mandi,Groundnut,2024-08-04,5830,6415,6118
Madhya Pradesh,Bhopal,Berasia Mandi,Wheat,2024-08-04,2173,2242,2207
Madhya Pradesh,Bhopal,Berasia Mandi,Chilli,2024-08-04,13734,16101,14845
Madhya Pradesh,Bhopal,Berasia Mandi,Cotton,2024-08-08,6358,7627,7006
Madhya Pradesh,Bhopal,Berasia Mandi,Maize,2024-08-08,1685,1933,1819
Madhya Pradesh,Bhopal,Berasia Mandi,Gram(Chana),2024-08-08,4782,5308,5015
Madhya Pradesh,Bhopal,Berasia Mandi,Jowar,2024-08-08,2295,2639,2482
Madhya Pradesh,Bhopal,Berasia Mandi,Wheat,2024-08-08,2178,2386,2297
Madhya Pradesh,Bhopal,Berasia Mandi,Cotton,2024-08-12,5839,6622,6256
Madhya Pradesh,Bhopal,Berasia Mandi,Mango,2024-08-12,2448,3403,2976
Madhya Pradesh,Bhopal,Berasia Mandi,Maize,2024-08-12,1758,1892,1820
Madhya Pradesh,Bhopal,Berasia Mandi,Jowar,2024-08-12,2521,2925,2720
Madhya Pradesh,Bhopal,Berasia Mandi,Groundnut,2024-08-12,5764,6472,6190
Madhya Pradesh,Bhopal,Berasia Mandi,Wheat,2024-08-12,1990,2168,2082
Madhya Pradesh,Bhopal,Berasia Mandi,Chilli,2024-08-12,12260,16794,14745
Madhya Pradesh,Bhopal,Berasia Mandi,Cotton,2024-08-16,6890,7501,7261
Madhya Pradesh,Bhopal,Berasia Mandi,Mango,2024-08-16,2761,3902,3214
Madhya Pradesh,Bhopal,Berasia Mandi,Maize,2024-08-16,1764,1905,1826
Madhya Pradesh,Bhopal,Berasia Mandi,Gram(Chana),2024-08-16,5075,5408,5248
Madhya Pradesh,Bhopal,Berasia Mandi,Jowar,2024-08-16,2478,2717,2612
Madhya Pradesh,Bhopal,Berasia Mandi,Wheat,2024-08-16,1913,2110,2015
Madhya Pradesh,Bhopal,Berasia Mandi,Chilli,2024-08-16,13081,15507,14406
Madhya Pradesh,Bhopal,Berasia Mandi,Cotton,2024-08-20,5865,6837,6305
Madhya Pradesh,Bhopal,Berasia Mandi,Maize,2024-08-20,1730,1916,1824
Madhya Pradesh,Bhopal,Berasia Mandi,Gram(Chana),2024-08-20,4991,5395,5209
Madhya Pradesh,Bhopal,Berasia Mandi,Jowar,2024-08-20,2549,2815,2686
Madhya Pradesh,Bhopal,Berasia Mandi,Groundnut,2024-08-20,5269,6005,5619
Madhya Pradesh,Bhopal,Berasia Mandi,Wheat,2024-08-20,2131,2276,2193
Madhya Pradesh,Bhopal,Berasia Mandi,Chilli,2024-08-20,13354,17131,15098
Madhya Pradesh,Bhopal,Berasia Mandi,Mango,2024-08-24,2645,3323,2997
Madhya Pradesh,Bhopal,Berasia Mandi,Maize,2024-08-24,1757,2024,1898
Madhya Pradesh,Bhopal,Berasia Mandi,Groundnut,2024-08-24,5755,6591,6167
Madhya Pradesh,Bhopal,Berasia Mandi,Chilli,2024-08-24,12522,15373,13671
Madhya Pradesh,Bhopal,Berasia Mandi,Cotton,2024-08-28,6410,7048,6700
Madhya Pradesh,Bhopal,Berasia Mandi,Mango,2024-08-28,2470,3698,3125
Madhya Pradesh,Bhopal,Berasia Mandi,Gram(Chana),2024-08-28,4573,5077,4857
Madhya Pradesh,Bhopal,Berasia Mandi,Jowar,2024-08-28,2289,2528,2416
Madhya Pradesh,Bhopal,Berasia Mandi,Wheat,2024-08-28,2169,2292,2223
Madhya Pradesh,Bhopal,Berasia Mandi,Chilli,2024-08-28,12282,16032,14529
Madhya Pradesh,Bhopal,Berasia Mandi,Mango,2024-09-01,2929,3847,3420
Madhya Pradesh,Bhopal,Berasia Mandi,Maize,2024-09-01,1608,1781,1682
Madhya Pradesh,Bhopal,Berasia Mandi,Gram(Chana),2024-09-01,4710,5155,4962
Madhya Pradesh,Bhopal,Berasia Mandi,Jowar,2024-09-01,2456,2791,2623
Madhya Pradesh,Bhopal,Berasia Mandi,Groundnut,2024-09-01,5711,6363,6031
Madhya Pradesh,Bhopal,Berasia Mandi,Wheat,2024-09-01,1996,2130,2060
Madhya Pradesh,Bhopal,Berasia Mandi,Chilli,2024-09-01,11785,14871,13401
Madhya Pradesh,Bhopal,Berasia Mandi,Cotton,2024-09-05,6603,7063,6827
Madhya Pradesh,Bhopal,Berasia Mandi,Maize,2024-09-05,1546,1737,1636
Madhya Pradesh,Bhopal,Berasia Mandi,Gram(Chana),2024-09-05,4413,4851,4623
Madhya Pradesh,Bhopal,Berasia Mandi,Jowar,2024-09-05,2297,2536,2423
Madhya Pradesh,Bhopal,Berasia Mandi,Groundnut,2024-09-05,5593,6235,5882
Madhya Pradesh,Bhopal,Berasia Mandi,Maize,2024-09-09,1441,1530,1492
Madhya Pradesh,Bhopal,Berasia Mandi,Gram(Chana),2024-09-09,4933,5628,5309
Madhya Pradesh,Bhopal,Berasia Mandi,Jowar,2024-09-09,2546,2867,2672
Madhya Pradesh,Bhopal,Berasia Mandi,Groundnut,2024-09-09,5766,6268,6002
Madhya Pradesh,Bhopal,Berasia Mandi,Wheat,2024-09-09,2043,2232,2119
Madhya Pradesh,Bhopal,Berasia Mandi,Cotton,2024-09-13,6101,6564,6304
Madhya Pradesh,Bhopal,Berasia Mandi,Jowar,2024-09-13,2505,2703,2592
Madhya Pradesh,Bhopal,Berasia Mandi,Wheat,2024-09-13,2160,2273,2206
Madhya Pradesh,Bhopal,Berasia Mandi,Chilli,2024-09-13,11196,15672,13705
Madhya Pradesh,Bhopal,Berasia Mandi,Cotton,2024-09-17,6152,6616,6370
Madhya Pradesh,Bhopal,Berasia Mandi,Mango,2024-09-17,2821,3633,3273
Madhya Pradesh,Bhopal,Berasia Mandi,Gram(Chana),2024-09-17,5017,5337,5167
Madhya Pradesh,Bhopal,Berasia Mandi,Jowar,2024-09-17,2555,2726,2649
Madhya Pradesh,Bhopal,Berasia Mandi,Wheat,2024-09-17,2218,2328,2273
Madhya Pradesh,Bhopal,Berasia Mandi,Cotton,2024-09-21,6318,6722,6511
Madhya Pradesh,Bhopal,Berasia Mandi,Mango,2024-09-21,2943,3965,3382
Madhya Pradesh,Bhopal,Berasia Mandi,Maize,2024-09-21,1425,1545,1481
Madhya Pradesh,Bhopal,Berasia Mandi,Gram(Chana),2024-09-21,4609,5139,4824
Madhya Pradesh,Bhopal,Berasia Mandi,Jowar,2024-09-21,2720,2903,2794
Madhya Pradesh,Bhopal,Berasia Mandi,Groundnut,2024-09-21,5114,5783,5479
Madhya Pradesh,Bhopal,Berasia Mandi,Wheat,2024-09-21,2006,2157,2072
Madhya Pradesh,Bhopal,Berasia Mandi,Chilli,2024-09-21,13064,15250,14351
Madhya Pradesh,Bhopal,Berasia Mandi,Mango,2024-09-25,2561,3706,3061
Madhya Pradesh,Bhopal,Berasia Mandi,Maize,2024-09-25,1437,1537,1495
Madhya Pradesh,Bhopal,Berasia Mandi,Gram(Chana),2024-09-25,4763,5224,4955
Madhya Pradesh,Bhopal,Berasia Mandi,Jowar,2024-09-25,2277,2512,2407
Madhya Pradesh,Bhopal,Berasia Mandi,Groundnut,2024-09-25,5681,6051,5862
Madhya Pradesh,Bhopal,Berasia Mandi,Wheat,2024-09-25,2149,2366,2262
Madhya Pradesh,Bhopal,Berasia Mandi,Cotton,2024-09-29,7017,7705,7319
Madhya Pradesh,Bhopal,Berasia Mandi,Mango,2024-09-29,2598,3583,3147
Madhya Pradesh,Bhopal,Berasia Mandi,Gram(Chana),2024-09-29,4431,4863,4698
Madhya Pradesh,Bhopal,Berasia Mandi,Jowar,2024-09-29,2441,2689,2569
Madhya Pradesh,Bhopal,Berasia Mandi,Groundnut,2024-09-29,5232,6012,5575
Madhya Pradesh,Bhopal,Berasia Mandi,Chilli,2024-09-29,11553,14398,12932
Madhya Pradesh,Bhopal,Berasia Mandi,Mango,2024-10-03,2510,3484,2979
Madhya Pradesh,Bhopal,Berasia Mandi,Maize,2024-10-03,1396,1542,1464
Madhya Pradesh,Bhopal,Berasia Mandi,Jowar,2024-10-03,1893,2054,1970
Madhya Pradesh,Bhopal,Berasia Mandi,Groundnut,2024-10-03,4774,5240,4958
Madhya Pradesh,Bhopal,Berasia Mandi,Wheat,2024-10-03,2208,2356,2284
Madhya Pradesh,Bhopal,Berasia Mandi,Chilli,2024-10-03,12453,16421,14452
Madhya Pradesh,Bhopal,Berasia Mandi,Cotton,2024-10-07,5937,6746,6409
Madhya Pradesh,Bhopal,Berasia Mandi,Mango,2024-10-07,2450,3675,2991
Madhya Pradesh,Bhopal,Berasia Mandi,Maize,2024-10-07,1569,1689,1623
Madhya Pradesh,Bhopal,Berasia Mandi,Gram(Chana),2024-10-07,4828,5304,5108
Madhya Pradesh,Bhopal,Berasia Mandi,Groundnut,2024-10-07,4629,5167,4897
Madhya Pradesh,Bhopal,Berasia Mandi,Chilli,2024-10-07,12050,15595,13718
Madhya Pradesh,Bhopal,Berasia Mandi,Cotton,2024-10-11,6760,7491,7102
Madhya Pradesh,Bhopal,Berasia Mandi,Maize,2024-10-11,1378,1511,1437
Madhya Pradesh,Bhopal,Berasia Mandi,Gram(Chana),2024-10-11,5102,5466,5270
Madhya Pradesh,Bhopal,Berasia Mandi,Groundnut,2024-10-11,4645,5031,4806
Madhya Pradesh,Bhopal,Berasia Mandi,Cotton,2024-10-15,6606,7334,6972
Madhya Pradesh,Bhopal,Berasia Mandi,Mango,2024-10-15,2715,3471,3158
Madhya Pradesh,Bhopal,Berasia Mandi,Maize,2024-10-15,1389,1535,1474
Madhya Pradesh,Bhopal,Berasia Mandi,Gram(Chana),2024-10-15,5121,5506,5323
Madhya Pradesh,Bhopal,Berasia Mandi,Jowar,2024-10-15,1911,2038,1986
Madhya Pradesh,Bhopal,Berasia Mandi,Wheat,2024-10-15,2149,2349,2239
Madhya Pradesh,Bhopal,Berasia Mandi,Chilli,2024-10-15,12987,15919,14741
Madhya Pradesh,Bhopal,Berasia Mandi,Cotton,2024-10-19,6378,7349,6914
Madhya Pradesh,Bhopal,Berasia Mandi,Maize,2024-10-19,1565,1712,1631
Madhya Pradesh,Bhopal,Berasia Mandi,Gram(Chana),2024-10-19,4467,4955,4736
Madhya Pradesh,Bhopal,Berasia Mandi,Jowar,2024-10-19,1968,2074,2025
Madhya Pradesh,Bhopal,Berasia Mandi,Groundnut,2024-10-19,4257,4536,4405
Madhya Pradesh,Bhopal,Berasia Mandi,Wheat,2024-10-19,2086,2202,2147
Madhya Pradesh,Bhopal,Berasia Mandi,Cotton,2024-10-23,6201,6729,6461
Madhya Pradesh,Bhopal,Berasia Mandi,Mango,2024-10-23,2780,3305,3033
Madhya Pradesh,Bhopal,Berasia Mandi,Gram(Chana),2024-10-23,4648,5232,4984
Madhya Pradesh,Bhopal,Berasia Mandi,Wheat,2024-10-23,2092,2297,2198
Madhya Pradesh,Bhopal,Berasia Mandi,Chilli,2024-10-23,12486,14685,13476
Madhya Pradesh,Bhopal,Berasia Mandi,Mango,2024-10-27,3076,3770,3339
Madhya Pradesh,Bhopal,Berasia Mandi,Maize,2024-10-27,1513,1638,1574
Madhya Pradesh,Bhopal,Berasia Mandi,Jowar,2024-10-27,1909,2084,1977
Madhya Pradesh,Bhopal,Berasia Mandi,Groundnut,2024-10-27,4462,5110,4775
Madhya Pradesh,Bhopal,Berasia Mandi,Wheat,2024-10-27,2077,2212,2146
Madhya Pradesh,Bhopal,Berasia Mandi,Chilli,2024-10-27,11665,14645,13146
Madhya Pradesh,Bhopal,Berasia Mandi,Cotton,2024-10-31,6149,6878,6489
Madhya Pradesh,Bhopal,Berasia Mandi,Maize,2024-10-31,1576,1739,1647
Madhya Pradesh,Bhopal,Berasia Mandi,Jowar,2024-10-31,2180,2361,2260
Madhya Pradesh,Bhopal,Berasia Mandi,Wheat,2024-10-31,2081,2226,2170
Madhya Pradesh,Bhopal,Berasia Mandi,Chilli,2024-10-31,12767,15498,13790
Madhya Pradesh,Bhopal,Berasia Mandi,Cotton,2024-11-04,4992,5345,5196
Madhya Pradesh,Bhopal,Berasia Mandi,Mango,2024-11-04,2815,3623,3191
Madhya Pradesh,Bhopal,Berasia Mandi,Maize,2024-11-04,1710,1911,1816
Madhya Pradesh,Bhopal,Berasia Mandi,Gram(Chana),2024-11-04,4872,5352,5096
Madhya Pradesh,Bhopal,Berasia Mandi,Jowar,2024-11-04,2180,2418,2288
Madhya Pradesh,Bhopal,Berasia Mandi,Groundnut,2024-11-04,4445,4874,4684
Madhya Pradesh,Bhopal,Berasia Mandi,Wheat,2024-11-04,2180,2289,2244
Madhya Pradesh,Bhopal,Berasia Mandi,Chilli,2024-11-04,11822,15122,13378
Madhya Pradesh,Bhopal,Berasia Mandi,Cotton,2024-11-08,5551,6371,6009
Madhya Pradesh,Bhopal,Berasia Mandi,Mango,2024-11-08,2860,3648,3287
Madhya Pradesh,Bhopal,Berasia Mandi,Maize,2024-11-08,1893,2144,2015
Madhya Pradesh,Bhopal,Berasia Mandi,Gram(Chana),2024-11-08,4906,5443,5180
Madhya Pradesh,Bhopal,Berasia Mandi,Jowar,2024-11-08,2049,2277,2153
Madhya Pradesh,Bhopal,Berasia Mandi,Groundnut,2024-11-08,4828,5374,5060
Madhya Pradesh,Bhopal,Berasia Mandi,Wheat,2024-11-08,2000,2075,2036
Madhya Pradesh,Bhopal,Berasia Mandi,Cotton,2024-11-12,5183,5788,5551
Madhya Pradesh,Bhopal,Berasia Mandi,Mango,2024-11-12,2971,3654,3267
Madhya Pradesh,Bhopal,Berasia Mandi,Jowar,2024-11-12,2103,2228,2175
Madhya Pradesh,Bhopal,Berasia Mandi,Groundnut,2024-11-12,4135,4641,4380
Madhya Pradesh,Bhopal,Berasia Mandi,Chilli,2024-11-12,12472,14601,13560
Madhya Pradesh,Bhopal,Berasia Mandi,Cotton,2024-11-16,5541,6118,5828
Madhya Pradesh,Bhopal,Berasia Mandi,Mango,2024-11-16,2553,3428,3033
Madhya Pradesh,Bhopal,Berasia Mandi,Maize,2024-11-16,1949,2130,2026
Madhya Pradesh,Bhopal,Berasia Mandi,Gram(Chana),2024-11-16,4473,5058,4728
Madhya Pradesh,Bhopal,Berasia Mandi,Jowar,2024-11-16,2215,2373,2292
Madhya Pradesh,Bhopal,Berasia Mandi,Groundnut,2024-11-16,4716,5353,5043
Madhya Pradesh,Bhopal,Berasia Mandi,Chilli,2024-11-16,12839,15686,14003
Madhya Pradesh,Bhopal,Berasia Mandi,Cotton,2024-11-20,5027,5521,5221
Madhya Pradesh,Bhopal,Berasia Mandi,Maize,2024-11-20,1889,2052,1977
Madhya Pradesh,Bhopal,Berasia Mandi,Gram(Chana),2024-11-20,4615,4957,4753
Madhya Pradesh,Bhopal,Berasia Mandi,Jowar,2024-11-20,2054,2185,2125
Madhya Pradesh,Bhopal,Berasia Mandi,Wheat,2024-11-20,2218,2359,2297
Madhya Pradesh,Bhopal,Berasia Mandi,Chilli,2024-11-20,10871,15529,13167
Madhya Pradesh,Bhopal,Berasia Mandi,Mango,2024-11-24,2753,3469,3097
Madhya Pradesh,Bhopal,Berasia Mandi,Maize,2024-11-24,1796,1946,1864
Madhya Pradesh,Bhopal,Berasia Mandi,Gram(Chana),2024-11-24,4532,4950,4716
Madhya Pradesh,Bhopal,Berasia Mandi,Jowar,2024-11-24,1848,2125,1992
Madhya Pradesh,Bhopal,Berasia Mandi,Groundnut,2024-11-24,4478,4924,4685
Madhya Pradesh,Bhopal,Berasia Mandi,Chilli,2024-11-24,13295,17018,15089
Madhya Pradesh,Bhopal,Berasia Mandi,Cotton,2024-11-28,5471,6031,5733
Madhya Pradesh,Bhopal,Berasia Mandi,Mango,2024-11-28,2813,3524,3118
Madhya Pradesh,Bhopal,Berasia Mandi,Gram(Chana),2024-11-28,4749,5081,4927
Madhya Pradesh,Bhopal,Berasia Mandi,Jowar,2024-11-28,2052,2278,2180
Madhya Pradesh,Bhopal,Berasia Mandi,Groundnut,2024-11-28,4134,4607,4417
Madhya Pradesh,Bhopal,Berasia Mandi,Chilli,2024-11-28,12711,16095,14408
Madhya Pradesh,Bhopal,Berasia Mandi,Cotton,2024-12-02,5659,6164,5892
Madhya Pradesh,Bhopal,Berasia Mandi,Mango,2024-12-02,2652,3505,3089
Madhya Pradesh,Bhopal,Berasia Mandi,Gram(Chana),2024-12-02,4344,4970,4614
Madhya Pradesh,Bhopal,Berasia Mandi,Groundnut,2024-12-02,5789,6308,6012
Madhya Pradesh,Bhopal,Berasia Mandi,Wheat,2024-12-02,2050,2164,2103
Madhya Pradesh,Bhopal,Berasia Mandi,Chilli,2024-12-02,12352,15376,13641
Madhya Pradesh,Bhopal,Berasia Mandi,Cotton,2024-12-06,5612,6148,5902
Madhya Pradesh,Bhopal,Berasia Mandi,Maize,2024-12-06,1803,1917,1850
Madhya Pradesh,Bhopal,Berasia Mandi,Gram(Chana),2024-12-06,4918,5754,5346
Madhya Pradesh,Bhopal,Berasia Mandi,Chilli,2024-12-06,13391,16152,14883
Madhya Pradesh,Bhopal,Berasia Mandi,Maize,2024-12-10,1896,2005,1965
Madhya Pradesh,Bhopal,Berasia Mandi,Gram(Chana),2024-12-10,4658,4963,4829
Madhya Pradesh,Bhopal,Berasia Mandi,Jowar,2024-12-10,2456,2672,2576
Madhya Pradesh,Bhopal,Berasia Mandi,Groundnut,2024-12-10,5748,6626,6185
Madhya Pradesh,Bhopal,Berasia Mandi,Mango,2024-12-14,3077,3598,3379
Madhya Pradesh,Bhopal,Berasia Mandi,Maize,2024-12-14,1773,1935,1856
Madhya Pradesh,Bhopal,Berasia Mandi,Gram(Chana),2024-12-14,5050,5530,5345
Madhya Pradesh,Bhopal,Berasia Mandi,Jowar,2024-12-14,2327,2545,2457
Madhya Pradesh,Bhopal,Berasia Mandi,Groundnut,2024-12-14,5673,6389,6080
Madhya Pradesh,Bhopal,Berasia Mandi,Wheat,2024-12-14,1975,2174,2063
Madhya Pradesh,Bhopal,Berasia Mandi,Chilli,2024-12-14,12968,15827,14247
Madhya Pradesh,Bhopal,Berasia Mandi,Cotton,2024-12-18,5019,5512,5288
Madhya Pradesh,Bhopal,Berasia Mandi,Mango,2024-12-18,2856,3618,3248
Madhya Pradesh,Bhopal,Berasia Mandi,Maize,2024-12-18,1877,2124,2005
Madhya Pradesh,Bhopal,Berasia Mandi,Gram(Chana),2024-12-18,4601,5056,4817
Madhya Pradesh,Bhopal,Berasia Mandi,Jowar,2024-12-18,2276,2516,2407
Madhya Pradesh,Bhopal,Berasia Mandi,Groundnut,2024-12-18,5351,6144,5802
Madhya Pradesh,Bhopal,Berasia Mandi,Wheat,2024-12-18,1973,2134,2048
Madhya Pradesh,Bhopal,Berasia Mandi,Chilli,2024-12-18,13620,15942,14925
Madhya Pradesh,Bhopal,Berasia Mandi,Cotton,2024-12-22,4704,5543,5166
Madhya Pradesh,Bhopal,Berasia Mandi,Maize,2024-12-22,1798,1948,1870
Madhya Pradesh,Bhopal,Berasia Mandi,Gram(Chana),2024-12-22,4762,5563,5128
Madhya Pradesh,Bhopal,Berasia Mandi,Jowar,2024-12-22,2439,2774,2632
Madhya Pradesh,Bhopal,Berasia Mandi,Wheat,2024-12-22,2207,2357,2279
Madhya Pradesh,Bhopal,Berasia Mandi,Chilli,2024-12-22,11636,15115,13216
Madhya Pradesh,Bhopal,Berasia Mandi,Cotton,2024-12-26,5032,6017,5541
Madhya Pradesh,Bhopal,Berasia Mandi,Mango,2024-12-26,2581,3822,3223
Madhya Pradesh,Bhopal,Berasia Mandi,Maize,2024-12-26,1747,1863,1804
Madhya Pradesh,Bhopal,Berasia Mandi,Gram(Chana),2024-12-26,4406,4940,4697
Madhya Pradesh,Bhopal,Berasia Mandi,Groundnut,2024-12-26,5655,6550,6140
Madhya Pradesh,Bhopal,Berasia Mandi,Wheat,2024-12-26,2178,2281,2232
Madhya Pradesh,Bhopal,Berasia Mandi,Chilli,2024-12-26,12080,15495,13921
Madhya Pradesh,Bhopal,Berasia Mandi,Cotton,2024-12-30,5134,5819,5390
Madhya Pradesh,Bhopal,Berasia Mandi,Mango,2024-12-30,2471,3574,3124
Madhya Pradesh,Bhopal,Berasia Mandi,Gram(Chana),2024-12-30,4961,5533,5246
Madhya Pradesh,Bhopal,Berasia Mandi,Jowar,2024-12-30,2570,2780,2668
Madhya Pradesh,Bhopal,Berasia Mandi,Groundnut,2024-12-30,5974,6393,6152
Madhya Pradesh,Bhopal,Berasia Mandi,Wheat,2024-12-30,1963,2038,2005
Madhya Pradesh,Bhopal,Berasia Mandi,Chilli,2024-12-30,12121,14619,13384
Maharashtra,Nashik,Niphad Mandi,Maize,2024-01-01,1750,1907,1842
Maharashtra,Nashik,Niphad Mandi,Potato,2024-01-01,814,980,896
Maharashtra,Nashik,Niphad Mandi,Chilli,2024-01-01,9977,11442,10774
Maharashtra,Nashik,Niphad Mandi,Paddy(Dhan),2024-01-01,1955,2140,2049
Maharashtra,Nashik,Niphad Mandi,Mustard,2024-01-01,5083,5523,5298
Maharashtra,Nashik,Niphad Mandi,Gram(Chana),2024-01-01,4967,5528,5283
Maharashtra,Nashik,Niphad Mandi,Soybean,2024-01-01,3985,4214,4087
Maharashtra,Nashik,Niphad Mandi,Maize,2024-01-05,1821,1985,1897
Maharashtra,Nashik,Niphad Mandi,Bajra,2024-01-05,1958,2162,2074
Maharashtra,Nashik,Niphad Mandi,Chilli,2024-01-05,11289,13314,12168
Maharashtra,Nashik,Niphad Mandi,Paddy(Dhan),2024-01-05,1834,2017,1935
Maharashtra,Nashik,Niphad Mandi,Mustard,2024-01-05,5157,5791,5448
Maharashtra,Nashik,Niphad Mandi,Gram(Chana),2024-01-05,4547,4784,4666
Maharashtra,Nashik,Niphad Mandi,Maize,2024-01-09,1828,1982,1901
Maharashtra,Nashik,Niphad Mandi,Potato,2024-01-09,804,958,879
Maharashtra,Nashik,Niphad Mandi,Bajra,2024-01-09,2000,2170,2074
Maharashtra,Nashik,Niphad Mandi,Chilli,2024-01-09,10366,14505,12377
Maharashtra,Nashik,Niphad Mandi,Paddy(Dhan),2024-01-09,2134,2248,2193
Maharashtra,Nashik,Niphad Mandi,Mustard,2024-01-09,5136,5596,5357
Maharashtra,Nashik,Niphad Mandi,Soybean,2024-01-09,3953,4289,4092
Maharashtra,Nashik,Niphad Mandi,Potato,2024-01-13,745,1097,923
Maharashtra,Nashik,Niphad Mandi,Bajra,2024-01-13,1849,2046,1949
Maharashtra,Nashik,Niphad Mandi,Chilli,2024-01-13,10824,13476,12213
Maharashtra,Nashik,Niphad Mandi,Paddy(Dhan),2024-01-13,1835,2001,1920
Maharashtra,Nashik,Niphad Mandi,Mustard,2024-01-13,4690,5214,5001
Maharashtra,Nashik,Niphad Mandi,Gram(Chana),2024-01-13,4832,5303,5054
Maharashtra,Nashik,Niphad Mandi,Potato,2024-01-17,740,1000,895
Maharashtra,Nashik,Niphad Mandi,Bajra,2024-01-17,1949,2147,2056
Maharashtra,Nashik,Niphad Mandi,Paddy(Dhan),2024-01-17,2092,2310,2203
Maharashtra,Nashik,Niphad Mandi,Mustard,2024-01-17,5297,5690,5515
Maharashtra,Nashik,Niphad Mandi,Gram(Chana),2024-01-17,4465,4836,4648
Maharashtra,Nashik,Niphad Mandi,Soybean,2024-01-17,4041,4365,4202
Maharashtra,Nashik,Niphad Mandi,Maize,2024-01-21,1814,2014,1933
Maharashtra,Nashik,Niphad Mandi,Potato,2024-01-21,770,1062,915
Maharashtra,Nashik,Niphad Mandi,Bajra,2024-01-21,2081,2228,2153
Maharashtra,Nashik,Niphad Mandi,Chilli,2024-01-21,9450,12906,11051
Maharashtra,Nashik,Niphad Mandi,Paddy(Dhan),2024-01-21,1960,2156,2062
Maharashtra,Nashik,Niphad Mandi,Mustard,2024-01-21,5149,5627,5413
Maharashtra,Nashik,Niphad Mandi,Gram(Chana),2024-01-21,5088,5639,5365
Maharashtra,Nashik,Niphad Mandi,Soybean,2024-01-21,4314,4750,4509
Maharashtra,Nashik,Niphad Mandi,Maize,2024-01-25,1686,1886,1774
Maharashtra,Nashik,Niphad Mandi,Bajra,2024-01-25,1971,2194,2089
Maharashtra,Nashik,Niphad Mandi,Chilli,2024-01-25,9958,12685,11644
Maharashtra,Nashik,Niphad Mandi,Paddy(Dhan),2024-01-25,1895,2084,1991
Maharashtra,Nashik,Niphad Mandi,Mustard,2024-01-25,4995,5494,5311
Maharashtra,Nashik,Niphad Mandi,Gram(Chana),2024-01-25,4644,5270,4969
Maharashtra,Nashik,Niphad Mandi,Soybean,2024-01-25,4163,4669,4388
Maharashtra,Nashik,Niphad Mandi,Maize,2024-01-29,1776,1963,1869
Maharashtra,Nashik,Niphad Mandi,Bajra,2024-01-29,1908,2090,1982
Maharashtra,Nashik,Niphad Mandi,Chilli,2024-01-29,10766,13482,12142
Maharashtra,Nashik,Niphad Mandi,Paddy(Dhan),2024-01-29,2100,2296,2202
Maharashtra,Nashik,Niphad Mandi,Gram(Chana),2024-01-29,4887,5563,5283
Maharashtra,Nashik,Niphad Mandi,Potato,2024-02-02,806,1157,960
Maharashtra,Nashik,Niphad Mandi,Chilli,2024-02-02,10388,12596,11365
Maharashtra,Nashik,Niphad Mandi,Paddy(Dhan),2024-02-02,2034,2244,2144
Maharashtra,Nashik,Niphad Mandi,Gram(Chana),2024-02-02,4404,4881,4678
Maharashtra,Nashik,Niphad Mandi,Soybean,2024-02-02,4139,4415,4250
Maharashtra,Nashik,Niphad Mandi,Potato,2024-02-06,744,1120,935
Maharashtra,Nashik,Niphad Mandi,Bajra,2024-02-06,1946,2077,2015
Maharashtra,Nashik,Niphad Mandi,Mustard,2024-02-06,4731,5234,4978
Maharashtra,Nashik,Niphad Mandi,Gram(Chana),2024-02-06,4611,5373,4986
Maharashtra,Nashik,Niphad Mandi,Soybean,2024-02-06,3879,4088,3986
Maharashtra,Nashik,Niphad Mandi,Maize,2024-02-10,1931,2052,2004
Maharashtra,Nashik,Niphad Mandi,Potato,2024-02-10,787,1111,959
Maharashtra,Nashik,Niphad Mandi,Bajra,2024-02-10,1857,2013,1951
Maharashtra,Nashik,Niphad Mandi,Chilli,2024-02-10,9761,13329,11639
Maharashtra,Nashik,Niphad Mandi,Mustard,2024-02-10,4604,5071,4845
Maharashtra,Nashik,Niphad Mandi,Gram(Chana),2024-02-10,4707,5365,5052
Maharashtra,Nashik,Niphad Mandi,Soybean,2024-02-10,4339,4683,4524
Maharashtra,Nashik,Niphad Mandi,Maize,2024-02-14,1853,1939,1894
Maharashtra,Nashik,Niphad Mandi,Potato,2024-02-14,727,933,841
Maharashtra,Nashik,Niphad Mandi,Bajra,2024-02-14,1962,2200,2078
Maharashtra,Nashik,Niphad Mandi,Chilli,2024-02-14,11134,13019,12059
Maharashtra,Nashik,Niphad Mandi,Paddy(Dhan),2024-02-14,1860,2009,1924
Maharashtra,Nashik,Niphad Mandi,Mustard,2024-02-14,4903,5295,5088
Maharashtra,Nashik,Niphad Mandi,Gram(Chana),2024-02-14,4702,5238,4990
Maharashtra,Nashik,Niphad Mandi,Soybean,2024-02-14,3645,4051,3892
Maharashtra,Nashik,Niphad Mandi,Maize,2024-02-18,1914,2113,2012
Maharashtra,Nashik,Niphad Mandi,Bajra,2024-02-18,1930,2240,2094
Maharashtra,Nashik,Niphad Mandi,Chilli,2024-02-18,10609,13015,12111
Maharashtra,Nashik,Niphad Mandi,Paddy(Dhan),2024-02-18,2048,2238,2148
Maharashtra,Nashik,Niphad Mandi,Gram(Chana),2024-02-18,4547,5054,4797
Maharashtra,Nashik,Niphad Mandi,Soybean,2024-02-18,4050,4542,4301
Maharashtra,Nashik,Niphad Mandi,Maize,2024-02-22,1877,2048,1959
Maharashtra,Nashik,Niphad Mandi,Potato,2024-02-22,815,1095,933
Maharashtra,Nashik,Niphad Mandi,Bajra,2024-02-22,1920,2023,1983
Maharashtra,Nashik,Niphad Mandi,Paddy(Dhan),2024-02-22,2039,2164,2096
Maharashtra,Nashik,Niphad Mandi,Mustard,2024-02-22,4748,5107,4936
Maharashtra,Nashik,Niphad Mandi,Gram(Chana),2024-02-22,4534,4802,4671
Maharashtra,Nashik,Niphad Mandi,Soybean,2024-02-22,3852,4224,4057
Maharashtra,Nashik,Niphad Mandi,Maize,2024-02-26,1909,2065,1985
Maharashtra,Nashik,Niphad Mandi,Potato,2024-02-26,766,929,848
Maharashtra,Nashik,Niphad Mandi,Bajra,2024-02-26,1995,2151,2074
Maharashtra,Nashik,Niphad Mandi,Gram(Chana),2024-02-26,4659,5051,4848
Maharashtra,Nashik,Niphad Mandi,Soybean,2024-02-26,4294,4614,4439
Maharashtra,Nashik,Niphad Mandi,Maize,2024-03-01,1776,1878,1832
Maharashtra,Nashik,Niphad Mandi,Potato,2024-03-01,821,1185,962
Maharashtra,Nashik,Niphad Mandi,Chilli,2024-03-01,10300,12650,11382
Maharashtra,Nashik,Niphad Mandi,Paddy(Dhan),2024-03-01,1987,2142,2071
Maharashtra,Nashik,Niphad Mandi,Gram(Chana),2024-03-01,4194,4446,4329
Maharashtra,Nashik,Niphad Mandi,Soybean,2024-03-01,3576,4174,3891
Maharashtra,Nashik,Niphad Mandi,Potato,2024-03-05,741,987,863
Maharashtra,Nashik,Niphad Mandi,Bajra,2024-03-05,2027,2134,2079
Maharashtra,Nashik,Niphad Mandi,Mustard,2024-03-05,4219,4588,4378
Maharashtra,Nashik,Niphad Mandi,Gram(Chana),2024-03-05,3813,4368,4107
Maharashtra,Nashik,Niphad Mandi,Maize,2024-03-09,1726,1892,1824
Maharashtra,Nashik,Niphad Mandi,Potato,2024-03-09,728,1037,918
Maharashtra,Nashik,Niphad Mandi,Bajra,2024-03-09,1938,2218,2092
Maharashtra,Nashik,Niphad Mandi,Chilli,2024-03-09,10289,12219,11353
Maharashtra,Nashik,Niphad Mandi,Paddy(Dhan),2024-03-09,2030,2245,2114
Maharashtra,Nashik,Niphad Mandi,Mustard,2024-03-09,3878,4319,4066
Maharashtra,Nashik,Niphad Mandi,Gram(Chana),2024-03-09,3623,3983,3798
Maharashtra,Nashik,Niphad Mandi,Soybean,2024-03-09,4124,4564,4387
Maharashtra,Nashik,Niphad Mandi,Potato,2024-03-13,710,970,847
Maharashtra,Nashik,Niphad Mandi,Bajra,2024-03-13,1978,2181,2101
Maharashtra,Nashik,Niphad Mandi,Chilli,2024-03-13,9639,12640,11099
Maharashtra,Nashik,Niphad Mandi,Paddy(Dhan),2024-03-13,1961,2152,2051
Maharashtra,Nashik,Niphad Mandi,Mustard,2024-03-13,3874,4076,3968
Maharashtra,Nashik,Niphad Mandi,Gram(Chana),2024-03-13,3608,4036,3852
Maharashtra,Nashik,Niphad Mandi,Soybean,2024-03-13,3892,4270,4087
Maharashtra,Nashik,Niphad Mandi,Maize,2024-03-17,1701,1816,1768
Maharashtra,Nashik,Niphad Mandi,Chilli,2024-03-17,9806,13979,11914
Maharashtra,Nashik,Niphad Mandi,Paddy(Dhan),2024-03-17,1898,2042,1978
Maharashtra,Nashik,Niphad Mandi,Mustard,2024-03-17,3937,4460,4233
Maharashtra,Nashik,Niphad Mandi,Maize,2024-03-21,1913,2099,2008
Maharashtra,Nashik,Niphad Mandi,Potato,2024-03-21,706,982,859
Maharashtra,Nashik,Niphad Mandi,Bajra,2024-03-21,1905,2128,2037
Maharashtra,Nashik,Niphad Mandi,Chilli,2024-03-21,9864,12320,11204
Maharashtra,Nashik,Niphad Mandi,Soybean,2024-03-21,3611,4070,3864
Maharashtra,Nashik,Niphad Mandi,Maize,2024-03-25,1694,1803,1748
Maharashtra,Nashik,Niphad Mandi,Potato,2024-03-25,715,1103,886
Maharashtra,Nashik,Niphad Mandi,Bajra,2024-03-25,2088,2224,2151
Maharashtra,Nashik,Niphad Mandi,Chilli,2024-03-25,10000,11750,10861
Maharashtra,Nashik,Niphad Mandi,Mustard,2024-03-25,4232,4593,4425
Maharashtra,Nashik,Niphad Mandi,Gram(Chana),2024-03-25,3900,4440,4148
Maharashtra,Nashik,Niphad Mandi,Maize,2024-03-29,1873,1977,1919
Maharashtra,Nashik,Niphad Mandi,Potato,2024-03-29,768,1022,915
Maharashtra,Nashik,Niphad Mandi,Bajra,2024-03-29,2087,2274,2189
Maharashtra,Nashik,Niphad Mandi,Chilli,2024-03-29,8855,11710,10612
Maharashtra,Nashik,Niphad Mandi,Mustard,2024-03-29,4393,4660,4535
Maharashtra,Nashik,Niphad Mandi,Bajra,2024-04-02,1950,2104,2021
Maharashtra,Nashik,Niphad Mandi,Chilli,2024-04-02,12499,15381,13607
Maharashtra,Nashik,Niphad Mandi,Paddy(Dhan),2024-04-02,2068,2283,2175
Maharashtra,Nashik,Niphad Mandi,Soybean,2024-04-02,3974,4431,4237
Maharashtra,Nashik,Niphad Mandi,Maize,2024-04-06,1751,1959,1861
Maharashtra,Nashik,Niphad Mandi,Bajra,2024-04-06,1952,2188,2042
Maharashtra,Nashik,Niphad Mandi,Chilli,2024-04-06,13157,16795,14696
Maharashtra,Nashik,Niphad Mandi,Gram(Chana),2024-04-06,3688,4032,3881
Maharashtra,Nashik,Niphad Mandi,Soybean,2024-04-06,3812,4031,3915
Maharashtra,Nashik,Niphad Mandi,Maize,2024-04-10,1907,2108,2022
Maharashtra,Nashik,Niphad Mandi,Chilli,2024-04-10,13116,15525,14274
Maharashtra,Nashik,Niphad Mandi,Paddy(Dhan),2024-04-10,1878,2062,1977
Maharashtra,Nashik,Niphad Mandi,Mustard,2024-04-10,3640,4208,3934
Maharashtra,Nashik,Niphad Mandi,Gram(Chana),2024-04-10,3746,4082,3889
Maharashtra,Nashik,Niphad Mandi,Soybean,2024-04-10,3737,4197,3972
Maharashtra,Nashik,Niphad Mandi,Bajra,2024-04-14,2094,2256,2161
Maharashtra,Nashik,Niphad Mandi,Chilli,2024-04-14,11028,14251,12999
Maharashtra,Nashik,Niphad Mandi,Paddy(Dhan),2024-04-14,1951,2065,2012
Maharashtra,Nashik,Niphad Mandi,Mustard,2024-04-14,4183,4395,4311
Maharashtra,Nashik,Niphad Mandi,Gram(Chana),2024-04-14,4141,4484,4328
Maharashtra,Nashik,Niphad Mandi,Soybean,2024-04-14,4202,4550,4405
Maharashtra,Nashik,Niphad Mandi,Maize,2024-04-18,1871,2071,1986
Maharashtra,Nashik,Niphad Mandi,Potato,2024-04-18,961,1253,1108
Maharashtra,Nashik,Niphad Mandi,Bajra,2024-04-18,1987,2204,2113
Maharashtra,Nashik,Niphad Mandi,Chilli,2024-04-18,11392,15509,13507
Maharashtra,Nashik,Niphad Mandi,Paddy(Dhan),2024-04-18,2084,2250,2175
Maharashtra,Nashik,Niphad Mandi,Mustard,2024-04-18,3917,4210,4089
Maharashtra,Nashik,Niphad Mandi,Gram(Chana),2024-04-18,3783,4186,3990
Maharashtra,Nashik,Niphad Mandi,Soybean,2024-04-18,3892,4181,4035
Maharashtra,Nashik,Niphad Mandi,Maize,2024-04-22,1957,2111,2045
Maharashtra,Nashik,Niphad Mandi,Chilli,2024-04-22,12332,14445,13302
Maharashtra,Nashik,Niphad Mandi,Mustard,2024-04-22,3967,4271,4099
Maharashtra,Nashik,Niphad Mandi,Gram(Chana),2024-04-22,3770,4067,3925
Maharashtra,Nashik,Niphad Mandi,Maize,2024-04-26,1744,1898,1832
Maharashtra,Nashik,Niphad Mandi,Potato,2024-04-26,803,1233,1024
Maharashtra,Nashik,Niphad Mandi,Bajra,2024-04-26,2076,2231,2149
Maharashtra,Nashik,Niphad Mandi,Chilli,2024-04-26,12184,14336,13327
Maharashtra,Nashik,Niphad Mandi,Paddy(Dhan),2024-04-26,1907,2011,1952
Maharashtra,Nashik,Niphad Mandi,Mustard,2024-04-26,4092,4511,4318
Maharashtra,Nashik,Niphad Mandi,Gram(Chana),2024-04-26,4214,4502,4328
Maharashtra,Nashik,Niphad Mandi,Soybean,2024-04-26,3728,4228,3970
Maharashtra,Nashik,Niphad Mandi,Maize,2024-04-30,1904,2047,1991
Maharashtra,Nashik,Niphad Mandi,Potato,2024-04-30,935,1196,1058
Maharashtra,Nashik,Niphad Mandi,Bajra,2024-04-30,1999,2247,2126
Maharashtra,Nashik,Niphad Mandi,Chilli,2024-04-30,11320,15027,13514
Maharashtra,Nashik,Niphad Mandi,Paddy(Dhan),2024-04-30,1884,2023,1961
Maharashtra,Nashik,Niphad Mandi,Mustard,2024-04-30,4445,4740,4592
Maharashtra,Nashik,Niphad Mandi,Gram(Chana),2024-04-30,3892,4321,4136
Maharashtra,Nashik,Niphad Mandi,Maize,2024-05-04,1773,1966,1874
Maharashtra,Nashik,Niphad Mandi,Potato,2024-05-04,977,1386,1179
Maharashtra,Nashik,Niphad Mandi,Chilli,2024-05-04,11758,14592,13285
Maharashtra,Nashik,Niphad Mandi,Paddy(Dhan),2024-05-04,1964,2085,2032
Maharashtra,Nashik,Niphad Mandi,Mustard,2024-05-04,5243,5602,5401
Maharashtra,Nashik,Niphad Mandi,Gram(Chana),2024-05-04,4761,5274,5013
Maharashtra,Nashik,Niphad Mandi,Soybean,2024-05-04,3677,4150,3891
Maharashtra,Nashik,Niphad Mandi,Maize,2024-05-08,1853,1996,1913
Maharashtra,Nashik,Niphad Mandi,Potato,2024-05-08,920,1414,1127
Maharashtra,Nashik,Niphad Mandi,Bajra,2024-05-08,2096,2299,2186
Maharashtra,Nashik,Niphad Mandi,Chilli,2024-05-08,12596,15661,13978
Maharashtra,Nashik,Niphad Mandi,Paddy(Dhan),2024-05-08,2040,2157,2103
Maharashtra,Nashik,Niphad Mandi,Mustard,2024-05-08,5269,5917,5532
Maharashtra,Nashik,Niphad Mandi,Gram(Chana),2024-05-08,4780,5127,4960
Maharashtra,Nashik,Niphad Mandi,Soybean,2024-05-08,3856,4174,3990
Maharashtra,Nashik,Niphad Mandi,Maize,2024-05-12,1870,1997,1927
Maharashtra,Nashik,Niphad Mandi,Chilli,2024-05-12,13175,16724,14619
Maharashtra,Nashik,Niphad Mandi,Paddy(Dhan),2024-05-12,1962,2143,2067
Maharashtra,Nashik,Niphad Mandi,Soybean,2024-05-12,3831,4193,3982
Maharashtra,Nashik,Niphad Mandi,Maize,2024-05-16,1808,1990,1910
Maharashtra,Nashik,Niphad Mandi,Potato,2024-05-16,961,1244,1087
Maharashtra,Nashik,Niphad Mandi,Bajra,2024-05-16,2118,2365,2227
Maharashtra,Nashik,Niphad Mandi,Paddy(Dhan),2024-05-16,1843,2013,1907
Maharashtra,Nashik,Niphad Mandi,Gram(Chana),2024-05-16,4478,5034,4772
Maharashtra,Nashik,Niphad Mandi,Soybean,2024-05-16,3684,4191,3916
Maharashtra,Nashik,Niphad Mandi,Maize,2024-05-20,1892,2179,2038
Maharashtra,Nashik,Niphad Mandi,Potato,2024-05-20,892,1318,1112
Maharashtra,Nashik,Niphad Mandi,Bajra,2024-05-20,2111,2289,2205
Maharashtra,Nashik,Niphad Mandi,Chilli,2024-05-20,12229,14771,13522
Maharashtra,Nashik,Niphad Mandi,Paddy(Dhan),2024-05-20,1941,2066,1997
Maharashtra,Nashik,Niphad Mandi,Mustard,2024-05-20,4966,5229,5084
Maharashtra,Nashik,Niphad Mandi,Gram(Chana),2024-05-20,4965,5597,5227
Maharashtra,Nashik,Niphad Mandi,Soybean,2024-05-20,3973,4192,4094
Maharashtra,Nashik,Niphad Mandi,Maize,2024-05-24,1671,1841,1757
Maharashtra,Nashik,Niphad Mandi,Potato,2024-05-24,1023,1348,1173
Maharashtra,Nashik,Niphad Mandi,Bajra,2024-05-24,1899,2117,2031
Maharashtra,Nashik,Niphad Mandi,Chilli,2024-05-24,13617,16818,15037
Maharashtra,Nashik,Niphad Mandi,Paddy(Dhan),2024-05-24,1979,2087,2034
Maharashtra,Nashik,Niphad Mandi,Mustard,2024-05-24,4640,5013,4826
Maharashtra,Nashik,Niphad Mandi,Gram(Chana),2024-05-24,5046,5651,5291
Maharashtra,Nashik,Niphad Mandi,Soybean,2024-05-24,4301,4643,4493
Maharashtra,Nashik,Niphad Mandi,Maize,2024-05-28,1932,2121,2019
Maharashtra,Nashik,Niphad Mandi,Potato,2024-05-28,964,1424,1188
Maharashtra,Nashik,Niphad Mandi,Bajra,2024-05-28,2019,2314,2159
Maharashtra,Nashik,Niphad Mandi,Chilli,2024-05-28,12997,16783,14534
Maharashtra,Nashik,Niphad Mandi,Mustard,2024-05-28,4876,5127,4990
Maharashtra,Nashik,Niphad Mandi,Gram(Chana),2024-05-28,4457,5012,4784
Maharashtra,Nashik,Niphad Mandi,Maize,2024-06-01,1719,1931,1804
Maharashtra,Nashik,Niphad Mandi,Potato,2024-06-01,917,1177,1062
Maharashtra,Nashik,Niphad Mandi,Bajra,2024-06-01,2095,2223,2160
Maharashtra,Nashik,Niphad Mandi,Paddy(Dhan),2024-06-01,1932,2095,2009
Maharashtra,Nashik,Niphad Mandi,Mustard,2024-06-01,4747,4961,4844
Maharashtra,Nashik,Niphad Mandi,Gram(Chana),2024-06-01,4524,4975,4752
Maharashtra,Nashik,Niphad Mandi,Soybean,2024-06-01,3844,4135,3973
Maharashtra,Nashik,Niphad Mandi,Maize,2024-06-05,1659,1871,1756
Maharashtra,Nashik,Niphad Mandi,Bajra,2024-06-05,1961,2138,2051
Maharashtra,Nashik,Niphad Mandi,Paddy(Dhan),2024-06-05,2103,2273,2176
Maharashtra,Nashik,Niphad Mandi,Mustard,2024-06-05,5308,5995,5563
Maharashtra,Nashik,Niphad Mandi,Soybean,2024-06-05,4017,4570,4310
Maharashtra,Nashik,Niphad Mandi,Maize,2024-06-09,1787,1893,1841
Maharashtra,Nashik,Niphad Mandi,Bajra,2024-06-09,2029,2191,2124
Maharashtra,Nashik,Niphad Mandi,Chilli,2024-06-09,12201,15924,13670
Maharashtra,Nashik,Niphad Mandi,Paddy(Dhan),2024-06-09,1915,2062,1991
Maharashtra,Nashik,Niphad Mandi,Mustard,2024-06-09,5107,5446,5255
Maharashtra,Nashik,Niphad Mandi,Gram(Chana),2024-06-09,4674,5375,5017
Maharashtra,Nashik,Niphad Mandi,Soybean,2024-06-09,3894,4482,4197
Maharashtra,Nashik,Niphad Mandi,Potato,2024-06-13,878,1218,1074
Maharashtra,Nashik,Niphad Mandi,Chilli,2024-06-13,11818,15345,13638
Maharashtra,Nashik,Niphad Mandi,Paddy(Dhan),2024-06-13,1840,1998,1920
Maharashtra,Nashik,Niphad Mandi,Gram(Chana),2024-06-13,5051,5613,5337
Maharashtra,Nashik,Niphad Mandi,Soybean,2024-06-13,4170,4689,4449
Maharashtra,Nashik,Niphad Mandi,Maize,2024-06-17,1774,1943,1859
Maharashtra,Nashik,Niphad Mandi,Potato,2024-06-17,886,1135,1016
Maharashtra,Nashik,Niphad Mandi,Bajra,2024-06-17,2057,2241,2162
Maharashtra,Nashik,Niphad Mandi,Chilli,2024-06-17,11818,14552,13107
Maharashtra,Nashik,Niphad Mandi,Paddy(Dhan),2024-06-17,1956,2126,2058
Maharashtra,Nashik,Niphad Mandi,Mustard,2024-06-17,5305,5854,5571
Maharashtra,Nashik,Niphad Mandi,Gram(Chana),2024-06-17,4841,5314,5132
Maharashtra,Nashik,Niphad Mandi,Soybean,2024-06-17,3785,4183,3959
Maharashtra,Nashik,Niphad Mandi,Maize,2024-06-21,1861,2001,1930
Maharashtra,Nashik,Niphad Mandi,Potato,2024-06-21,926,1249,1088
Maharashtra,Nashik,Niphad Mandi,Bajra,2024-06-21,2024,2153,2091
Maharashtra,Nashik,Niphad Mandi,Chilli,2024-06-21,12234,14449,13305
Maharashtra,Nashik,Niphad Mandi,Mustard,2024-06-21,4990,5247,5129
Maharashtra,Nashik,Niphad Mandi,Gram(Chana),2024-06-21,5020,5561,5245
Maharashtra,Nashik,Niphad Mandi,Soybean,2024-06-21,3953,4338,4125
Maharashtra,Nashik,Niphad Mandi,Maize,2024-06-25,1694,1924,1818
Maharashtra,Nashik,Niphad Mandi,Potato,2024-06-25,977,1335,1145
Maharashtra,Nashik,Niphad Mandi,Chilli,2024-06-25,12907,15964,14382
Maharashtra,Nashik,Niphad Mandi,Mustard,2024-06-25,4971,5281,5117
Maharashtra,Nashik,Niphad Mandi,Gram(Chana),2024-06-25,4782,5366,5072
Maharashtra,Nashik,Niphad Mandi,Maize,2024-06-29,1819,1953,1885
Maharashtra,Nashik,Niphad Mandi,Potato,2024-06-29,940,1243,1078
Maharashtra,Nashik,Niphad Mandi,Chilli,2024-06-29,11770,15112,13326
Maharashtra,Nashik,Niphad Mandi,Mustard,2024-06-29,5326,5801,5562
Maharashtra,Nashik,Niphad Mandi,Gram(Chana),2024-06-29,4578,5304,4943
Maharashtra,Nashik,Niphad Mandi,Soybean,2024-06-29,3887,4358,4105
Maharashtra,Nashik,Niphad Mandi,Maize,2024-07-03,1777,1873,1819
Maharashtra,Nashik,Niphad Mandi,Potato,2024-07-03,900,1339,1082
Maharashtra,Nashik,Niphad Mandi,Bajra,2024-07-03,2119,2241,2174
Maharashtra,Nashik,Niphad Mandi,Chilli,2024-07-03,11962,14861,13450
Maharashtra,Nashik,Niphad Mandi,Mustard,2024-07-03,5129,5689,5450
Maharashtra,Nashik,Niphad Mandi,Gram(Chana),2024-07-03,4793,5438,5071
Maharashtra,Nashik,Niphad Mandi,Soybean,2024-07-03,4010,4280,4125
Maharashtra,Nashik,Niphad Mandi,Maize,2024-07-07,1802,1965,1892
Maharashtra,Nashik,Niphad Mandi,Potato,2024-07-07,978,1317,1185
Maharashtra,Nashik,Niphad Mandi,Bajra,2024-07-07,1944,2100,2022
Maharashtra,Nashik,Niphad Mandi,Chilli,2024-07-07,12691,15140,14020
Maharashtra,Nashik,Niphad Mandi,Paddy(Dhan),2024-07-07,1908,2024,1962
Maharashtra,Nashik,Niphad Mandi,Mustard,2024-07-07,4997,5507,5193
Maharashtra,Nashik,Niphad Mandi,Gram(Chana),2024-07-07,4455,5108,4769
Maharashtra,Nashik,Niphad Mandi,Maize,2024-07-11,1818,1942,1875
Maharashtra,Nashik,Niphad Mandi,Potato,2024-07-11,924,1203,1050
Maharashtra,Nashik,Niphad Mandi,Bajra,2024-07-11,2028,2233,2134
Maharashtra,Nashik,Niphad Mandi,Chilli,2024-07-11,12084,15131,13709
Maharashtra,Nashik,Niphad Mandi,Paddy(Dhan),2024-07-11,1989,2095,2051
Maharashtra,Nashik,Niphad Mandi,Mustard,2024-07-11,5161,5657,5425
Maharashtra,Nashik,Niphad Mandi,Gram(Chana),2024-07-11,4761,5246,5002
Maharashtra,Nashik,Niphad Mandi,Soybean,2024-07-11,3831,4256,4050
Maharashtra,Nashik,Niphad Mandi,Maize,2024-07-15,1931,2092,2017
Maharashtra,Nashik,Niphad Mandi,Potato,2024-07-15,875,1164,1022
Maharashtra,Nashik,Niphad Mandi,Chilli,2024-07-15,12093,14408,13502
Maharashtra,Nashik,Niphad Mandi,Paddy(Dhan),2024-07-15,2069,2221,2153
Maharashtra,Nashik,Niphad Mandi,Mustard,2024-07-15,5213,5755,5449
Maharashtra,Nashik,Niphad Mandi,Soybean,2024-07-15,3846,4384,4094
Maharashtra,Nashik,Niphad Mandi,Maize,2024-07-19,1854,1986,1922
Maharashtra,Nashik,Niphad Mandi,Chilli,2024-07-19,11943,15762,13798
Maharashtra,Nashik,Niphad Mandi,Paddy(Dhan),2024-07-19,1947,2035,1990
Maharashtra,Nashik,Niphad Mandi,Gram(Chana),2024-07-19,5005,5537,5302
Maharashtra,Nashik,Niphad Mandi,Soybean,2024-07-19,3795,4314,4051
Maharashtra,Nashik,Niphad Mandi,Potato,2024-07-23,799,1258,1049
Maharashtra,Nashik,Niphad Mandi,Bajra,2024-07-23,2098,2299,2198
Maharashtra,Nashik,Niphad Mandi,Chilli,2024-07-23,12574,14774,13594
Maharashtra,Nashik,Niphad Mandi,Mustard,2024-07-23,4842,5272,5032
Maharashtra,Nashik,Niphad Mandi,Soybean,2024-07-23,3916,4321,4132
Maharashtra,Nashik,Niphad Mandi,Maize,2024-07-27,1867,2088,1961
Maharashtra,Nashik,Niphad Mandi,Bajra,2024-07-27,2031,2182,2107
Maharashtra,Nashik,Niphad Mandi,Chilli,2024-07-27,12015,14414,13348
Maharashtra,Nashik,Niphad Mandi,Paddy(Dhan),2024-07-27,1883,2068,1968
Maharashtra,Nashik,Niphad Mandi,Gram(Chana),2024-07-27,4379,4829,4621
Maharashtra,Nashik,Niphad Mandi,Soybean,2024-07-27,3848,4400,4187
Maharashtra,Nashik,Niphad Mandi,Chilli,2024-07-31,12677,15286,14184
Maharashtra,Nashik,Niphad Mandi,Mustard,2024-07-31,4672,5240,4952
Maharashtra,Nashik,Niphad Mandi,Gram(Chana),2024-07-31,4686,4984,4803
Maharashtra,Nashik,Niphad Mandi,Maize,2024-08-04,1942,2114,2026
Maharashtra,Nashik,Niphad Mandi,Potato,2024-08-04,771,1367,1063
Maharashtra,Nashik,Niphad Mandi,Bajra,2024-08-04,1901,2016,1963
Maharashtra,Nashik,Niphad Mandi,Paddy(Dhan),2024-08-04,1918,2015,1971
Maharashtra,Nashik,Niphad Mandi,Maize,2024-08-08,1899,2011,1957
Maharashtra,Nashik,Niphad Mandi,Bajra,2024-08-08,1990,2179,2081
Maharashtra,Nashik,Niphad Mandi,Chilli,2024-08-08,11831,15891,13687
Maharashtra,Nashik,Niphad Mandi,Paddy(Dhan),2024-08-08,2027,2248,2143
Maharashtra,Nashik,Niphad Mandi,Maize,2024-08-12,1862,1986,1924
Maharashtra,Nashik,Niphad Mandi,Potato,2024-08-12,893,1208,1070
Maharashtra,Nashik,Niphad Mandi,Bajra,2024-08-12,2145,2354,2237
Maharashtra,Nashik,Niphad Mandi,Chilli,2024-08-12,12769,16698,14729
Maharashtra,Nashik,Niphad Mandi,Paddy(Dhan),2024-08-12,2094,2250,2164
Maharashtra,Nashik,Niphad Mandi,Mustard,2024-08-12,4737,5209,4958
Maharashtra,Nashik,Niphad Mandi,Gram(Chana),2024-08-12,4662,5065,4856
Maharashtra,Nashik,Niphad Mandi,Soybean,2024-08-12,3755,4196,3966
Maharashtra,Nashik,Niphad Mandi,Bajra,2024-08-16,2024,2240,2133
Maharashtra,Nashik,Niphad Mandi,Chilli,2024-08-16,12924,14624,13758
Maharashtra,Nashik,Niphad Mandi,Mustard,2024-08-16,5073,5375,5215
Maharashtra,Nashik,Niphad Mandi,Soybean,2024-08-16,3950,4303,4117
Maharashtra,Nashik,Niphad Mandi,Bajra,2024-08-20,2084,2236,2157
Maharashtra,Nashik,Niphad Mandi,Paddy(Dhan),2024-08-20,2131,2233,2192
Maharashtra,Nashik,Niphad Mandi,Mustard,2024-08-20,4820,5111,4996
Maharashtra,Nashik,Niphad Mandi,Maize,2024-08-24,1726,1885,1814
Maharashtra,Nashik,Niphad Mandi,Potato,2024-08-24,923,1145,1018
Maharashtra,Nashik,Niphad Mandi,Bajra,2024-08-24,1997,2122,2067
Maharashtra,Nashik,Niphad Mandi,Chilli,2024-08-24,12363,14942,13715
Maharashtra,Nashik,Niphad Mandi,Paddy(Dhan),2024-08-24,1931,2134,2040
Maharashtra,Nashik,Niphad Mandi,Gram(Chana),2024-08-24,4735,5306,5025
Maharashtra,Nashik,Niphad Mandi,Soybean,2024-08-24,3794,4196,4020
Maharashtra,Nashik,Niphad Mandi,Potato,2024-08-28,847,1277,1079
Maharashtra,Nashik,Niphad Mandi,Bajra,2024-08-28,1988,2228,2107
Maharashtra,Nashik,Niphad Mandi,Paddy(Dhan),2024-08-28,1956,2116,2041
Maharashtra,Nashik,Niphad Mandi,Mustard,2024-08-28,5030,5384,5225
Maharashtra,Nashik,Niphad Mandi,Gram(Chana),2024-08-28,5094,5408,5250
Maharashtra,Nashik,Niphad Mandi,Soybean,2024-08-28,3678,4042,3887
Maharashtra,Nashik,Niphad Mandi,Potato,2024-09-01,946,1232,1111
Maharashtra,Nashik,Niphad Mandi,Chilli,2024-09-01,12256,15174,13763
Maharashtra,Nashik,Niphad Mandi,Paddy(Dhan),2024-09-01,1997,2136,2066
Maharashtra,Nashik,Niphad Mandi,Mustard,2024-09-01,5338,5840,5569
Maharashtra,Nashik,Niphad Mandi,Gram(Chana),2024-09-01,4472,4960,4669
Maharashtra,Nashik,Niphad Mandi,Soybean,2024-09-01,3892,4192,4035
Maharashtra,Nashik,Niphad Mandi,Bajra,2024-09-05,1666,1821,1727
Maharashtra,Nashik,Niphad Mandi,Paddy(Dhan),2024-09-05,1868,2090,1994
Maharashtra,Nashik,Niphad Mandi,Mustard,2024-09-05,5013,5575,5272
Maharashtra,Nashik,Niphad Mandi,Gram(Chana),2024-09-05,4777,5245,4981
Maharashtra,Nashik,Niphad Mandi,Maize,2024-09-09,1550,1694,1629
Maharashtra,Nashik,Niphad Mandi,Potato,2024-09-09,950,1317,1106
Maharashtra,Nashik,Niphad Mandi,Bajra,2024-09-09,1716,1804,1758
Maharashtra,Nashik,Niphad Mandi,Chilli,2024-09-09,12685,16090,14550
Maharashtra,Nashik,Niphad Mandi,Paddy(Dhan),2024-09-09,1913,2153,2027
Maharashtra,Nashik,Niphad Mandi,Mustard,2024-09-09,5054,5600,5364
Maharashtra,Nashik,Niphad Mandi,Gram(Chana),2024-09-09,4727,5274,4995
Maharashtra,Nashik,Niphad Mandi,Soybean,2024-09-09,4137,4539,4354
Maharashtra,Nashik,Niphad Mandi,Maize,2024-09-13,1400,1503,1459
Maharashtra,Nashik,Niphad Mandi,Potato,2024-09-13,901,1309,1093
Maharashtra,Nashik,Niphad Mandi,Chilli,2024-09-13,13621,15446,14527
Maharashtra,Nashik,Niphad Mandi,Mustard,2024-09-13,4747,5388,5027
Maharashtra,Nashik,Niphad Mandi,Soybean,2024-09-13,3877,4122,3977
Maharashtra,Nashik,Niphad Mandi,Bajra,2024-09-17,1712,1902,1809
Maharashtra,Nashik,Niphad Mandi,Chilli,2024-09-17,13367,16935,15118
Maharashtra,Nashik,Niphad Mandi,Paddy(Dhan),2024-09-17,2151,2262,2196
Maharashtra,Nashik,Niphad Mandi,Mustard,2024-09-17,5228,5688,5443
Maharashtra,Nashik,Niphad Mandi,Soybean,2024-09-17,4150,4534,4363
Maharashtra,Nashik,Niphad Mandi,Potato,2024-09-21,880,1339,1114
Maharashtra,Nashik,Niphad Mandi,Bajra,2024-09-21,1713,1899,1791
Maharashtra,Nashik,Niphad Mandi,Paddy(Dhan),2024-09-21,2090,2247,2180
Maharashtra,Nashik,Niphad Mandi,Mustard,2024-09-21,5088,5604,5350
Maharashtra,Nashik,Niphad Mandi,Gram(Chana),2024-09-21,4515,4983,4749
Maharashtra,Nashik,Niphad Mandi,Soybean,2024-09-21,3786,4022,3898
Maharashtra,Nashik,Niphad Mandi,Maize,2024-09-25,1508,1658,1574
Maharashtra,Nashik,Niphad Mandi,Potato,2024-09-25,1068,1309,1176
Maharashtra,Nashik,Niphad Mandi,Chilli,2024-09-25,13347,15177,14093
Maharashtra,Nashik,Niphad Mandi,Paddy(Dhan),2024-09-25,1936,2106,2011
Maharashtra,Nashik,Niphad Mandi,Soybean,2024-09-25,4091,4581,4341
Maharashtra,Nashik,Niphad Mandi,Maize,2024-09-29,1447,1517,1483
Maharashtra,Nashik,Niphad Mandi,Potato,2024-09-29,778,1299,1066
Maharashtra,Nashik,Niphad Mandi,Bajra,2024-09-29,1688,1921,1808
Maharashtra,Nashik,Niphad Mandi,Paddy(Dhan),2024-09-29,2077,2265,2177
Maharashtra,Nashik,Niphad Mandi,Mustard,2024-09-29,5126,5527,5285
Maharashtra,Nashik,Niphad Mandi,Gram(Chana),2024-09-29,4531,4823,4650
Maharashtra,Nashik,Niphad Mandi,Soybean,2024-09-29,3773,4186,3974
Maharashtra,Nashik,Niphad Mandi,Maize,2024-10-03,1592,1725,1666
Maharashtra,Nashik,Niphad Mandi,Bajra,2024-10-03,1513,1683,1592
Maharashtra,Nashik,Niphad Mandi,Chilli,2024-10-03,12190,14634,13539
Maharashtra,Nashik,Niphad Mandi,Mustard,2024-10-03,4613,5325,4946
Maharashtra,Nashik,Niphad Mandi,Gram(Chana),2024-10-03,5188,5586,5390
Maharashtra,Nashik,Niphad Mandi,Soybean,2024-10-03,3458,3731,3594
Maharashtra,Nashik,Niphad Mandi,Maize,2024-10-07,1576,1716,1628
Maharashtra,Nashik,Niphad Mandi,Potato,2024-10-07,927,1271,1132
Maharashtra,Nashik,Niphad Mandi,Bajra,2024-10-07,1681,1832,1756
Maharashtra,Nashik,Niphad Mandi,Chilli,2024-10-07,12567,16482,14279
Maharashtra,Nashik,Niphad Mandi,Mustard,2024-10-07,5160,5538,5344
Maharashtra,Nashik,Niphad Mandi,Soybean,2024-10-07,3241,3592,3403
Maharashtra,Nashik,Niphad Mandi,Bajra,2024-10-11,1681,1809,1752
Maharashtra,Nashik,Niphad Mandi,Paddy(Dhan),2024-10-11,1618,1774,1702
Maharashtra,Nashik,Niphad Mandi,Mustard,2024-10-11,4985,5587,5342
Maharashtra,Nashik,Niphad Mandi,Gram(Chana),2024-10-11,4774,5308,5059
Maharashtra,Nashik,Niphad Mandi,Soybean,2024-10-11,3389,3855,3657
Maharashtra,Nashik,Niphad Mandi,Maize,2024-10-15,1564,1673,1617
Maharashtra,Nashik,Niphad Mandi,Potato,2024-10-15,955,1224,1106
Maharashtra,Nashik,Niphad Mandi,Chilli,2024-10-15,13540,15659,14763
Maharashtra,Nashik,Niphad Mandi,Paddy(Dhan),2024-10-15,1692,1889,1799
Maharashtra,Nashik,Niphad Mandi,Mustard,2024-10-15,5344,5895,5582
Maharashtra,Nashik,Niphad Mandi,Gram(Chana),2024-10-15,4680,5071,4884
Maharashtra,Nashik,Niphad Mandi,Soybean,2024-10-15,3351,3760,3539
Maharashtra,Nashik,Niphad Mandi,Maize,2024-10-19,1457,1562,1508
Maharashtra,Nashik,Niphad Mandi,Bajra,2024-10-19,1704,1875,1784
Maharashtra,Nashik,Niphad Mandi,Chilli,2024-10-19,13499,15827,14577
Maharashtra,Nashik,Niphad Mandi,Paddy(Dhan),2024-10-19,1629,1736,1685
Maharashtra,Nashik,Niphad Mandi,Gram(Chana),2024-10-19,5021,5431,5243
Maharashtra,Nashik,Niphad Mandi,Soybean,2024-10-19,2952,3344,3199
Maharashtra,Nashik,Niphad Mandi,Maize,2024-10-23,1446,1635,1552
Maharashtra,Nashik,Niphad Mandi,Potato,2024-10-23,860,1242,1072
Maharashtra,Nashik,Niphad Mandi,Bajra,2024-10-23,1509,1670,1584
Maharashtra,Nashik,Niphad Mandi,Paddy(Dhan),2024-10-23,1548,1695,1609
Maharashtra,Nashik,Niphad Mandi,Mustard,2024-10-23,4763,5071,4895
Maharashtra,Nashik,Niphad Mandi,Maize,2024-10-27,1477,1603,1556
Maharashtra,Nashik,Niphad Mandi,Potato,2024-10-27,923,1357,1160
Maharashtra,Nashik,Niphad Mandi,Bajra,2024-10-27,1758,1881,1811
Maharashtra,Nashik,Niphad Mandi,Chilli,2024-10-27,12595,16982,14967
Maharashtra,Nashik,Niphad Mandi,Paddy(Dhan),2024-10-27,1586,1800,1698
Maharashtra,Nashik,Niphad Mandi,Mustard,2024-10-27,5182,5814,5529
Maharashtra,Nashik,Niphad Mandi,Gram(Chana),2024-10-27,4825,5185,5002
Maharashtra,Nashik,Niphad Mandi,Soybean,2024-10-27,3017,3381,3200
Maharashtra,Nashik,Niphad Mandi,Maize,2024-10-31,1454,1550,1501
Maharashtra,Nashik,Niphad Mandi,Potato,2024-10-31,827,1322,1064
Maharashtra,Nashik,Niphad Mandi,Bajra,2024-10-31,1575,1703,1638
Maharashtra,Nashik,Niphad Mandi,Paddy(Dhan),2024-10-31,1577,1758,1680
Maharashtra,Nashik,Niphad Mandi,Mustard,2024-10-31,4748,5337,5053
Maharashtra,Nashik,Niphad Mandi,Gram(Chana),2024-10-31,4320,5007,4701
Maharashtra,Nashik,Niphad Mandi,Maize,2024-11-04,1780,1869,1827
Maharashtra,Nashik,Niphad Mandi,Potato,2024-11-04,967,1326,1156
Maharashtra,Nashik,Niphad Mandi,Soybean,2024-11-04,3245,3631,3435
Maharashtra,Nashik,Niphad Mandi,Maize,2024-11-08,1719,1855,1790
Maharashtra,Nashik,Niphad Mandi,Potato,2024-11-08,909,1276,1109
Maharashtra,Nashik,Niphad Mandi,Bajra,2024-11-08,2064,2225,2156
Maharashtra,Nashik,Niphad Mandi,Chilli,2024-11-08,12322,14980,13852
Maharashtra,Nashik,Niphad Mandi,Paddy(Dhan),2024-11-08,1650,1765,1699
Maharashtra,Nashik,Niphad Mandi,Gram(Chana),2024-11-08,4761,5321,5077
Maharashtra,Nashik,Niphad Mandi,Soybean,2024-11-08,3568,3764,3666
Maharashtra,Nashik,Niphad Mandi,Maize,2024-11-12,1773,1971,1880
Maharashtra,Nashik,Niphad Mandi,Potato,2024-11-12,826,1316,1119
Maharashtra,Nashik,Niphad Mandi,Bajra,2024-11-12,2109,2360,2258
Maharashtra,Nashik,Niphad Mandi,Chilli,2024-11-12,11677,14634,13307
Maharashtra,Nashik,Niphad Mandi,Paddy(Dhan),2024-11-12,1692,1842,1783
Maharashtra,Nashik,Niphad Mandi,Soybean,2024-11-12,2990,3359,3176
Maharashtra,Nashik,Niphad Mandi,Potato,2024-11-16,933,1179,1083
Maharashtra,Nashik,Niphad Mandi,Bajra,2024-11-16,1926,2127,2019
Maharashtra,Nashik,Niphad Mandi,Chilli,2024-11-16,13453,15609,14543
Maharashtra,Nashik,Niphad Mandi,Soybean,2024-11-16,3087,3465,3254
Maharashtra,Nashik,Niphad Mandi,Maize,2024-11-20,1972,2101,2031
Maharashtra,Nashik,Niphad Mandi,Potato,2024-11-20,910,1366,1093
Maharashtra,Nashik,Niphad Mandi,Bajra,2024-11-20,2047,2235,2155
Maharashtra,Nashik,Niphad Mandi,Chilli,2024-11-20,12508,15102,13496
Maharashtra,Nashik,Niphad Mandi,Paddy(Dhan),2024-11-20,1553,1685,1621
Maharashtra,Nashik,Niphad Mandi,Soybean,2024-11-20,3385,3672,3525
Maharashtra,Nashik,Niphad Mandi,Maize,2024-11-24,1879,2109,1986
Maharashtra,Nashik,Niphad Mandi,Potato,2024-11-24,936,1332,1145
Maharashtra,Nashik,Niphad Mandi,Bajra,2024-11-24,2078,2298,2180
Maharashtra,Nashik,Niphad Mandi,Chilli,2024-11-24,12227,15978,14121
Maharashtra,Nashik,Niphad Mandi,Paddy(Dhan),2024-11-24,1683,1801,1749
Maharashtra,Nashik,Niphad Mandi,Mustard,2024-11-24,5216,5591,5394
Maharashtra,Nashik,Niphad Mandi,Gram(Chana),2024-11-24,4747,5286,5021
Maharashtra,Nashik,Niphad Mandi,Soybean,2024-11-24,3044,3405,3204
Maharashtra,Nashik,Niphad Mandi,Maize,2024-11-28,1705,1858,1779
Maharashtra,Nashik,Niphad Mandi,Potato,2024-11-28,970,1384,1146
Maharashtra,Nashik,Niphad Mandi,Mustard,2024-11-28,5130,5471,5291
Maharashtra,Nashik,Niphad Mandi,Maize,2024-12-02,1734,1986,1852
Maharashtra,Nashik,Niphad Mandi,Potato,2024-12-02,958,1260,1102
Maharashtra,Nashik,Niphad Mandi,Bajra,2024-12-02,1979,2210,2106
Maharashtra,Nashik,Niphad Mandi,Chilli,2024-12-02,13341,15308,14254
Maharashtra,Nashik,Niphad Mandi,Paddy(Dhan),2024-12-02,1750,1878,1802
Maharashtra,Nashik,Niphad Mandi,Mustard,2024-12-02,4701,5234,4981
Maharashtra,Nashik,Niphad Mandi,Potato,2024-12-06,1053,1270,1147
Maharashtra,Nashik,Niphad Mandi,Bajra,2024-12-06,2121,2353,2213
Maharashtra,Nashik,Niphad Mandi,Chilli,2024-12-06,12230,16441,14236
Maharashtra,Nashik,Niphad Mandi,Paddy(Dhan),2024-12-06,1619,1803,1699
Maharashtra,Nashik,Niphad Mandi,Gram(Chana),2024-12-06,4587,5004,4813
Maharashtra,Nashik,Niphad Mandi,Soybean,2024-12-06,3836,4190,3983
Maharashtra,Nashik,Niphad Mandi,Maize,2024-12-10,1663,1877,1765
Maharashtra,Nashik,Niphad Mandi,Potato,2024-12-10,920,1352,1129
Maharashtra,Nashik,Niphad Mandi,Bajra,2024-12-10,2132,2371,2238
Maharashtra,Nashik,Niphad Mandi,Chilli,2024-12-10,13125,15328,14316
Maharashtra,Nashik,Niphad Mandi,Paddy(Dhan),2024-12-10,1623,1719,1674
Maharashtra,Nashik,Niphad Mandi,Mustard,2024-12-10,5377,5758,5563
Maharashtra,Nashik,Niphad Mandi,Soybean,2024-12-10,4134,4438,4293
Maharashtra,Nashik,Niphad Mandi,Maize,2024-12-14,1953,2064,2002
Maharashtra,Nashik,Niphad Mandi,Potato,2024-12-14,858,1344,1072
Maharashtra,Nashik,Niphad Mandi,Bajra,2024-12-14,2028,2279,2132
Maharashtra,Nashik,Niphad Mandi,Chilli,2024-12-14,11602,15479,13554
Maharashtra,Nashik,Niphad Mandi,Paddy(Dhan),2024-12-14,1669,1839,1756
Maharashtra,Nashik,Niphad Mandi,Gram(Chana),2024-12-14,5214,5523,5368
Maharashtra,Nashik,Niphad Mandi,Soybean,2024-12-14,3936,4241,4100
Maharashtra,Nashik,Niphad Mandi,Potato,2024-12-18,855,1424,1130
Maharashtra,Nashik,Niphad Mandi,Chilli,2024-12-18,12547,14394,13359
Maharashtra,Nashik,Niphad Mandi,Paddy(Dhan),2024-12-18,1675,1832,1741
Maharashtra,Nashik,Niphad Mandi,Mustard,2024-12-18,4671,4931,4786
Maharashtra,Nashik,Niphad Mandi,Soybean,2024-12-18,4252,4624,4478
Maharashtra,Nashik,Niphad Mandi,Potato,2024-12-22,1027,1228,1138
Maharashtra,Nashik,Niphad Mandi,Bajra,2024-12-22,2090,2230,2164
Maharashtra,Nashik,Niphad Mandi,Chilli,2024-12-22,13763,16117,14956
Maharashtra,Nashik,Niphad Mandi,Paddy(Dhan),2024-12-22,1500,1629,1562
Maharashtra,Nashik,Niphad Mandi,Mustard,2024-12-22,5302,5780,5593
Maharashtra,Nashik,Niphad Mandi,Gram(Chana),2024-12-22,4427,4826,4635
Maharashtra,Nashik,Niphad Mandi,Soybean,2024-12-22,4128,4518,4343
Maharashtra,Nashik,Niphad Mandi,Maize,2024-12-26,1877,2147,2005
Maharashtra,Nashik,Niphad Mandi,Bajra,2024-12-26,2057,2276,2189
Maharashtra,Nashik,Niphad Mandi,Chilli,2024-12-26,11183,15118,13022
Maharashtra,Nashik,Niphad Mandi,Paddy(Dhan),2024-12-26,1659,1857,1767
Maharashtra,Nashik,Niphad Mandi,Mustard,2024-12-26,5279,5745,5507
Maharashtra,Nashik,Niphad Mandi,Gram(Chana),2024-12-26,4370,5001,4629
Maharashtra,Nashik,Niphad Mandi,Soybean,2024-12-26,4247,4888,4534
Maharashtra,Nashik,Niphad Mandi,Maize,2024-12-30,1809,1905,1856
Maharashtra,Nashik,Niphad Mandi,Potato,2024-12-30,1058,1325,1177
Maharashtra,Nashik,Niphad Mandi,Bajra,2024-12-30,1894,2056,1980
Maharashtra,Nashik,Niphad Mandi,Paddy(Dhan),2024-12-30,1589,1714,1659
Maharashtra,Nashik,Niphad Mandi,Gram(Chana),2024-12-30,4771,5278,5014
Maharashtra,Nashik,Niphad Mandi,Soybean,2024-12-30,3802,4094,3952
Maharashtra,Pune,Baramati Mandi,Gram(Chana),2024-01-01,4409,5034,4651
Maharashtra,Pune,Baramati Mandi,Mango,2024-01-01,2727,3707,3256
Maharashtra,Pune,Baramati Mandi,Groundnut,2024-01-01,5854,6375,6137
Maharashtra,Pune,Baramati Mandi,Onion,2024-01-05,1323,1815,1546
Maharashtra,Pune,Baramati Mandi,Mango,2024-01-05,2648,3173,2971
Maharashtra,Pune,Baramati Mandi,Groundnut,2024-01-05,5506,5956,5757
Maharashtra,Pune,Baramati Mandi,Wheat,2024-01-05,2058,2212,2147
Maharashtra,Pune,Baramati Mandi,Gram(Chana),2024-01-09,4493,4905,4737
Maharashtra,Pune,Baramati Mandi,Mango,2024-01-09,2863,3621,3232
Maharashtra,Pune,Baramati Mandi,Groundnut,2024-01-09,5473,5976,5664
Maharashtra,Pune,Baramati Mandi,Wheat,2024-01-09,2099,2188,2148
Maharashtra,Pune,Baramati Mandi,Gram(Chana),2024-01-13,4540,5038,4783
Maharashtra,Pune,Baramati Mandi,Onion,2024-01-13,1214,1752,1509
Maharashtra,Pune,Baramati Mandi,Potato,2024-01-13,819,996,893
Maharashtra,Pune,Baramati Mandi,Mango,2024-01-13,2967,3533,3265
Maharashtra,Pune,Baramati Mandi,Groundnut,2024-01-13,5712,6614,6157
Maharashtra,Pune,Baramati Mandi,Wheat,2024-01-13,2038,2183,2097
Maharashtra,Pune,Baramati Mandi,Gram(Chana),2024-01-17,4976,5412,5175
Maharashtra,Pune,Baramati Mandi,Onion,2024-01-17,1102,1711,1475
Maharashtra,Pune,Baramati Mandi,Potato,2024-01-17,766,982,865
Maharashtra,Pune,Baramati Mandi,Mango,2024-01-17,2651,3620,3086
Maharashtra,Pune,Baramati Mandi,Groundnut,2024-01-17,5133,5666,5355
Maharashtra,Pune,Baramati Mandi,Wheat,2024-01-17,1967,2141,2045
Maharashtra,Pune,Baramati Mandi,Gram(Chana),2024-01-21,5138,5527,5295
Maharashtra,Pune,Baramati Mandi,Onion,2024-01-21,1153,1726,1403
Maharashtra,Pune,Baramati Mandi,Potato,2024-01-21,656,1083,904
Maharashtra,Pune,Baramati Mandi,Mango,2024-01-21,2620,3465,3063
Maharashtra,Pune,Baramati Mandi,Groundnut,2024-01-21,5739,6188,5920
Maharashtra,Pune,Baramati Mandi,Wheat,2024-01-21,2035,2168,2102
Maharashtra,Pune,Baramati Mandi,Gram(Chana),2024-01-25,4732,5108,4909
Maharashtra,Pune,Baramati Mandi,Groundnut,2024-01-25,4966,5854,5383
Maharashtra,Pune,Baramati Mandi,Wheat,2024-01-25,1963,2159,2063
Maharashtra,Pune,Baramati Mandi,Gram(Chana),2024-01-29,5094,5694,5366
Maharashtra,Pune,Baramati Mandi,Onion,2024-01-29,1312,1833,1560
Maharashtra,Pune,Baramati Mandi,Potato,2024-01-29,742,1067,880
Maharashtra,Pune,Baramati Mandi,Mango,2024-01-29,2889,3730,3329
Maharashtra,Pune,Baramati Mandi,Groundnut,2024-01-29,5356,5712,5560
Maharashtra,Pune,Baramati Mandi,Wheat,2024-01-29,2054,2253,2137
Maharashtra,Pune,Baramati Mandi,Gram(Chana),2024-02-02,4597,5287,4969
Maharashtra,Pune,Baramati Mandi,Mango,2024-02-02,2362,3554,2999
Maharashtra,Pune,Baramati Mandi,Groundnut,2024-02-02,5932,6591,6262
Maharashtra,Pune,Baramati Mandi,Wheat,2024-02-02,2098,2281,2208
Maharashtra,Pune,Baramati Mandi,Gram(Chana),2024-02-06,5150,5623,5391
Maharashtra,Pune,Baramati Mandi,Onion,2024-02-06,1269,1941,1547
Maharashtra,Pune,Baramati Mandi,Potato,2024-02-06,715,1040,863
Maharashtra,Pune,Baramati Mandi,Mango,2024-02-06,2622,3515,3066
Maharashtra,Pune,Baramati Mandi,Groundnut,2024-02-06,5693,6021,5869
Maharashtra,Pune,Baramati Mandi,Wheat,2024-02-06,2269,2358,2314
Maharashtra,Pune,Baramati Mandi,Gram(Chana),2024-02-10,4299,4950,4666
Maharashtra,Pune,Baramati Mandi,Onion,2024-02-10,1269,1748,1459
Maharashtra,Pune,Baramati Mandi,Potato,2024-02-10,724,1174,945
Maharashtra,Pune,Baramati Mandi,Groundnut,2024-02-10,5052,6001,5514
Maharashtra,Pune,Baramati Mandi,Wheat,2024-02-10,2133,2294,2209
Maharashtra,Pune,Baramati Mandi,Gram(Chana),2024-02-14,4422,5048,4691
Maharashtra,Pune,Baramati Mandi,Onion,2024-02-14,1237,1684,1448
Maharashtra,Pune,Baramati Mandi,Potato,2024-02-14,738,1101,908
Maharashtra,Pune,Baramati Mandi,Mango,2024-02-14,3010,3662,3290
Maharashtra,Pune,Baramati Mandi,Wheat,2024-02-14,1914,2059,1983
Maharashtra,Pune,Baramati Mandi,Onion,2024-02-18,1285,1665,1453
Maharashtra,Pune,Baramati Mandi,Potato,2024-02-18,696,1102,914
Maharashtra,Pune,Baramati Mandi,Mango,2024-02-18,2668,3711,3188
Maharashtra,Pune,Baramati Mandi,Groundnut,2024-02-18,5168,5734,5487
Maharashtra,Pune,Baramati Mandi,Gram(Chana),2024-02-22,4987,5492,5245
Maharashtra,Pune,Baramati Mandi,Onion,2024-02-22,1310,1849,1596
Maharashtra,Pune,Baramati Mandi,Potato,2024-02-22,826,1079,923
Maharashtra,Pune,Baramati Mandi,Mango,2024-02-22,2781,4151,3448
Maharashtra,Pune,Baramati Mandi,Wheat,2024-02-22,1962,2047,2007
Maharashtra,Pune,Baramati Mandi,Gram(Chana),2024-02-26,4859,5303,5071
Maharashtra,Pune,Baramati Mandi,Onion,2024-02-26,1221,1969,1604
Maharashtra,Pune,Baramati Mandi,Mango,2024-02-26,2659,3376,3056
Maharashtra,Pune,Baramati Mandi,Gram(Chana),2024-03-01,3676,3938,3829
Maharashtra,Pune,Baramati Mandi,Potato,2024-03-01,725,1103,947
Maharashtra,Pune,Baramati Mandi,Mango,2024-03-01,2627,3662,3157
Maharashtra,Pune,Baramati Mandi,Wheat,2024-03-01,1619,1712,1655
Maharashtra,Pune,Baramati Mandi,Gram(Chana),2024-03-05,3973,4440,4241
Maharashtra,Pune,Baramati Mandi,Onion,2024-03-05,990,1318,1144
Maharashtra,Pune,Baramati Mandi,Mango,2024-03-05,2929,4150,3453
Maharashtra,Pune,Baramati Mandi,Groundnut,2024-03-05,5396,5954,5653
Maharashtra,Pune,Baramati Mandi,Wheat,2024-03-05,1643,1723,1684
Maharashtra,Pune,Baramati Mandi,Gram(Chana),2024-03-09,4120,4497,4326
Maharashtra,Pune,Baramati Mandi,Onion,2024-03-09,870,1524,1187
Maharashtra,Pune,Baramati Mandi,Potato,2024-03-09,763,1094,914
Maharashtra,Pune,Baramati Mandi,Mango,2024-03-09,2685,3994,3281
Maharashtra,Pune,Baramati Mandi,Groundnut,2024-03-09,5324,5679,5480
Maharashtra,Pune,Baramati Mandi,Wheat,2024-03-09,1642,1716,1687
Maharashtra,Pune,Baramati Mandi,Gram(Chana),2024-03-13,3956,4257,4110
Maharashtra,Pune,Baramati Mandi,Onion,2024-03-13,931,1545,1270
Maharashtra,Pune,Baramati Mandi,Potato,2024-03-13,759,958,879
Maharashtra,Pune,Baramati Mandi,Mango,2024-03-13,2774,3330,3009
Maharashtra,Pune,Baramati Mandi,Groundnut,2024-03-13,5048,5721,5383
Maharashtra,Pune,Baramati Mandi,Wheat,2024-03-13,1642,1747,1692
Maharashtra,Pune,Baramati Mandi,Gram(Chana),2024-03-17,3911,4336,4126
Maharashtra,Pune,Baramati Mandi,Onion,2024-03-17,1090,1399,1257
Maharashtra,Pune,Baramati Mandi,Potato,2024-03-17,789,955,878
Maharashtra,Pune,Baramati Mandi,Mango,2024-03-17,3038,3714,3423
Maharashtra,Pune,Baramati Mandi,Groundnut,2024-03-17,5623,6549,6058
Maharashtra,Pune,Baramati Mandi,Wheat,2024-03-17,1803,1888,1849
Maharashtra,Pune,Baramati Mandi,Onion,2024-03-21,1038,1505,1244
Maharashtra,Pune,Baramati Mandi,Potato,2024-03-21,671,1012,871
Maharashtra,Pune,Baramati Mandi,Groundnut,2024-03-21,5436,6084,5697
Maharashtra,Pune,Baramati Mandi,Wheat,2024-03-21,1763,1836,1803
Maharashtra,Pune,Baramati Mandi,Gram(Chana),2024-03-25,4196,4511,4355
Maharashtra,Pune,Baramati Mandi,Onion,2024-03-25,926,1458,1172
Maharashtra,Pune,Baramati Mandi,Potato,2024-03-25,787,983,880
Maharashtra,Pune,Baramati Mandi,Mango,2024-03-25,3015,3720,3393
Maharashtra,Pune,Baramati Mandi,Groundnut,2024-03-25,5453,5835,5600
Maharashtra,Pune,Baramati Mandi,Wheat,2024-03-25,1646,1737,1684
Maharashtra,Pune,Baramati Mandi,Gram(Chana),2024-03-29,3811,4271,3989
Maharashtra,Pune,Baramati Mandi,Potato,2024-03-29,735,1036,902
Maharashtra,Pune,Baramati Mandi,Mango,2024-03-29,2838,3710,3227
Maharashtra,Pune,Baramati Mandi,Groundnut,2024-03-29,5735,6562,6182
Maharashtra,Pune,Baramati Mandi,Wheat,2024-03-29,1738,1891,1815
Maharashtra,Pune,Baramati Mandi,Onion,2024-04-02,1180,1455,1325
Maharashtra,Pune,Baramati Mandi,Potato,2024-04-02,993,1292,1138
Maharashtra,Pune,Baramati Mandi,Mango,2024-04-02,2154,2729,2435
Maharashtra,Pune,Baramati Mandi,Groundnut,2024-04-02,5542,6308,5875
Maharashtra,Pune,Baramati Mandi,Gram(Chana),2024-04-06,4042,4685,4359
Maharashtra,Pune,Baramati Mandi,Onion,2024-04-06,1101,1427,1275
Maharashtra,Pune,Baramati Mandi,Groundnut,2024-04-06,5562,6227,5871
Maharashtra,Pune,Baramati Mandi,Wheat,2024-04-06,1779,1944,1863
Maharashtra,Pune,Baramati Mandi,Gram(Chana),2024-04-10,3713,4058,3885
Maharashtra,Pune,Baramati Mandi,Onion,2024-04-10,943,1495,1225
Maharashtra,Pune,Baramati Mandi,Mango,2024-04-10,2247,2845,2531
Maharashtra,Pune,Baramati Mandi,Groundnut,2024-04-10,5743,6119,5964
Maharashtra,Pune,Baramati Mandi,Wheat,2024-04-10,1669,1819,1743
Maharashtra,Pune,Baramati Mandi,Gram(Chana),2024-04-14,4168,4639,4393
Maharashtra,Pune,Baramati Mandi,Onion,2024-04-14,1029,1546,1291
Maharashtra,Pune,Baramati Mandi,Potato,2024-04-14,745,1218,1027
Maharashtra,Pune,Baramati Mandi,Mango,2024-04-14,2375,3074,2741
Maharashtra,Pune,Baramati Mandi,Groundnut,2024-04-14,5548,6321,5980
Maharashtra,Pune,Baramati Mandi,Wheat,2024-04-14,1626,1735,1686
Maharashtra,Pune,Baramati Mandi,Gram(Chana),2024-04-18,4210,4588,4363
Maharashtra,Pune,Baramati Mandi,Potato,2024-04-18,902,1278,1091
Maharashtra,Pune,Baramati Mandi,Mango,2024-04-18,2165,3164,2617
Maharashtra,Pune,Baramati Mandi,Groundnut,2024-04-18,4995,5729,5381
Maharashtra,Pune,Baramati Mandi,Gram(Chana),2024-04-22,4148,4454,4290
Maharashtra,Pune,Baramati Mandi,Onion,2024-04-22,763,1514,1142
Maharashtra,Pune,Baramati Mandi,Mango,2024-04-22,2143,2748,2432
Maharashtra,Pune,Baramati Mandi,Gram(Chana),2024-04-26,4156,4585,4339
Maharashtra,Pune,Baramati Mandi,Potato,2024-04-26,986,1338,1146
Maharashtra,Pune,Baramati Mandi,Mango,2024-04-26,2240,2860,2527
Maharashtra,Pune,Baramati Mandi,Groundnut,2024-04-26,5085,5590,5373
Maharashtra,Pune,Baramati Mandi,Wheat,2024-04-26,1619,1718,1672
Maharashtra,Pune,Baramati Mandi,Gram(Chana),2024-04-30,3598,4120,3835
Maharashtra,Pune,Baramati Mandi,Potato,2024-04-30,818,1283,1035
Maharashtra,Pune,Baramati Mandi,Mango,2024-04-30,2416,2886,2594
Maharashtra,Pune,Baramati Mandi,Groundnut,2024-04-30,5773,6575,6119
Maharashtra,Pune,Baramati Mandi,Wheat,2024-04-30,1787,1954,1858
Maharashtra,Pune,Baramati Mandi,Potato,2024-05-04,864,1296,1080
Maharashtra,Pune,Baramati Mandi,Mango,2024-05-04,2033,2810,2498
Maharashtra,Pune,Baramati Mandi,Groundnut,2024-05-04,5672,6383,5978
Maharashtra,Pune,Baramati Mandi,Gram(Chana),2024-05-08,5036,5594,5328
Maharashtra,Pune,Baramati Mandi,Onion,2024-05-08,1235,1644,1440
Maharashtra,Pune,Baramati Mandi,Potato,2024-05-08,865,1349,1080
Maharashtra,Pune,Baramati Mandi,Mango,2024-05-08,2149,2721,2477
Maharashtra,Pune,Baramati Mandi,Wheat,2024-05-08,1572,1718,1656
Maharashtra,Pune,Baramati Mandi,Gram(Chana),2024-05-12,5086,5638,5320
Maharashtra,Pune,Baramati Mandi,Onion,2024-05-12,1357,1690,1515
Maharashtra,Pune,Baramati Mandi,Mango,2024-05-12,2327,2822,2605
Maharashtra,Pune,Baramati Mandi,Groundnut,2024-05-12,5063,5551,5346
Maharashtra,Pune,Baramati Mandi,Wheat,2024-05-12,1797,1896,1844
Maharashtra,Pune,Baramati Mandi,Gram(Chana),2024-05-16,4887,5494,5159
Maharashtra,Pune,Baramati Mandi,Onion,2024-05-16,1358,1687,1523
Maharashtra,Pune,Baramati Mandi,Mango,2024-05-16,2488,3199,2827
Maharashtra,Pune,Baramati Mandi,Wheat,2024-05-16,1604,1677,1634
Maharashtra,Pune,Baramati Mandi,Gram(Chana),2024-05-20,4478,4796,4625
Maharashtra,Pune,Baramati Mandi,Potato,2024-05-20,889,1376,1098
Maharashtra,Pune,Baramati Mandi,Mango,2024-05-20,2192,3085,2723
Maharashtra,Pune,Baramati Mandi,Groundnut,2024-05-20,5306,5847,5556
Maharashtra,Pune,Baramati Mandi,Gram(Chana),2024-05-24,4510,4982,4771
Maharashtra,Pune,Baramati Mandi,Onion,2024-05-24,1195,1960,1555
Maharashtra,Pune,Baramati Mandi,Potato,2024-05-24,881,1431,1164
Maharashtra,Pune,Baramati Mandi,Mango,2024-05-24,2214,2749,2542
Maharashtra,Pune,Baramati Mandi,Wheat,2024-05-24,1627,1717,1673
Maharashtra,Pune,Baramati Mandi,Gram(Chana),2024-05-28,4810,5091,4926
Maharashtra,Pune,Baramati Mandi,Groundnut,2024-05-28,5216,5941,5579
Maharashtra,Pune,Baramati Mandi,Wheat,2024-05-28,1631,1774,1701
Maharashtra,Pune,Baramati Mandi,Gram(Chana),2024-06-01,4745,5351,5050
Maharashtra,Pune,Baramati Mandi,Onion,2024-06-01,1116,1921,1530
Maharashtra,Pune,Baramati Mandi,Potato,2024-06-01,841,1292,1122
Maharashtra,Pune,Baramati Mandi,Mango,2024-06-01,2050,2986,2471
Maharashtra,Pune,Baramati Mandi,Groundnut,2024-06-01,5287,6101,5744
Maharashtra,Pune,Baramati Mandi,Wheat,2024-06-01,1942,2078,2018
Maharashtra,Pune,Baramati Mandi,Gram(Chana),2024-06-05,4385,4990,4669
Maharashtra,Pune,Baramati Mandi,Onion,2024-06-05,1234,1613,1402
Maharashtra,Pune,Baramati Mandi,Potato,2024-06-05,924,1193,1050
Maharashtra,Pune,Baramati Mandi,Groundnut,2024-06-05,5411,6057,5705
Maharashtra,Pune,Baramati Mandi,Wheat,2024-06-05,2082,2200,2139
Maharashtra,Pune,Baramati Mandi,Gram(Chana),2024-06-09,4577,5069,4864
Maharashtra,Pune,Baramati Mandi,Onion,2024-06-09,1225,1811,1562
Maharashtra,Pune,Baramati Mandi,Potato,2024-06-09,926,1329,1152
Maharashtra,Pune,Baramati Mandi,Mango,2024-06-09,2363,2768,2570
Maharashtra,Pune,Baramati Mandi,Groundnut,2024-06-09,5609,6413,6031
Maharashtra,Pune,Baramati Mandi,Wheat,2024-06-09,2075,2247,2146
Maharashtra,Pune,Baramati Mandi,Gram(Chana),2024-06-13,4698,5300,4993
Maharashtra,Pune,Baramati Mandi,Onion,2024-06-13,975,1841,1390
Maharashtra,Pune,Baramati Mandi,Mango,2024-06-13,2196,2822,2451
Maharashtra,Pune,Baramati Mandi,Groundnut,2024-06-13,5106,6007,5559
Maharashtra,Pune,Baramati Mandi,Wheat,2024-06-13,1994,2171,2096
Maharashtra,Pune,Baramati Mandi,Gram(Chana),2024-06-17,4870,5196,5012
Maharashtra,Pune,Baramati Mandi,Mango,2024-06-17,2271,2819,2561
Maharashtra,Pune,Baramati Mandi,Gram(Chana),2024-06-21,4854,5459,5110
Maharashtra,Pune,Baramati Mandi,Onion,2024-06-21,1196,1818,1471
Maharashtra,Pune,Baramati Mandi,Potato,2024-06-21,913,1171,1036
Maharashtra,Pune,Baramati Mandi,Groundnut,2024-06-21,5778,6224,6041
Maharashtra,Pune,Baramati Mandi,Wheat,2024-06-21,1983,2143,2070
Maharashtra,Pune,Baramati Mandi,Onion,2024-06-25,1112,2026,1561
Maharashtra,Pune,Baramati Mandi,Mango,2024-06-25,2360,2860,2595
Maharashtra,Pune,Baramati Mandi,Groundnut,2024-06-25,5497,6039,5738
Maharashtra,Pune,Baramati Mandi,Wheat,2024-06-25,1935,2113,2036
Maharashtra,Pune,Baramati Mandi,Gram(Chana),2024-06-29,4771,5508,5147
Maharashtra,Pune,Baramati Mandi,Onion,2024-06-29,1373,1794,1593
Maharashtra,Pune,Baramati Mandi,Potato,2024-06-29,869,1186,1023
Maharashtra,Pune,Baramati Mandi,Mango,2024-06-29,2079,3164,2582
Maharashtra,Pune,Baramati Mandi,Groundnut,2024-06-29,5290,6037,5648
Maharashtra,Pune,Baramati Mandi,Wheat,2024-06-29,1965,2098,2023
Maharashtra,Pune,Baramati Mandi,Gram(Chana),2024-07-03,4302,4923,4637
Maharashtra,Pune,Baramati Mandi,Onion,2024-07-03,1349,1844,1553
Maharashtra,Pune,Baramati Mandi,Potato,2024-07-03,892,1230,1065
Maharashtra,Pune,Baramati Mandi,Mango,2024-07-03,3053,3745,3400
Maharashtra,Pune,Baramati Mandi,Wheat,2024-07-03,1965,2105,2036
Maharashtra,Pune,Baramati Mandi,Gram(Chana),2024-07-07,4621,5105,4897
Maharashtra,Pune,Baramati Mandi,Groundnut,2024-07-07,5263,5855,5539
Maharashtra,Pune,Baramati Mandi,Wheat,2024-07-07,2024,2144,2084
Maharashtra,Pune,Baramati Mandi,Gram(Chana),2024-07-11,4659,5213,4940
Maharashtra,Pune,Baramati Mandi,Potato,2024-07-11,889,1223,1076
Maharashtra,Pune,Baramati Mandi,Mango,2024-07-11,2833,3541,3212
Maharashtra,Pune,Baramati Mandi,Groundnut,2024-07-11,5367,5745,5519
Maharashtra,Pune,Baramati Mandi,Wheat,2024-07-11,2239,2330,2274
Maharashtra,Pune,Baramati Mandi,Gram(Chana),2024-07-15,4748,5173,4946
Maharashtra,Pune,Baramati Mandi,Onion,2024-07-15,1250,1722,1459
Maharashtra,Pune,Baramati Mandi,Mango,2024-07-15,2699,3320,2992
Maharashtra,Pune,Baramati Mandi,Wheat,2024-07-15,2079,2213,2131
Maharashtra,Pune,Baramati Mandi,Onion,2024-07-19,1292,1701,1515
Maharashtra,Pune,Baramati Mandi,Potato,2024-07-19,776,1260,1020
Maharashtra,Pune,Baramati Mandi,Mango,2024-07-19,2620,3591,3008
Maharashtra,Pune,Baramati Mandi,Groundnut,2024-07-19,5558,6400,5987
Maharashtra,Pune,Baramati Mandi,Wheat,2024-07-19,2141,2237,2183
Maharashtra,Pune,Baramati Mandi,Gram(Chana),2024-07-23,4874,5472,5209
Maharashtra,Pune,Baramati Mandi,Onion,2024-07-23,1095,1899,1582
Maharashtra,Pune,Baramati Mandi,Potato,2024-07-23,905,1407,1159
Maharashtra,Pune,Baramati Mandi,Mango,2024-07-23,2901,3654,3239
Maharashtra,Pune,Baramati Mandi,Wheat,2024-07-23,1914,2075,1994
Maharashtra,Pune,Baramati Mandi,Gram(Chana),2024-07-27,4650,5432,5087
Maharashtra,Pune,Baramati Mandi,Onion,2024-07-27,1243,1937,1588
Maharashtra,Pune,Baramati Mandi,Potato,2024-07-27,835,1225,1042
Maharashtra,Pune,Baramati Mandi,Mango,2024-07-27,3003,3667,3385
Maharashtra,Pune,Baramati Mandi,Groundnut,2024-07-27,5299,5730,5519
Maharashtra,Pune,Baramati Mandi,Wheat,2024-07-27,2004,2111,2062
Maharashtra,Pune,Baramati Mandi,Gram(Chana),2024-07-31,4772,5278,5052
Maharashtra,Pune,Baramati Mandi,Potato,2024-07-31,890,1375,1121
Maharashtra,Pune,Baramati Mandi,Mango,2024-07-31,2560,3193,2947
Maharashtra,Pune,Baramati Mandi,Groundnut,2024-07-31,5474,6248,5875
Maharashtra,Pune,Baramati Mandi,Wheat,2024-07-31,2112,2351,2223
Maharashtra,Pune,Baramati Mandi,Gram(Chana),2024-08-04,4800,5151,4955
Maharashtra,Pune,Baramati Mandi,Onion,2024-08-04,1227,1613,1459
Maharashtra,Pune,Baramati Mandi,Potato,2024-08-04,832,1228,1016
Maharashtra,Pune,Baramati Mandi,Mango,2024-08-04,2838,3993,3316
Maharashtra,Pune,Baramati Mandi,Groundnut,2024-08-04,5417,5788,5618
Maharashtra,Pune,Baramati Mandi,Wheat,2024-08-04,2216,2312,2273
Maharashtra,Pune,Baramati Mandi,Onion,2024-08-08,1288,1674,1467
Maharashtra,Pune,Baramati Mandi,Potato,2024-08-08,836,1329,1051
Maharashtra,Pune,Baramati Mandi,Potato,2024-08-12,925,1128,1032
Maharashtra,Pune,Baramati Mandi,Mango,2024-08-12,2830,3698,3285
Maharashtra,Pune,Baramati Mandi,Groundnut,2024-08-12,5452,6236,5789
Maharashtra,Pune,Baramati Mandi,Wheat,2024-08-12,2219,2357,2290
Maharashtra,Pune,Baramati Mandi,Gram(Chana),2024-08-16,5103,5506,5314
Maharashtra,Pune,Baramati Mandi,Onion,2024-08-16,1151,1787,1511
Maharashtra,Pune,Baramati Mandi,Potato,2024-08-16,880,1257,1109
Maharashtra,Pune,Baramati Mandi,Mango,2024-08-16,2519,3350,2948
Maharashtra,Pune,Baramati Mandi,Wheat,2024-08-16,1949,2074,2015
Maharashtra,Pune,Baramati Mandi,Onion,2024-08-20,1029,1935,1504
Maharashtra,Pune,Baramati Mandi,Potato,2024-08-20,874,1263,1075
Maharashtra,Pune,Baramati Mandi,Mango,2024-08-20,2704,3906,3215
Maharashtra,Pune,Baramati Mandi,Groundnut,2024-08-20,5247,6050,5727
Maharashtra,Pune,Baramati Mandi,Gram(Chana),2024-08-24,4685,5212,4937
Maharashtra,Pune,Baramati Mandi,Onion,2024-08-24,1248,2096,1615
Maharashtra,Pune,Baramati Mandi,Wheat,2024-08-24,2028,2119,2080
Maharashtra,Pune,Baramati Mandi,Gram(Chana),2024-08-28,4450,4933,4740
Maharashtra,Pune,Baramati Mandi,Potato,2024-08-28,825,1255,1062
Maharashtra,Pune,Baramati Mandi,Mango,2024-08-28,2966,3634,3341
Maharashtra,Pune,Baramati Mandi,Gram(Chana),2024-09-01,4708,5301,4960
Maharashtra,Pune,Baramati Mandi,Onion,2024-09-01,1218,1535,1402
Maharashtra,Pune,Baramati Mandi,Mango,2024-09-01,2799,3563,3234
Maharashtra,Pune,Baramati Mandi,Groundnut,2024-09-01,5753,6250,6039
Maharashtra,Pune,Baramati Mandi,Wheat,2024-09-01,2015,2222,2125
Maharashtra,Pune,Baramati Mandi,Gram(Chana),2024-09-05,4477,4820,4622
Maharashtra,Pune,Baramati Mandi,Potato,2024-09-05,892,1373,1132
Maharashtra,Pune,Baramati Mandi,Mango,2024-09-05,2580,3923,3250
Maharashtra,Pune,Baramati Mandi,Groundnut,2024-09-05,5414,6160,5787
Maharashtra,Pune,Baramati Mandi,Wheat,2024-09-05,2208,2293,2255
Maharashtra,Pune,Baramati Mandi,Onion,2024-09-09,1242,1779,1488
Maharashtra,Pune,Baramati Mandi,Potato,2024-09-09,949,1226,1100
Maharashtra,Pune,Baramati Mandi,Mango,2024-09-09,2944,3538,3310
Maharashtra,Pune,Baramati Mandi,Groundnut,2024-09-09,5202,5592,5431
Maharashtra,Pune,Baramati Mandi,Wheat,2024-09-09,2168,2293,2231
Maharashtra,Pune,Baramati Mandi,Gram(Chana),2024-09-13,4980,5364,5145
Maharashtra,Pune,Baramati Mandi,Onion,2024-09-13,1160,1849,1533
Maharashtra,Pune,Baramati Mandi,Potato,2024-09-13,809,1256,1052
Maharashtra,Pune,Baramati Mandi,Groundnut,2024-09-13,5139,5796,5470
Maharashtra,Pune,Baramati Mandi,Wheat,2024-09-13,2221,2403,2302
Maharashtra,Pune,Baramati Mandi,Onion,2024-09-17,1153,1836,1491
Maharashtra,Pune,Baramati Mandi,Potato,2024-09-17,963,1391,1161
Maharashtra,Pune,Baramati Mandi,Mango,2024-09-17,2795,3516,3096
Maharashtra,Pune,Baramati Mandi,Groundnut,2024-09-17,5152,5840,5514
Maharashtra,Pune,Baramati Mandi,Wheat,2024-09-17,2156,2339,2251
Maharashtra,Pune,Baramati Mandi,Gram(Chana),2024-09-21,5171,5509,5362
Maharashtra,Pune,Baramati Mandi,Onion,2024-09-21,1417,1839,1608
Maharashtra,Pune,Baramati Mandi,Potato,2024-09-21,1017,1346,1186
Maharashtra,Pune,Baramati Mandi,Mango,2024-09-21,2626,3716,3106
Maharashtra,Pune,Baramati Mandi,Wheat,2024-09-21,2040,2136,2094
Maharashtra,Pune,Baramati Mandi,Onion,2024-09-25,1117,1935,1534
Maharashtra,Pune,Baramati Mandi,Potato,2024-09-25,897,1169,1054
Maharashtra,Pune,Baramati Mandi,Mango,2024-09-25,2878,3463,3163
Maharashtra,Pune,Baramati Mandi,Groundnut,2024-09-25,5209,5812,5533
Maharashtra,Pune,Baramati Mandi,Wheat,2024-09-25,2059,2222,2140
Maharashtra,Pune,Baramati Mandi,Gram(Chana),2024-09-29,4945,5588,5297
Maharashtra,Pune,Baramati Mandi,Onion,2024-09-29,1117,1941,1514
Maharashtra,Pune,Baramati Mandi,Potato,2024-09-29,887,1283,1113
Maharashtra,Pune,Baramati Mandi,Groundnut,2024-09-29,5772,6307,6013
Maharashtra,Pune,Baramati Mandi,Gram(Chana),2024-10-03,4771,5126,4951
Maharashtra,Pune,Baramati Mandi,Onion,2024-10-03,1125,2048,1554
Maharashtra,Pune,Baramati Mandi,Groundnut,2024-10-03,4928,5343,5118
Maharashtra,Pune,Baramati Mandi,Wheat,2024-10-03,2127,2273,2199
Maharashtra,Pune,Baramati Mandi,Gram(Chana),2024-10-07,4371,4821,4601
Maharashtra,Pune,Baramati Mandi,Onion,2024-10-07,1311,1720,1491
Maharashtra,Pune,Baramati Mandi,Potato,2024-10-07,903,1163,1032
Maharashtra,Pune,Baramati Mandi,Mango,2024-10-07,2478,3421,2981
Maharashtra,Pune,Baramati Mandi,Groundnut,2024-10-07,4466,5117,4800
Maharashtra,Pune,Baramati Mandi,Wheat,2024-10-07,2236,2368,2315
Maharashtra,Pune,Baramati Mandi,Gram(Chana),2024-10-11,4458,5013,4699
Maharashtra,Pune,Baramati Mandi,Onion,2024-10-11,1191,1881,1502
Maharashtra,Pune,Baramati Mandi,Potato,2024-10-11,927,1173,1057
Maharashtra,Pune,Baramati Mandi,Groundnut,2024-10-11,4499,4923,4753
Maharashtra,Pune,Baramati Mandi,Wheat,2024-10-11,2015,2102,2058
Maharashtra,Pune,Baramati Mandi,Onion,2024-10-15,1121,1784,1401
Maharashtra,Pune,Baramati Mandi,Potato,2024-10-15,957,1202,1089
Maharashtra,Pune,Baramati Mandi,Mango,2024-10-15,3140,3826,3449
Maharashtra,Pune,Baramati Mandi,Groundnut,2024-10-15,4580,5001,4839
Maharashtra,Pune,Baramati Mandi,Wheat,2024-10-15,2197,2330,2266
Maharashtra,Pune,Baramati Mandi,Gram(Chana),2024-10-19,5046,5675,5300
Maharashtra,Pune,Baramati Mandi,Potato,2024-10-19,883,1384,1111
Maharashtra,Pune,Baramati Mandi,Groundnut,2024-10-19,4420,4844,4646
Maharashtra,Pune,Baramati Mandi,Wheat,2024-10-19,2046,2156,2108
Maharashtra,Pune,Baramati Mandi,Gram(Chana),2024-10-23,5093,5609,5338
Maharashtra,Pune,Baramati Mandi,Onion,2024-10-23,1392,1715,1535
Maharashtra,Pune,Baramati Mandi,Potato,2024-10-23,900,1247,1069
Maharashtra,Pune,Baramati Mandi,Groundnut,2024-10-23,4624,5361,4939
Maharashtra,Pune,Baramati Mandi,Gram(Chana),2024-10-27,4615,4939,4767
Maharashtra,Pune,Baramati Mandi,Onion,2024-10-27,1083,1798,1442
Maharashtra,Pune,Baramati Mandi,Potato,2024-10-27,932,1218,1070
Maharashtra,Pune,Baramati Mandi,Mango,2024-10-27,2710,4091,3431
Maharashtra,Pune,Baramati Mandi,Wheat,2024-10-27,2152,2249,2204
Maharashtra,Pune,Baramati Mandi,Gram(Chana),2024-10-31,4839,5419,5086
Maharashtra,Pune,Baramati Mandi,Onion,2024-10-31,1330,1694,1525
Maharashtra,Pune,Baramati Mandi,Potato,2024-10-31,955,1321,1102
Maharashtra,Pune,Baramati Mandi,Mango,2024-10-31,2700,3277,3002
Maharashtra,Pune,Baramati Mandi,Groundnut,2024-10-31,4360,4908,4675
Maharashtra,Pune,Baramati Mandi,Wheat,2024-10-31,2000,2135,2077
Maharashtra,Pune,Baramati Mandi,Gram(Chana),2024-11-04,4780,5327,5055
Maharashtra,Pune,Baramati Mandi,Onion,2024-11-04,879,1547,1190
Maharashtra,Pune,Baramati Mandi,Potato,2024-11-04,784,1196,1029
Maharashtra,Pune,Baramati Mandi,Mango,2024-11-04,2958,3947,3431
Maharashtra,Pune,Baramati Mandi,Groundnut,2024-11-04,4418,5066,4809
Maharashtra,Pune,Baramati Mandi,Wheat,2024-11-04,1922,2063,1998
Maharashtra,Pune,Baramati Mandi,Gram(Chana),2024-11-08,4900,5318,5082
Maharashtra,Pune,Baramati Mandi,Onion,2024-11-08,901,1444,1188
Maharashtra,Pune,Baramati Mandi,Potato,2024-11-08,850,1385,1152
Maharashtra,Pune,Baramati Mandi,Mango,2024-11-08,2590,3744,3274
Maharashtra,Pune,Baramati Mandi,Groundnut,2024-11-08,4380,4778,4610
Maharashtra,Pune,Baramati Mandi,Wheat,2024-11-08,2173,2339,2245
Maharashtra,Pune,Baramati Mandi,Onion,2024-11-12,970,1512,1180
Maharashtra,Pune,Baramati Mandi,Potato,2024-11-12,954,1223,1087
Maharashtra,Pune,Baramati Mandi,Mango,2024-11-12,2526,3346,2957
Maharashtra,Pune,Baramati Mandi,Groundnut,2024-11-12,4736,5461,5045
Maharashtra,Pune,Baramati Mandi,Wheat,2024-11-12,2106,2197,2148
Maharashtra,Pune,Baramati Mandi,Gram(Chana),2024-11-16,4475,4976,4711
Maharashtra,Pune,Baramati Mandi,Onion,2024-11-16,975,1530,1227
Maharashtra,Pune,Baramati Mandi,Mango,2024-11-16,2981,3618,3256
Maharashtra,Pune,Baramati Mandi,Groundnut,2024-11-16,4689,5253,4953
Maharashtra,Pune,Baramati Mandi,Wheat,2024-11-16,2193,2330,2249
Maharashtra,Pune,Baramati Mandi,Gram(Chana),2024-11-20,4395,4880,4638
Maharashtra,Pune,Baramati Mandi,Onion,2024-11-20,1023,1564,1283
Maharashtra,Pune,Baramati Mandi,Potato,2024-11-20,867,1359,1178
Maharashtra,Pune,Baramati Mandi,Mango,2024-11-20,2748,3783,3320
Maharashtra,Pune,Baramati Mandi,Groundnut,2024-11-20,4288,4907,4565
Maharashtra,Pune,Baramati Mandi,Wheat,2024-11-20,1940,2080,2001
Maharashtra,Pune,Baramati Mandi,Onion,2024-11-24,1036,1518,1271
Maharashtra,Pune,Baramati Mandi,Potato,2024-11-24,976,1314,1135
Maharashtra,Pune,Baramati Mandi,Groundnut,2024-11-24,4299,4719,4497
Maharashtra,Pune,Baramati Mandi,Wheat,2024-11-24,2008,2196,2106
Maharashtra,Pune,Baramati Mandi,Gram(Chana),2024-11-28,4962,5245,5079
Maharashtra,Pune,Baramati Mandi,Potato,2024-11-28,755,1295,1048
Maharashtra,Pune,Baramati Mandi,Mango,2024-11-28,2969,3489,3209
Maharashtra,Pune,Baramati Mandi,Wheat,2024-11-28,2024,2135,2078
Maharashtra,Pune,Baramati Mandi,Gram(Chana),2024-12-02,4254,4956,4611
Maharashtra,Pune,Baramati Mandi,Onion,2024-12-02,843,1414,1143
Maharashtra,Pune,Baramati Mandi,Mango,2024-12-02,2628,3328,2950
Maharashtra,Pune,Baramati Mandi,Groundnut,2024-12-02,5512,6147,5829
Maharashtra,Pune,Baramati Mandi,Wheat,2024-12-02,2050,2196,2124
Maharashtra,Pune,Baramati Mandi,Gram(Chana),2024-12-06,4506,5100,4789
Maharashtra,Pune,Baramati Mandi,Onion,2024-12-06,869,1343,1165
Maharashtra,Pune,Baramati Mandi,Potato,2024-12-06,913,1346,1172
Maharashtra,Pune,Baramati Mandi,Groundnut,2024-12-06,5898,6506,6201
Maharashtra,Pune,Baramati Mandi,Wheat,2024-12-06,2132,2353,2230
Maharashtra,Pune,Baramati Mandi,Gram(Chana),2024-12-10,5009,5564,5253
Maharashtra,Pune,Baramati Mandi,Onion,2024-12-10,984,1381,1157
Maharashtra,Pune,Baramati Mandi,Potato,2024-12-10,899,1188,1058
Maharashtra,Pune,Baramati Mandi,Mango,2024-12-10,2772,3516,3199
Maharashtra,Pune,Baramati Mandi,Groundnut,2024-12-10,5275,6045,5644
Maharashtra,Pune,Baramati Mandi,Wheat,2024-12-10,2060,2160,2106
Maharashtra,Pune,Baramati Mandi,Onion,2024-12-14,1092,1492,1316
Maharashtra,Pune,Baramati Mandi,Mango,2024-12-14,2587,3822,3128
Maharashtra,Pune,Baramati Mandi,Groundnut,2024-12-14,5878,6421,6143
Maharashtra,Pune,Baramati Mandi,Wheat,2024-12-14,1943,2072,2005
Maharashtra,Pune,Baramati Mandi,Gram(Chana),2024-12-18,4850,5530,5179
Maharashtra,Pune,Baramati Mandi,Onion,2024-12-18,825,1485,1197
Maharashtra,Pune,Baramati Mandi,Potato,2024-12-18,898,1272,1071
Maharashtra,Pune,Baramati Mandi,Mango,2024-12-18,2552,3432,3007
Maharashtra,Pune,Baramati Mandi,Groundnut,2024-12-18,5295,5994,5724
Maharashtra,Pune,Baramati Mandi,Gram(Chana),2024-12-22,4613,5279,4999
Maharashtra,Pune,Baramati Mandi,Onion,2024-12-22,1024,1467,1248
Maharashtra,Pune,Baramati Mandi,Potato,2024-12-22,997,1277,1146
Maharashtra,Pune,Baramati Mandi,Wheat,2024-12-22,2062,2272,2166
Maharashtra,Pune,Baramati Mandi,Gram(Chana),2024-12-26,4806,5224,4983
Maharashtra,Pune,Baramati Mandi,Onion,2024-12-26,1119,1606,1316
Maharashtra,Pune,Baramati Mandi,Potato,2024-12-26,997,1310,1161
Maharashtra,Pune,Baramati Mandi,Groundnut,2024-12-26,5663,6209,5965
Maharashtra,Pune,Baramati Mandi,Wheat,2024-12-26,2053,2197,2129
Maharashtra,Pune,Baramati Mandi,Gram(Chana),2024-12-30,4853,5117,4965
Maharashtra,Pune,Baramati Mandi,Potato,2024-12-30,947,1344,1137
Maharashtra,Pune,Baramati Mandi,Mango,2024-12-30,2746,3372,3084
Maharashtra,Pune,Baramati Mandi,Groundnut,2024-12-30,5630,6232,5996
Maharashtra,Pune,Baramati Mandi,Wheat,2024-12-30,2123,2226,2171
Karnataka,Belagavi,Athani Mandi,Bajra,2024-01-01,2085,2352,2214
Karnataka,Belagavi,Athani Mandi,Mustard,2024-01-01,5184,5679,5390
Karnataka,Belagavi,Athani Mandi,Maize,2024-01-01,1871,2073,1955
Karnataka,Belagavi,Athani Mandi,Onion,2024-01-01,1174,1640,1419
Karnataka,Belagavi,Athani Mandi,Banana,2024-01-01,982,1313,1141
Karnataka,Belagavi,Athani Mandi,Groundnut,2024-01-01,5254,5624,5454
Karnataka,Belagavi,Athani Mandi,Bajra,2024-01-05,1882,2007,1939
Karnataka,Belagavi,Athani Mandi,Mustard,2024-01-05,4890,5174,5026
Karnataka,Belagavi,Athani Mandi,Maize,2024-01-05,1775,1873,1814
Karnataka,Belagavi,Athani Mandi,Onion,2024-01-05,1415,1749,1585
Karnataka,Belagavi,Athani Mandi,Banana,2024-01-05,1060,1343,1205
Karnataka,Belagavi,Athani Mandi,Groundnut,2024-01-05,5830,6439,6097
Karnataka,Belagavi,Athani Mandi,Maize,2024-01-09,1931,2054,1988
Karnataka,Belagavi,Athani Mandi,Onion,2024-01-09,1204,1698,1431
Karnataka,Belagavi,Athani Mandi,Mango,2024-01-09,2824,3386,3118
Karnataka,Belagavi,Athani Mandi,Groundnut,2024-01-09,5058,5823,5495
Karnataka,Belagavi,Athani Mandi,Bajra,2024-01-13,1980,2235,2102
Karnataka,Belagavi,Athani Mandi,Mustard,2024-01-13,5015,5405,5230
Karnataka,Belagavi,Athani Mandi,Maize,2024-01-13,1877,2127,2026
Karnataka,Belagavi,Athani Mandi,Onion,2024-01-13,1343,1849,1597
Karnataka,Belagavi,Athani Mandi,Banana,2024-01-13,994,1165,1085
Karnataka,Belagavi,Athani Mandi,Bajra,2024-01-17,2127,2345,2236
Karnataka,Belagavi,Athani Mandi,Mustard,2024-01-17,4935,5528,5212
Karnataka,Belagavi,Athani Mandi,Onion,2024-01-17,1212,1910,1523
Karnataka,Belagavi,Athani Mandi,Banana,2024-01-17,1027,1196,1110
Karnataka,Belagavi,Athani Mandi,Mango,2024-01-17,2890,3502,3145
Karnataka,Belagavi,Athani Mandi,Bajra,2024-01-21,2103,2301,2199
Karnataka,Belagavi,Athani Mandi,Mustard,2024-01-21,4550,5125,4872
Karnataka,Belagavi,Athani Mandi,Onion,2024-01-21,1354,1806,1522
Karnataka,Belagavi,Athani Mandi,Banana,2024-01-21,1035,1232,1124
Karnataka,Belagavi,Athani Mandi,Mango,2024-01-21,2948,3940,3445
Karnataka,Belagavi,Athani Mandi,Groundnut,2024-01-21,5322,5751,5548
Karnataka,Belagavi,Athani Mandi,Bajra,2024-01-25,1892,2105,1998
Karnataka,Belagavi,Athani Mandi,Mustard,2024-01-25,5191,5644,5403
Karnataka,Belagavi,Athani Mandi,Onion,2024-01-25,1180,1731,1525
Karnataka,Belagavi,Athani Mandi,Banana,2024-01-25,1019,1184,1103
Karnataka,Belagavi,Athani Mandi,Mango,2024-01-25,2507,3423,2999
Karnataka,Belagavi,Athani Mandi,Groundnut,2024-01-25,5040,5773,5447
Karnataka,Belagavi,Athani Mandi,Mustard,2024-01-29,4755,5114,4908
Karnataka,Belagavi,Athani Mandi,Onion,2024-01-29,1292,1895,1570
Karnataka,Belagavi,Athani Mandi,Mango,2024-01-29,2719,3869,3363
Karnataka,Belagavi,Athani Mandi,Groundnut,2024-01-29,5319,6029,5695
Karnataka,Belagavi,Athani Mandi,Mustard,2024-02-02,4602,5024,4815
Karnataka,Belagavi,Athani Mandi,Maize,2024-02-02,1731,1883,1792
Karnataka,Belagavi,Athani Mandi,Banana,2024-02-02,956,1210,1083
Karnataka,Belagavi,Athani Mandi,Mango,2024-02-02,2606,3564,3134
Karnataka,Belagavi,Athani Mandi,Groundnut,2024-02-02,5107,5930,5557
Karnataka,Belagavi,Athani Mandi,Bajra,2024-02-06,1914,2092,1987
Karnataka,Belagavi,Athani Mandi,Mustard,2024-02-06,4963,5504,5204
Karnataka,Belagavi,Athani Mandi,Onion,2024-02-06,1229,1828,1493
Karnataka,Belagavi,Athani Mandi,Banana,2024-02-06,957,1200,1104
Karnataka,Belagavi,Athani Mandi,Groundnut,2024-02-06,5922,6448,6177
Karnataka,Belagavi,Athani Mandi,Mustard,2024-02-10,4838,5302,5080
Karnataka,Belagavi,Athani Mandi,Maize,2024-02-10,1834,1949,1901
Karnataka,Belagavi,Athani Mandi,Onion,2024-02-10,1080,1723,1405
Karnataka,Belagavi,Athani Mandi,Banana,2024-02-10,993,1220,1108
Karnataka,Belagavi,Athani Mandi,Mango,2024-02-10,2673,3464,3112
Karnataka,Belagavi,Athani Mandi,Bajra,2024-02-14,2000,2192,2087
Karnataka,Belagavi,Athani Mandi,Mustard,2024-02-14,5126,5664,5371
Karnataka,Belagavi,Athani Mandi,Maize,2024-02-14,1838,1995,1915
Karnataka,Belagavi,Athani Mandi,Onion,2024-02-14,1203,1740,1450
Karnataka,Belagavi,Athani Mandi,Banana,2024-02-14,1029,1316,1155
Karnataka,Belagavi,Athani Mandi,Mango,2024-02-14,2319,3489,2953
Karnataka,Belagavi,Athani Mandi,Bajra,2024-02-18,2198,2363,2266
Karnataka,Belagavi,Athani Mandi,Maize,2024-02-18,1750,1918,1834
Karnataka,Belagavi,Athani Mandi,Banana,2024-02-18,976,1182,1066
Karnataka,Belagavi,Athani Mandi,Bajra,2024-02-22,1894,2057,1966
Karnataka,Belagavi,Athani Mandi,Mustard,2024-02-22,4735,5368,5073
Karnataka,Belagavi,Athani Mandi,Onion,2024-02-22,1316,1854,1550
Karnataka,Belagavi,Athani Mandi,Mango,2024-02-22,2594,3437,3002
Karnataka,Belagavi,Athani Mandi,Groundnut,2024-02-22,5277,5901,5635
Karnataka,Belagavi,Athani Mandi,Bajra,2024-02-26,2190,2311,2243
Karnataka,Belagavi,Athani Mandi,Mustard,2024-02-26,5059,5747,5404
Karnataka,Belagavi,Athani Mandi,Maize,2024-02-26,1744,1863,1800
Karnataka,Belagavi,Athani Mandi,Onion,2024-02-26,1146,1638,1386
Karnataka,Belagavi,Athani Mandi,Banana,2024-02-26,1107,1306,1214
Karnataka,Belagavi,Athani Mandi,Mango,2024-02-26,2514,3457,2999
Karnataka,Belagavi,Athani Mandi,Groundnut,2024-02-26,4926,5649,5355
Karnataka,Belagavi,Athani Mandi,Mustard,2024-03-01,4210,4651,4414
Karnataka,Belagavi,Athani Mandi,Banana,2024-03-01,1121,1313,1220
Karnataka,Belagavi,Athani Mandi,Mango,2024-03-01,2690,3713,3125
Karnataka,Belagavi,Athani Mandi,Bajra,2024-03-05,2048,2213,2117
Karnataka,Belagavi,Athani Mandi,Mustard,2024-03-05,3787,4173,3992
Karnataka,Belagavi,Athani Mandi,Maize,2024-03-05,1802,1960,1881
Karnataka,Belagavi,Athani Mandi,Onion,2024-03-05,1034,1451,1232
Karnataka,Belagavi,Athani Mandi,Banana,2024-03-05,1023,1297,1144
Karnataka,Belagavi,Athani Mandi,Mango,2024-03-05,2966,3501,3274
Karnataka,Belagavi,Athani Mandi,Groundnut,2024-03-05,5729,6584,6080
Karnataka,Belagavi,Athani Mandi,Bajra,2024-03-09,1855,2067,1960
Karnataka,Belagavi,Athani Mandi,Mustard,2024-03-09,3881,4345,4057
Karnataka,Belagavi,Athani Mandi,Onion,2024-03-09,906,1471,1200
Karnataka,Belagavi,Athani Mandi,Banana,2024-03-09,1092,1297,1209
Karnataka,Belagavi,Athani Mandi,Mango,2024-03-09,2802,3699,3235
Karnataka,Belagavi,Athani Mandi,Groundnut,2024-03-09,4872,5733,5370
Karnataka,Belagavi,Athani Mandi,Bajra,2024-03-13,2126,2285,2209
Karnataka,Belagavi,Athani Mandi,Mustard,2024-03-13,3895,4130,3995
Karnataka,Belagavi,Athani Mandi,Maize,2024-03-13,1939,2060,2003
Karnataka,Belagavi,Athani Mandi,Onion,2024-03-13,1019,1432,1259
Karnataka,Belagavi,Athani Mandi,Banana,2024-03-13,1065,1427,1229
Karnataka,Belagavi,Athani Mandi,Mango,2024-03-13,3012,3489,3261
Karnataka,Belagavi,Athani Mandi,Groundnut,2024-03-13,5630,6521,6065
Karnataka,Belagavi,Athani Mandi,Bajra,2024-03-17,1998,2192,2097
Karnataka,Belagavi,Athani Mandi,Maize,2024-03-17,1722,1944,1843
Karnataka,Belagavi,Athani Mandi,Banana,2024-03-17,994,1208,1092
Karnataka,Belagavi,Athani Mandi,Mango,2024-03-17,2970,3651,3351
Karnataka,Belagavi,Athani Mandi,Groundnut,2024-03-17,5685,6091,5903
Karnataka,Belagavi,Athani Mandi,Mustard,2024-03-21,4044,4392,4217
Karnataka,Belagavi,Athani Mandi,Maize,2024-03-21,1791,1979,1873
Karnataka,Belagavi,Athani Mandi,Onion,2024-03-21,1043,1523,1296
Karnataka,Belagavi,Athani Mandi,Mango,2024-03-21,2527,3898,3232
Karnataka,Belagavi,Athani Mandi,Groundnut,2024-03-21,5522,6118,5762
Karnataka,Belagavi,Athani Mandi,Bajra,2024-03-25,2006,2194,2079
Karnataka,Belagavi,Athani Mandi,Mustard,2024-03-25,3891,4150,4014
Karnataka,Belagavi,Athani Mandi,Onion,2024-03-25,1086,1512,1276
Karnataka,Belagavi,Athani Mandi,Banana,2024-03-25,977,1195,1081
Karnataka,Belagavi,Athani Mandi,Mango,2024-03-25,2802,3316,3103
Karnataka,Belagavi,Athani Mandi,Groundnut,2024-03-25,5508,5826,5659
Karnataka,Belagavi,Athani Mandi,Onion,2024-03-29,1123,1530,1328
Karnataka,Belagavi,Athani Mandi,Mango,2024-03-29,2589,3459,3022
Karnataka,Belagavi,Athani Mandi,Groundnut,2024-03-29,5178,5575,5404
Karnataka,Belagavi,Athani Mandi,Bajra,2024-04-02,1920,2185,2053
Karnataka,Belagavi,Athani Mandi,Mustard,2024-04-02,4121,4573,4333
Karnataka,Belagavi,Athani Mandi,Maize,2024-04-02,1829,1967,1895
Karnataka,Belagavi,Athani Mandi,Onion,2024-04-02,1049,1576,1301
Karnataka,Belagavi,Athani Mandi,Banana,2024-04-02,1141,1327,1225
Karnataka,Belagavi,Athani Mandi,Mango,2024-04-02,2544,3053,2749
Karnataka,Belagavi,Athani Mandi,Groundnut,2024-04-02,5970,6355,6174
Karnataka,Belagavi,Athani Mandi,Bajra,2024-04-06,1928,2096,1996
Karnataka,Belagavi,Athani Mandi,Mustard,2024-04-06,4243,4594,4421
Karnataka,Belagavi,Athani Mandi,Maize,2024-04-06,1826,2062,1953
Karnataka,Belagavi,Athani Mandi,Banana,2024-04-06,961,1310,1143
Karnataka,Belagavi,Athani Mandi,Mango,2024-04-06,2210,2954,2528
Karnataka,Belagavi,Athani Mandi,Groundnut,2024-04-06,5568,6153,5812
Karnataka,Belagavi,Athani Mandi,Bajra,2024-04-10,2091,2192,2137
Karnataka,Belagavi,Athani Mandi,Mustard,2024-04-10,4325,4607,4465
Karnataka,Belagavi,Athani Mandi,Maize,2024-04-10,1905,2030,1958
Karnataka,Belagavi,Athani Mandi,Onion,2024-04-10,1075,1585,1301
Karnataka,Belagavi,Athani Mandi,Banana,2024-04-10,939,1210,1071
Karnataka,Belagavi,Athani Mandi,Mango,2024-04-10,2473,3059,2736
Karnataka,Belagavi,Athani Mandi,Groundnut,2024-04-10,5290,5914,5634
Karnataka,Belagavi,Athani Mandi,Bajra,2024-04-14,2169,2345,2251
Karnataka,Belagavi,Athani Mandi,Maize,2024-04-14,1772,1875,1832
Karnataka,Belagavi,Athani Mandi,Onion,2024-04-14,989,1484,1207
Karnataka,Belagavi,Athani Mandi,Mango,2024-04-14,2155,2791,2504
Karnataka,Belagavi,Athani Mandi,Groundnut,2024-04-14,5293,5902,5580
Karnataka,Belagavi,Athani Mandi,Maize,2024-04-18,1893,2027,1962
Karnataka,Belagavi,Athani Mandi,Banana,2024-04-18,1042,1200,1131
Karnataka,Belagavi,Athani Mandi,Mango,2024-04-18,2111,3281,2724
Karnataka,Belagavi,Athani Mandi,Groundnut,2024-04-18,5665,6269,6003
Karnataka,Belagavi,Athani Mandi,Bajra,2024-04-22,2161,2282,2222
Karnataka,Belagavi,Athani Mandi,Maize,2024-04-22,1843,1979,1912
Karnataka,Belagavi,Athani Mandi,Onion,2024-04-22,982,1677,1292
Karnataka,Belagavi,Athani Mandi,Banana,2024-04-22,1085,1311,1208
Karnataka,Belagavi,Athani Mandi,Bajra,2024-04-26,1985,2200,2095
Karnataka,Belagavi,Athani Mandi,Mustard,2024-04-26,4256,4516,4374
Karnataka,Belagavi,Athani Mandi,Maize,2024-04-26,1867,2065,1963
Karnataka,Belagavi,Athani Mandi,Onion,2024-04-26,1011,1364,1186
Karnataka,Belagavi,Athani Mandi,Mango,2024-04-26,2214,3199,2689
Karnataka,Belagavi,Athani Mandi,Groundnut,2024-04-26,5696,6230,5907
Karnataka,Belagavi,Athani Mandi,Banana,2024-04-30,1069,1431,1238
Karnataka,Belagavi,Athani Mandi,Mango,2024-04-30,2429,3095,2711
Karnataka,Belagavi,Athani Mandi,Mustard,2024-05-04,5140,5388,5250
Karnataka,Belagavi,Athani Mandi,Maize,2024-05-04,1749,1914,1826
Karnataka,Belagavi,Athani Mandi,Onion,2024-05-04,1100,1988,1525
Karnataka,Belagavi,Athani Mandi,Banana,2024-05-04,1120,1330,1209
Karnataka,Belagavi,Athani Mandi,Groundnut,2024-05-04,5787,6519,6142
Karnataka,Belagavi,Athani Mandi,Bajra,2024-05-08,2028,2265,2117
Karnataka,Belagavi,Athani Mandi,Mustard,2024-05-08,4681,4974,4846
Karnataka,Belagavi,Athani Mandi,Maize,2024-05-08,1867,2058,1976
Karnataka,Belagavi,Athani Mandi,Banana,2024-05-08,1029,1225,1132
Karnataka,Belagavi,Athani Mandi,Mango,2024-05-08,2364,3096,2758
Karnataka,Belagavi,Athani Mandi,Groundnut,2024-05-08,5184,5659,5440
Karnataka,Belagavi,Athani Mandi,Mustard,2024-05-12,5020,5767,5365
Karnataka,Belagavi,Athani Mandi,Maize,2024-05-12,1642,1828,1751
Karnataka,Belagavi,Athani Mandi,Onion,2024-05-12,1276,1627,1460
Karnataka,Belagavi,Athani Mandi,Mango,2024-05-12,2339,2856,2616
Karnataka,Belagavi,Athani Mandi,Groundnut,2024-05-12,5781,6559,6181
Karnataka,Belagavi,Athani Mandi,Bajra,2024-05-16,1893,2054,1980
Karnataka,Belagavi,Athani Mandi,Mustard,2024-05-16,4834,5235,5026
Karnataka,Belagavi,Athani Mandi,Maize,2024-05-16,1925,2052,1978
Karnataka,Belagavi,Athani Mandi,Banana,2024-05-16,1044,1342,1186
Karnataka,Belagavi,Athani Mandi,Groundnut,2024-05-16,5571,6225,5892
Karnataka,Belagavi,Athani Mandi,Bajra,2024-05-20,1986,2116,2059
Karnataka,Belagavi,Athani Mandi,Banana,2024-05-20,980,1141,1067
Karnataka,Belagavi,Athani Mandi,Mango,2024-05-20,2324,3211,2728
Karnataka,Belagavi,Athani Mandi,Groundnut,2024-05-20,5103,5772,5493
Karnataka,Belagavi,Athani Mandi,Bajra,2024-05-24,2139,2327,2221
Karnataka,Belagavi,Athani Mandi,Onion,2024-05-24,1351,1940,1619
Karnataka,Belagavi,Athani Mandi,Mango,2024-05-24,2360,2922,2618
Karnataka,Belagavi,Athani Mandi,Groundnut,2024-05-24,5652,6228,5951
Karnataka,Belagavi,Athani Mandi,Bajra,2024-05-28,1952,2191,2059
Karnataka,Belagavi,Athani Mandi,Maize,2024-05-28,1799,2011,1908
Karnataka,Belagavi,Athani Mandi,Onion,2024-05-28,1201,1722,1408
Karnataka,Belagavi,Athani Mandi,Banana,2024-05-28,952,1168,1070
Karnataka,Belagavi,Athani Mandi,Mango,2024-05-28,2291,2905,2646
Karnataka,Belagavi,Athani Mandi,Groundnut,2024-05-28,5236,5992,5532
Karnataka,Belagavi,Athani Mandi,Bajra,2024-06-01,2065,2228,2133
Karnataka,Belagavi,Athani Mandi,Mustard,2024-06-01,4975,5555,5286
Karnataka,Belagavi,Athani Mandi,Maize,2024-06-01,1762,1943,1859
Karnataka,Belagavi,Athani Mandi,Onion,2024-06-01,1291,1682,1517
Karnataka,Belagavi,Athani Mandi,Banana,2024-06-01,1126,1345,1230
Karnataka,Belagavi,Athani Mandi,Mango,2024-06-01,2186,2889,2539
Karnataka,Belagavi,Athani Mandi,Groundnut,2024-06-01,5018,5780,5352
Karnataka,Belagavi,Athani Mandi,Bajra,2024-06-05,1998,2212,2101
Karnataka,Belagavi,Athani Mandi,Mustard,2024-06-05,5306,5641,5497
Karnataka,Belagavi,Athani Mandi,Onion,2024-06-05,1278,1725,1497
Karnataka,Belagavi,Athani Mandi,Banana,2024-06-05,987,1298,1159
Karnataka,Belagavi,Athani Mandi,Bajra,2024-06-09,2074,2245,2156
Karnataka,Belagavi,Athani Mandi,Mustard,2024-06-09,5035,5510,5253
Karnataka,Belagavi,Athani Mandi,Maize,2024-06-09,1725,1864,1805
Karnataka,Belagavi,Athani Mandi,Onion,2024-06-09,1236,1881,1594
Karnataka,Belagavi,Athani Mandi,Banana,2024-06-09,1022,1290,1151
Karnataka,Belagavi,Athani Mandi,Mango,2024-06-09,2201,2983,2653
Karnataka,Belagavi,Athani Mandi,Groundnut,2024-06-09,5400,5903,5664
Karnataka,Belagavi,Athani Mandi,Bajra,2024-06-13,1974,2157,2063
Karnataka,Belagavi,Athani Mandi,Maize,2024-06-13,1798,2020,1906
Karnataka,Belagavi,Athani Mandi,Onion,2024-06-13,1317,1768,1553
Karnataka,Belagavi,Athani Mandi,Mango,2024-06-13,2498,3070,2794
Karnataka,Belagavi,Athani Mandi,Groundnut,2024-06-13,5558,6370,5982
Karnataka,Belagavi,Athani Mandi,Bajra,2024-06-17,2114,2268,2183
Karnataka,Belagavi,Athani Mandi,Mustard,2024-06-17,5124,5732,5471
Karnataka,Belagavi,Athani Mandi,Maize,2024-06-17,1872,2029,1954
Karnataka,Belagavi,Athani Mandi,Onion,2024-06-17,1260,1902,1517
Karnataka,Belagavi,Athani Mandi,Banana,2024-06-17,1004,1288,1132
Karnataka,Belagavi,Athani Mandi,Groundnut,2024-06-17,5392,6055,5772
Karnataka,Belagavi,Athani Mandi,Bajra,2024-06-21,2103,2363,2202
Karnataka,Belagavi,Athani Mandi,Mustard,2024-06-21,5177,5808,5472
Karnataka,Belagavi,Athani Mandi,Maize,2024-06-21,1971,2108,2038
Karnataka,Belagavi,Athani Mandi,Onion,2024-06-21,1168,1985,1573
Karnataka,Belagavi,Athani Mandi,Groundnut,2024-06-21,5814,6269,6083
Karnataka,Belagavi,Athani Mandi,Bajra,2024-06-25,1927,2071,2002
Karnataka,Belagavi,Athani Mandi,Mustard,2024-06-25,4692,5286,5001
Karnataka,Belagavi,Athani Mandi,Maize,2024-06-25,1838,2003,1920
Karnataka,Belagavi,Athani Mandi,Onion,2024-06-25,987,1833,1405
Karnataka,Belagavi,Athani Mandi,Banana,2024-06-25,1111,1277,1205
Karnataka,Belagavi,Athani Mandi,Mango,2024-06-25,2402,3222,2790
Karnataka,Belagavi,Athani Mandi,Bajra,2024-06-29,2041,2227,2135
Karnataka,Belagavi,Athani Mandi,Maize,2024-06-29,1751,1851,1793
Karnataka,Belagavi,Athani Mandi,Onion,2024-06-29,1188,1761,1441
Karnataka,Belagavi,Athani Mandi,Banana,2024-06-29,1061,1244,1137
Karnataka,Belagavi,Athani Mandi,Mango,2024-06-29,2511,2962,2698
Karnataka,Belagavi,Athani Mandi,Groundnut,2024-06-29,5194,5793,5498
Karnataka,Belagavi,Athani Mandi,Bajra,2024-07-03,2048,2296,2152
Karnataka,Belagavi,Athani Mandi,Groundnut,2024-07-03,5855,6575,6184
Karnataka,Belagavi,Athani Mandi,Bajra,2024-07-07,1843,2084,1981
Karnataka,Belagavi,Athani Mandi,Mustard,2024-07-07,5181,5789,5523
Karnataka,Belagavi,Athani Mandi,Maize,2024-07-07,1763,1882,1820
Karnataka,Belagavi,Athani Mandi,Onion,2024-07-07,1298,1886,1520
Karnataka,Belagavi,Athani Mandi,Banana,2024-07-07,1057,1248,1152
Karnataka,Belagavi,Athani Mandi,Mango,2024-07-07,2945,3748,3412
Karnataka,Belagavi,Athani Mandi,Bajra,2024-07-11,1905,2050,1972
Karnataka,Belagavi,Athani Mandi,Mustard,2024-07-11,5022,5441,5190
Karnataka,Belagavi,Athani Mandi,Maize,2024-07-11,1831,1985,1924
Karnataka,Belagavi,Athani Mandi,Banana,2024-07-11,1089,1292,1204
Karnataka,Belagavi,Athani Mandi,Mango,2024-07-11,2982,3817,3346
Karnataka,Belagavi,Athani Mandi,Groundnut,2024-07-11,5443,5906,5682
Karnataka,Belagavi,Athani Mandi,Bajra,2024-07-15,2061,2211,2148
Karnataka,Belagavi,Athani Mandi,Mustard,2024-07-15,5117,5715,5451
Karnataka,Belagavi,Athani Mandi,Maize,2024-07-15,1709,1875,1787
Karnataka,Belagavi,Athani Mandi,Onion,2024-07-15,1164,1562,1411
Karnataka,Belagavi,Athani Mandi,Banana,2024-07-15,975,1164,1073
Karnataka,Belagavi,Athani Mandi,Mango,2024-07-15,2855,3930,3295
Karnataka,Belagavi,Athani Mandi,Groundnut,2024-07-15,5695,6351,6051
Karnataka,Belagavi,Athani Mandi,Mustard,2024-07-19,4720,5083,4881
Karnataka,Belagavi,Athani Mandi,Maize,2024-07-19,1828,1970,1915
Karnataka,Belagavi,Athani Mandi,Onion,2024-07-19,1167,1788,1476
Karnataka,Belagavi,Athani Mandi,Banana,2024-07-19,1089,1321,1198
Karnataka,Belagavi,Athani Mandi,Groundnut,2024-07-19,5114,5729,5469
Karnataka,Belagavi,Athani Mandi,Mustard,2024-07-23,5108,5525,5289
Karnataka,Belagavi,Athani Mandi,Maize,2024-07-23,1854,1983,1909
Karnataka,Belagavi,Athani Mandi,Onion,2024-07-23,1154,1865,1504
Karnataka,Belagavi,Athani Mandi,Banana,2024-07-23,1008,1265,1116
Karnataka,Belagavi,Athani Mandi,Mango,2024-07-23,2933,3568,3301
Karnataka,Belagavi,Athani Mandi,Groundnut,2024-07-23,5405,5814,5595
Karnataka,Belagavi,Athani Mandi,Bajra,2024-07-27,2165,2328,2241
Karnataka,Belagavi,Athani Mandi,Mustard,2024-07-27,5131,5569,5340
Karnataka,Belagavi,Athani Mandi,Onion,2024-07-27,1175,2050,1548
Karnataka,Belagavi,Athani Mandi,Banana,2024-07-27,1063,1203,1134
Karnataka,Belagavi,Athani Mandi,Groundnut,2024-07-27,5141,5826,5493
Karnataka,Belagavi,Athani Mandi,Bajra,2024-07-31,1988,2187,2067
Karnataka,Belagavi,Athani Mandi,Mustard,2024-07-31,5208,5616,5439
Karnataka,Belagavi,Athani Mandi,Onion,2024-07-31,1264,1892,1577
Karnataka,Belagavi,Athani Mandi,Banana,2024-07-31,973,1270,1091
Karnataka,Belagavi,Athani Mandi,Groundnut,2024-07-31,5247,5837,5524
Karnataka,Belagavi,Athani Mandi,Bajra,2024-08-04,1848,2039,1949
Karnataka,Belagavi,Athani Mandi,Mustard,2024-08-04,5219,5580,5380
Karnataka,Belagavi,Athani Mandi,Maize,2024-08-04,1678,1908,1793
Karnataka,Belagavi,Athani Mandi,Onion,2024-08-04,1077,1753,1460
Karnataka,Belagavi,Athani Mandi,Mango,2024-08-04,2932,3861,3392
Karnataka,Belagavi,Athani Mandi,Groundnut,2024-08-04,5408,6174,5853
Karnataka,Belagavi,Athani Mandi,Bajra,2024-08-08,1946,2137,2049
Karnataka,Belagavi,Athani Mandi,Maize,2024-08-08,1935,2149,2041
Karnataka,Belagavi,Athani Mandi,Onion,2024-08-08,1159,1984,1541
Karnataka,Belagavi,Athani Mandi,Banana,2024-08-08,918,1212,1065
Karnataka,Belagavi,Athani Mandi,Mango,2024-08-08,2812,3825,3290
Karnataka,Belagavi,Athani Mandi,Mustard,2024-08-12,5239,5731,5442
Karnataka,Belagavi,Athani Mandi,Maize,2024-08-12,1732,1898,1822
Karnataka,Belagavi,Athani Mandi,Onion,2024-08-12,1263,1988,1588
Karnataka,Belagavi,Athani Mandi,Mango,2024-08-12,2761,3452,3120
Karnataka,Belagavi,Athani Mandi,Mustard,2024-08-16,4928,5236,5090
Karnataka,Belagavi,Athani Mandi,Maize,2024-08-16,1869,2007,1931
Karnataka,Belagavi,Athani Mandi,Banana,2024-08-16,1009,1153,1070
Karnataka,Belagavi,Athani Mandi,Mango,2024-08-16,2822,3856,3297
Karnataka,Belagavi,Athani Mandi,Groundnut,2024-08-16,5608,6410,5913
Karnataka,Belagavi,Athani Mandi,Mustard,2024-08-20,4724,5101,4934
Karnataka,Belagavi,Athani Mandi,Maize,2024-08-20,1781,1891,1827
Karnataka,Belagavi,Athani Mandi,Onion,2024-08-20,1273,1982,1572
Karnataka,Belagavi,Athani Mandi,Banana,2024-08-20,1133,1341,1237
Karnataka,Belagavi,Athani Mandi,Groundnut,2024-08-20,5761,6589,6162
Karnataka,Belagavi,Athani Mandi,Mustard,2024-08-24,4869,5303,5036
Karnataka,Belagavi,Athani Mandi,Maize,2024-08-24,1811,1975,1871
Karnataka,Belagavi,Athani Mandi,Onion,2024-08-24,1198,1850,1487
Karnataka,Belagavi,Athani Mandi,Banana,2024-08-24,1134,1297,1234
Karnataka,Belagavi,Athani Mandi,Mango,2024-08-24,2614,3821,3324
Karnataka,Belagavi,Athani Mandi,Bajra,2024-08-28,1871,2044,1946
Karnataka,Belagavi,Athani Mandi,Maize,2024-08-28,1853,2068,1961
Karnataka,Belagavi,Athani Mandi,Onion,2024-08-28,1063,1678,1396
Karnataka,Belagavi,Athani Mandi,Banana,2024-08-28,1004,1179,1089
Karnataka,Belagavi,Athani Mandi,Groundnut,2024-08-28,5347,5834,5551
Karnataka,Belagavi,Athani Mandi,Bajra,2024-09-01,1724,1832,1782
Karnataka,Belagavi,Athani Mandi,Maize,2024-09-01,1523,1620,1566
Karnataka,Belagavi,Athani Mandi,Onion,2024-09-01,1236,1936,1563
Karnataka,Belagavi,Athani Mandi,Banana,2024-09-01,1092,1328,1208
Karnataka,Belagavi,Athani Mandi,Mango,2024-09-01,2781,3291,3055
Karnataka,Belagavi,Athani Mandi,Groundnut,2024-09-01,5535,6038,5724
Karnataka,Belagavi,Athani Mandi,Bajra,2024-09-05,1660,1844,1757
Karnataka,Belagavi,Athani Mandi,Maize,2024-09-05,1591,1739,1662
Karnataka,Belagavi,Athani Mandi,Onion,2024-09-05,1342,1798,1567
Karnataka,Belagavi,Athani Mandi,Banana,2024-09-05,975,1199,1092
Karnataka,Belagavi,Athani Mandi,Mango,2024-09-05,2640,3522,3029
Karnataka,Belagavi,Athani Mandi,Groundnut,2024-09-05,5457,6253,5857
Karnataka,Belagavi,Athani Mandi,Bajra,2024-09-09,1750,1905,1845
Karnataka,Belagavi,Athani Mandi,Mustard,2024-09-09,5150,5745,5415
Karnataka,Belagavi,Athani Mandi,Maize,2024-09-09,1463,1591,1536
Karnataka,Belagavi,Athani Mandi,Mango,2024-09-09,2684,3201,3001
Karnataka,Belagavi,Athani Mandi,Groundnut,2024-09-09,5675,6300,5985
Karnataka,Belagavi,Athani Mandi,Bajra,2024-09-13,1607,1743,1675
Karnataka,Belagavi,Athani Mandi,Mustard,2024-09-13,5175,5624,5390
Karnataka,Belagavi,Athani Mandi,Maize,2024-09-13,1532,1707,1632
Karnataka,Belagavi,Athani Mandi,Banana,2024-09-13,1064,1291,1156
Karnataka,Belagavi,Athani Mandi,Mango,2024-09-13,2702,3826,3262
Karnataka,Belagavi,Athani Mandi,Groundnut,2024-09-13,5136,5941,5609
Karnataka,Belagavi,Athani Mandi,Mustard,2024-09-17,5097,5610,5379
Karnataka,Belagavi,Athani Mandi,Onion,2024-09-17,1140,2096,1616
Karnataka,Belagavi,Athani Mandi,Banana,2024-09-17,991,1174,1096
Karnataka,Belagavi,Athani Mandi,Mango,2024-09-17,2808,3635,3246
Karnataka,Belagavi,Athani Mandi,Groundnut,2024-09-17,5744,6271,6052
Karnataka,Belagavi,Athani Mandi,Bajra,2024-09-21,1566,1654,1607
Karnataka,Belagavi,Athani Mandi,Mustard,2024-09-21,5317,5799,5563
Karnataka,Belagavi,Athani Mandi,Onion,2024-09-21,1255,1645,1486
Karnataka,Belagavi,Athani Mandi,Banana,2024-09-21,968,1238,1074
Karnataka,Belagavi,Athani Mandi,Groundnut,2024-09-21,5493,6080,5764
Karnataka,Belagavi,Athani Mandi,Bajra,2024-09-25,1540,1722,1622
Karnataka,Belagavi,Athani Mandi,Mustard,2024-09-25,4709,5235,4995
Karnataka,Belagavi,Athani Mandi,Maize,2024-09-25,1552,1691,1621
Karnataka,Belagavi,Athani Mandi,Onion,2024-09-25,1295,1692,1498
Karnataka,Belagavi,Athani Mandi,Banana,2024-09-25,995,1234,1110
Karnataka,Belagavi,Athani Mandi,Mango,2024-09-25,2715,4042,3358
Karnataka,Belagavi,Athani Mandi,Bajra,2024-09-29,1505,1644,1590
Karnataka,Belagavi,Athani Mandi,Mustard,2024-09-29,4681,4998,4831
Karnataka,Belagavi,Athani Mandi,Onion,2024-09-29,1008,1692,1409
Karnataka,Belagavi,Athani Mandi,Banana,2024-09-29,1020,1192,1109
Karnataka,Belagavi,Athani Mandi,Mango,2024-09-29,2847,3796,3431
Karnataka,Belagavi,Athani Mandi,Groundnut,2024-09-29,5681,6270,5953
Karnataka,Belagavi,Athani Mandi,Mustard,2024-10-03,5069,5481,5286
Karnataka,Belagavi,Athani Mandi,Maize,2024-10-03,1476,1644,1562
Karnataka,Belagavi,Athani Mandi,Onion,2024-10-03,1220,1851,1612
Karnataka,Belagavi,Athani Mandi,Banana,2024-10-03,957,1252,1091
Karnataka,Belagavi,Athani Mandi,Mango,2024-10-03,3137,3758,3393
Karnataka,Belagavi,Athani Mandi,Groundnut,2024-10-03,4586,5348,4940
Karnataka,Belagavi,Athani Mandi,Bajra,2024-10-07,1785,1922,1853
Karnataka,Belagavi,Athani Mandi,Maize,2024-10-07,1523,1698,1605
Karnataka,Belagavi,Athani Mandi,Banana,2024-10-07,1101,1369,1234
Karnataka,Belagavi,Athani Mandi,Groundnut,2024-10-07,4300,4644,4493
Karnataka,Belagavi,Athani Mandi,Bajra,2024-10-11,1681,1953,1812
Karnataka,Belagavi,Athani Mandi,Mustard,2024-10-11,4747,5215,4984
Karnataka,Belagavi,Athani Mandi,Maize,2024-10-11,1508,1595,1556
Karnataka,Belagavi,Athani Mandi,Onion,2024-10-11,1201,1678,1460
Karnataka,Belagavi,Athani Mandi,Banana,2024-10-11,928,1156,1057
Karnataka,Belagavi,Athani Mandi,Mango,2024-10-11,2935,4050,3424
Karnataka,Belagavi,Athani Mandi,Groundnut,2024-10-11,4260,4820,4529
Karnataka,Belagavi,Athani Mandi,Bajra,2024-10-15,1581,1725,1661
Karnataka,Belagavi,Athani Mandi,Maize,2024-10-15,1407,1556,1475
Karnataka,Belagavi,Athani Mandi,Onion,2024-10-15,1091,2001,1568
Karnataka,Belagavi,Athani Mandi,Banana,2024-10-15,1062,1246,1172
Karnataka,Belagavi,Athani Mandi,Groundnut,2024-10-15,4228,4585,4443
Karnataka,Belagavi,Athani Mandi,Bajra,2024-10-19,1654,1810,1739
Karnataka,Belagavi,Athani Mandi,Maize,2024-10-19,1575,1730,1668
Karnataka,Belagavi,Athani Mandi,Onion,2024-10-19,1142,1866,1552
Karnataka,Belagavi,Athani Mandi,Banana,2024-10-19,1006,1331,1146
Karnataka,Belagavi,Athani Mandi,Mango,2024-10-19,2765,3610,3287
Karnataka,Belagavi,Athani Mandi,Mustard,2024-10-23,5033,5474,5306
Karnataka,Belagavi,Athani Mandi,Maize,2024-10-23,1589,1682,1636
Karnataka,Belagavi,Athani Mandi,Banana,2024-10-23,991,1287,1131
Karnataka,Belagavi,Athani Mandi,Mango,2024-10-23,3012,3851,3427
Karnataka,Belagavi,Athani Mandi,Groundnut,2024-10-23,4117,4697,4381
Karnataka,Belagavi,Athani Mandi,Bajra,2024-10-27,1674,1846,1750
Karnataka,Belagavi,Athani Mandi,Maize,2024-10-27,1542,1707,1628
Karnataka,Belagavi,Athani Mandi,Onion,2024-10-27,1175,1597,1404
Karnataka,Belagavi,Athani Mandi,Mango,2024-10-27,2398,3407,3024
Karnataka,Belagavi,Athani Mandi,Groundnut,2024-10-27,4552,4889,4698
Karnataka,Belagavi,Athani Mandi,Mustard,2024-10-31,4928,5472,5203
Karnataka,Belagavi,Athani Mandi,Maize,2024-10-31,1555,1650,1608
Karnataka,Belagavi,Athani Mandi,Banana,2024-10-31,960,1305,1100
Karnataka,Belagavi,Athani Mandi,Mango,2024-10-31,2886,4121,3424
Karnataka,Belagavi,Athani Mandi,Groundnut,2024-10-31,4906,5274,5122
Karnataka,Belagavi,Athani Mandi,Bajra,2024-11-04,1977,2158,2074
Karnataka,Belagavi,Athani Mandi,Mustard,2024-11-04,5293,5732,5463
Karnataka,Belagavi,Athani Mandi,Maize,2024-11-04,1781,1923,1855
Karnataka,Belagavi,Athani Mandi,Onion,2024-11-04,948,1529,1217
Karnataka,Belagavi,Athani Mandi,Mango,2024-11-04,2791,3748,3274
Karnataka,Belagavi,Athani Mandi,Bajra,2024-11-08,2106,2324,2219
Karnataka,Belagavi,Athani Mandi,Mustard,2024-11-08,4833,5209,5017
Karnataka,Belagavi,Athani Mandi,Maize,2024-11-08,1879,2130,2001
Karnataka,Belagavi,Athani Mandi,Onion,2024-11-08,858,1429,1173
Karnataka,Belagavi,Athani Mandi,Groundnut,2024-11-08,4395,4749,4591
Karnataka,Belagavi,Athani Mandi,Bajra,2024-11-12,1987,2152,2066
Karnataka,Belagavi,Athani Mandi,Mustard,2024-11-12,5202,5815,5500
Karnataka,Belagavi,Athani Mandi,Maize,2024-11-12,1818,1967,1896
Karnataka,Belagavi,Athani Mandi,Onion,2024-11-12,947,1277,1133
Karnataka,Belagavi,Athani Mandi,Banana,2024-11-12,1087,1320,1221
Karnataka,Belagavi,Athani Mandi,Mustard,2024-11-16,4514,5008,4806
Karnataka,Belagavi,Athani Mandi,Onion,2024-11-16,1017,1299,1185
Karnataka,Belagavi,Athani Mandi,Mango,2024-11-16,3112,3574,3316
Karnataka,Belagavi,Athani Mandi,Groundnut,2024-11-16,4679,5434,5078
Karnataka,Belagavi,Athani Mandi,Bajra,2024-11-20,1957,2064,2014
Karnataka,Belagavi,Athani Mandi,Mustard,2024-11-20,5098,5630,5387
Karnataka,Belagavi,Athani Mandi,Maize,2024-11-20,1920,2042,1977
Karnataka,Belagavi,Athani Mandi,Onion,2024-11-20,968,1407,1231
Karnataka,Belagavi,Athani Mandi,Banana,2024-11-20,970,1274,1125
Karnataka,Belagavi,Athani Mandi,Groundnut,2024-11-20,4321,4731,4531
Karnataka,Belagavi,Athani Mandi,Bajra,2024-11-24,2157,2364,2262
Karnataka,Belagavi,Athani Mandi,Maize,2024-11-24,1712,1813,1763
Karnataka,Belagavi,Athani Mandi,Onion,2024-11-24,895,1358,1159
Karnataka,Belagavi,Athani Mandi,Banana,2024-11-24,988,1206,1115
Karnataka,Belagavi,Athani Mandi,Groundnut,2024-11-24,4532,4776,4650
Karnataka,Belagavi,Athani Mandi,Mustard,2024-11-28,5218,5575,5408
Karnataka,Belagavi,Athani Mandi,Onion,2024-11-28,864,1429,1133
Karnataka,Belagavi,Athani Mandi,Banana,2024-11-28,1092,1243,1176
Karnataka,Belagavi,Athani Mandi,Groundnut,2024-11-28,4123,4668,4413
Karnataka,Belagavi,Athani Mandi,Bajra,2024-12-02,2124,2340,2227
Karnataka,Belagavi,Athani Mandi,Mustard,2024-12-02,4429,5064,4788
Karnataka,Belagavi,Athani Mandi,Maize,2024-12-02,1698,1883,1785
Karnataka,Belagavi,Athani Mandi,Onion,2024-12-02,959,1409,1222
Karnataka,Belagavi,Athani Mandi,Groundnut,2024-12-02,5117,5535,5345
Karnataka,Belagavi,Athani Mandi,Bajra,2024-12-06,2023,2259,2146
Karnataka,Belagavi,Athani Mandi,Mustard,2024-12-06,5085,5607,5353
Karnataka,Belagavi,Athani Mandi,Maize,2024-12-06,1805,1932,1867
Karnataka,Belagavi,Athani Mandi,Onion,2024-12-06,885,1433,1180
Karnataka,Belagavi,Athani Mandi,Banana,2024-12-06,1064,1326,1207
Karnataka,Belagavi,Athani Mandi,Mango,2024-12-06,2445,3439,3059
Karnataka,Belagavi,Athani Mandi,Bajra,2024-12-10,2101,2360,2206
Karnataka,Belagavi,Athani Mandi,Mustard,2024-12-10,5190,5846,5574
Karnataka,Belagavi,Athani Mandi,Maize,2024-12-10,1915,2065,2004
Karnataka,Belagavi,Athani Mandi,Onion,2024-12-10,1098,1475,1306
Karnataka,Belagavi,Athani Mandi,Groundnut,2024-12-10,5664,6228,5924
Karnataka,Belagavi,Athani Mandi,Bajra,2024-12-14,1887,2083,1980
Karnataka,Belagavi,Athani Mandi,Mustard,2024-12-14,5066,5539,5318
Karnataka,Belagavi,Athani Mandi,Maize,2024-12-14,1955,2101,2035
Karnataka,Belagavi,Athani Mandi,Onion,2024-12-14,802,1443,1205
Karnataka,Belagavi,Athani Mandi,Banana,2024-12-14,970,1244,1103
Karnataka,Belagavi,Athani Mandi,Mango,2024-12-14,2790,3877,3270
Karnataka,Belagavi,Athani Mandi,Bajra,2024-12-18,2070,2246,2145
Karnataka,Belagavi,Athani Mandi,Maize,2024-12-18,1943,2174,2036
Karnataka,Belagavi,Athani Mandi,Onion,2024-12-18,985,1569,1288
Karnataka,Belagavi,Athani Mandi,Banana,2024-12-18,942,1344,1148
Karnataka,Belagavi,Athani Mandi,Mango,2024-12-18,2808,3351,3030
Karnataka,Belagavi,Athani Mandi,Groundnut,2024-12-18,5490,5935,5733
Karnataka,Belagavi,Athani Mandi,Bajra,2024-12-22,1972,2173,2092
Karnataka,Belagavi,Athani Mandi,Maize,2024-12-22,1845,2048,1959
Karnataka,Belagavi,Athani Mandi,Onion,2024-12-22,1006,1584,1305
Karnataka,Belagavi,Athani Mandi,Banana,2024-12-22,973,1254,1117
Karnataka,Belagavi,Athani Mandi,Mango,2024-12-22,2755,3267,2984
Karnataka,Belagavi,Athani Mandi,Groundnut,2024-12-22,5660,6297,5988
Karnataka,Belagavi,Athani Mandi,Maize,2024-12-26,1904,2019,1952
Karnataka,Belagavi,Athani Mandi,Onion,2024-12-26,870,1501,1198
Karnataka,Belagavi,Athani Mandi,Banana,2024-12-26,1164,1326,1236
Karnataka,Belagavi,Athani Mandi,Groundnut,2024-12-26,5605,6308,5945
Karnataka,Belagavi,Athani Mandi,Maize,2024-12-30,1759,1934,1841
Karnataka,Belagavi,Athani Mandi,Onion,2024-12-30,1156,1492,1303
Karnataka,Belagavi,Athani Mandi,Banana,2024-12-30,1029,1210,1127
Karnataka,Belagavi,Athani Mandi,Mango,2024-12-30,2724,3498,3034
Karnataka,Belagavi,Athani Mandi,Groundnut,2024-12-30,5371,5994,5680
Karnataka,Mysuru,Nanjangud Mandi,Wheat,2024-01-01,2035,2214,2133
Karnataka,Mysuru,Nanjangud Mandi,Maize,2024-01-01,1722,1892,1805
Karnataka,Mysuru,Nanjangud Mandi,Chilli,2024-01-01,9985,12507,11128
Karnataka,Mysuru,Nanjangud Mandi,Groundnut,2024-01-01,5328,5689,5519
Karnataka,Mysuru,Nanjangud Mandi,Maize,2024-01-05,1736,1872,1805
Karnataka,Mysuru,Nanjangud Mandi,Mustard,2024-01-05,4689,5041,4873
Karnataka,Mysuru,Nanjangud Mandi,Chilli,2024-01-05,10203,11938,11184
Karnataka,Mysuru,Nanjangud Mandi,Wheat,2024-01-09,2102,2230,2166
Karnataka,Mysuru,Nanjangud Mandi,Maize,2024-01-09,1736,1863,1784
Karnataka,Mysuru,Nanjangud Mandi,Mustard,2024-01-09,5107,5641,5434
Karnataka,Mysuru,Nanjangud Mandi,Chilli,2024-01-09,11640,13022,12337
Karnataka,Mysuru,Nanjangud Mandi,Bajra,2024-01-09,2150,2337,2243
Karnataka,Mysuru,Nanjangud Mandi,Wheat,2024-01-13,2141,2247,2188
Karnataka,Mysuru,Nanjangud Mandi,Maize,2024-01-13,1725,1971,1850
Karnataka,Mysuru,Nanjangud Mandi,Mustard,2024-01-13,5152,5560,5346
Karnataka,Mysuru,Nanjangud Mandi,Chilli,2024-01-13,10000,11852,11111
Karnataka,Mysuru,Nanjangud Mandi,Bajra,2024-01-13,1841,2064,1944
Karnataka,Mysuru,Nanjangud Mandi,Groundnut,2024-01-13,5467,5976,5704
Karnataka,Mysuru,Nanjangud Mandi,Wheat,2024-01-17,2212,2332,2265
Karnataka,Mysuru,Nanjangud Mandi,Maize,2024-01-17,1885,2012,1962
Karnataka,Mysuru,Nanjangud Mandi,Mustard,2024-01-17,4946,5337,5141
Karnataka,Mysuru,Nanjangud Mandi,Wheat,2024-01-21,2238,2345,2294
Karnataka,Mysuru,Nanjangud Mandi,Mustard,2024-01-21,5087,5635,5340
Karnataka,Mysuru,Nanjangud Mandi,Bajra,2024-01-21,2110,2342,2225
Karnataka,Mysuru,Nanjangud Mandi,Groundnut,2024-01-21,5233,5746,5460
Karnataka,Mysuru,Nanjangud Mandi,Maize,2024-01-25,1822,1947,1874
Karnataka,Mysuru,Nanjangud Mandi,Mustard,2024-01-25,4987,5378,5202
Karnataka,Mysuru,Nanjangud Mandi,Chilli,2024-01-25,9406,12218,11152
Karnataka,Mysuru,Nanjangud Mandi,Bajra,2024-01-25,2004,2256,2132
Karnataka,Mysuru,Nanjangud Mandi,Groundnut,2024-01-25,5682,6520,6123
Karnataka,Mysuru,Nanjangud Mandi,Maize,2024-01-29,1895,2032,1966
Karnataka,Mysuru,Nanjangud Mandi,Mustard,2024-01-29,4765,5299,5062
Karnataka,Mysuru,Nanjangud Mandi,Chilli,2024-01-29,10030,12384,11287
Karnataka,Mysuru,Nanjangud Mandi,Bajra,2024-01-29,2142,2364,2240
Karnataka,Mysuru,Nanjangud Mandi,Groundnut,2024-01-29,5077,5856,5476
Karnataka,Mysuru,Nanjangud Mandi,Wheat,2024-02-02,1929,2114,2010
Karnataka,Mysuru,Nanjangud Mandi,Mustard,2024-02-02,4979,5470,5197
Karnataka,Mysuru,Nanjangud Mandi,Chilli,2024-02-02,10154,12019,11292
Karnataka,Mysuru,Nanjangud Mandi,Bajra,2024-02-02,1943,2139,2056
Karnataka,Mysuru,Nanjangud Mandi,Groundnut,2024-02-02,5104,5631,5394
Karnataka,Mysuru,Nanjangud Mandi,Maize,2024-02-06,1966,2152,2049
Karnataka,Mysuru,Nanjangud Mandi,Mustard,2024-02-06,5213,5790,5502
Karnataka,Mysuru,Nanjangud Mandi,Chilli,2024-02-06,10384,11851,11052
Karnataka,Mysuru,Nanjangud Mandi,Bajra,2024-02-06,2124,2288,2207
Karnataka,Mysuru,Nanjangud Mandi,Groundnut,2024-02-06,5409,5759,5567
Karnataka,Mysuru,Nanjangud Mandi,Wheat,2024-02-10,2033,2124,2071
Karnataka,Mysuru,Nanjangud Mandi,Maize,2024-02-10,1904,2144,2017
Karnataka,Mysuru,Nanjangud Mandi,Mustard,2024-02-10,4795,5268,5001
Karnataka,Mysuru,Nanjangud Mandi,Chilli,2024-02-10,9485,13151,11299
Karnataka,Mysuru,Nanjangud Mandi,Wheat,2024-02-14,1972,2069,2018
Karnataka,Mysuru,Nanjangud Mandi,Maize,2024-02-14,1847,2087,1969
Karnataka,Mysuru,Nanjangud Mandi,Chilli,2024-02-14,10497,13384,12065
Karnataka,Mysuru,Nanjangud Mandi,Bajra,2024-02-14,2041,2229,2145
Karnataka,Mysuru,Nanjangud Mandi,Wheat,2024-02-18,1959,2046,1998
Karnataka,Mysuru,Nanjangud Mandi,Maize,2024-02-18,1738,1913,1834
Karnataka,Mysuru,Nanjangud Mandi,Mustard,2024-02-18,4572,5013,4819
Karnataka,Mysuru,Nanjangud Mandi,Bajra,2024-02-18,1867,1988,1936
Karnataka,Mysuru,Nanjangud Mandi,Groundnut,2024-02-18,5662,6093,5877
Karnataka,Mysuru,Nanjangud Mandi,Mustard,2024-02-22,4734,5369,5029
Karnataka,Mysuru,Nanjangud Mandi,Chilli,2024-02-22,8611,12556,10562
Karnataka,Mysuru,Nanjangud Mandi,Bajra,2024-02-22,1936,2100,2028
Karnataka,Mysuru,Nanjangud Mandi,Groundnut,2024-02-22,5404,6045,5742
Karnataka,Mysuru,Nanjangud Mandi,Wheat,2024-02-26,2169,2322,2240
Karnataka,Mysuru,Nanjangud Mandi,Maize,2024-02-26,1774,1910,1847
Karnataka,Mysuru,Nanjangud Mandi,Mustard,2024-02-26,4854,5252,5018
Karnataka,Mysuru,Nanjangud Mandi,Chilli,2024-02-26,11094,13139,11938
Karnataka,Mysuru,Nanjangud Mandi,Bajra,2024-02-26,2078,2289,2172
Karnataka,Mysuru,Nanjangud Mandi,Groundnut,2024-02-26,5697,6219,5954
Karnataka,Mysuru,Nanjangud Mandi,Maize,2024-03-01,1875,2025,1946
Karnataka,Mysuru,Nanjangud Mandi,Mustard,2024-03-01,4271,4513,4380
Karnataka,Mysuru,Nanjangud Mandi,Chilli,2024-03-01,10786,13498,12157
Karnataka,Mysuru,Nanjangud Mandi,Bajra,2024-03-01,2072,2173,2117
Karnataka,Mysuru,Nanjangud Mandi,Groundnut,2024-03-01,5434,6265,5791
Karnataka,Mysuru,Nanjangud Mandi,Wheat,2024-03-05,1733,1826,1780
Karnataka,Mysuru,Nanjangud Mandi,Maize,2024-03-05,1868,2024,1940
Karnataka,Mysuru,Nanjangud Mandi,Bajra,2024-03-05,1877,2030,1936
Karnataka,Mysuru,Nanjangud Mandi,Groundnut,2024-03-05,6001,6497,6198
Karnataka,Mysuru,Nanjangud Mandi,Wheat,2024-03-09,1781,1896,1840
Karnataka,Mysuru,Nanjangud Mandi,Mustard,2024-03-09,4053,4566,4324
Karnataka,Mysuru,Nanjangud Mandi,Chilli,2024-03-09,9901,13124,11708
Karnataka,Mysuru,Nanjangud Mandi,Bajra,2024-03-09,1979,2210,2087
Karnataka,Mysuru,Nanjangud Mandi,Groundnut,2024-03-09,5104,5750,5436
Karnataka,Mysuru,Nanjangud Mandi,Wheat,2024-03-13,1624,1712,1667
Karnataka,Mysuru,Nanjangud Mandi,Maize,2024-03-13,1675,1835,1766
Karnataka,Mysuru,Nanjangud Mandi,Mustard,2024-03-13,4046,4424,4221
Karnataka,Mysuru,Nanjangud Mandi,Chilli,2024-03-13,9581,12001,10821
Karnataka,Mysuru,Nanjangud Mandi,Groundnut,2024-03-13,5790,6700,6212
Karnataka,Mysuru,Nanjangud Mandi,Maize,2024-03-17,1902,2050,1977
Karnataka,Mysuru,Nanjangud Mandi,Mustard,2024-03-17,4008,4311,4160
Karnataka,Mysuru,Nanjangud Mandi,Bajra,2024-03-17,1985,2137,2063
Karnataka,Mysuru,Nanjangud Mandi,Groundnut,2024-03-17,5614,6363,6012
Karnataka,Mysuru,Nanjangud Mandi,Wheat,2024-03-21,1650,1801,1715
Karnataka,Mysuru,Nanjangud Mandi,Mustard,2024-03-21,3941,4214,4081
Karnataka,Mysuru,Nanjangud Mandi,Chilli,2024-03-21,11188,12917,12191
Karnataka,Mysuru,Nanjangud Mandi,Bajra,2024-03-21,1875,2066,1975
Karnataka,Mysuru,Nanjangud Mandi,Groundnut,2024-03-21,5175,5975,5552
Karnataka,Mysuru,Nanjangud Mandi,Wheat,2024-03-25,1811,1914,1856
Karnataka,Mysuru,Nanjangud Mandi,Maize,2024-03-25,1736,1930,1826
Karnataka,Mysuru,Nanjangud Mandi,Mustard,2024-03-25,4149,4529,4325
Karnataka,Mysuru,Nanjangud Mandi,Chilli,2024-03-25,9460,11766,10621
Karnataka,Mysuru,Nanjangud Mandi,Bajra,2024-03-25,1859,2012,1937
Karnataka,Mysuru,Nanjangud Mandi,Groundnut,2024-03-25,5681,6585,6179
Karnataka,Mysuru,Nanjangud Mandi,Wheat,2024-03-29,1815,1906,1863
Karnataka,Mysuru,Nanjangud Mandi,Maize,2024-03-29,1798,2040,1901
Karnataka,Mysuru,Nanjangud Mandi,Chilli,2024-03-29,10546,14093,12267
Karnataka,Mysuru,Nanjangud Mandi,Wheat,2024-04-02,1746,1860,1814
Karnataka,Mysuru,Nanjangud Mandi,Maize,2024-04-02,1735,1870,1812
Karnataka,Mysuru,Nanjangud Mandi,Mustard,2024-04-02,4136,4525,4324
Karnataka,Mysuru,Nanjangud Mandi,Chilli,2024-04-02,11677,16423,14218
Karnataka,Mysuru,Nanjangud Mandi,Groundnut,2024-04-02,5744,6120,5918
Karnataka,Mysuru,Nanjangud Mandi,Wheat,2024-04-06,1595,1686,1635
Karnataka,Mysuru,Nanjangud Mandi,Mustard,2024-04-06,3758,4165,3972
Karnataka,Mysuru,Nanjangud Mandi,Chilli,2024-04-06,13276,16455,14658
Karnataka,Mysuru,Nanjangud Mandi,Wheat,2024-04-10,1726,1808,1769
Karnataka,Mysuru,Nanjangud Mandi,Chilli,2024-04-10,13067,16718,14539
Karnataka,Mysuru,Nanjangud Mandi,Bajra,2024-04-10,1853,2100,1978
Karnataka,Mysuru,Nanjangud Mandi,Groundnut,2024-04-10,5766,6528,6156
Karnataka,Mysuru,Nanjangud Mandi,Wheat,2024-04-14,1637,1775,1702
Karnataka,Mysuru,Nanjangud Mandi,Maize,2024-04-14,1936,2076,1999
Karnataka,Mysuru,Nanjangud Mandi,Chilli,2024-04-14,11680,15718,13942
Karnataka,Mysuru,Nanjangud Mandi,Groundnut,2024-04-14,5097,5743,5420
Karnataka,Mysuru,Nanjangud Mandi,Maize,2024-04-18,1852,1995,1930
Karnataka,Mysuru,Nanjangud Mandi,Mustard,2024-04-18,4441,4658,4537
Karnataka,Mysuru,Nanjangud Mandi,Groundnut,2024-04-18,5606,5982,5817
Karnataka,Mysuru,Nanjangud Mandi,Maize,2024-04-22,1925,2118,2033
Karnataka,Mysuru,Nanjangud Mandi,Bajra,2024-04-22,2088,2239,2178
Karnataka,Mysuru,Nanjangud Mandi,Groundnut,2024-04-22,5983,6314,6143
Karnataka,Mysuru,Nanjangud Mandi,Wheat,2024-04-26,1690,1819,1750
Karnataka,Mysuru,Nanjangud Mandi,Maize,2024-04-26,1843,2093,1971
Karnataka,Mysuru,Nanjangud Mandi,Mustard,2024-04-26,3860,4203,4002
Karnataka,Mysuru,Nanjangud Mandi,Chilli,2024-04-26,13021,16015,14653
Karnataka,Mysuru,Nanjangud Mandi,Bajra,2024-04-26,2018,2220,2112
Karnataka,Mysuru,Nanjangud Mandi,Wheat,2024-04-30,1740,1836,1792
Karnataka,Mysuru,Nanjangud Mandi,Maize,2024-04-30,1794,1972,1885
Karnataka,Mysuru,Nanjangud Mandi,Mustard,2024-04-30,3945,4212,4091
Karnataka,Mysuru,Nanjangud Mandi,Chilli,2024-04-30,12250,15070,13588
Karnataka,Mysuru,Nanjangud Mandi,Bajra,2024-04-30,2072,2190,2123
Karnataka,Mysuru,Nanjangud Mandi,Groundnut,2024-04-30,5881,6466,6142
Karnataka,Mysuru,Nanjangud Mandi,Wheat,2024-05-04,1695,1836,1751
Karnataka,Mysuru,Nanjangud Mandi,Mustard,2024-05-04,5043,5558,5261
Karnataka,Mysuru,Nanjangud Mandi,Chilli,2024-05-04,12559,15138,13817
Karnataka,Mysuru,Nanjangud Mandi,Groundnut,2024-05-04,5589,6743,6157
Karnataka,Mysuru,Nanjangud Mandi,Wheat,2024-05-08,1721,1859,1792
Karnataka,Mysuru,Nanjangud Mandi,Maize,2024-05-08,1938,2113,2026
Karnataka,Mysuru,Nanjangud Mandi,Mustard,2024-05-08,5055,5538,5249
Karnataka,Mysuru,Nanjangud Mandi,Groundnut,2024-05-08,5251,6007,5617
Karnataka,Mysuru,Nanjangud Mandi,Wheat,2024-05-12,1826,1966,1897
Karnataka,Mysuru,Nanjangud Mandi,Maize,2024-05-12,1736,1958,1862
Karnataka,Mysuru,Nanjangud Mandi,Chilli,2024-05-12,12156,14508,13207
Karnataka,Mysuru,Nanjangud Mandi,Bajra,2024-05-12,2133,2325,2224
Karnataka,Mysuru,Nanjangud Mandi,Groundnut,2024-05-12,5309,5905,5655
Karnataka,Mysuru,Nanjangud Mandi,Wheat,2024-05-16,1717,1851,1779
Karnataka,Mysuru,Nanjangud Mandi,Maize,2024-05-16,1860,1967,1901
Karnataka,Mysuru,Nanjangud Mandi,Chilli,2024-05-16,11114,14560,13100
Karnataka,Mysuru,Nanjangud Mandi,Bajra,2024-05-16,2005,2119,2066
Karnataka,Mysuru,Nanjangud Mandi,Groundnut,2024-05-16,5810,6587,6215
Karnataka,Mysuru,Nanjangud Mandi,Wheat,2024-05-20,1758,1899,1840
Karnataka,Mysuru,Nanjangud Mandi,Maize,2024-05-20,1678,1918,1812
Karnataka,Mysuru,Nanjangud Mandi,Mustard,2024-05-20,4728,5263,5035
Karnataka,Mysuru,Nanjangud Mandi,Chilli,2024-05-20,12700,14808,13881
Karnataka,Mysuru,Nanjangud Mandi,Bajra,2024-05-20,1826,2078,1944
Karnataka,Mysuru,Nanjangud Mandi,Groundnut,2024-05-20,4998,5717,5369
Karnataka,Mysuru,Nanjangud Mandi,Wheat,2024-05-24,1772,1934,1859
Karnataka,Mysuru,Nanjangud Mandi,Mustard,2024-05-24,4693,5237,4968
Karnataka,Mysuru,Nanjangud Mandi,Chilli,2024-05-24,12110,13768,12892
Karnataka,Mysuru,Nanjangud Mandi,Bajra,2024-05-24,2138,2303,2213
Karnataka,Mysuru,Nanjangud Mandi,Groundnut,2024-05-24,5798,6425,6113
Karnataka,Mysuru,Nanjangud Mandi,Wheat,2024-05-28,1714,1825,1771
Karnataka,Mysuru,Nanjangud Mandi,Maize,2024-05-28,1844,2019,1921
Karnataka,Mysuru,Nanjangud Mandi,Mustard,2024-05-28,5059,5449,5298
Karnataka,Mysuru,Nanjangud Mandi,Chilli,2024-05-28,13440,16704,14940
Karnataka,Mysuru,Nanjangud Mandi,Groundnut,2024-05-28,5775,6431,6134
Karnataka,Mysuru,Nanjangud Mandi,Mustard,2024-06-01,5141,5473,5351
Karnataka,Mysuru,Nanjangud Mandi,Chilli,2024-06-01,14114,16318,15011
Karnataka,Mysuru,Nanjangud Mandi,Wheat,2024-06-05,2025,2198,2109
Karnataka,Mysuru,Nanjangud Mandi,Bajra,2024-06-05,2078,2230,2148
Karnataka,Mysuru,Nanjangud Mandi,Wheat,2024-06-09,2164,2288,2226
Karnataka,Mysuru,Nanjangud Mandi,Maize,2024-06-09,1954,2085,2009
Karnataka,Mysuru,Nanjangud Mandi,Groundnut,2024-06-09,5219,6040,5645
Karnataka,Mysuru,Nanjangud Mandi,Maize,2024-06-13,1729,1822,1775
Karnataka,Mysuru,Nanjangud Mandi,Mustard,2024-06-13,4662,4993,4803
Karnataka,Mysuru,Nanjangud Mandi,Chilli,2024-06-13,12051,15487,13930
Karnataka,Mysuru,Nanjangud Mandi,Groundnut,2024-06-13,5055,5729,5369
Karnataka,Mysuru,Nanjangud Mandi,Wheat,2024-06-17,2148,2295,2224
Karnataka,Mysuru,Nanjangud Mandi,Maize,2024-06-17,1816,2031,1903
Karnataka,Mysuru,Nanjangud Mandi,Mustard,2024-06-17,5051,5604,5291
Karnataka,Mysuru,Nanjangud Mandi,Chilli,2024-06-17,11388,15698,13484
Karnataka,Mysuru,Nanjangud Mandi,Bajra,2024-06-17,2102,2249,2179
Karnataka,Mysuru,Nanjangud Mandi,Groundnut,2024-06-17,5824,6396,6045
Karnataka,Mysuru,Nanjangud Mandi,Wheat,2024-06-21,2014,2102,2052
Karnataka,Mysuru,Nanjangud Mandi,Mustard,2024-06-21,5014,5287,5183
Karnataka,Mysuru,Nanjangud Mandi,Chilli,2024-06-21,12864,15888,14252
Karnataka,Mysuru,Nanjangud Mandi,Groundnut,2024-06-21,5208,5618,5395
Karnataka,Mysuru,Nanjangud Mandi,Wheat,2024-06-25,1926,2108,2017
Karnataka,Mysuru,Nanjangud Mandi,Maize,2024-06-25,1940,2181,2046
Karnataka,Mysuru,Nanjangud Mandi,Mustard,2024-06-25,5212,5565,5404
Karnataka,Mysuru,Nanjangud Mandi,Chilli,2024-06-25,11949,15439,13358
Karnataka,Mysuru,Nanjangud Mandi,Groundnut,2024-06-25,5713,6534,6118
Karnataka,Mysuru,Nanjangud Mandi,Maize,2024-06-29,1776,1929,1847
Karnataka,Mysuru,Nanjangud Mandi,Mustard,2024-06-29,4825,5295,5042
Karnataka,Mysuru,Nanjangud Mandi,Chilli,2024-06-29,11344,15284,13546
Karnataka,Mysuru,Nanjangud Mandi,Groundnut,2024-06-29,5631,6016,5825
Karnataka,Mysuru,Nanjangud Mandi,Wheat,2024-07-03,2220,2312,2270
Karnataka,Mysuru,Nanjangud Mandi,Maize,2024-07-03,1789,1890,1841
Karnataka,Mysuru,Nanjangud Mandi,Maize,2024-07-07,1846,2035,1949
Karnataka,Mysuru,Nanjangud Mandi,Mustard,2024-07-07,5058,5538,5296
Karnataka,Mysuru,Nanjangud Mandi,Chilli,2024-07-07,12120,13705,12909
Karnataka,Mysuru,Nanjangud Mandi,Bajra,2024-07-07,2115,2296,2215
Karnataka,Mysuru,Nanjangud Mandi,Wheat,2024-07-11,2214,2383,2279
Karnataka,Mysuru,Nanjangud Mandi,Chilli,2024-07-11,12894,14470,13700
Karnataka,Mysuru,Nanjangud Mandi,Bajra,2024-07-11,1941,2078,2015
Karnataka,Mysuru,Nanjangud Mandi,Wheat,2024-07-15,2017,2133,2078
Karnataka,Mysuru,Nanjangud Mandi,Mustard,2024-07-15,5082,5625,5354
Karnataka,Mysuru,Nanjangud Mandi,Groundnut,2024-07-15,6032,6451,6239
Karnataka,Mysuru,Nanjangud Mandi,Wheat,2024-07-19,2097,2278,2211
Karnataka,Mysuru,Nanjangud Mandi,Maize,2024-07-19,1952,2124,2023
Karnataka,Mysuru,Nanjangud Mandi,Chilli,2024-07-19,12252,15961,13804
Karnataka,Mysuru,Nanjangud Mandi,Groundnut,2024-07-19,5565,6317,5995
Karnataka,Mysuru,Nanjangud Mandi,Wheat,2024-07-23,1949,2011,1980
Karnataka,Mysuru,Nanjangud Mandi,Maize,2024-07-23,1873,2098,2006
Karnataka,Mysuru,Nanjangud Mandi,Chilli,2024-07-23,11988,15395,13880
Karnataka,Mysuru,Nanjangud Mandi,Bajra,2024-07-23,2017,2110,2064
Karnataka,Mysuru,Nanjangud Mandi,Wheat,2024-07-27,2226,2362,2285
Karnataka,Mysuru,Nanjangud Mandi,Mustard,2024-07-27,4927,5470,5201
Karnataka,Mysuru,Nanjangud Mandi,Chilli,2024-07-27,12190,15620,14191
Karnataka,Mysuru,Nanjangud Mandi,Bajra,2024-07-27,2020,2272,2158
Karnataka,Mysuru,Nanjangud Mandi,Groundnut,2024-07-27,5443,5897,5700
Karnataka,Mysuru,Nanjangud Mandi,Maize,2024-07-31,1879,2053,1956
Karnataka,Mysuru,Nanjangud Mandi,Mustard,2024-07-31,4651,4999,4820
Karnataka,Mysuru,Nanjangud Mandi,Groundnut,2024-07-31,5590,5965,5802
Karnataka,Mysuru,Nanjangud Mandi,Wheat,2024-08-04,2015,2184,2103
Karnataka,Mysuru,Nanjangud Mandi,Maize,2024-08-04,1758,1882,1813
Karnataka,Mysuru,Nanjangud Mandi,Mustard,2024-08-04,4922,5338,5100
Karnataka,Mysuru,Nanjangud Mandi,Groundnut,2024-08-04,5420,5886,5691
Karnataka,Mysuru,Nanjangud Mandi,Wheat,2024-08-08,1990,2126,2060
Karnataka,Mysuru,Nanjangud Mandi,Maize,2024-08-08,1775,1885,1822
Karnataka,Mysuru,Nanjangud Mandi,Mustard,2024-08-08,4711,5034,4859
Karnataka,Mysuru,Nanjangud Mandi,Chilli,2024-08-08,12345,15078,13852
Karnataka,Mysuru,Nanjangud Mandi,Groundnut,2024-08-08,5528,6318,5868
Karnataka,Mysuru,Nanjangud Mandi,Maize,2024-08-12,1733,1850,1803
Karnataka,Mysuru,Nanjangud Mandi,Groundnut,2024-08-12,5095,5939,5552
Karnataka,Mysuru,Nanjangud Mandi,Wheat,2024-08-16,1966,2085,2019
Karnataka,Mysuru,Nanjangud Mandi,Maize,2024-08-16,1806,2031,1910
Karnataka,Mysuru,Nanjangud Mandi,Mustard,2024-08-16,4893,5482,5249
Karnataka,Mysuru,Nanjangud Mandi,Bajra,2024-08-16,1985,2173,2089
Karnataka,Mysuru,Nanjangud Mandi,Groundnut,2024-08-16,5450,6357,5872
Karnataka,Mysuru,Nanjangud Mandi,Wheat,2024-08-20,1941,2077,1995
Karnataka,Mysuru,Nanjangud Mandi,Maize,2024-08-20,1713,1840,1783
Karnataka,Mysuru,Nanjangud Mandi,Mustard,2024-08-20,5328,5891,5549
Karnataka,Mysuru,Nanjangud Mandi,Chilli,2024-08-20,13681,15711,14821
Karnataka,Mysuru,Nanjangud Mandi,Groundnut,2024-08-20,5640,6104,5910
Karnataka,Mysuru,Nanjangud Mandi,Wheat,2024-08-24,2026,2181,2099
Karnataka,Mysuru,Nanjangud Mandi,Mustard,2024-08-24,4816,5265,5095
Karnataka,Mysuru,Nanjangud Mandi,Chilli,2024-08-24,13579,15671,14417
Karnataka,Mysuru,Nanjangud Mandi,Maize,2024-08-28,1745,1847,1803
Karnataka,Mysuru,Nanjangud Mandi,Chilli,2024-08-28,11578,15250,13418
Karnataka,Mysuru,Nanjangud Mandi,Groundnut,2024-08-28,5295,6207,5860
Karnataka,Mysuru,Nanjangud Mandi,Wheat,2024-09-01,1922,2099,2027
Karnataka,Mysuru,Nanjangud Mandi,Maize,2024-09-01,1594,1726,1662
Karnataka,Mysuru,Nanjangud Mandi,Mustard,2024-09-01,4718,5214,5009
Karnataka,Mysuru,Nanjangud Mandi,Chilli,2024-09-01,11491,15232,13394
Karnataka,Mysuru,Nanjangud Mandi,Bajra,2024-09-01,1608,1741,1671
Karnataka,Mysuru,Nanjangud Mandi,Groundnut,2024-09-01,5765,6648,6172
Karnataka,Mysuru,Nanjangud Mandi,Wheat,2024-09-05,2238,2384,2307
Karnataka,Mysuru,Nanjangud Mandi,Maize,2024-09-05,1593,1725,1662
Karnataka,Mysuru,Nanjangud Mandi,Mustard,2024-09-05,5423,5791,5568
Karnataka,Mysuru,Nanjangud Mandi,Chilli,2024-09-05,11277,15146,13354
Karnataka,Mysuru,Nanjangud Mandi,Bajra,2024-09-05,1610,1731,1673
Karnataka,Mysuru,Nanjangud Mandi,Groundnut,2024-09-05,5852,6308,6088
Karnataka,Mysuru,Nanjangud Mandi,Wheat,2024-09-09,2088,2181,2140
Karnataka,Mysuru,Nanjangud Mandi,Maize,2024-09-09,1618,1728,1679
Karnataka,Mysuru,Nanjangud Mandi,Mustard,2024-09-09,5385,5819,5598
Karnataka,Mysuru,Nanjangud Mandi,Chilli,2024-09-09,12663,16804,14442
Karnataka,Mysuru,Nanjangud Mandi,Wheat,2024-09-13,2052,2143,2089
Karnataka,Mysuru,Nanjangud Mandi,Chilli,2024-09-13,11234,14644,13132
Karnataka,Mysuru,Nanjangud Mandi,Groundnut,2024-09-13,5039,5810,5509
Karnataka,Mysuru,Nanjangud Mandi,Wheat,2024-09-17,2157,2280,2218
Karnataka,Mysuru,Nanjangud Mandi,Maize,2024-09-17,1464,1550,1500
Karnataka,Mysuru,Nanjangud Mandi,Mustard,2024-09-17,4716,5225,4972
Karnataka,Mysuru,Nanjangud Mandi,Chilli,2024-09-17,13055,15938,14550
Karnataka,Mysuru,Nanjangud Mandi,Bajra,2024-09-17,1542,1677,1597
Karnataka,Mysuru,Nanjangud Mandi,Groundnut,2024-09-17,5447,6208,5788
Karnataka,Mysuru,Nanjangud Mandi,Wheat,2024-09-21,1957,2139,2065
Karnataka,Mysuru,Nanjangud Mandi,Maize,2024-09-21,1607,1723,1671
Karnataka,Mysuru,Nanjangud Mandi,Mustard,2024-09-21,5255,5720,5526
Karnataka,Mysuru,Nanjangud Mandi,Bajra,2024-09-21,1627,1822,1706
Karnataka,Mysuru,Nanjangud Mandi,Wheat,2024-09-25,2138,2273,2217
Karnataka,Mysuru,Nanjangud Mandi,Maize,2024-09-25,1465,1577,1528
Karnataka,Mysuru,Nanjangud Mandi,Mustard,2024-09-25,4664,5131,4882
Karnataka,Mysuru,Nanjangud Mandi,Groundnut,2024-09-25,5384,6349,5856
Karnataka,Mysuru,Nanjangud Mandi,Wheat,2024-09-29,2165,2275,2208
Karnataka,Mysuru,Nanjangud Mandi,Mustard,2024-09-29,4585,4983,4793
Karnataka,Mysuru,Nanjangud Mandi,Chilli,2024-09-29,13012,15576,14069
Karnataka,Mysuru,Nanjangud Mandi,Groundnut,2024-09-29,5301,6038,5728
Karnataka,Mysuru,Nanjangud Mandi,Maize,2024-10-03,1467,1600,1532
Karnataka,Mysuru,Nanjangud Mandi,Mustard,2024-10-03,4614,4997,4804
Karnataka,Mysuru,Nanjangud Mandi,Chilli,2024-10-03,11730,14404,13192
Karnataka,Mysuru,Nanjangud Mandi,Bajra,2024-10-03,1537,1627,1590
Karnataka,Mysuru,Nanjangud Mandi,Wheat,2024-10-07,1933,2118,2047
Karnataka,Mysuru,Nanjangud Mandi,Maize,2024-10-07,1408,1483,1439
Karnataka,Mysuru,Nanjangud Mandi,Bajra,2024-10-07,1681,1875,1782
Karnataka,Mysuru,Nanjangud Mandi,Wheat,2024-10-11,1917,2042,1986
Karnataka,Mysuru,Nanjangud Mandi,Maize,2024-10-11,1523,1663,1603
Karnataka,Mysuru,Nanjangud Mandi,Mustard,2024-10-11,4834,5550,5204
Karnataka,Mysuru,Nanjangud Mandi,Chilli,2024-10-11,12712,16441,14220
Karnataka,Mysuru,Nanjangud Mandi,Bajra,2024-10-11,1565,1721,1656
Karnataka,Mysuru,Nanjangud Mandi,Groundnut,2024-10-11,4782,5257,5030
Karnataka,Mysuru,Nanjangud Mandi,Wheat,2024-10-15,2001,2173,2084
Karnataka,Mysuru,Nanjangud Mandi,Maize,2024-10-15,1508,1692,1589
Karnataka,Mysuru,Nanjangud Mandi,Mustard,2024-10-15,4803,5493,5164
Karnataka,Mysuru,Nanjangud Mandi,Chilli,2024-10-15,11732,14768,13438
Karnataka,Mysuru,Nanjangud Mandi,Groundnut,2024-10-15,4635,5211,4937
Karnataka,Mysuru,Nanjangud Mandi,Maize,2024-10-19,1518,1650,1584
Karnataka,Mysuru,Nanjangud Mandi,Mustard,2024-10-19,5032,5403,5201
Karnataka,Mysuru,Nanjangud Mandi,Chilli,2024-10-19,13659,16528,15115
Karnataka,Mysuru,Nanjangud Mandi,Bajra,2024-10-19,1683,1835,1744
Karnataka,Mysuru,Nanjangud Mandi,Groundnut,2024-10-19,4296,4796,4543
Karnataka,Mysuru,Nanjangud Mandi,Wheat,2024-10-23,1978,2103,2030
Karnataka,Mysuru,Nanjangud Mandi,Maize,2024-10-23,1575,1744,1665
Karnataka,Mysuru,Nanjangud Mandi,Mustard,2024-10-23,5189,5588,5384
Karnataka,Mysuru,Nanjangud Mandi,Chilli,2024-10-23,11938,16295,14349
Karnataka,Mysuru,Nanjangud Mandi,Bajra,2024-10-23,1657,1769,1716
Karnataka,Mysuru,Nanjangud Mandi,Groundnut,2024-10-23,4623,5258,4984
Karnataka,Mysuru,Nanjangud Mandi,Wheat,2024-10-27,2137,2302,2237
Karnataka,Mysuru,Nanjangud Mandi,Maize,2024-10-27,1584,1737,1659
Karnataka,Mysuru,Nanjangud Mandi,Mustard,2024-10-27,4972,5367,5148
Karnataka,Mysuru,Nanjangud Mandi,Bajra,2024-10-27,1591,1731,1667
Karnataka,Mysuru,Nanjangud Mandi,Groundnut,2024-10-27,4152,4722,4497
Karnataka,Mysuru,Nanjangud Mandi,Wheat,2024-10-31,2034,2130,2074
Karnataka,Mysuru,Nanjangud Mandi,Maize,2024-10-31,1453,1582,1512
Karnataka,Mysuru,Nanjangud Mandi,Mustard,2024-10-31,5234,5588,5421
Karnataka,Mysuru,Nanjangud Mandi,Chilli,2024-10-31,12959,15112,14221
Karnataka,Mysuru,Nanjangud Mandi,Bajra,2024-10-31,1756,1916,1848
Karnataka,Mysuru,Nanjangud Mandi,Groundnut,2024-10-31,4724,5157,4958
Karnataka,Mysuru,Nanjangud Mandi,Wheat,2024-11-04,2207,2335,2280
Karnataka,Mysuru,Nanjangud Mandi,Maize,2024-11-04,1694,1906,1777
Karnataka,Mysuru,Nanjangud Mandi,Mustard,2024-11-04,5330,5700,5487
Karnataka,Mysuru,Nanjangud Mandi,Chilli,2024-11-04,11349,14438,12997
Karnataka,Mysuru,Nanjangud Mandi,Bajra,2024-11-04,1975,2085,2031
Karnataka,Mysuru,Nanjangud Mandi,Wheat,2024-11-08,1983,2149,2062
Karnataka,Mysuru,Nanjangud Mandi,Maize,2024-11-08,1682,1828,1752
Karnataka,Mysuru,Nanjangud Mandi,Mustard,2024-11-08,4816,5209,4994
Karnataka,Mysuru,Nanjangud Mandi,Chilli,2024-11-08,12957,16044,14482
Karnataka,Mysuru,Nanjangud Mandi,Bajra,2024-11-08,2044,2246,2149
Karnataka,Mysuru,Nanjangud Mandi,Groundnut,2024-11-08,4363,4679,4512
Karnataka,Mysuru,Nanjangud Mandi,Mustard,2024-11-12,4925,5317,5129
Karnataka,Mysuru,Nanjangud Mandi,Bajra,2024-11-12,1898,2017,1966
Karnataka,Mysuru,Nanjangud Mandi,Groundnut,2024-11-12,4645,5055,4884
Karnataka,Mysuru,Nanjangud Mandi,Maize,2024-11-16,1911,2152,2038
Karnataka,Mysuru,Nanjangud Mandi,Mustard,2024-11-16,4959,5344,5191
Karnataka,Mysuru,Nanjangud Mandi,Bajra,2024-11-16,1913,2075,2005
Karnataka,Mysuru,Nanjangud Mandi,Groundnut,2024-11-16,4639,5181,4866
Karnataka,Mysuru,Nanjangud Mandi,Wheat,2024-11-20,2021,2208,2108
Karnataka,Mysuru,Nanjangud Mandi,Maize,2024-11-20,1795,1929,1864
Karnataka,Mysuru,Nanjangud Mandi,Mustard,2024-11-20,5226,5665,5429
Karnataka,Mysuru,Nanjangud Mandi,Bajra,2024-11-20,1986,2109,2047
Karnataka,Mysuru,Nanjangud Mandi,Groundnut,2024-11-20,4510,4878,4715
Karnataka,Mysuru,Nanjangud Mandi,Wheat,2024-11-24,1956,2025,1992
Karnataka,Mysuru,Nanjangud Mandi,Groundnut,2024-11-24,4894,5459,5124
Karnataka,Mysuru,Nanjangud Mandi,Wheat,2024-11-28,2098,2307,2201
Karnataka,Mysuru,Nanjangud Mandi,Maize,2024-11-28,1936,2140,2033
Karnataka,Mysuru,Nanjangud Mandi,Chilli,2024-11-28,14032,15881,14970
Karnataka,Mysuru,Nanjangud Mandi,Groundnut,2024-11-28,4673,4984,4834
Karnataka,Mysuru,Nanjangud Mandi,Wheat,2024-12-02,2053,2242,2160
Karnataka,Mysuru,Nanjangud Mandi,Mustard,2024-12-02,5258,5751,5521
Karnataka,Mysuru,Nanjangud Mandi,Chilli,2024-12-02,13032,15594,14106
Karnataka,Mysuru,Nanjangud Mandi,Wheat,2024-12-06,1944,2101,2019
Karnataka,Mysuru,Nanjangud Mandi,Maize,2024-12-06,1903,2052,1966
Karnataka,Mysuru,Nanjangud Mandi,Mustard,2024-12-06,5247,5804,5480
Karnataka,Mysuru,Nanjangud Mandi,Bajra,2024-12-06,2000,2263,2140
Karnataka,Mysuru,Nanjangud Mandi,Groundnut,2024-12-06,5840,6706,6253
Karnataka,Mysuru,Nanjangud Mandi,Wheat,2024-12-10,2131,2203,2167
Karnataka,Mysuru,Nanjangud Mandi,Mustard,2024-12-10,5180,5742,5494
Karnataka,Mysuru,Nanjangud Mandi,Bajra,2024-12-10,1873,2069,1952
Karnataka,Mysuru,Nanjangud Mandi,Groundnut,2024-12-10,5044,5677,5353
Karnataka,Mysuru,Nanjangud Mandi,Wheat,2024-12-14,2233,2420,2314
Karnataka,Mysuru,Nanjangud Mandi,Maize,2024-12-14,1920,2110,2015
Karnataka,Mysuru,Nanjangud Mandi,Chilli,2024-12-14,13468,15809,14801
Karnataka,Mysuru,Nanjangud Mandi,Bajra,2024-12-14,2080,2351,2206
Karnataka,Mysuru,Nanjangud Mandi,Maize,2024-12-18,1930,2131,2040
Karnataka,Mysuru,Nanjangud Mandi,Mustard,2024-12-18,5207,5647,5463
Karnataka,Mysuru,Nanjangud Mandi,Chilli,2024-12-18,12067,15427,13811
Karnataka,Mysuru,Nanjangud Mandi,Bajra,2024-12-18,2017,2217,2134
Karnataka,Mysuru,Nanjangud Mandi,Groundnut,2024-12-18,5256,6003,5562
Karnataka,Mysuru,Nanjangud Mandi,Wheat,2024-12-22,2227,2329,2275
Karnataka,Mysuru,Nanjangud Mandi,Maize,2024-12-22,1860,2042,1960
Karnataka,Mysuru,Nanjangud Mandi,Mustard,2024-12-22,5290,5745,5532
Karnataka,Mysuru,Nanjangud Mandi,Chilli,2024-12-22,11773,15193,13823
Karnataka,Mysuru,Nanjangud Mandi,Bajra,2024-12-22,2184,2342,2249
Karnataka,Mysuru,Nanjangud Mandi,Wheat,2024-12-26,2145,2284,2213
Karnataka,Mysuru,Nanjangud Mandi,Maize,2024-12-26,1949,2136,2040
Karnataka,Mysuru,Nanjangud Mandi,Mustard,2024-12-26,5052,5761,5459
Karnataka,Mysuru,Nanjangud Mandi,Groundnut,2024-12-26,4984,5858,5448
Karnataka,Mysuru,Nanjangud Mandi,Wheat,2024-12-30,1894,2059,1992
Karnataka,Mysuru,Nanjangud Mandi,Maize,2024-12-30,1954,2077,2016
Karnataka,Mysuru,Nanjangud Mandi,Mustard,2024-12-30,4877,5301,5048
Karnataka,Mysuru,Nanjangud Mandi,Chilli,2024-12-30,12830,15364,14154
Karnataka,Mysuru,Nanjangud Mandi,Bajra,2024-12-30,2033,2186,2099
Karnataka,Mysuru,Nanjangud Mandi,Groundnut,2024-12-30,5132,5750,5500
Andhra Pradesh,Guntur,Guntur Mandi,Mango,2024-01-01,2713,3246,2949
Andhra Pradesh,Guntur,Guntur Mandi,Sugarcane,2024-01-01,256,279,268
Andhra Pradesh,Guntur,Guntur Mandi,Paddy(Dhan),2024-01-01,1850,2024,1950
Andhra Pradesh,Guntur,Guntur Mandi,Mustard,2024-01-01,5303,5795,5553
Andhra Pradesh,Guntur,Guntur Mandi,Potato,2024-01-01,781,1107,913
Andhra Pradesh,Guntur,Guntur Mandi,Gram(Chana),2024-01-01,4565,5321,4904
Andhra Pradesh,Guntur,Guntur Mandi,Onion,2024-01-01,1053,1667,1421
Andhra Pradesh,Guntur,Guntur Mandi,Mango,2024-01-05,2913,3967,3452
Andhra Pradesh,Guntur,Guntur Mandi,Sugarcane,2024-01-05,263,271,267
Andhra Pradesh,Guntur,Guntur Mandi,Paddy(Dhan),2024-01-05,1953,2150,2029
Andhra Pradesh,Guntur,Guntur Mandi,Mustard,2024-01-05,5002,5465,5224
Andhra Pradesh,Guntur,Guntur Mandi,Bajra,2024-01-05,1917,2136,2040
Andhra Pradesh,Guntur,Guntur Mandi,Groundnut,2024-01-05,5655,6138,5845
Andhra Pradesh,Guntur,Guntur Mandi,Gram(Chana),2024-01-05,4465,5074,4736
Andhra Pradesh,Guntur,Guntur Mandi,Onion,2024-01-05,1071,1740,1469
Andhra Pradesh,Guntur,Guntur Mandi,Sugarcane,2024-01-09,254,263,259
Andhra Pradesh,Guntur,Guntur Mandi,Mustard,2024-01-09,5219,5878,5557
Andhra Pradesh,Guntur,Guntur Mandi,Bajra,2024-01-09,1928,2050,1999
Andhra Pradesh,Guntur,Guntur Mandi,Gram(Chana),2024-01-09,5014,5633,5320
Andhra Pradesh,Guntur,Guntur Mandi,Onion,2024-01-09,1118,1641,1390
Andhra Pradesh,Guntur,Guntur Mandi,Mango,2024-01-13,2437,3319,2960
Andhra Pradesh,Guntur,Guntur Mandi,Sugarcane,2024-01-13,251,266,257
Andhra Pradesh,Guntur,Guntur Mandi,Paddy(Dhan),2024-01-13,1845,1993,1912
Andhra Pradesh,Guntur,Guntur Mandi,Mustard,2024-01-13,4729,5198,4999
Andhra Pradesh,Guntur,Guntur Mandi,Potato,2024-01-13,727,945,844
Andhra Pradesh,Guntur,Guntur Mandi,Bajra,2024-01-13,2143,2361,2247
Andhra Pradesh,Guntur,Guntur Mandi,Gram(Chana),2024-01-13,4592,4926,4769
Andhra Pradesh,Guntur,Guntur Mandi,Onion,2024-01-13,1324,1900,1610
Andhra Pradesh,Guntur,Guntur Mandi,Mango,2024-01-17,2821,3643,3194
Andhra Pradesh,Guntur,Guntur Mandi,Paddy(Dhan),2024-01-17,1858,2004,1914
Andhra Pradesh,Guntur,Guntur Mandi,Potato,2024-01-17,782,1098,902
Andhra Pradesh,Guntur,Guntur Mandi,Bajra,2024-01-17,2104,2260,2186
Andhra Pradesh,Guntur,Guntur Mandi,Groundnut,2024-01-17,5542,6324,5939
Andhra Pradesh,Guntur,Guntur Mandi,Onion,2024-01-17,1148,2103,1606
Andhra Pradesh,Guntur,Guntur Mandi,Mango,2024-01-21,3074,3814,3429
Andhra Pradesh,Guntur,Guntur Mandi,Sugarcane,2024-01-21,261,271,266
Andhra Pradesh,Guntur,Guntur Mandi,Paddy(Dhan),2024-01-21,1848,1995,1935
Andhra Pradesh,Guntur,Guntur Mandi,Potato,2024-01-21,733,941,834
Andhra Pradesh,Guntur,Guntur Mandi,Bajra,2024-01-21,2120,2327,2247
Andhra Pradesh,Guntur,Guntur Mandi,Gram(Chana),2024-01-21,4895,5369,5105
Andhra Pradesh,Guntur,Guntur Mandi,Onion,2024-01-21,1074,1693,1390
Andhra Pradesh,Guntur,Guntur Mandi,Mango,2024-01-25,2829,3682,3222
Andhra Pradesh,Guntur,Guntur Mandi,Sugarcane,2024-01-25,254,272,263
Andhra Pradesh,Guntur,Guntur Mandi,Potato,2024-01-25,719,994,861
Andhra Pradesh,Guntur,Guntur Mandi,Bajra,2024-01-25,1923,2187,2070
Andhra Pradesh,Guntur,Guntur Mandi,Groundnut,2024-01-25,5655,6028,5859
Andhra Pradesh,Guntur,Guntur Mandi,Gram(Chana),2024-01-25,5131,5483,5280
Andhra Pradesh,Guntur,Guntur Mandi,Mango,2024-01-29,2539,3478,2966
Andhra Pradesh,Guntur,Guntur Mandi,Sugarcane,2024-01-29,254,273,264
Andhra Pradesh,Guntur,Guntur Mandi,Mustard,2024-01-29,5187,5655,5431
Andhra Pradesh,Guntur,Guntur Mandi,Potato,2024-01-29,733,1140,954
Andhra Pradesh,Guntur,Guntur Mandi,Bajra,2024-01-29,1881,2042,1950
Andhra Pradesh,Guntur,Guntur Mandi,Groundnut,2024-01-29,5096,5954,5548
Andhra Pradesh,Guntur,Guntur Mandi,Gram(Chana),2024-01-29,4909,5249,5083
Andhra Pradesh,Guntur,Guntur Mandi,Onion,2024-01-29,1060,1888,1457
Andhra Pradesh,Guntur,Guntur Mandi,Sugarcane,2024-02-02,267,276,272
Andhra Pradesh,Guntur,Guntur Mandi,Paddy(Dhan),2024-02-02,2112,2263,2182
Andhra Pradesh,Guntur,Guntur Mandi,Potato,2024-02-02,800,1011,895
Andhra Pradesh,Guntur,Guntur Mandi,Bajra,2024-02-02,1958,2215,2072
Andhra Pradesh,Guntur,Guntur Mandi,Groundnut,2024-02-02,5773,6544,6165
Andhra Pradesh,Guntur,Guntur Mandi,Gram(Chana),2024-02-02,4398,4902,4685
Andhra Pradesh,Guntur,Guntur Mandi,Onion,2024-02-02,1144,1851,1413
Andhra Pradesh,Guntur,Guntur Mandi,Mango,2024-02-06,2824,4198,3395
Andhra Pradesh,Guntur,Guntur Mandi,Paddy(Dhan),2024-02-06,1862,2088,1981
Andhra Pradesh,Guntur,Guntur Mandi,Potato,2024-02-06,715,1089,926
Andhra Pradesh,Guntur,Guntur Mandi,Bajra,2024-02-06,2024,2233,2107
Andhra Pradesh,Guntur,Guntur Mandi,Gram(Chana),2024-02-06,4867,5551,5258
Andhra Pradesh,Guntur,Guntur Mandi,Mango,2024-02-10,3162,3650,3409
Andhra Pradesh,Guntur,Guntur Mandi,Sugarcane,2024-02-10,261,272,266
Andhra Pradesh,Guntur,Guntur Mandi,Paddy(Dhan),2024-02-10,1973,2104,2043
Andhra Pradesh,Guntur,Guntur Mandi,Potato,2024-02-10,733,980,876
Andhra Pradesh,Guntur,Guntur Mandi,Bajra,2024-02-10,1902,2097,1997
Andhra Pradesh,Guntur,Guntur Mandi,Gram(Chana),2024-02-10,5003,5437,5234
Andhra Pradesh,Guntur,Guntur Mandi,Mango,2024-02-14,2715,3338,2959
Andhra Pradesh,Guntur,Guntur Mandi,Sugarcane,2024-02-14,270,286,280
Andhra Pradesh,Guntur,Guntur Mandi,Paddy(Dhan),2024-02-14,2041,2158,2094
Andhra Pradesh,Guntur,Guntur Mandi,Potato,2024-02-14,762,978,868
Andhra Pradesh,Guntur,Guntur Mandi,Bajra,2024-02-14,2067,2268,2169
Andhra Pradesh,Guntur,Guntur Mandi,Gram(Chana),2024-02-14,4394,5005,4701
Andhra Pradesh,Guntur,Guntur Mandi,Sugarcane,2024-02-18,249,259,255
Andhra Pradesh,Guntur,Guntur Mandi,Paddy(Dhan),2024-02-18,2093,2317,2198
Andhra Pradesh,Guntur,Guntur Mandi,Mustard,2024-02-18,5141,5575,5359
Andhra Pradesh,Guntur,Guntur Mandi,Bajra,2024-02-18,2010,2242,2124
Andhra Pradesh,Guntur,Guntur Mandi,Groundnut,2024-02-18,5588,6217,5924
Andhra Pradesh,Guntur,Guntur Mandi,Gram(Chana),2024-02-18,4891,5481,5155
Andhra Pradesh,Guntur,Guntur Mandi,Onion,2024-02-18,1036,1822,1474
Andhra Pradesh,Guntur,Guntur Mandi,Paddy(Dhan),2024-02-22,2132,2257,2199
Andhra Pradesh,Guntur,Guntur Mandi,Potato,2024-02-22,617,1008,836
Andhra Pradesh,Guntur,Guntur Mandi,Bajra,2024-02-22,2016,2187,2088
Andhra Pradesh,Guntur,Guntur Mandi,Gram(Chana),2024-02-22,4581,5155,4932
Andhra Pradesh,Guntur,Guntur Mandi,Onion,2024-02-22,1205,1803,1513
Andhra Pradesh,Guntur,Guntur Mandi,Mango,2024-02-26,2635,3564,3091
Andhra Pradesh,Guntur,Guntur Mandi,Sugarcane,2024-02-26,243,255,249
Andhra Pradesh,Guntur,Guntur Mandi,Paddy(Dhan),2024-02-26,1926,2019,1966
Andhra Pradesh,Guntur,Guntur Mandi,Mustard,2024-02-26,5268,6002,5609
Andhra Pradesh,Guntur,Guntur Mandi,Potato,2024-02-26,698,1014,861
Andhra Pradesh,Guntur,Guntur Mandi,Bajra,2024-02-26,1980,2110,2037
Andhra Pradesh,Guntur,Guntur Mandi,Groundnut,2024-02-26,5654,6361,6024
Andhra Pradesh,Guntur,Guntur Mandi,Gram(Chana),2024-02-26,5131,5837,5394
Andhra Pradesh,Guntur,Guntur Mandi,Onion,2024-02-26,1247,1560,1400
Andhra Pradesh,Guntur,Guntur Mandi,Mango,2024-03-01,2960,3786,3394
Andhra Pradesh,Guntur,Guntur Mandi,Sugarcane,2024-03-01,269,287,278
Andhra Pradesh,Guntur,Guntur Mandi,Paddy(Dhan),2024-03-01,1855,2006,1916
Andhra Pradesh,Guntur,Guntur Mandi,Mustard,2024-03-01,3960,4182,4062
Andhra Pradesh,Guntur,Guntur Mandi,Gram(Chana),2024-03-01,4096,4567,4323
Andhra Pradesh,Guntur,Guntur Mandi,Onion,2024-03-01,1026,1283,1156
Andhra Pradesh,Guntur,Guntur Mandi,Mango,2024-03-05,2938,3882,3445
Andhra Pradesh,Guntur,Guntur Mandi,Sugarcane,2024-03-05,283,293,288
Andhra Pradesh,Guntur,Guntur Mandi,Paddy(Dhan),2024-03-05,2063,2304,2167
Andhra Pradesh,Guntur,Guntur Mandi,Mustard,2024-03-05,4383,4646,4510
Andhra Pradesh,Guntur,Guntur Mandi,Potato,2024-03-05,754,1142,971
Andhra Pradesh,Guntur,Guntur Mandi,Gram(Chana),2024-03-05,3720,4106,3885
Andhra Pradesh,Guntur,Guntur Mandi,Onion,2024-03-05,1069,1471,1257
Andhra Pradesh,Guntur,Guntur Mandi,Mango,2024-03-09,2624,3534,3156
Andhra Pradesh,Guntur,Guntur Mandi,Sugarcane,2024-03-09,252,271,261
Andhra Pradesh,Guntur,Guntur Mandi,Paddy(Dhan),2024-03-09,2029,2289,2168
Andhra Pradesh,Guntur,Guntur Mandi,Mustard,2024-03-09,4079,4582,4330
Andhra Pradesh,Guntur,Guntur Mandi,Potato,2024-03-09,728,988,877
Andhra Pradesh,Guntur,Guntur Mandi,Bajra,2024-03-09,2020,2166,2093
Andhra Pradesh,Guntur,Guntur Mandi,Onion,2024-03-09,1002,1470,1209
Andhra Pradesh,Guntur,Guntur Mandi,Mango,2024-03-13,3003,3826,3358
Andhra Pradesh,Guntur,Guntur Mandi,Sugarcane,2024-03-13,274,286,280
Andhra Pradesh,Guntur,Guntur Mandi,Paddy(Dhan),2024-03-13,2094,2209,2143
Andhra Pradesh,Guntur,Guntur Mandi,Mustard,2024-03-13,3734,4164,3955
Andhra Pradesh,Guntur,Guntur Mandi,Groundnut,2024-03-13,5152,6044,5617
Andhra Pradesh,Guntur,Guntur Mandi,Gram(Chana),2024-03-13,3673,3973,3849
Andhra Pradesh,Guntur,Guntur Mandi,Mango,2024-03-17,2490,3656,3139
Andhra Pradesh,Guntur,Guntur Mandi,Sugarcane,2024-03-17,265,284,275
Andhra Pradesh,Guntur,Guntur Mandi,Paddy(Dhan),2024-03-17,2097,2250,2180
Andhra Pradesh,Guntur,Guntur Mandi,Mustard,2024-03-17,3902,4307,4149
Andhra Pradesh,Guntur,Guntur Mandi,Potato,2024-03-17,740,1028,873
Andhra Pradesh,Guntur,Guntur Mandi,Bajra,2024-03-17,2036,2179,2112
Andhra Pradesh,Guntur,Guntur Mandi,Groundnut,2024-03-17,5416,6213,5856
Andhra Pradesh,Guntur,Guntur Mandi,Onion,2024-03-17,1007,1396,1189
Andhra Pradesh,Guntur,Guntur Mandi,Mango,2024-03-21,2906,3512,3227
Andhra Pradesh,Guntur,Guntur Mandi,Sugarcane,2024-03-21,264,278,271
Andhra Pradesh,Guntur,Guntur Mandi,Paddy(Dhan),2024-03-21,2059,2235,2139
Andhra Pradesh,Guntur,Guntur Mandi,Mustard,2024-03-21,4280,4715,4494
Andhra Pradesh,Guntur,Guntur Mandi,Potato,2024-03-21,772,1058,881
Andhra Pradesh,Guntur,Guntur Mandi,Bajra,2024-03-21,1897,2028,1953
Andhra Pradesh,Guntur,Guntur Mandi,Groundnut,2024-03-21,5012,5817,5427
Andhra Pradesh,Guntur,Guntur Mandi,Gram(Chana),2024-03-21,3781,4122,3954
Andhra Pradesh,Guntur,Guntur Mandi,Sugarcane,2024-03-25,272,281,277
Andhra Pradesh,Guntur,Guntur Mandi,Paddy(Dhan),2024-03-25,1978,2123,2051
Andhra Pradesh,Guntur,Guntur Mandi,Mustard,2024-03-25,4404,4641,4523
Andhra Pradesh,Guntur,Guntur Mandi,Potato,2024-03-25,780,1111,959
Andhra Pradesh,Guntur,Guntur Mandi,Gram(Chana),2024-03-25,4126,4423,4276
Andhra Pradesh,Guntur,Guntur Mandi,Onion,2024-03-25,953,1293,1155
Andhra Pradesh,Guntur,Guntur Mandi,Mango,2024-03-29,2401,3416,2970
Andhra Pradesh,Guntur,Guntur Mandi,Sugarcane,2024-03-29,268,282,275
Andhra Pradesh,Guntur,Guntur Mandi,Paddy(Dhan),2024-03-29,1859,2009,1944
Andhra Pradesh,Guntur,Guntur Mandi,Mustard,2024-03-29,4265,4759,4503
Andhra Pradesh,Guntur,Guntur Mandi,Potato,2024-03-29,800,1005,890
Andhra Pradesh,Guntur,Guntur Mandi,Bajra,2024-03-29,2133,2256,2203
Andhra Pradesh,Guntur,Guntur Mandi,Groundnut,2024-03-29,5850,6452,6127
Andhra Pradesh,Guntur,Guntur Mandi,Gram(Chana),2024-03-29,3664,3947,3811
Andhra Pradesh,Guntur,Guntur Mandi,Onion,2024-03-29,1031,1393,1213
Andhra Pradesh,Guntur,Guntur Mandi,Mango,2024-04-02,2523,3090,2814
Andhra Pradesh,Guntur,Guntur Mandi,Sugarcane,2024-04-02,327,348,339
Andhra Pradesh,Guntur,Guntur Mandi,Paddy(Dhan),2024-04-02,1967,2171,2086
Andhra Pradesh,Guntur,Guntur Mandi,Mustard,2024-04-02,3949,4265,4117
Andhra Pradesh,Guntur,Guntur Mandi,Potato,2024-04-02,1033,1333,1167
Andhra Pradesh,Guntur,Guntur Mandi,Bajra,2024-04-02,2131,2250,2179
Andhra Pradesh,Guntur,Guntur Mandi,Groundnut,2024-04-02,5265,5720,5514
Andhra Pradesh,Guntur,Guntur Mandi,Gram(Chana),2024-04-02,4178,4640,4379
Andhra Pradesh,Guntur,Guntur Mandi,Mustard,2024-04-06,3920,4432,4167
Andhra Pradesh,Guntur,Guntur Mandi,Potato,2024-04-06,876,1253,1053
Andhra Pradesh,Guntur,Guntur Mandi,Groundnut,2024-04-06,5728,6146,5921
Andhra Pradesh,Guntur,Guntur Mandi,Onion,2024-04-06,1048,1512,1299
Andhra Pradesh,Guntur,Guntur Mandi,Mango,2024-04-10,2377,3030,2670
Andhra Pradesh,Guntur,Guntur Mandi,Paddy(Dhan),2024-04-10,1865,1965,1921
Andhra Pradesh,Guntur,Guntur Mandi,Mustard,2024-04-10,3873,4452,4160
Andhra Pradesh,Guntur,Guntur Mandi,Potato,2024-04-10,932,1355,1127
Andhra Pradesh,Guntur,Guntur Mandi,Bajra,2024-04-10,1991,2180,2081
Andhra Pradesh,Guntur,Guntur Mandi,Groundnut,2024-04-10,5804,6509,6198
Andhra Pradesh,Guntur,Guntur Mandi,Gram(Chana),2024-04-10,4060,4398,4259
Andhra Pradesh,Guntur,Guntur Mandi,Onion,2024-04-10,934,1306,1140
Andhra Pradesh,Guntur,Guntur Mandi,Mango,2024-04-14,2154,2847,2461
Andhra Pradesh,Guntur,Guntur Mandi,Sugarcane,2024-04-14,340,355,348
Andhra Pradesh,Guntur,Guntur Mandi,Paddy(Dhan),2024-04-14,1858,2035,1931
Andhra Pradesh,Guntur,Guntur Mandi,Mustard,2024-04-14,4206,4437,4315
Andhra Pradesh,Guntur,Guntur Mandi,Potato,2024-04-14,857,1303,1064
Andhra Pradesh,Guntur,Guntur Mandi,Bajra,2024-04-14,2131,2343,2240
Andhra Pradesh,Guntur,Guntur Mandi,Gram(Chana),2024-04-14,3892,4335,4150
Andhra Pradesh,Guntur,Guntur Mandi,Onion,2024-04-14,1030,1469,1237
Andhra Pradesh,Guntur,Guntur Mandi,Mango,2024-04-18,2191,2786,2477
Andhra Pradesh,Guntur,Guntur Mandi,Sugarcane,2024-04-18,308,329,316
Andhra Pradesh,Guntur,Guntur Mandi,Paddy(Dhan),2024-04-18,1962,2089,2012
Andhra Pradesh,Guntur,Guntur Mandi,Mustard,2024-04-18,3985,4319,4114
Andhra Pradesh,Guntur,Guntur Mandi,Potato,2024-04-18,956,1220,1083
Andhra Pradesh,Guntur,Guntur Mandi,Bajra,2024-04-18,2041,2170,2101
Andhra Pradesh,Guntur,Guntur Mandi,Groundnut,2024-04-18,5833,6532,6232
Andhra Pradesh,Guntur,Guntur Mandi,Gram(Chana),2024-04-18,4136,4360,4262
Andhra Pradesh,Guntur,Guntur Mandi,Mango,2024-04-22,2139,3106,2605
Andhra Pradesh,Guntur,Guntur Mandi,Sugarcane,2024-04-22,345,360,353
Andhra Pradesh,Guntur,Guntur Mandi,Paddy(Dhan),2024-04-22,2107,2230,2166
Andhra Pradesh,Guntur,Guntur Mandi,Mustard,2024-04-22,4056,4542,4317
Andhra Pradesh,Guntur,Guntur Mandi,Potato,2024-04-22,943,1137,1027
Andhra Pradesh,Guntur,Guntur Mandi,Bajra,2024-04-22,2034,2134,2078
Andhra Pradesh,Guntur,Guntur Mandi,Gram(Chana),2024-04-22,3940,4421,4206
Andhra Pradesh,Guntur,Guntur Mandi,Onion,2024-04-22,1054,1406,1236
Andhra Pradesh,Guntur,Guntur Mandi,Mango,2024-04-26,2299,3196,2830
Andhra Pradesh,Guntur,Guntur Mandi,Sugarcane,2024-04-26,306,327,317
Andhra Pradesh,Guntur,Guntur Mandi,Paddy(Dhan),2024-04-26,2062,2207,2139
Andhra Pradesh,Guntur,Guntur Mandi,Mustard,2024-04-26,3856,4134,4012
Andhra Pradesh,Guntur,Guntur Mandi,Bajra,2024-04-26,2129,2238,2178
Andhra Pradesh,Guntur,Guntur Mandi,Groundnut,2024-04-26,5470,6161,5848
Andhra Pradesh,Guntur,Guntur Mandi,Mango,2024-04-30,2303,3090,2740
Andhra Pradesh,Guntur,Guntur Mandi,Sugarcane,2024-04-30,307,329,319
Andhra Pradesh,Guntur,Guntur Mandi,Paddy(Dhan),2024-04-30,2038,2187,2107
Andhra Pradesh,Guntur,Guntur Mandi,Mustard,2024-04-30,4395,4767,4540
Andhra Pradesh,Guntur,Guntur Mandi,Potato,2024-04-30,1057,1296,1180
Andhra Pradesh,Guntur,Guntur Mandi,Bajra,2024-04-30,2067,2186,2114
Andhra Pradesh,Guntur,Guntur Mandi,Groundnut,2024-04-30,5169,5581,5416
Andhra Pradesh,Guntur,Guntur Mandi,Gram(Chana),2024-04-30,4180,4424,4315
Andhra Pradesh,Guntur,Guntur Mandi,Onion,2024-04-30,1005,1529,1229
Andhra Pradesh,Guntur,Guntur Mandi,Mango,2024-05-04,2272,3183,2805
Andhra Pradesh,Guntur,Guntur Mandi,Paddy(Dhan),2024-05-04,2009,2135,2061
Andhra Pradesh,Guntur,Guntur Mandi,Mustard,2024-05-04,5150,5670,5444
Andhra Pradesh,Guntur,Guntur Mandi,Potato,2024-05-04,884,1459,1160
Andhra Pradesh,Guntur,Guntur Mandi,Bajra,2024-05-04,1866,1998,1932
Andhra Pradesh,Guntur,Guntur Mandi,Groundnut,2024-05-04,5544,6251,5865
Andhra Pradesh,Guntur,Guntur Mandi,Gram(Chana),2024-05-04,4670,5053,4829
Andhra Pradesh,Guntur,Guntur Mandi,Onion,2024-05-04,1155,1946,1527
Andhra Pradesh,Guntur,Guntur Mandi,Sugarcane,2024-05-08,299,322,309
Andhra Pradesh,Guntur,Guntur Mandi,Paddy(Dhan),2024-05-08,1936,2023,1979
Andhra Pradesh,Guntur,Guntur Mandi,Mustard,2024-05-08,5093,5752,5425
Andhra Pradesh,Guntur,Guntur Mandi,Potato,2024-05-08,812,1341,1053
Andhra Pradesh,Guntur,Guntur Mandi,Groundnut,2024-05-08,5574,6043,5793
Andhra Pradesh,Guntur,Guntur Mandi,Gram(Chana),2024-05-08,4655,5278,5000
Andhra Pradesh,Guntur,Guntur Mandi,Mango,2024-05-12,2209,2871,2600
Andhra Pradesh,Guntur,Guntur Mandi,Sugarcane,2024-05-12,343,363,354
Andhra Pradesh,Guntur,Guntur Mandi,Potato,2024-05-12,831,1306,1087
Andhra Pradesh,Guntur,Guntur Mandi,Bajra,2024-05-12,1860,2075,1958
Andhra Pradesh,Guntur,Guntur Mandi,Groundnut,2024-05-12,5149,5820,5453
Andhra Pradesh,Guntur,Guntur Mandi,Gram(Chana),2024-05-12,4525,5041,4781
Andhra Pradesh,Guntur,Guntur Mandi,Onion,2024-05-12,1196,1840,1517
Andhra Pradesh,Guntur,Guntur Mandi,Paddy(Dhan),2024-05-16,1942,2181,2068
Andhra Pradesh,Guntur,Guntur Mandi,Mustard,2024-05-16,5251,5671,5414
Andhra Pradesh,Guntur,Guntur Mandi,Potato,2024-05-16,984,1238,1131
Andhra Pradesh,Guntur,Guntur Mandi,Groundnut,2024-05-16,5208,5639,5369
Andhra Pradesh,Guntur,Guntur Mandi,Gram(Chana),2024-05-16,5083,5438,5250
Andhra Pradesh,Guntur,Guntur Mandi,Onion,2024-05-16,1199,1613,1409
Andhra Pradesh,Guntur,Guntur Mandi,Mango,2024-05-20,2402,3121,2757
Andhra Pradesh,Guntur,Guntur Mandi,Sugarcane,2024-05-20,299,312,307
Andhra Pradesh,Guntur,Guntur Mandi,Paddy(Dhan),2024-05-20,1971,2076,2012
Andhra Pradesh,Guntur,Guntur Mandi,Mustard,2024-05-20,4813,5290,5080
Andhra Pradesh,Guntur,Guntur Mandi,Potato,2024-05-20,843,1200,1021
Andhra Pradesh,Guntur,Guntur Mandi,Bajra,2024-05-20,2012,2289,2157
Andhra Pradesh,Guntur,Guntur Mandi,Groundnut,2024-05-20,5426,5836,5615
Andhra Pradesh,Guntur,Guntur Mandi,Gram(Chana),2024-05-20,4843,5224,5074
Andhra Pradesh,Guntur,Guntur Mandi,Onion,2024-05-20,1173,1670,1422
Andhra Pradesh,Guntur,Guntur Mandi,Mango,2024-05-24,2193,2726,2421
Andhra Pradesh,Guntur,Guntur Mandi,Sugarcane,2024-05-24,329,345,338
Andhra Pradesh,Guntur,Guntur Mandi,Paddy(Dhan),2024-05-24,1876,2039,1965
Andhra Pradesh,Guntur,Guntur Mandi,Mustard,2024-05-24,4920,5496,5228
Andhra Pradesh,Guntur,Guntur Mandi,Potato,2024-05-24,948,1410,1169
Andhra Pradesh,Guntur,Guntur Mandi,Bajra,2024-05-24,2080,2211,2150
Andhra Pradesh,Guntur,Guntur Mandi,Groundnut,2024-05-24,5193,6045,5599
Andhra Pradesh,Guntur,Guntur Mandi,Gram(Chana),2024-05-24,4351,4863,4627
Andhra Pradesh,Guntur,Guntur Mandi,Onion,2024-05-24,956,1741,1382
Andhra Pradesh,Guntur,Guntur Mandi,Mango,2024-05-28,2298,2951,2598
Andhra Pradesh,Guntur,Guntur Mandi,Paddy(Dhan),2024-05-28,2034,2259,2139
Andhra Pradesh,Guntur,Guntur Mandi,Mustard,2024-05-28,5341,5705,5568
Andhra Pradesh,Guntur,Guntur Mandi,Bajra,2024-05-28,2120,2330,2209
Andhra Pradesh,Guntur,Guntur Mandi,Groundnut,2024-05-28,5374,6165,5841
Andhra Pradesh,Guntur,Guntur Mandi,Gram(Chana),2024-05-28,4606,5102,4897
Andhra Pradesh,Guntur,Guntur Mandi,Onion,2024-05-28,1219,1803,1539
Andhra Pradesh,Guntur,Guntur Mandi,Mango,2024-06-01,2400,3143,2760
Andhra Pradesh,Guntur,Guntur Mandi,Sugarcane,2024-06-01,321,340,329
Andhra Pradesh,Guntur,Guntur Mandi,Paddy(Dhan),2024-06-01,1880,2055,1964
Andhra Pradesh,Guntur,Guntur Mandi,Mustard,2024-06-01,4939,5445,5191
Andhra Pradesh,Guntur,Guntur Mandi,Potato,2024-06-01,842,1279,1077
Andhra Pradesh,Guntur,Guntur Mandi,Bajra,2024-06-01,1869,1992,1935
Andhra Pradesh,Guntur,Guntur Mandi,Groundnut,2024-06-01,5240,5871,5540
Andhra Pradesh,Guntur,Guntur Mandi,Mango,2024-06-05,2024,2884,2457
Andhra Pradesh,Guntur,Guntur Mandi,Paddy(Dhan),2024-06-05,1900,2100,1996
Andhra Pradesh,Guntur,Guntur Mandi,Mustard,2024-06-05,4645,5095,4833
Andhra Pradesh,Guntur,Guntur Mandi,Potato,2024-06-05,1006,1335,1172
Andhra Pradesh,Guntur,Guntur Mandi,Bajra,2024-06-05,2063,2207,2153
Andhra Pradesh,Guntur,Guntur Mandi,Onion,2024-06-05,1208,1902,1512
Andhra Pradesh,Guntur,Guntur Mandi,Mango,2024-06-09,2263,3418,2808
Andhra Pradesh,Guntur,Guntur Mandi,Paddy(Dhan),2024-06-09,1982,2114,2045
Andhra Pradesh,Guntur,Guntur Mandi,Mustard,2024-06-09,4986,5324,5125
Andhra Pradesh,Guntur,Guntur Mandi,Bajra,2024-06-09,1987,2161,2076
Andhra Pradesh,Guntur,Guntur Mandi,Gram(Chana),2024-06-09,4620,5139,4822
Andhra Pradesh,Guntur,Guntur Mandi,Onion,2024-06-09,1077,1837,1451
Andhra Pradesh,Guntur,Guntur Mandi,Sugarcane,2024-06-13,347,358,351
Andhra Pradesh,Guntur,Guntur Mandi,Mustard,2024-06-13,4534,5195,4899
Andhra Pradesh,Guntur,Guntur Mandi,Bajra,2024-06-13,1891,2080,1999
Andhra Pradesh,Guntur,Guntur Mandi,Groundnut,2024-06-13,4962,5677,5391
Andhra Pradesh,Guntur,Guntur Mandi,Gram(Chana),2024-06-13,4793,5617,5237
Andhra Pradesh,Guntur,Guntur Mandi,Onion,2024-06-13,1397,1925,1613
Andhra Pradesh,Guntur,Guntur Mandi,Mango,2024-06-17,2255,3200,2708
Andhra Pradesh,Guntur,Guntur Mandi,Sugarcane,2024-06-17,345,363,353
Andhra Pradesh,Guntur,Guntur Mandi,Paddy(Dhan),2024-06-17,1939,2080,2016
Andhra Pradesh,Guntur,Guntur Mandi,Potato,2024-06-17,961,1257,1102
Andhra Pradesh,Guntur,Guntur Mandi,Bajra,2024-06-17,2142,2342,2231
Andhra Pradesh,Guntur,Guntur Mandi,Groundnut,2024-06-17,5624,6379,6009
Andhra Pradesh,Guntur,Guntur Mandi,Onion,2024-06-17,1231,1825,1510
Andhra Pradesh,Guntur,Guntur Mandi,Mango,2024-06-21,2055,2727,2441
Andhra Pradesh,Guntur,Guntur Mandi,Sugarcane,2024-06-21,305,322,312
Andhra Pradesh,Guntur,Guntur Mandi,Mustard,2024-06-21,5071,5385,5205
Andhra Pradesh,Guntur,Guntur Mandi,Bajra,2024-06-21,1863,2119,1981
Andhra Pradesh,Guntur,Guntur Mandi,Groundnut,2024-06-21,5430,5781,5578
Andhra Pradesh,Guntur,Guntur Mandi,Gram(Chana),2024-06-21,4917,5365,5144
Andhra Pradesh,Guntur,Guntur Mandi,Onion,2024-06-21,1298,1938,1571
Andhra Pradesh,Guntur,Guntur Mandi,Sugarcane,2024-06-25,342,364,354
Andhra Pradesh,Guntur,Guntur Mandi,Paddy(Dhan),2024-06-25,2100,2254,2182
Andhra Pradesh,Guntur,Guntur Mandi,Mustard,2024-06-25,5113,5494,5285
Andhra Pradesh,Guntur,Guntur Mandi,Potato,2024-06-25,897,1430,1169
Andhra Pradesh,Guntur,Guntur Mandi,Bajra,2024-06-25,2108,2259,2197
Andhra Pradesh,Guntur,Guntur Mandi,Groundnut,2024-06-25,5907,6588,6238
Andhra Pradesh,Guntur,Guntur Mandi,Gram(Chana),2024-06-25,4446,4860,4700
Andhra Pradesh,Guntur,Guntur Mandi,Onion,2024-06-25,1028,1832,1479
Andhra Pradesh,Guntur,Guntur Mandi,Mango,2024-06-29,2560,3144,2800
Andhra Pradesh,Guntur,Guntur Mandi,Sugarcane,2024-06-29,303,314,309
Andhra Pradesh,Guntur,Guntur Mandi,Paddy(Dhan),2024-06-29,1915,2080,2001
Andhra Pradesh,Guntur,Guntur Mandi,Mustard,2024-06-29,4472,5121,4810
Andhra Pradesh,Guntur,Guntur Mandi,Potato,2024-06-29,970,1362,1178
Andhra Pradesh,Guntur,Guntur Mandi,Groundnut,2024-06-29,5353,6129,5743
Andhra Pradesh,Guntur,Guntur Mandi,Gram(Chana),2024-06-29,5059,5475,5269
Andhra Pradesh,Guntur,Guntur Mandi,Onion,2024-06-29,1175,1592,1398
Andhra Pradesh,Guntur,Guntur Mandi,Mango,2024-07-03,2673,3307,3008
Andhra Pradesh,Guntur,Guntur Mandi,Sugarcane,2024-07-03,304,314,309
Andhra Pradesh,Guntur,Guntur Mandi,Mustard,2024-07-03,5440,5761,5585
Andhra Pradesh,Guntur,Guntur Mandi,Potato,2024-07-03,869,1170,1017
Andhra Pradesh,Guntur,Guntur Mandi,Bajra,2024-07-03,1994,2119,2055
Andhra Pradesh,Guntur,Guntur Mandi,Groundnut,2024-07-03,5922,6460,6213
Andhra Pradesh,Guntur,Guntur Mandi,Onion,2024-07-03,1213,1925,1588
Andhra Pradesh,Guntur,Guntur Mandi,Mango,2024-07-07,2791,4012,3452
Andhra Pradesh,Guntur,Guntur Mandi,Sugarcane,2024-07-07,336,355,344
Andhra Pradesh,Guntur,Guntur Mandi,Paddy(Dhan),2024-07-07,1965,2044,2005
Andhra Pradesh,Guntur,Guntur Mandi,Mustard,2024-07-07,4700,5040,4863
Andhra Pradesh,Guntur,Guntur Mandi,Potato,2024-07-07,914,1406,1149
Andhra Pradesh,Guntur,Guntur Mandi,Bajra,2024-07-07,1961,2088,2030
Andhra Pradesh,Guntur,Guntur Mandi,Groundnut,2024-07-07,5213,5926,5593
Andhra Pradesh,Guntur,Guntur Mandi,Gram(Chana),2024-07-07,4826,5377,5111
Andhra Pradesh,Guntur,Guntur Mandi,Onion,2024-07-07,1122,1842,1550
Andhra Pradesh,Guntur,Guntur Mandi,Mango,2024-07-11,2580,3728,3113
Andhra Pradesh,Guntur,Guntur Mandi,Sugarcane,2024-07-11,325,349,337
Andhra Pradesh,Guntur,Guntur Mandi,Potato,2024-07-11,803,1267,1042
Andhra Pradesh,Guntur,Guntur Mandi,Bajra,2024-07-11,1979,2208,2115
Andhra Pradesh,Guntur,Guntur Mandi,Gram(Chana),2024-07-11,4665,5288,4965
Andhra Pradesh,Guntur,Guntur Mandi,Sugarcane,2024-07-15,318,339,330
Andhra Pradesh,Guntur,Guntur Mandi,Paddy(Dhan),2024-07-15,2139,2260,2199
Andhra Pradesh,Guntur,Guntur Mandi,Mustard,2024-07-15,5190,5597,5434
Andhra Pradesh,Guntur,Guntur Mandi,Potato,2024-07-15,998,1306,1151
Andhra Pradesh,Guntur,Guntur Mandi,Bajra,2024-07-15,1929,2113,2012
Andhra Pradesh,Guntur,Guntur Mandi,Groundnut,2024-07-15,5217,6007,5571
Andhra Pradesh,Guntur,Guntur Mandi,Gram(Chana),2024-07-15,4962,5521,5293
Andhra Pradesh,Guntur,Guntur Mandi,Onion,2024-07-15,1377,1854,1605
Andhra Pradesh,Guntur,Guntur Mandi,Mango,2024-07-19,2830,3950,3411
Andhra Pradesh,Guntur,Guntur Mandi,Sugarcane,2024-07-19,314,339,328
Andhra Pradesh,Guntur,Guntur Mandi,Potato,2024-07-19,856,1189,1020
Andhra Pradesh,Guntur,Guntur Mandi,Bajra,2024-07-19,1878,2074,1980
Andhra Pradesh,Guntur,Guntur Mandi,Groundnut,2024-07-19,5671,6290,6034
Andhra Pradesh,Guntur,Guntur Mandi,Onion,2024-07-19,1117,1977,1509
Andhra Pradesh,Guntur,Guntur Mandi,Mango,2024-07-23,2775,3372,3070
Andhra Pradesh,Guntur,Guntur Mandi,Paddy(Dhan),2024-07-23,2119,2244,2192
Andhra Pradesh,Guntur,Guntur Mandi,Mustard,2024-07-23,4885,5568,5216
Andhra Pradesh,Guntur,Guntur Mandi,Potato,2024-07-23,968,1196,1091
Andhra Pradesh,Guntur,Guntur Mandi,Bajra,2024-07-23,2074,2262,2177
Andhra Pradesh,Guntur,Guntur Mandi,Groundnut,2024-07-23,5215,6057,5561
Andhra Pradesh,Guntur,Guntur Mandi,Gram(Chana),2024-07-23,4635,5038,4837
Andhra Pradesh,Guntur,Guntur Mandi,Mango,2024-07-27,2727,3691,3137
Andhra Pradesh,Guntur,Guntur Mandi,Paddy(Dhan),2024-07-27,1987,2188,2071
Andhra Pradesh,Guntur,Guntur Mandi,Potato,2024-07-27,937,1429,1152
Andhra Pradesh,Guntur,Guntur Mandi,Bajra,2024-07-27,1919,2207,2073
Andhra Pradesh,Guntur,Guntur Mandi,Onion,2024-07-27,1157,1964,1611
Andhra Pradesh,Guntur,Guntur Mandi,Mango,2024-07-31,2539,3885,3234
Andhra Pradesh,Guntur,Guntur Mandi,Sugarcane,2024-07-31,332,351,343
Andhra Pradesh,Guntur,Guntur Mandi,Paddy(Dhan),2024-07-31,1950,2170,2076
Andhra Pradesh,Guntur,Guntur Mandi,Potato,2024-07-31,974,1374,1141
Andhra Pradesh,Guntur,Guntur Mandi,Bajra,2024-07-31,2049,2211,2130
Andhra Pradesh,Guntur,Guntur Mandi,Groundnut,2024-07-31,5488,6342,5814
Andhra Pradesh,Guntur,Guntur Mandi,Gram(Chana),2024-07-31,4662,5232,4912
Andhra Pradesh,Guntur,Guntur Mandi,Onion,2024-07-31,1287,1654,1468
Andhra Pradesh,Guntur,Guntur Mandi,Mango,2024-08-04,2854,3651,3320
Andhra Pradesh,Guntur,Guntur Mandi,Sugarcane,2024-08-04,307,325,316
Andhra Pradesh,Guntur,Guntur Mandi,Paddy(Dhan),2024-08-04,1860,2119,1996
Andhra Pradesh,Guntur,Guntur Mandi,Mustard,2024-08-04,4545,5033,4805
Andhra Pradesh,Guntur,Guntur Mandi,Bajra,2024-08-04,2160,2338,2231
Andhra Pradesh,Guntur,Guntur Mandi,Onion,2024-08-04,1208,1845,1588
Andhra Pradesh,Guntur,Guntur Mandi,Mango,2024-08-08,2724,4048,3377
Andhra Pradesh,Guntur,Guntur Mandi,Sugarcane,2024-08-08,341,354,347
Andhra Pradesh,Guntur,Guntur Mandi,Paddy(Dhan),2024-08-08,1980,2086,2039
Andhra Pradesh,Guntur,Guntur Mandi,Potato,2024-08-08,993,1235,1140
Andhra Pradesh,Guntur,Guntur Mandi,Bajra,2024-08-08,1850,2069,1949
Andhra Pradesh,Guntur,Guntur Mandi,Onion,2024-08-08,1402,1742,1572
Andhra Pradesh,Guntur,Guntur Mandi,Mango,2024-08-12,2833,3795,3299
Andhra Pradesh,Guntur,Guntur Mandi,Sugarcane,2024-08-12,297,323,311
Andhra Pradesh,Guntur,Guntur Mandi,Paddy(Dhan),2024-08-12,2114,2315,2202
Andhra Pradesh,Guntur,Guntur Mandi,Potato,2024-08-12,795,1255,1070
Andhra Pradesh,Guntur,Guntur Mandi,Bajra,2024-08-12,2153,2282,2218
Andhra Pradesh,Guntur,Guntur Mandi,Groundnut,2024-08-12,5823,6273,6049
Andhra Pradesh,Guntur,Guntur Mandi,Gram(Chana),2024-08-12,4776,5461,5089
Andhra Pradesh,Guntur,Guntur Mandi,Onion,2024-08-12,1040,1647,1409
Andhra Pradesh,Guntur,Guntur Mandi,Mango,2024-08-16,2781,3635,3202
Andhra Pradesh,Guntur,Guntur Mandi,Sugarcane,2024-08-16,334,351,342
Andhra Pradesh,Guntur,Guntur Mandi,Potato,2024-08-16,842,1324,1082
Andhra Pradesh,Guntur,Guntur Mandi,Bajra,2024-08-16,2101,2334,2229
Andhra Pradesh,Guntur,Guntur Mandi,Groundnut,2024-08-16,5066,5748,5448
Andhra Pradesh,Guntur,Guntur Mandi,Gram(Chana),2024-08-16,4632,5173,4876
Andhra Pradesh,Guntur,Guntur Mandi,Onion,2024-08-16,1319,1856,1545
Andhra Pradesh,Guntur,Guntur Mandi,Sugarcane,2024-08-20,308,325,314
Andhra Pradesh,Guntur,Guntur Mandi,Paddy(Dhan),2024-08-20,1893,2074,1995
Andhra Pradesh,Guntur,Guntur Mandi,Mustard,2024-08-20,5051,5484,5283
Andhra Pradesh,Guntur,Guntur Mandi,Bajra,2024-08-20,1984,2211,2106
Andhra Pradesh,Guntur,Guntur Mandi,Gram(Chana),2024-08-20,4489,5073,4751
Andhra Pradesh,Guntur,Guntur Mandi,Sugarcane,2024-08-24,328,351,342
Andhra Pradesh,Guntur,Guntur Mandi,Mustard,2024-08-24,4680,5049,4880
Andhra Pradesh,Guntur,Guntur Mandi,Bajra,2024-08-24,2094,2250,2188
Andhra Pradesh,Guntur,Guntur Mandi,Gram(Chana),2024-08-24,4876,5572,5192
Andhra Pradesh,Guntur,Guntur Mandi,Mango,2024-08-28,2955,3603,3297
Andhra Pradesh,Guntur,Guntur Mandi,Paddy(Dhan),2024-08-28,2078,2295,2162
Andhra Pradesh,Guntur,Guntur Mandi,Mustard,2024-08-28,4691,5282,4991
Andhra Pradesh,Guntur,Guntur Mandi,Potato,2024-08-28,948,1219,1058
Andhra Pradesh,Guntur,Guntur Mandi,Bajra,2024-08-28,2092,2251,2172
Andhra Pradesh,Guntur,Guntur Mandi,Groundnut,2024-08-28,5011,5684,5344
Andhra Pradesh,Guntur,Guntur Mandi,Gram(Chana),2024-08-28,4464,4940,4687
Andhra Pradesh,Guntur,Guntur Mandi,Onion,2024-08-28,1194,2025,1565
Andhra Pradesh,Guntur,Guntur Mandi,Mango,2024-09-01,2871,3868,3322
Andhra Pradesh,Guntur,Guntur Mandi,Sugarcane,2024-09-01,326,339,332
Andhra Pradesh,Guntur,Guntur Mandi,Paddy(Dhan),2024-09-01,2040,2222,2126
Andhra Pradesh,Guntur,Guntur Mandi,Mustard,2024-09-01,4742,5211,4966
Andhra Pradesh,Guntur,Guntur Mandi,Potato,2024-09-01,953,1425,1155
Andhra Pradesh,Guntur,Guntur Mandi,Bajra,2024-09-01,1698,1885,1796
Andhra Pradesh,Guntur,Guntur Mandi,Groundnut,2024-09-01,5817,6306,6047
Andhra Pradesh,Guntur,Guntur Mandi,Gram(Chana),2024-09-01,5095,5517,5341
Andhra Pradesh,Guntur,Guntur Mandi,Onion,2024-09-01,1297,1930,1566
Andhra Pradesh,Guntur,Guntur Mandi,Mango,2024-09-05,2747,3463,3154
Andhra Pradesh,Guntur,Guntur Mandi,Sugarcane,2024-09-05,325,348,336
Andhra Pradesh,Guntur,Guntur Mandi,Paddy(Dhan),2024-09-05,1901,2039,1963
Andhra Pradesh,Guntur,Guntur Mandi,Mustard,2024-09-05,4736,5091,4880
Andhra Pradesh,Guntur,Guntur Mandi,Bajra,2024-09-05,1658,1881,1769
Andhra Pradesh,Guntur,Guntur Mandi,Groundnut,2024-09-05,5919,6432,6123
Andhra Pradesh,Guntur,Guntur Mandi,Gram(Chana),2024-09-05,4864,5172,5018
Andhra Pradesh,Guntur,Guntur Mandi,Onion,2024-09-05,1156,1894,1443
Andhra Pradesh,Guntur,Guntur Mandi,Mango,2024-09-09,2386,3545,2964
Andhra Pradesh,Guntur,Guntur Mandi,Mustard,2024-09-09,4742,5111,4950
Andhra Pradesh,Guntur,Guntur Mandi,Potato,2024-09-09,822,1184,1038
Andhra Pradesh,Guntur,Guntur Mandi,Bajra,2024-09-09,1558,1778,1677
Andhra Pradesh,Guntur,Guntur Mandi,Groundnut,2024-09-09,5353,5969,5652
Andhra Pradesh,Guntur,Guntur Mandi,Mango,2024-09-13,2639,3624,3065
Andhra Pradesh,Guntur,Guntur Mandi,Sugarcane,2024-09-13,299,315,306
Andhra Pradesh,Guntur,Guntur Mandi,Paddy(Dhan),2024-09-13,2109,2239,2184
Andhra Pradesh,Guntur,Guntur Mandi,Mustard,2024-09-13,4645,4933,4812
Andhra Pradesh,Guntur,Guntur Mandi,Bajra,2024-09-13,1663,1804,1718
Andhra Pradesh,Guntur,Guntur Mandi,Groundnut,2024-09-13,5495,6233,5788
Andhra Pradesh,Guntur,Guntur Mandi,Onion,2024-09-13,1257,1953,1602
Andhra Pradesh,Guntur,Guntur Mandi,Mango,2024-09-17,2952,3720,3381
Andhra Pradesh,Guntur,Guntur Mandi,Paddy(Dhan),2024-09-17,1857,2037,1946
Andhra Pradesh,Guntur,Guntur Mandi,Mustard,2024-09-17,4605,4950,4800
Andhra Pradesh,Guntur,Guntur Mandi,Potato,2024-09-17,983,1192,1088
Andhra Pradesh,Guntur,Guntur Mandi,Gram(Chana),2024-09-17,4478,5081,4788
Andhra Pradesh,Guntur,Guntur Mandi,Mango,2024-09-21,2348,3675,3035
Andhra Pradesh,Guntur,Guntur Mandi,Mustard,2024-09-21,4815,5402,5181
Andhra Pradesh,Guntur,Guntur Mandi,Potato,2024-09-21,877,1301,1092
Andhra Pradesh,Guntur,Guntur Mandi,Bajra,2024-09-21,1551,1718,1637
Andhra Pradesh,Guntur,Guntur Mandi,Groundnut,2024-09-21,5872,6270,6061
Andhra Pradesh,Guntur,Guntur Mandi,Gram(Chana),2024-09-21,4915,5444,5181
Andhra Pradesh,Guntur,Guntur Mandi,Onion,2024-09-21,1228,1909,1566
Andhra Pradesh,Guntur,Guntur Mandi,Sugarcane,2024-09-25,309,334,319
Andhra Pradesh,Guntur,Guntur Mandi,Paddy(Dhan),2024-09-25,2099,2285,2198
Andhra Pradesh,Guntur,Guntur Mandi,Mustard,2024-09-25,5071,5810,5437
Andhra Pradesh,Guntur,Guntur Mandi,Potato,2024-09-25,967,1336,1152
Andhra Pradesh,Guntur,Guntur Mandi,Groundnut,2024-09-25,5077,5770,5400
Andhra Pradesh,Guntur,Guntur Mandi,Gram(Chana),2024-09-25,4503,4968,4710
Andhra Pradesh,Guntur,Guntur Mandi,Onion,2024-09-25,1108,1813,1514
Andhra Pradesh,Guntur,Guntur Mandi,Mango,2024-09-29,2813,3603,3127
Andhra Pradesh,Guntur,Guntur Mandi,Paddy(Dhan),2024-09-29,2075,2244,2156
Andhra Pradesh,Guntur,Guntur Mandi,Mustard,2024-09-29,5080,5776,5411
Andhra Pradesh,Guntur,Guntur Mandi,Bajra,2024-09-29,1670,1856,1758
Andhra Pradesh,Guntur,Guntur Mandi,Groundnut,2024-09-29,5687,6710,6259
Andhra Pradesh,Guntur,Guntur Mandi,Gram(Chana),2024-09-29,4834,5168,4997
Andhra Pradesh,Guntur,Guntur Mandi,Onion,2024-09-29,1387,1835,1603
Andhra Pradesh,Guntur,Guntur Mandi,Mango,2024-10-03,2546,3356,2984
Andhra Pradesh,Guntur,Guntur Mandi,Sugarcane,2024-10-03,338,350,345
Andhra Pradesh,Guntur,Guntur Mandi,Paddy(Dhan),2024-10-03,1650,1788,1717
Andhra Pradesh,Guntur,Guntur Mandi,Mustard,2024-10-03,4564,5031,4798
Andhra Pradesh,Guntur,Guntur Mandi,Potato,2024-10-03,808,1272,1091
Andhra Pradesh,Guntur,Guntur Mandi,Bajra,2024-10-03,1610,1785,1696
Andhra Pradesh,Guntur,Guntur Mandi,Groundnut,2024-10-03,4299,4639,4447
Andhra Pradesh,Guntur,Guntur Mandi,Gram(Chana),2024-10-03,4994,5622,5305
Andhra Pradesh,Guntur,Guntur Mandi,Onion,2024-10-03,1267,1967,1588
Andhra Pradesh,Guntur,Guntur Mandi,Mango,2024-10-07,2487,3356,2944
Andhra Pradesh,Guntur,Guntur Mandi,Sugarcane,2024-10-07,338,364,351
Andhra Pradesh,Guntur,Guntur Mandi,Paddy(Dhan),2024-10-07,1660,1806,1740
Andhra Pradesh,Guntur,Guntur Mandi,Mustard,2024-10-07,4964,5291,5124
Andhra Pradesh,Guntur,Guntur Mandi,Groundnut,2024-10-07,4585,5482,5014
Andhra Pradesh,Guntur,Guntur Mandi,Gram(Chana),2024-10-07,5131,5436,5294
Andhra Pradesh,Guntur,Guntur Mandi,Onion,2024-10-07,1011,1794,1414
Andhra Pradesh,Guntur,Guntur Mandi,Mango,2024-10-11,2766,3339,3030
Andhra Pradesh,Guntur,Guntur Mandi,Sugarcane,2024-10-11,341,355,346
Andhra Pradesh,Guntur,Guntur Mandi,Paddy(Dhan),2024-10-11,1511,1668,1572
Andhra Pradesh,Guntur,Guntur Mandi,Mustard,2024-10-11,4745,5063,4870
Andhra Pradesh,Guntur,Guntur Mandi,Bajra,2024-10-11,1731,1924,1817
Andhra Pradesh,Guntur,Guntur Mandi,Groundnut,2024-10-11,4153,4749,4484
Andhra Pradesh,Guntur,Guntur Mandi,Gram(Chana),2024-10-11,5116,5557,5331
Andhra Pradesh,Guntur,Guntur Mandi,Mango,2024-10-15,2652,3795,3192
Andhra Pradesh,Guntur,Guntur Mandi,Paddy(Dhan),2024-10-15,1535,1666,1592
Andhra Pradesh,Guntur,Guntur Mandi,Mustard,2024-10-15,5131,5733,5494
Andhra Pradesh,Guntur,Guntur Mandi,Potato,2024-10-15,810,1216,1039
Andhra Pradesh,Guntur,Guntur Mandi,Bajra,2024-10-15,1517,1662,1594
Andhra Pradesh,Guntur,Guntur Mandi,Groundnut,2024-10-15,4238,4555,4422
Andhra Pradesh,Guntur,Guntur Mandi,Gram(Chana),2024-10-15,5164,5582,5365
Andhra Pradesh,Guntur,Guntur Mandi,Onion,2024-10-15,1031,1703,1398
Andhra Pradesh,Guntur,Guntur Mandi,Mango,2024-10-19,2838,4042,3442
Andhra Pradesh,Guntur,Guntur Mandi,Sugarcane,2024-10-19,316,339,328
Andhra Pradesh,Guntur,Guntur Mandi,Paddy(Dhan),2024-10-19,1698,1815,1749
Andhra Pradesh,Guntur,Guntur Mandi,Mustard,2024-10-19,4779,5397,5121
Andhra Pradesh,Guntur,Guntur Mandi,Potato,2024-10-19,908,1411,1142
Andhra Pradesh,Guntur,Guntur Mandi,Bajra,2024-10-19,1575,1758,1656
Andhra Pradesh,Guntur,Guntur Mandi,Groundnut,2024-10-19,4481,4930,4733
Andhra Pradesh,Guntur,Guntur Mandi,Gram(Chana),2024-10-19,5148,5716,5377
Andhra Pradesh,Guntur,Guntur Mandi,Mango,2024-10-23,2738,3393,3077
Andhra Pradesh,Guntur,Guntur Mandi,Sugarcane,2024-10-23,339,359,347
Andhra Pradesh,Guntur,Guntur Mandi,Potato,2024-10-23,994,1325,1150
Andhra Pradesh,Guntur,Guntur Mandi,Gram(Chana),2024-10-23,4874,5123,5012
Andhra Pradesh,Guntur,Guntur Mandi,Mango,2024-10-27,2597,3621,3066
Andhra Pradesh,Guntur,Guntur Mandi,Paddy(Dhan),2024-10-27,1552,1727,1636
Andhra Pradesh,Guntur,Guntur Mandi,Mustard,2024-10-27,4555,5025,4819
Andhra Pradesh,Guntur,Guntur Mandi,Groundnut,2024-10-27,4444,5168,4841
Andhra Pradesh,Guntur,Guntur Mandi,Gram(Chana),2024-10-27,4930,5652,5284
Andhra Pradesh,Guntur,Guntur Mandi,Mango,2024-10-31,2785,3962,3403
Andhra Pradesh,Guntur,Guntur Mandi,Sugarcane,2024-10-31,317,340,327
Andhra Pradesh,Guntur,Guntur Mandi,Mustard,2024-10-31,5178,5788,5522
Andhra Pradesh,Guntur,Guntur Mandi,Potato,2024-10-31,941,1258,1065
Andhra Pradesh,Guntur,Guntur Mandi,Bajra,2024-10-31,1757,1982,1859
Andhra Pradesh,Guntur,Guntur Mandi,Groundnut,2024-10-31,4487,4988,4750
Andhra Pradesh,Guntur,Guntur Mandi,Onion,2024-10-31,1005,1835,1435
Andhra Pradesh,Guntur,Guntur Mandi,Mango,2024-11-04,2836,3647,3181
Andhra Pradesh,Guntur,Guntur Mandi,Sugarcane,2024-11-04,267,285,276
Andhra Pradesh,Guntur,Guntur Mandi,Paddy(Dhan),2024-11-04,1723,1817,1764
Andhra Pradesh,Guntur,Guntur Mandi,Mustard,2024-11-04,5024,5519,5228
Andhra Pradesh,Guntur,Guntur Mandi,Groundnut,2024-11-04,4721,5313,5037
Andhra Pradesh,Guntur,Guntur Mandi,Mango,2024-11-08,2886,3811,3305
Andhra Pradesh,Guntur,Guntur Mandi,Sugarcane,2024-11-08,259,278,267
Andhra Pradesh,Guntur,Guntur Mandi,Paddy(Dhan),2024-11-08,1611,1774,1688
Andhra Pradesh,Guntur,Guntur Mandi,Potato,2024-11-08,887,1241,1098
Andhra Pradesh,Guntur,Guntur Mandi,Bajra,2024-11-08,2044,2283,2164
Andhra Pradesh,Guntur,Guntur Mandi,Groundnut,2024-11-08,4746,5389,5052
Andhra Pradesh,Guntur,Guntur Mandi,Gram(Chana),2024-11-08,4419,4835,4638
Andhra Pradesh,Guntur,Guntur Mandi,Onion,2024-11-08,1120,1583,1323
Andhra Pradesh,Guntur,Guntur Mandi,Sugarcane,2024-11-12,256,279,267
Andhra Pradesh,Guntur,Guntur Mandi,Mustard,2024-11-12,4986,5617,5350
Andhra Pradesh,Guntur,Guntur Mandi,Potato,2024-11-12,1059,1288,1183
Andhra Pradesh,Guntur,Guntur Mandi,Bajra,2024-11-12,1928,2074,1994
Andhra Pradesh,Guntur,Guntur Mandi,Mango,2024-11-16,2643,3755,3198
Andhra Pradesh,Guntur,Guntur Mandi,Sugarcane,2024-11-16,259,278,268
Andhra Pradesh,Guntur,Guntur Mandi,Paddy(Dhan),2024-11-16,1621,1726,1662
Andhra Pradesh,Guntur,Guntur Mandi,Mustard,2024-11-16,4573,5168,4891
Andhra Pradesh,Guntur,Guntur Mandi,Potato,2024-11-16,953,1187,1072
Andhra Pradesh,Guntur,Guntur Mandi,Groundnut,2024-11-16,4507,4966,4724
Andhra Pradesh,Guntur,Guntur Mandi,Gram(Chana),2024-11-16,4506,5049,4710
Andhra Pradesh,Guntur,Guntur Mandi,Onion,2024-11-16,1027,1599,1274
Andhra Pradesh,Guntur,Guntur Mandi,Sugarcane,2024-11-20,283,298,291
Andhra Pradesh,Guntur,Guntur Mandi,Paddy(Dhan),2024-11-20,1599,1717,1655
Andhra Pradesh,Guntur,Guntur Mandi,Mustard,2024-11-20,5298,5653,5464
Andhra Pradesh,Guntur,Guntur Mandi,Bajra,2024-11-20,2201,2334,2262
Andhra Pradesh,Guntur,Guntur Mandi,Groundnut,2024-11-20,4482,4971,4783
Andhra Pradesh,Guntur,Guntur Mandi,Gram(Chana),2024-11-20,4460,4953,4733
Andhra Pradesh,Guntur,Guntur Mandi,Onion,2024-11-20,983,1443,1193
Andhra Pradesh,Guntur,Guntur Mandi,Mango,2024-11-24,2727,3289,3029
Andhra Pradesh,Guntur,Guntur Mandi,Sugarcane,2024-11-24,271,284,277
Andhra Pradesh,Guntur,Guntur Mandi,Paddy(Dhan),2024-11-24,1476,1628,1556
Andhra Pradesh,Guntur,Guntur Mandi,Mustard,2024-11-24,4883,5445,5161
Andhra Pradesh,Guntur,Guntur Mandi,Potato,2024-11-24,901,1343,1176
Andhra Pradesh,Guntur,Guntur Mandi,Bajra,2024-11-24,2119,2226,2167
Andhra Pradesh,Guntur,Guntur Mandi,Gram(Chana),2024-11-24,4443,4798,4630
Andhra Pradesh,Guntur,Guntur Mandi,Onion,2024-11-24,1069,1438,1265
Andhra Pradesh,Guntur,Guntur Mandi,Mango,2024-11-28,2595,3751,3136
Andhra Pradesh,Guntur,Guntur Mandi,Sugarcane,2024-11-28,243,259,252
Andhra Pradesh,Guntur,Guntur Mandi,Potato,2024-11-28,805,1209,1022
Andhra Pradesh,Guntur,Guntur Mandi,Bajra,2024-11-28,1933,2149,2030
Andhra Pradesh,Guntur,Guntur Mandi,Gram(Chana),2024-11-28,4689,5035,4836
Andhra Pradesh,Guntur,Guntur Mandi,Mango,2024-12-02,2605,3421,2960
Andhra Pradesh,Guntur,Guntur Mandi,Sugarcane,2024-12-02,243,255,250
Andhra Pradesh,Guntur,Guntur Mandi,Paddy(Dhan),2024-12-02,1737,1864,1804
Andhra Pradesh,Guntur,Guntur Mandi,Mustard,2024-12-02,5140,5517,5309
Andhra Pradesh,Guntur,Guntur Mandi,Potato,2024-12-02,935,1382,1178
Andhra Pradesh,Guntur,Guntur Mandi,Bajra,2024-12-02,2052,2168,2108
Andhra Pradesh,Guntur,Guntur Mandi,Groundnut,2024-12-02,5823,6461,6196
Andhra Pradesh,Guntur,Guntur Mandi,Gram(Chana),2024-12-02,5002,5411,5191
Andhra Pradesh,Guntur,Guntur Mandi,Sugarcane,2024-12-06,274,295,284
Andhra Pradesh,Guntur,Guntur Mandi,Paddy(Dhan),2024-12-06,1539,1618,1571
Andhra Pradesh,Guntur,Guntur Mandi,Mustard,2024-12-06,5035,5411,5184
Andhra Pradesh,Guntur,Guntur Mandi,Bajra,2024-12-06,1908,2187,2054
Andhra Pradesh,Guntur,Guntur Mandi,Groundnut,2024-12-06,5160,5767,5468
Andhra Pradesh,Guntur,Guntur Mandi,Gram(Chana),2024-12-06,5148,5466,5284
Andhra Pradesh,Guntur,Guntur Mandi,Paddy(Dhan),2024-12-10,1707,1798,1757
Andhra Pradesh,Guntur,Guntur Mandi,Mustard,2024-12-10,5213,5684,5466
Andhra Pradesh,Guntur,Guntur Mandi,Potato,2024-12-10,950,1325,1174
Andhra Pradesh,Guntur,Guntur Mandi,Bajra,2024-12-10,1937,2143,2025
Andhra Pradesh,Guntur,Guntur Mandi,Groundnut,2024-12-10,5569,6219,5894
Andhra Pradesh,Guntur,Guntur Mandi,Gram(Chana),2024-12-10,5094,5611,5336
Andhra Pradesh,Guntur,Guntur Mandi,Sugarcane,2024-12-14,245,257,250
Andhra Pradesh,Guntur,Guntur Mandi,Paddy(Dhan),2024-12-14,1654,1741,1698
Andhra Pradesh,Guntur,Guntur Mandi,Mustard,2024-12-14,5217,5784,5558
Andhra Pradesh,Guntur,Guntur Mandi,Bajra,2024-12-14,1899,2026,1966
Andhra Pradesh,Guntur,Guntur Mandi,Groundnut,2024-12-14,5762,6507,6105
Andhra Pradesh,Guntur,Guntur Mandi,Gram(Chana),2024-12-14,5058,5586,5310
Andhra Pradesh,Guntur,Guntur Mandi,Mango,2024-12-18,2936,3714,3260
Andhra Pradesh,Guntur,Guntur Mandi,Sugarcane,2024-12-18,268,280,275
Andhra Pradesh,Guntur,Guntur Mandi,Paddy(Dhan),2024-12-18,1715,1880,1810
Andhra Pradesh,Guntur,Guntur Mandi,Mustard,2024-12-18,4667,5050,4862
Andhra Pradesh,Guntur,Guntur Mandi,Potato,2024-12-18,1037,1271,1159
Andhra Pradesh,Guntur,Guntur Mandi,Bajra,2024-12-18,1870,2072,1970
Andhra Pradesh,Guntur,Guntur Mandi,Groundnut,2024-12-18,5808,6295,6064
Andhra Pradesh,Guntur,Guntur Mandi,Onion,2024-12-18,957,1584,1312
Andhra Pradesh,Guntur,Guntur Mandi,Sugarcane,2024-12-22,274,288,281
Andhra Pradesh,Guntur,Guntur Mandi,Paddy(Dhan),2024-12-22,1530,1651,1593
Andhra Pradesh,Guntur,Guntur Mandi,Mustard,2024-12-22,5226,5713,5502
Andhra Pradesh,Guntur,Guntur Mandi,Bajra,2024-12-22,2201,2316,2260
Andhra Pradesh,Guntur,Guntur Mandi,Groundnut,2024-12-22,5526,6261,5974
Andhra Pradesh,Guntur,Guntur Mandi,Gram(Chana),2024-12-22,5104,5642,5339
Andhra Pradesh,Guntur,Guntur Mandi,Mango,2024-12-26,2345,3435,2994
Andhra Pradesh,Guntur,Guntur Mandi,Sugarcane,2024-12-26,255,265,260
Andhra Pradesh,Guntur,Guntur Mandi,Paddy(Dhan),2024-12-26,1490,1630,1556
Andhra Pradesh,Guntur,Guntur Mandi,Bajra,2024-12-26,2062,2216,2140
Andhra Pradesh,Guntur,Guntur Mandi,Groundnut,2024-12-26,5315,6176,5750
Andhra Pradesh,Guntur,Guntur Mandi,Gram(Chana),2024-12-26,5058,5477,5272
Andhra Pradesh,Guntur,Guntur Mandi,Onion,2024-12-26,1054,1479,1257
Andhra Pradesh,Guntur,Guntur Mandi,Mango,2024-12-30,2963,3720,3300
Andhra Pradesh,Guntur,Guntur Mandi,Paddy(Dhan),2024-12-30,1564,1664,1613
Andhra Pradesh,Guntur,Guntur Mandi,Mustard,2024-12-30,5007,5488,5285
Andhra Pradesh,Guntur,Guntur Mandi,Potato,2024-12-30,960,1259,1134
Andhra Pradesh,Guntur,Guntur Mandi,Bajra,2024-12-30,2050,2167,2096
Andhra Pradesh,Guntur,Guntur Mandi,Gram(Chana),2024-12-30,4593,4994,4834
Telangana,Nalgonda,Miryalaguda Mandi,Maize,2024-01-01,1732,1833,1776
Telangana,Nalgonda,Miryalaguda Mandi,Onion,2024-01-01,1262,1700,1513
Telangana,Nalgonda,Miryalaguda Mandi,Sugarcane,2024-01-01,249,266,257
Telangana,Nalgonda,Miryalaguda Mandi,Tomato,2024-01-01,603,1490,1056
Telangana,Nalgonda,Miryalaguda Mandi,Maize,2024-01-05,1722,1845,1793
Telangana,Nalgonda,Miryalaguda Mandi,Mango,2024-01-05,2636,3805,3342
Telangana,Nalgonda,Miryalaguda Mandi,Potato,2024-01-05,826,1076,971
Telangana,Nalgonda,Miryalaguda Mandi,Onion,2024-01-05,1325,1857,1594
Telangana,Nalgonda,Miryalaguda Mandi,Paddy(Dhan),2024-01-05,2086,2277,2158
Telangana,Nalgonda,Miryalaguda Mandi,Tomato,2024-01-05,786,1454,1121
Telangana,Nalgonda,Miryalaguda Mandi,Cotton,2024-01-05,5169,5639,5381
Telangana,Nalgonda,Miryalaguda Mandi,Mango,2024-01-09,2569,3342,3004
Telangana,Nalgonda,Miryalaguda Mandi,Potato,2024-01-09,693,1142,909
Telangana,Nalgonda,Miryalaguda Mandi,Paddy(Dhan),2024-01-09,2082,2233,2151
Telangana,Nalgonda,Miryalaguda Mandi,Sugarcane,2024-01-09,255,265,260
Telangana,Nalgonda,Miryalaguda Mandi,Cotton,2024-01-09,5675,6200,5897
Telangana,Nalgonda,Miryalaguda Mandi,Maize,2024-01-13,1681,1826,1760
Telangana,Nalgonda,Miryalaguda Mandi,Potato,2024-01-13,787,1131,928
Telangana,Nalgonda,Miryalaguda Mandi,Paddy(Dhan),2024-01-13,2013,2171,2081
Telangana,Nalgonda,Miryalaguda Mandi,Sugarcane,2024-01-13,276,300,289
Telangana,Nalgonda,Miryalaguda Mandi,Tomato,2024-01-13,953,1353,1147
Telangana,Nalgonda,Miryalaguda Mandi,Cotton,2024-01-13,5220,5785,5462
Telangana,Nalgonda,Miryalaguda Mandi,Mango,2024-01-17,2498,3510,2996
Telangana,Nalgonda,Miryalaguda Mandi,Potato,2024-01-17,734,1087,932
Telangana,Nalgonda,Miryalaguda Mandi,Onion,2024-01-17,1420,1893,1613
Telangana,Nalgonda,Miryalaguda Mandi,Paddy(Dhan),2024-01-17,1797,1991,1913
Telangana,Nalgonda,Miryalaguda Mandi,Cotton,2024-01-17,5062,5807,5455
Telangana,Nalgonda,Miryalaguda Mandi,Maize,2024-01-21,1731,1848,1783
Telangana,Nalgonda,Miryalaguda Mandi,Mango,2024-01-21,2933,3458,3172
Telangana,Nalgonda,Miryalaguda Mandi,Potato,2024-01-21,771,1052,904
Telangana,Nalgonda,Miryalaguda Mandi,Onion,2024-01-21,1134,1777,1410
Telangana,Nalgonda,Miryalaguda Mandi,Paddy(Dhan),2024-01-21,1911,2079,1996
Telangana,Nalgonda,Miryalaguda Mandi,Sugarcane,2024-01-21,258,279,269
Telangana,Nalgonda,Miryalaguda Mandi,Tomato,2024-01-21,824,1290,1043
Telangana,Nalgonda,Miryalaguda Mandi,Cotton,2024-01-21,5402,6372,5908
Telangana,Nalgonda,Miryalaguda Mandi,Maize,2024-01-25,1925,2074,2014
Telangana,Nalgonda,Miryalaguda Mandi,Mango,2024-01-25,2701,3372,3093
Telangana,Nalgonda,Miryalaguda Mandi,Potato,2024-01-25,765,1167,928
Telangana,Nalgonda,Miryalaguda Mandi,Paddy(Dhan),2024-01-25,2059,2204,2146
Telangana,Nalgonda,Miryalaguda Mandi,Sugarcane,2024-01-25,248,265,258
Telangana,Nalgonda,Miryalaguda Mandi,Tomato,2024-01-25,801,1188,1038
Telangana,Nalgonda,Miryalaguda Mandi,Cotton,2024-01-25,5581,5984,5792
Telangana,Nalgonda,Miryalaguda Mandi,Maize,2024-01-29,1809,2002,1906
Telangana,Nalgonda,Miryalaguda Mandi,Mango,2024-01-29,2863,4094,3413
Telangana,Nalgonda,Miryalaguda Mandi,Potato,2024-01-29,679,954,833
Telangana,Nalgonda,Miryalaguda Mandi,Onion,2024-01-29,1074,1676,1388
Telangana,Nalgonda,Miryalaguda Mandi,Paddy(Dhan),2024-01-29,1965,2169,2065
Telangana,Nalgonda,Miryalaguda Mandi,Sugarcane,2024-01-29,245,258,251
Telangana,Nalgonda,Miryalaguda Mandi,Tomato,2024-01-29,864,1289,1056
Telangana,Nalgonda,Miryalaguda Mandi,Cotton,2024-01-29,5491,5865,5704
Telangana,Nalgonda,Miryalaguda Mandi,Maize,2024-02-02,1972,2083,2032
Telangana,Nalgonda,Miryalaguda Mandi,Mango,2024-02-02,2637,3491,3041
Telangana,Nalgonda,Miryalaguda Mandi,Paddy(Dhan),2024-02-02,2089,2263,2173
Telangana,Nalgonda,Miryalaguda Mandi,Tomato,2024-02-02,916,1243,1112
Telangana,Nalgonda,Miryalaguda Mandi,Cotton,2024-02-02,6898,7613,7262
Telangana,Nalgonda,Miryalaguda Mandi,Maize,2024-02-06,1859,2067,1952
Telangana,Nalgonda,Miryalaguda Mandi,Mango,2024-02-06,2371,3502,2944
Telangana,Nalgonda,Miryalaguda Mandi,Potato,2024-02-06,867,1071,955
Telangana,Nalgonda,Miryalaguda Mandi,Paddy(Dhan),2024-02-06,2110,2337,2205
Telangana,Nalgonda,Miryalaguda Mandi,Sugarcane,2024-02-06,259,272,265
Telangana,Nalgonda,Miryalaguda Mandi,Tomato,2024-02-06,728,1410,1107
Telangana,Nalgonda,Miryalaguda Mandi,Cotton,2024-02-06,6216,6937,6549
Telangana,Nalgonda,Miryalaguda Mandi,Maize,2024-02-10,1725,1913,1823
Telangana,Nalgonda,Miryalaguda Mandi,Mango,2024-02-10,2988,3793,3386
Telangana,Nalgonda,Miryalaguda Mandi,Onion,2024-02-10,1216,1759,1531
Telangana,Nalgonda,Miryalaguda Mandi,Sugarcane,2024-02-10,279,296,288
Telangana,Nalgonda,Miryalaguda Mandi,Cotton,2024-02-10,6260,6814,6567
Telangana,Nalgonda,Miryalaguda Mandi,Potato,2024-02-14,664,980,839
Telangana,Nalgonda,Miryalaguda Mandi,Onion,2024-02-14,1007,1746,1394
Telangana,Nalgonda,Miryalaguda Mandi,Paddy(Dhan),2024-02-14,1974,2085,2018
Telangana,Nalgonda,Miryalaguda Mandi,Sugarcane,2024-02-14,265,279,271
Telangana,Nalgonda,Miryalaguda Mandi,Tomato,2024-02-14,897,1431,1129
Telangana,Nalgonda,Miryalaguda Mandi,Cotton,2024-02-14,6811,7309,7079
Telangana,Nalgonda,Miryalaguda Mandi,Maize,2024-02-18,1689,1839,1772
Telangana,Nalgonda,Miryalaguda Mandi,Mango,2024-02-18,2937,3985,3414
Telangana,Nalgonda,Miryalaguda Mandi,Potato,2024-02-18,720,986,860
Telangana,Nalgonda,Miryalaguda Mandi,Onion,2024-02-18,1249,1714,1439
Telangana,Nalgonda,Miryalaguda Mandi,Paddy(Dhan),2024-02-18,2088,2280,2190
Telangana,Nalgonda,Miryalaguda Mandi,Sugarcane,2024-02-18,248,264,255
Telangana,Nalgonda,Miryalaguda Mandi,Tomato,2024-02-18,678,1428,1025
Telangana,Nalgonda,Miryalaguda Mandi,Maize,2024-02-22,1949,2053,2003
Telangana,Nalgonda,Miryalaguda Mandi,Mango,2024-02-22,2719,3805,3178
Telangana,Nalgonda,Miryalaguda Mandi,Potato,2024-02-22,720,988,847
Telangana,Nalgonda,Miryalaguda Mandi,Onion,2024-02-22,1245,1568,1416
Telangana,Nalgonda,Miryalaguda Mandi,Paddy(Dhan),2024-02-22,1977,2238,2100
Telangana,Nalgonda,Miryalaguda Mandi,Sugarcane,2024-02-22,266,280,273
Telangana,Nalgonda,Miryalaguda Mandi,Cotton,2024-02-22,6317,6870,6590
Telangana,Nalgonda,Miryalaguda Mandi,Potato,2024-02-26,748,1090,890
Telangana,Nalgonda,Miryalaguda Mandi,Onion,2024-02-26,1174,1740,1455
Telangana,Nalgonda,Miryalaguda Mandi,Paddy(Dhan),2024-02-26,1856,2042,1967
Telangana,Nalgonda,Miryalaguda Mandi,Sugarcane,2024-02-26,282,294,289
Telangana,Nalgonda,Miryalaguda Mandi,Tomato,2024-02-26,880,1405,1134
Telangana,Nalgonda,Miryalaguda Mandi,Cotton,2024-02-26,6546,7341,7024
Telangana,Nalgonda,Miryalaguda Mandi,Maize,2024-03-01,1790,1978,1896
Telangana,Nalgonda,Miryalaguda Mandi,Mango,2024-03-01,2530,3761,3132
Telangana,Nalgonda,Miryalaguda Mandi,Potato,2024-03-01,752,1062,903
Telangana,Nalgonda,Miryalaguda Mandi,Onion,2024-03-01,994,1549,1249
Telangana,Nalgonda,Miryalaguda Mandi,Paddy(Dhan),2024-03-01,2124,2222,2182
Telangana,Nalgonda,Miryalaguda Mandi,Sugarcane,2024-03-01,260,285,273
Telangana,Nalgonda,Miryalaguda Mandi,Cotton,2024-03-01,6739,7846,7332
Telangana,Nalgonda,Miryalaguda Mandi,Maize,2024-03-05,1960,2098,2042
Telangana,Nalgonda,Miryalaguda Mandi,Potato,2024-03-05,824,1099,960
Telangana,Nalgonda,Miryalaguda Mandi,Onion,2024-03-05,1015,1545,1281
Telangana,Nalgonda,Miryalaguda Mandi,Paddy(Dhan),2024-03-05,1992,2223,2109
Telangana,Nalgonda,Miryalaguda Mandi,Sugarcane,2024-03-05,259,275,267
Telangana,Nalgonda,Miryalaguda Mandi,Cotton,2024-03-05,6425,6774,6606
Telangana,Nalgonda,Miryalaguda Mandi,Maize,2024-03-09,1773,1973,1849
Telangana,Nalgonda,Miryalaguda Mandi,Potato,2024-03-09,708,955,845
Telangana,Nalgonda,Miryalaguda Mandi,Onion,2024-03-09,1038,1327,1202
Telangana,Nalgonda,Miryalaguda Mandi,Paddy(Dhan),2024-03-09,1992,2199,2083
Telangana,Nalgonda,Miryalaguda Mandi,Tomato,2024-03-09,1040,1682,1292
Telangana,Nalgonda,Miryalaguda Mandi,Potato,2024-03-13,750,1139,960
Telangana,Nalgonda,Miryalaguda Mandi,Paddy(Dhan),2024-03-13,2085,2252,2163
Telangana,Nalgonda,Miryalaguda Mandi,Sugarcane,2024-03-13,276,295,286
Telangana,Nalgonda,Miryalaguda Mandi,Tomato,2024-03-13,909,1674,1319
Telangana,Nalgonda,Miryalaguda Mandi,Cotton,2024-03-13,5884,6901,6471
Telangana,Nalgonda,Miryalaguda Mandi,Maize,2024-03-17,1742,1911,1807
Telangana,Nalgonda,Miryalaguda Mandi,Mango,2024-03-17,2702,3403,3099
Telangana,Nalgonda,Miryalaguda Mandi,Potato,2024-03-17,782,939,865
Telangana,Nalgonda,Miryalaguda Mandi,Onion,2024-03-17,963,1523,1278
Telangana,Nalgonda,Miryalaguda Mandi,Tomato,2024-03-17,982,1528,1297
Telangana,Nalgonda,Miryalaguda Mandi,Cotton,2024-03-17,6510,7141,6780
Telangana,Nalgonda,Miryalaguda Mandi,Maize,2024-03-21,1976,2103,2039
Telangana,Nalgonda,Miryalaguda Mandi,Mango,2024-03-21,2633,3464,3078
Telangana,Nalgonda,Miryalaguda Mandi,Potato,2024-03-21,667,1112,896
Telangana,Nalgonda,Miryalaguda Mandi,Onion,2024-03-21,1040,1519,1298
Telangana,Nalgonda,Miryalaguda Mandi,Paddy(Dhan),2024-03-21,2024,2135,2081
Telangana,Nalgonda,Miryalaguda Mandi,Sugarcane,2024-03-21,277,292,286
Telangana,Nalgonda,Miryalaguda Mandi,Cotton,2024-03-21,6264,7059,6657
Telangana,Nalgonda,Miryalaguda Mandi,Maize,2024-03-25,1770,1955,1869
Telangana,Nalgonda,Miryalaguda Mandi,Mango,2024-03-25,2660,3251,2980
Telangana,Nalgonda,Miryalaguda Mandi,Potato,2024-03-25,704,1126,921
Telangana,Nalgonda,Miryalaguda Mandi,Onion,2024-03-25,908,1443,1166
Telangana,Nalgonda,Miryalaguda Mandi,Paddy(Dhan),2024-03-25,1907,2122,2025
Telangana,Nalgonda,Miryalaguda Mandi,Sugarcane,2024-03-25,241,256,250
Telangana,Nalgonda,Miryalaguda Mandi,Tomato,2024-03-25,842,1694,1313
Telangana,Nalgonda,Miryalaguda Mandi,Cotton,2024-03-25,6435,7242,6835
Telangana,Nalgonda,Miryalaguda Mandi,Maize,2024-03-29,1701,1928,1823
Telangana,Nalgonda,Miryalaguda Mandi,Potato,2024-03-29,719,1031,893
Telangana,Nalgonda,Miryalaguda Mandi,Onion,2024-03-29,1008,1312,1151
Telangana,Nalgonda,Miryalaguda Mandi,Paddy(Dhan),2024-03-29,2142,2272,2205
Telangana,Nalgonda,Miryalaguda Mandi,Sugarcane,2024-03-29,251,266,258
Telangana,Nalgonda,Miryalaguda Mandi,Tomato,2024-03-29,1167,1631,1397
Telangana,Nalgonda,Miryalaguda Mandi,Cotton,2024-03-29,6686,7602,7087
Telangana,Nalgonda,Miryalaguda Mandi,Potato,2024-04-02,797,1391,1091
Telangana,Nalgonda,Miryalaguda Mandi,Onion,2024-04-02,1051,1561,1316
Telangana,Nalgonda,Miryalaguda Mandi,Sugarcane,2024-04-02,348,362,356
Telangana,Nalgonda,Miryalaguda Mandi,Tomato,2024-04-02,914,1693,1310
Telangana,Nalgonda,Miryalaguda Mandi,Cotton,2024-04-02,6313,7060,6637
Telangana,Nalgonda,Miryalaguda Mandi,Maize,2024-04-06,1896,2099,2000
Telangana,Nalgonda,Miryalaguda Mandi,Mango,2024-04-06,2255,3059,2690
Telangana,Nalgonda,Miryalaguda Mandi,Onion,2024-04-06,1002,1329,1144
Telangana,Nalgonda,Miryalaguda Mandi,Paddy(Dhan),2024-04-06,1896,2002,1937
Telangana,Nalgonda,Miryalaguda Mandi,Sugarcane,2024-04-06,299,309,305
Telangana,Nalgonda,Miryalaguda Mandi,Maize,2024-04-10,1701,1923,1819
Telangana,Nalgonda,Miryalaguda Mandi,Mango,2024-04-10,2232,2740,2460
Telangana,Nalgonda,Miryalaguda Mandi,Potato,2024-04-10,926,1268,1102
Telangana,Nalgonda,Miryalaguda Mandi,Onion,2024-04-10,966,1475,1247
Telangana,Nalgonda,Miryalaguda Mandi,Paddy(Dhan),2024-04-10,1815,2025,1923
Telangana,Nalgonda,Miryalaguda Mandi,Sugarcane,2024-04-10,332,346,339
Telangana,Nalgonda,Miryalaguda Mandi,Tomato,2024-04-10,833,1500,1204
Telangana,Nalgonda,Miryalaguda Mandi,Maize,2024-04-14,1727,1877,1821
Telangana,Nalgonda,Miryalaguda Mandi,Mango,2024-04-14,1984,2868,2450
Telangana,Nalgonda,Miryalaguda Mandi,Potato,2024-04-14,803,1237,1046
Telangana,Nalgonda,Miryalaguda Mandi,Onion,2024-04-14,1129,1431,1295
Telangana,Nalgonda,Miryalaguda Mandi,Sugarcane,2024-04-14,302,323,314
Telangana,Nalgonda,Miryalaguda Mandi,Tomato,2024-04-14,986,1616,1235
Telangana,Nalgonda,Miryalaguda Mandi,Potato,2024-04-18,1049,1355,1163
Telangana,Nalgonda,Miryalaguda Mandi,Paddy(Dhan),2024-04-18,1842,2027,1952
Telangana,Nalgonda,Miryalaguda Mandi,Sugarcane,2024-04-18,301,320,310
Telangana,Nalgonda,Miryalaguda Mandi,Tomato,2024-04-18,1033,1662,1351
Telangana,Nalgonda,Miryalaguda Mandi,Cotton,2024-04-18,6458,7604,7071
Telangana,Nalgonda,Miryalaguda Mandi,Maize,2024-04-22,1929,2068,1988
Telangana,Nalgonda,Miryalaguda Mandi,Mango,2024-04-22,2209,2909,2535
Telangana,Nalgonda,Miryalaguda Mandi,Potato,2024-04-22,940,1392,1182
Telangana,Nalgonda,Miryalaguda Mandi,Onion,2024-04-22,1063,1480,1273
Telangana,Nalgonda,Miryalaguda Mandi,Paddy(Dhan),2024-04-22,2115,2253,2192
Telangana,Nalgonda,Miryalaguda Mandi,Tomato,2024-04-22,859,1849,1334
Telangana,Nalgonda,Miryalaguda Mandi,Maize,2024-04-26,1868,1985,1935
Telangana,Nalgonda,Miryalaguda Mandi,Mango,2024-04-26,2053,2788,2451
Telangana,Nalgonda,Miryalaguda Mandi,Onion,2024-04-26,1108,1490,1280
Telangana,Nalgonda,Miryalaguda Mandi,Tomato,2024-04-26,1120,1735,1389
Telangana,Nalgonda,Miryalaguda Mandi,Cotton,2024-04-26,6356,6861,6637
Telangana,Nalgonda,Miryalaguda Mandi,Mango,2024-04-30,2561,3039,2764
Telangana,Nalgonda,Miryalaguda Mandi,Potato,2024-04-30,909,1288,1083
Telangana,Nalgonda,Miryalaguda Mandi,Onion,2024-04-30,810,1479,1140
Telangana,Nalgonda,Miryalaguda Mandi,Paddy(Dhan),2024-04-30,2072,2216,2152
Telangana,Nalgonda,Miryalaguda Mandi,Sugarcane,2024-04-30,340,358,350
Telangana,Nalgonda,Miryalaguda Mandi,Tomato,2024-04-30,933,1786,1395
Telangana,Nalgonda,Miryalaguda Mandi,Maize,2024-05-04,1896,2023,1952
Telangana,Nalgonda,Miryalaguda Mandi,Mango,2024-05-04,2166,2648,2444
Telangana,Nalgonda,Miryalaguda Mandi,Potato,2024-05-04,953,1296,1085
Telangana,Nalgonda,Miryalaguda Mandi,Onion,2024-05-04,1316,1646,1492
Telangana,Nalgonda,Miryalaguda Mandi,Paddy(Dhan),2024-05-04,2094,2323,2198
Telangana,Nalgonda,Miryalaguda Mandi,Sugarcane,2024-05-04,338,360,351
Telangana,Nalgonda,Miryalaguda Mandi,Tomato,2024-05-04,912,1732,1231
Telangana,Nalgonda,Miryalaguda Mandi,Cotton,2024-05-04,6931,7595,7262
Telangana,Nalgonda,Miryalaguda Mandi,Maize,2024-05-08,1785,1998,1891
Telangana,Nalgonda,Miryalaguda Mandi,Mango,2024-05-08,2299,3263,2769
Telangana,Nalgonda,Miryalaguda Mandi,Onion,2024-05-08,1296,1749,1479
Telangana,Nalgonda,Miryalaguda Mandi,Paddy(Dhan),2024-05-08,1973,2070,2022
Telangana,Nalgonda,Miryalaguda Mandi,Tomato,2024-05-08,1071,1679,1349
Telangana,Nalgonda,Miryalaguda Mandi,Cotton,2024-05-08,6166,6916,6499
Telangana,Nalgonda,Miryalaguda Mandi,Maize,2024-05-12,1704,1887,1794
Telangana,Nalgonda,Miryalaguda Mandi,Mango,2024-05-12,2453,3168,2824
Telangana,Nalgonda,Miryalaguda Mandi,Potato,2024-05-12,1010,1252,1128
Telangana,Nalgonda,Miryalaguda Mandi,Onion,2024-05-12,1000,1647,1395
Telangana,Nalgonda,Miryalaguda Mandi,Paddy(Dhan),2024-05-12,1964,2066,2016
Telangana,Nalgonda,Miryalaguda Mandi,Sugarcane,2024-05-12,318,340,328
Telangana,Nalgonda,Miryalaguda Mandi,Tomato,2024-05-12,1118,1552,1379
Telangana,Nalgonda,Miryalaguda Mandi,Maize,2024-05-16,1808,2017,1928
Telangana,Nalgonda,Miryalaguda Mandi,Mango,2024-05-16,2068,2883,2460
Telangana,Nalgonda,Miryalaguda Mandi,Potato,2024-05-16,915,1479,1172
Telangana,Nalgonda,Miryalaguda Mandi,Paddy(Dhan),2024-05-16,1998,2231,2104
Telangana,Nalgonda,Miryalaguda Mandi,Sugarcane,2024-05-16,323,350,338
Telangana,Nalgonda,Miryalaguda Mandi,Tomato,2024-05-16,1099,1557,1365
Telangana,Nalgonda,Miryalaguda Mandi,Cotton,2024-05-16,6364,7091,6714
Telangana,Nalgonda,Miryalaguda Mandi,Maize,2024-05-20,1732,1975,1849
Telangana,Nalgonda,Miryalaguda Mandi,Potato,2024-05-20,789,1291,1053
Telangana,Nalgonda,Miryalaguda Mandi,Onion,2024-05-20,1192,1584,1386
Telangana,Nalgonda,Miryalaguda Mandi,Paddy(Dhan),2024-05-20,1996,2162,2080
Telangana,Nalgonda,Miryalaguda Mandi,Sugarcane,2024-05-20,302,314,308
Telangana,Nalgonda,Miryalaguda Mandi,Tomato,2024-05-20,954,1420,1230
Telangana,Nalgonda,Miryalaguda Mandi,Cotton,2024-05-20,6695,7326,7015
Telangana,Nalgonda,Miryalaguda Mandi,Maize,2024-05-24,1825,2019,1915
Telangana,Nalgonda,Miryalaguda Mandi,Potato,2024-05-24,1034,1296,1138
Telangana,Nalgonda,Miryalaguda Mandi,Onion,2024-05-24,1272,1563,1416
Telangana,Nalgonda,Miryalaguda Mandi,Paddy(Dhan),2024-05-24,1976,2093,2032
Telangana,Nalgonda,Miryalaguda Mandi,Sugarcane,2024-05-24,321,338,330
Telangana,Nalgonda,Miryalaguda Mandi,Tomato,2024-05-24,979,1715,1323
Telangana,Nalgonda,Miryalaguda Mandi,Cotton,2024-05-24,6376,7553,6971
Telangana,Nalgonda,Miryalaguda Mandi,Maize,2024-05-28,1849,2013,1934
Telangana,Nalgonda,Miryalaguda Mandi,Mango,2024-05-28,2334,2769,2555
Telangana,Nalgonda,Miryalaguda Mandi,Potato,2024-05-28,1002,1341,1174
Telangana,Nalgonda,Miryalaguda Mandi,Paddy(Dhan),2024-05-28,2001,2197,2099
Telangana,Nalgonda,Miryalaguda Mandi,Sugarcane,2024-05-28,330,341,335
Telangana,Nalgonda,Miryalaguda Mandi,Cotton,2024-05-28,6771,7323,7041
Telangana,Nalgonda,Miryalaguda Mandi,Maize,2024-06-01,1689,1823,1753
Telangana,Nalgonda,Miryalaguda Mandi,Mango,2024-06-01,2311,2727,2516
Telangana,Nalgonda,Miryalaguda Mandi,Potato,2024-06-01,946,1420,1167
Telangana,Nalgonda,Miryalaguda Mandi,Paddy(Dhan),2024-06-01,2153,2255,2202
Telangana,Nalgonda,Miryalaguda Mandi,Sugarcane,2024-06-01,324,337,332
Telangana,Nalgonda,Miryalaguda Mandi,Tomato,2024-06-01,752,1884,1317
Telangana,Nalgonda,Miryalaguda Mandi,Cotton,2024-06-01,6077,7340,6703
Telangana,Nalgonda,Miryalaguda Mandi,Maize,2024-06-05,1769,2016,1898
Telangana,Nalgonda,Miryalaguda Mandi,Mango,2024-06-05,2128,2869,2547
Telangana,Nalgonda,Miryalaguda Mandi,Potato,2024-06-05,823,1286,1101
Telangana,Nalgonda,Miryalaguda Mandi,Paddy(Dhan),2024-06-05,2144,2270,2205
Telangana,Nalgonda,Miryalaguda Mandi,Tomato,2024-06-05,701,1516,1208
Telangana,Nalgonda,Miryalaguda Mandi,Mango,2024-06-09,2558,3046,2764
Telangana,Nalgonda,Miryalaguda Mandi,Onion,2024-06-09,1302,1716,1506
Telangana,Nalgonda,Miryalaguda Mandi,Sugarcane,2024-06-09,319,343,331
Telangana,Nalgonda,Miryalaguda Mandi,Cotton,2024-06-09,6687,7574,7142
Telangana,Nalgonda,Miryalaguda Mandi,Maize,2024-06-13,1713,1854,1775
Telangana,Nalgonda,Miryalaguda Mandi,Mango,2024-06-13,2072,3057,2579
Telangana,Nalgonda,Miryalaguda Mandi,Potato,2024-06-13,956,1324,1107
Telangana,Nalgonda,Miryalaguda Mandi,Onion,2024-06-13,1357,1906,1600
Telangana,Nalgonda,Miryalaguda Mandi,Paddy(Dhan),2024-06-13,1862,2031,1936
Telangana,Nalgonda,Miryalaguda Mandi,Sugarcane,2024-06-13,314,337,326
Telangana,Nalgonda,Miryalaguda Mandi,Tomato,2024-06-13,742,1675,1297
Telangana,Nalgonda,Miryalaguda Mandi,Maize,2024-06-17,1655,1880,1756
Telangana,Nalgonda,Miryalaguda Mandi,Mango,2024-06-17,2310,2828,2543
Telangana,Nalgonda,Miryalaguda Mandi,Onion,2024-06-17,1120,1693,1419
Telangana,Nalgonda,Miryalaguda Mandi,Sugarcane,2024-06-17,317,337,327
Telangana,Nalgonda,Miryalaguda Mandi,Tomato,2024-06-17,982,1465,1209
Telangana,Nalgonda,Miryalaguda Mandi,Cotton,2024-06-17,6786,7568,7228
Telangana,Nalgonda,Miryalaguda Mandi,Maize,2024-06-21,1772,1996,1870
Telangana,Nalgonda,Miryalaguda Mandi,Mango,2024-06-21,2476,3124,2811
Telangana,Nalgonda,Miryalaguda Mandi,Potato,2024-06-21,976,1443,1173
Telangana,Nalgonda,Miryalaguda Mandi,Onion,2024-06-21,1409,1838,1603
Telangana,Nalgonda,Miryalaguda Mandi,Sugarcane,2024-06-21,317,335,328
Telangana,Nalgonda,Miryalaguda Mandi,Cotton,2024-06-21,6115,6749,6490
Telangana,Nalgonda,Miryalaguda Mandi,Maize,2024-06-25,1937,2113,2020
Telangana,Nalgonda,Miryalaguda Mandi,Mango,2024-06-25,2360,3072,2704
Telangana,Nalgonda,Miryalaguda Mandi,Onion,2024-06-25,1294,1736,1491
Telangana,Nalgonda,Miryalaguda Mandi,Paddy(Dhan),2024-06-25,1916,2051,1976
Telangana,Nalgonda,Miryalaguda Mandi,Sugarcane,2024-06-25,334,355,344
Telangana,Nalgonda,Miryalaguda Mandi,Tomato,2024-06-25,916,1599,1240
Telangana,Nalgonda,Miryalaguda Mandi,Cotton,2024-06-25,6402,7469,6875
Telangana,Nalgonda,Miryalaguda Mandi,Mango,2024-06-29,2231,2735,2449
Telangana,Nalgonda,Miryalaguda Mandi,Onion,2024-06-29,1421,1812,1620
Telangana,Nalgonda,Miryalaguda Mandi,Paddy(Dhan),2024-06-29,2097,2248,2183
Telangana,Nalgonda,Miryalaguda Mandi,Sugarcane,2024-06-29,321,335,326
Telangana,Nalgonda,Miryalaguda Mandi,Tomato,2024-06-29,990,1705,1313
Telangana,Nalgonda,Miryalaguda Mandi,Cotton,2024-06-29,6340,6872,6643
Telangana,Nalgonda,Miryalaguda Mandi,Potato,2024-07-03,906,1378,1125
Telangana,Nalgonda,Miryalaguda Mandi,Onion,2024-07-03,1278,2043,1604
Telangana,Nalgonda,Miryalaguda Mandi,Paddy(Dhan),2024-07-03,1871,2071,1974
Telangana,Nalgonda,Miryalaguda Mandi,Sugarcane,2024-07-03,329,349,341
Telangana,Nalgonda,Miryalaguda Mandi,Tomato,2024-07-03,1113,1591,1320
Telangana,Nalgonda,Miryalaguda Mandi,Cotton,2024-07-03,6612,7205,6874
Telangana,Nalgonda,Miryalaguda Mandi,Maize,2024-07-07,1876,2024,1950
Telangana,Nalgonda,Miryalaguda Mandi,Mango,2024-07-07,2517,3420,2965
Telangana,Nalgonda,Miryalaguda Mandi,Potato,2024-07-07,874,1193,1058
Telangana,Nalgonda,Miryalaguda Mandi,Onion,2024-07-07,1429,1800,1579
Telangana,Nalgonda,Miryalaguda Mandi,Paddy(Dhan),2024-07-07,2148,2281,2204
Telangana,Nalgonda,Miryalaguda Mandi,Tomato,2024-07-07,1093,1383,1235
Telangana,Nalgonda,Miryalaguda Mandi,Maize,2024-07-11,1791,2065,1920
Telangana,Nalgonda,Miryalaguda Mandi,Mango,2024-07-11,2586,3531,3031
Telangana,Nalgonda,Miryalaguda Mandi,Tomato,2024-07-11,932,1837,1393
Telangana,Nalgonda,Miryalaguda Mandi,Maize,2024-07-15,1683,1859,1759
Telangana,Nalgonda,Miryalaguda Mandi,Mango,2024-07-15,2731,3858,3199
Telangana,Nalgonda,Miryalaguda Mandi,Potato,2024-07-15,992,1335,1133
Telangana,Nalgonda,Miryalaguda Mandi,Onion,2024-07-15,1200,1644,1449
Telangana,Nalgonda,Miryalaguda Mandi,Paddy(Dhan),2024-07-15,2122,2317,2209
Telangana,Nalgonda,Miryalaguda Mandi,Sugarcane,2024-07-15,339,366,350
Telangana,Nalgonda,Miryalaguda Mandi,Cotton,2024-07-15,6148,6863,6483
Telangana,Nalgonda,Miryalaguda Mandi,Maize,2024-07-19,1809,2002,1918
Telangana,Nalgonda,Miryalaguda Mandi,Onion,2024-07-19,1037,1778,1489
Telangana,Nalgonda,Miryalaguda Mandi,Paddy(Dhan),2024-07-19,1916,2099,2001
Telangana,Nalgonda,Miryalaguda Mandi,Cotton,2024-07-19,6780,7314,7036
Telangana,Nalgonda,Miryalaguda Mandi,Maize,2024-07-23,1697,1854,1783
Telangana,Nalgonda,Miryalaguda Mandi,Mango,2024-07-23,2879,3924,3422
Telangana,Nalgonda,Miryalaguda Mandi,Potato,2024-07-23,919,1279,1074
Telangana,Nalgonda,Miryalaguda Mandi,Onion,2024-07-23,1311,1685,1461
Telangana,Nalgonda,Miryalaguda Mandi,Paddy(Dhan),2024-07-23,2027,2196,2101
Telangana,Nalgonda,Miryalaguda Mandi,Sugarcane,2024-07-23,319,332,324
Telangana,Nalgonda,Miryalaguda Mandi,Tomato,2024-07-23,941,1534,1232
Telangana,Nalgonda,Miryalaguda Mandi,Cotton,2024-07-23,6866,7645,7329
Telangana,Nalgonda,Miryalaguda Mandi,Mango,2024-07-27,2455,3468,3015
Telangana,Nalgonda,Miryalaguda Mandi,Paddy(Dhan),2024-07-27,1837,1954,1887
Telangana,Nalgonda,Miryalaguda Mandi,Tomato,2024-07-27,832,1802,1281
Telangana,Nalgonda,Miryalaguda Mandi,Cotton,2024-07-27,7037,7755,7339
Telangana,Nalgonda,Miryalaguda Mandi,Mango,2024-07-31,3015,3827,3416
Telangana,Nalgonda,Miryalaguda Mandi,Potato,2024-07-31,983,1361,1146
Telangana,Nalgonda,Miryalaguda Mandi,Onion,2024-07-31,1122,1663,1393
Telangana,Nalgonda,Miryalaguda Mandi,Paddy(Dhan),2024-07-31,1946,2159,2054
Telangana,Nalgonda,Miryalaguda Mandi,Sugarcane,2024-07-31,327,336,331
Telangana,Nalgonda,Miryalaguda Mandi,Tomato,2024-07-31,868,1570,1237
Telangana,Nalgonda,Miryalaguda Mandi,Cotton,2024-07-31,6668,7705,7134
Telangana,Nalgonda,Miryalaguda Mandi,Maize,2024-08-04,1788,1977,1898
Telangana,Nalgonda,Miryalaguda Mandi,Mango,2024-08-04,2657,3959,3234
Telangana,Nalgonda,Miryalaguda Mandi,Potato,2024-08-04,992,1209,1107
Telangana,Nalgonda,Miryalaguda Mandi,Onion,2024-08-04,1270,1724,1501
Telangana,Nalgonda,Miryalaguda Mandi,Sugarcane,2024-08-04,320,339,330
Telangana,Nalgonda,Miryalaguda Mandi,Cotton,2024-08-04,7021,7552,7329
Telangana,Nalgonda,Miryalaguda Mandi,Mango,2024-08-08,2996,4014,3442
Telangana,Nalgonda,Miryalaguda Mandi,Onion,2024-08-08,1093,1646,1421
Telangana,Nalgonda,Miryalaguda Mandi,Paddy(Dhan),2024-08-08,1891,2075,1980
Telangana,Nalgonda,Miryalaguda Mandi,Tomato,2024-08-08,1056,1622,1334
Telangana,Nalgonda,Miryalaguda Mandi,Cotton,2024-08-08,6342,6891,6630
Telangana,Nalgonda,Miryalaguda Mandi,Maize,2024-08-12,1985,2093,2040
Telangana,Nalgonda,Miryalaguda Mandi,Potato,2024-08-12,885,1405,1122
Telangana,Nalgonda,Miryalaguda Mandi,Onion,2024-08-12,1111,1902,1533
Telangana,Nalgonda,Miryalaguda Mandi,Sugarcane,2024-08-12,337,356,345
Telangana,Nalgonda,Miryalaguda Mandi,Tomato,2024-08-12,952,1739,1333
Telangana,Nalgonda,Miryalaguda Mandi,Cotton,2024-08-12,5973,6950,6586
Telangana,Nalgonda,Miryalaguda Mandi,Mango,2024-08-16,2723,3292,3002
Telangana,Nalgonda,Miryalaguda Mandi,Potato,2024-08-16,892,1319,1098
Telangana,Nalgonda,Miryalaguda Mandi,Onion,2024-08-16,1286,1799,1546
Telangana,Nalgonda,Miryalaguda Mandi,Paddy(Dhan),2024-08-16,1844,1966,1897
Telangana,Nalgonda,Miryalaguda Mandi,Sugarcane,2024-08-16,319,335,325
Telangana,Nalgonda,Miryalaguda Mandi,Tomato,2024-08-16,996,1686,1273
Telangana,Nalgonda,Miryalaguda Mandi,Cotton,2024-08-16,6673,7707,7188
Telangana,Nalgonda,Miryalaguda Mandi,Mango,2024-08-20,2527,3462,2977
Telangana,Nalgonda,Miryalaguda Mandi,Onion,2024-08-20,1107,1737,1485
Telangana,Nalgonda,Miryalaguda Mandi,Paddy(Dhan),2024-08-20,2068,2247,2177
Telangana,Nalgonda,Miryalaguda Mandi,Sugarcane,2024-08-20,327,349,339
Telangana,Nalgonda,Miryalaguda Mandi,Tomato,2024-08-20,1011,1948,1374
Telangana,Nalgonda,Miryalaguda Mandi,Cotton,2024-08-20,6236,7044,6675
Telangana,Nalgonda,Miryalaguda Mandi,Maize,2024-08-24,1891,2058,1972
Telangana,Nalgonda,Miryalaguda Mandi,Mango,2024-08-24,2735,3376,3075
Telangana,Nalgonda,Miryalaguda Mandi,Potato,2024-08-24,868,1294,1104
Telangana,Nalgonda,Miryalaguda Mandi,Onion,2024-08-24,1211,1740,1484
Telangana,Nalgonda,Miryalaguda Mandi,Tomato,2024-08-24,1031,1862,1388
Telangana,Nalgonda,Miryalaguda Mandi,Cotton,2024-08-24,6552,7205,6950
Telangana,Nalgonda,Miryalaguda Mandi,Maize,2024-08-28,1777,1978,1860
Telangana,Nalgonda,Miryalaguda Mandi,Potato,2024-08-28,962,1279,1113
Telangana,Nalgonda,Miryalaguda Mandi,Paddy(Dhan),2024-08-28,2056,2312,2188
Telangana,Nalgonda,Miryalaguda Mandi,Tomato,2024-08-28,977,1448,1256
Telangana,Nalgonda,Miryalaguda Mandi,Paddy(Dhan),2024-09-01,1903,2016,1955
Telangana,Nalgonda,Miryalaguda Mandi,Sugarcane,2024-09-01,316,328,322
Telangana,Nalgonda,Miryalaguda Mandi,Tomato,2024-09-01,741,1565,1233
Telangana,Nalgonda,Miryalaguda Mandi,Cotton,2024-09-01,6373,7141,6747
Telangana,Nalgonda,Miryalaguda Mandi,Maize,2024-09-05,1479,1580,1528
Telangana,Nalgonda,Miryalaguda Mandi,Mango,2024-09-05,2762,3269,3011
Telangana,Nalgonda,Miryalaguda Mandi,Potato,2024-09-05,930,1417,1154
Telangana,Nalgonda,Miryalaguda Mandi,Paddy(Dhan),2024-09-05,1888,2067,1984
Telangana,Nalgonda,Miryalaguda Mandi,Tomato,2024-09-05,1100,1537,1352
Telangana,Nalgonda,Miryalaguda Mandi,Cotton,2024-09-05,6817,7403,7133
Telangana,Nalgonda,Miryalaguda Mandi,Maize,2024-09-09,1380,1488,1437
Telangana,Nalgonda,Miryalaguda Mandi,Mango,2024-09-09,2823,3732,3290
Telangana,Nalgonda,Miryalaguda Mandi,Paddy(Dhan),2024-09-09,1854,1978,1915
Telangana,Nalgonda,Miryalaguda Mandi,Sugarcane,2024-09-09,339,363,351
Telangana,Nalgonda,Miryalaguda Mandi,Tomato,2024-09-09,1014,1403,1221
Telangana,Nalgonda,Miryalaguda Mandi,Maize,2024-09-13,1462,1598,1536
Telangana,Nalgonda,Miryalaguda Mandi,Mango,2024-09-13,2618,4101,3341
Telangana,Nalgonda,Miryalaguda Mandi,Potato,2024-09-13,1012,1346,1167
Telangana,Nalgonda,Miryalaguda Mandi,Onion,2024-09-13,1142,1613,1383
Telangana,Nalgonda,Miryalaguda Mandi,Paddy(Dhan),2024-09-13,2064,2297,2185
Telangana,Nalgonda,Miryalaguda Mandi,Sugarcane,2024-09-13,334,351,342
Telangana,Nalgonda,Miryalaguda Mandi,Tomato,2024-09-13,1001,1375,1212
Telangana,Nalgonda,Miryalaguda Mandi,Maize,2024-09-17,1416,1549,1478
Telangana,Nalgonda,Miryalaguda Mandi,Mango,2024-09-17,2788,3814,3256
Telangana,Nalgonda,Miryalaguda Mandi,Potato,2024-09-17,849,1312,1047
Telangana,Nalgonda,Miryalaguda Mandi,Onion,2024-09-17,1250,1836,1542
Telangana,Nalgonda,Miryalaguda Mandi,Paddy(Dhan),2024-09-17,2021,2168,2080
Telangana,Nalgonda,Miryalaguda Mandi,Tomato,2024-09-17,760,1530,1226
Telangana,Nalgonda,Miryalaguda Mandi,Cotton,2024-09-17,6275,6810,6501
Telangana,Nalgonda,Miryalaguda Mandi,Mango,2024-09-21,2514,3876,3237
Telangana,Nalgonda,Miryalaguda Mandi,Onion,2024-09-21,1232,1799,1508
Telangana,Nalgonda,Miryalaguda Mandi,Sugarcane,2024-09-21,326,343,336
Telangana,Nalgonda,Miryalaguda Mandi,Tomato,2024-09-21,1087,1481,1261
Telangana,Nalgonda,Miryalaguda Mandi,Cotton,2024-09-21,6648,7364,6943
Telangana,Nalgonda,Miryalaguda Mandi,Mango,2024-09-25,2710,3298,2998
Telangana,Nalgonda,Miryalaguda Mandi,Potato,2024-09-25,865,1306,1093
Telangana,Nalgonda,Miryalaguda Mandi,Onion,2024-09-25,1038,1785,1436
Telangana,Nalgonda,Miryalaguda Mandi,Paddy(Dhan),2024-09-25,1905,2012,1965
Telangana,Nalgonda,Miryalaguda Mandi,Sugarcane,2024-09-25,324,347,335
Telangana,Nalgonda,Miryalaguda Mandi,Tomato,2024-09-25,860,1613,1230
Telangana,Nalgonda,Miryalaguda Mandi,Cotton,2024-09-25,5970,6792,6462
Telangana,Nalgonda,Miryalaguda Mandi,Maize,2024-09-29,1409,1535,1469
Telangana,Nalgonda,Miryalaguda Mandi,Mango,2024-09-29,2664,3344,2974
Telangana,Nalgonda,Miryalaguda Mandi,Potato,2024-09-29,877,1194,1024
Telangana,Nalgonda,Miryalaguda Mandi,Onion,2024-09-29,1358,1946,1618
Telangana,Nalgonda,Miryalaguda Mandi,Paddy(Dhan),2024-09-29,1817,1980,1905
Telangana,Nalgonda,Miryalaguda Mandi,Tomato,2024-09-29,1027,1431,1217
Telangana,Nalgonda,Miryalaguda Mandi,Mango,2024-10-03,3113,3710,3409
Telangana,Nalgonda,Miryalaguda Mandi,Potato,2024-10-03,894,1335,1127
Telangana,Nalgonda,Miryalaguda Mandi,Onion,2024-10-03,1201,1700,1480
Telangana,Nalgonda,Miryalaguda Mandi,Paddy(Dhan),2024-10-03,1733,1829,1784
Telangana,Nalgonda,Miryalaguda Mandi,Sugarcane,2024-10-03,329,349,340
Telangana,Nalgonda,Miryalaguda Mandi,Tomato,2024-10-03,1057,1531,1260
Telangana,Nalgonda,Miryalaguda Mandi,Cotton,2024-10-03,6633,7601,7100
Telangana,Nalgonda,Miryalaguda Mandi,Mango,2024-10-07,2667,3840,3219
Telangana,Nalgonda,Miryalaguda Mandi,Onion,2024-10-07,1280,1854,1569
Telangana,Nalgonda,Miryalaguda Mandi,Paddy(Dhan),2024-10-07,1705,1876,1804
Telangana,Nalgonda,Miryalaguda Mandi,Cotton,2024-10-07,6794,7387,7031
Telangana,Nalgonda,Miryalaguda Mandi,Maize,2024-10-11,1444,1579,1511
Telangana,Nalgonda,Miryalaguda Mandi,Potato,2024-10-11,874,1174,1026
Telangana,Nalgonda,Miryalaguda Mandi,Onion,2024-10-11,1087,1917,1471
Telangana,Nalgonda,Miryalaguda Mandi,Paddy(Dhan),2024-10-11,1690,1780,1726
Telangana,Nalgonda,Miryalaguda Mandi,Cotton,2024-10-11,6690,7629,7173
Telangana,Nalgonda,Miryalaguda Mandi,Maize,2024-10-15,1511,1591,1544
Telangana,Nalgonda,Miryalaguda Mandi,Mango,2024-10-15,2946,3776,3401
Telangana,Nalgonda,Miryalaguda Mandi,Onion,2024-10-15,1169,1876,1532
Telangana,Nalgonda,Miryalaguda Mandi,Sugarcane,2024-10-15,311,322,317
Telangana,Nalgonda,Miryalaguda Mandi,Tomato,2024-10-15,1102,1723,1350
Telangana,Nalgonda,Miryalaguda Mandi,Cotton,2024-10-15,6787,7416,7073
Telangana,Nalgonda,Miryalaguda Mandi,Maize,2024-10-19,1436,1626,1543
Telangana,Nalgonda,Miryalaguda Mandi,Mango,2024-10-19,2528,3411,3012
Telangana,Nalgonda,Miryalaguda Mandi,Onion,2024-10-19,1408,1825,1606
Telangana,Nalgonda,Miryalaguda Mandi,Sugarcane,2024-10-19,333,354,342
Telangana,Nalgonda,Miryalaguda Mandi,Tomato,2024-10-19,946,1663,1341
Telangana,Nalgonda,Miryalaguda Mandi,Cotton,2024-10-19,6361,6904,6596
Telangana,Nalgonda,Miryalaguda Mandi,Mango,2024-10-23,2692,3957,3318
Telangana,Nalgonda,Miryalaguda Mandi,Potato,2024-10-23,987,1227,1105
Telangana,Nalgonda,Miryalaguda Mandi,Onion,2024-10-23,1228,1619,1442
Telangana,Nalgonda,Miryalaguda Mandi,Paddy(Dhan),2024-10-23,1574,1707,1637
Telangana,Nalgonda,Miryalaguda Mandi,Sugarcane,2024-10-23,301,323,313
Telangana,Nalgonda,Miryalaguda Mandi,Cotton,2024-10-23,6081,6555,6341
Telangana,Nalgonda,Miryalaguda Mandi,Maize,2024-10-27,1591,1681,1629
Telangana,Nalgonda,Miryalaguda Mandi,Mango,2024-10-27,2637,3507,3083
Telangana,Nalgonda,Miryalaguda Mandi,Potato,2024-10-27,836,1255,1078
Telangana,Nalgonda,Miryalaguda Mandi,Onion,2024-10-27,1041,1890,1468
Telangana,Nalgonda,Miryalaguda Mandi,Paddy(Dhan),2024-10-27,1523,1584,1551
Telangana,Nalgonda,Miryalaguda Mandi,Sugarcane,2024-10-27,305,324,312
Telangana,Nalgonda,Miryalaguda Mandi,Tomato,2024-10-27,839,1666,1319
Telangana,Nalgonda,Miryalaguda Mandi,Cotton,2024-10-27,6645,7379,6987
Telangana,Nalgonda,Miryalaguda Mandi,Maize,2024-10-31,1522,1680,1609
Telangana,Nalgonda,Miryalaguda Mandi,Mango,2024-10-31,2444,3505,3004
Telangana,Nalgonda,Miryalaguda Mandi,Onion,2024-10-31,1080,1793,1446
Telangana,Nalgonda,Miryalaguda Mandi,Sugarcane,2024-10-31,335,348,340
Telangana,Nalgonda,Miryalaguda Mandi,Mango,2024-11-04,2728,3937,3400
Telangana,Nalgonda,Miryalaguda Mandi,Sugarcane,2024-11-04,252,263,258
Telangana,Nalgonda,Miryalaguda Mandi,Cotton,2024-11-04,5038,5679,5393
Telangana,Nalgonda,Miryalaguda Mandi,Maize,2024-11-08,1849,2018,1951
Telangana,Nalgonda,Miryalaguda Mandi,Mango,2024-11-08,2771,3528,3162
Telangana,Nalgonda,Miryalaguda Mandi,Onion,2024-11-08,1109,1342,1224
Telangana,Nalgonda,Miryalaguda Mandi,Paddy(Dhan),2024-11-08,1574,1703,1637
Telangana,Nalgonda,Miryalaguda Mandi,Tomato,2024-11-08,870,1327,1133
Telangana,Nalgonda,Miryalaguda Mandi,Cotton,2024-11-08,5255,5943,5661
Telangana,Nalgonda,Miryalaguda Mandi,Maize,2024-11-12,1944,2082,2003
Telangana,Nalgonda,Miryalaguda Mandi,Mango,2024-11-12,2528,3796,3132
Telangana,Nalgonda,Miryalaguda Mandi,Potato,2024-11-12,854,1282,1052
Telangana,Nalgonda,Miryalaguda Mandi,Onion,2024-11-12,1012,1411,1188
Telangana,Nalgonda,Miryalaguda Mandi,Paddy(Dhan),2024-11-12,1610,1765,1684
Telangana,Nalgonda,Miryalaguda Mandi,Sugarcane,2024-11-12,281,291,287
Telangana,Nalgonda,Miryalaguda Mandi,Tomato,2024-11-12,727,1388,1069
Telangana,Nalgonda,Miryalaguda Mandi,Cotton,2024-11-12,4826,5624,5291
Telangana,Nalgonda,Miryalaguda Mandi,Maize,2024-11-16,1919,2181,2041
Telangana,Nalgonda,Miryalaguda Mandi,Mango,2024-11-16,2890,3639,3244
Telangana,Nalgonda,Miryalaguda Mandi,Potato,2024-11-16,971,1226,1105
Telangana,Nalgonda,Miryalaguda Mandi,Onion,2024-11-16,1067,1487,1282
Telangana,Nalgonda,Miryalaguda Mandi,Paddy(Dhan),2024-11-16,1655,1806,1737
Telangana,Nalgonda,Miryalaguda Mandi,Sugarcane,2024-11-16,272,285,278
Telangana,Nalgonda,Miryalaguda Mandi,Tomato,2024-11-16,737,1329,994
Telangana,Nalgonda,Miryalaguda Mandi,Maize,2024-11-20,1771,1922,1854
Telangana,Nalgonda,Miryalaguda Mandi,Mango,2024-11-20,2886,3768,3256
Telangana,Nalgonda,Miryalaguda Mandi,Potato,2024-11-20,851,1199,1040
Telangana,Nalgonda,Miryalaguda Mandi,Onion,2024-11-20,970,1494,1198
Telangana,Nalgonda,Miryalaguda Mandi,Paddy(Dhan),2024-11-20,1654,1840,1756
Telangana,Nalgonda,Miryalaguda Mandi,Sugarcane,2024-11-20,264,281,272
Telangana,Nalgonda,Miryalaguda Mandi,Tomato,2024-11-20,819,1384,1082
Telangana,Nalgonda,Miryalaguda Mandi,Cotton,2024-11-20,5474,5952,5725
Telangana,Nalgonda,Miryalaguda Mandi,Maize,2024-11-24,1872,2023,1937
Telangana,Nalgonda,Miryalaguda Mandi,Onion,2024-11-24,1094,1436,1277
Telangana,Nalgonda,Miryalaguda Mandi,Paddy(Dhan),2024-11-24,1533,1607,1576
Telangana,Nalgonda,Miryalaguda Mandi,Sugarcane,2024-11-24,254,268,261
Telangana,Nalgonda,Miryalaguda Mandi,Tomato,2024-11-24,668,1412,1112
Telangana,Nalgonda,Miryalaguda Mandi,Cotton,2024-11-24,5036,5531,5252
Telangana,Nalgonda,Miryalaguda Mandi,Maize,2024-11-28,1911,2123,2023
Telangana,Nalgonda,Miryalaguda Mandi,Mango,2024-11-28,2845,3456,3189
Telangana,Nalgonda,Miryalaguda Mandi,Onion,2024-11-28,1038,1439,1225
Telangana,Nalgonda,Miryalaguda Mandi,Paddy(Dhan),2024-11-28,1571,1759,1654
Telangana,Nalgonda,Miryalaguda Mandi,Sugarcane,2024-11-28,263,285,273
Telangana,Nalgonda,Miryalaguda Mandi,Cotton,2024-11-28,5565,6136,5924
Telangana,Nalgonda,Miryalaguda Mandi,Maize,2024-12-02,1751,1888,1817
Telangana,Nalgonda,Miryalaguda Mandi,Mango,2024-12-02,2682,3657,3224
Telangana,Nalgonda,Miryalaguda Mandi,Potato,2024-12-02,949,1389,1183
Telangana,Nalgonda,Miryalaguda Mandi,Onion,2024-12-02,1037,1289,1172
Telangana,Nalgonda,Miryalaguda Mandi,Paddy(Dhan),2024-12-02,1664,1813,1749
Telangana,Nalgonda,Miryalaguda Mandi,Tomato,2024-12-02,885,1272,1120
Telangana,Nalgonda,Miryalaguda Mandi,Maize,2024-12-06,1822,1952,1898
Telangana,Nalgonda,Miryalaguda Mandi,Mango,2024-12-06,2526,3444,2947
Telangana,Nalgonda,Miryalaguda Mandi,Onion,2024-12-06,961,1429,1151
Telangana,Nalgonda,Miryalaguda Mandi,Sugarcane,2024-12-06,269,294,281
Telangana,Nalgonda,Miryalaguda Mandi,Cotton,2024-12-06,5621,6271,5882
Telangana,Nalgonda,Miryalaguda Mandi,Maize,2024-12-10,1940,2126,2040
Telangana,Nalgonda,Miryalaguda Mandi,Potato,2024-12-10,840,1152,1032
Telangana,Nalgonda,Miryalaguda Mandi,Paddy(Dhan),2024-12-10,1615,1708,1660
Telangana,Nalgonda,Miryalaguda Mandi,Sugarcane,2024-12-10,249,262,255
Telangana,Nalgonda,Miryalaguda Mandi,Tomato,2024-12-10,821,1215,1032
Telangana,Nalgonda,Miryalaguda Mandi,Maize,2024-12-14,1681,1894,1783
Telangana,Nalgonda,Miryalaguda Mandi,Mango,2024-12-14,2692,3899,3362
Telangana,Nalgonda,Miryalaguda Mandi,Potato,2024-12-14,851,1359,1114
Telangana,Nalgonda,Miryalaguda Mandi,Onion,2024-12-14,1067,1566,1297
Telangana,Nalgonda,Miryalaguda Mandi,Paddy(Dhan),2024-12-14,1570,1671,1620
Telangana,Nalgonda,Miryalaguda Mandi,Sugarcane,2024-12-14,252,264,257
Telangana,Nalgonda,Miryalaguda Mandi,Tomato,2024-12-14,878,1255,1038
Telangana,Nalgonda,Miryalaguda Mandi,Cotton,2024-12-14,4923,5682,5307
Telangana,Nalgonda,Miryalaguda Mandi,Maize,2024-12-18,1927,2079,1997
Telangana,Nalgonda,Miryalaguda Mandi,Mango,2024-12-18,2804,3489,3140
Telangana,Nalgonda,Miryalaguda Mandi,Potato,2024-12-18,924,1194,1053
Telangana,Nalgonda,Miryalaguda Mandi,Onion,2024-12-18,955,1388,1161
Telangana,Nalgonda,Miryalaguda Mandi,Paddy(Dhan),2024-12-18,1639,1770,1706
Telangana,Nalgonda,Miryalaguda Mandi,Sugarcane,2024-12-18,280,302,292
Telangana,Nalgonda,Miryalaguda Mandi,Cotton,2024-12-18,5232,5704,5510
Telangana,Nalgonda,Miryalaguda Mandi,Maize,2024-12-22,1890,2025,1961
Telangana,Nalgonda,Miryalaguda Mandi,Mango,2024-12-22,2554,3454,2991
Telangana,Nalgonda,Miryalaguda Mandi,Potato,2024-12-22,891,1166,1040
Telangana,Nalgonda,Miryalaguda Mandi,Paddy(Dhan),2024-12-22,1623,1770,1701
Telangana,Nalgonda,Miryalaguda Mandi,Sugarcane,2024-12-22,282,301,292
Telangana,Nalgonda,Miryalaguda Mandi,Cotton,2024-12-22,5036,5486,5272
Telangana,Nalgonda,Miryalaguda Mandi,Maize,2024-12-26,1805,1984,1890
Telangana,Nalgonda,Miryalaguda Mandi,Mango,2024-12-26,2996,3557,3317
Telangana,Nalgonda,Miryalaguda Mandi,Onion,2024-12-26,942,1446,1173
Telangana,Nalgonda,Miryalaguda Mandi,Sugarcane,2024-12-26,243,263,255
Telangana,Nalgonda,Miryalaguda Mandi,Tomato,2024-12-26,798,1125,981
Telangana,Nalgonda,Miryalaguda Mandi,Cotton,2024-12-26,5366,6218,5809
Telangana,Nalgonda,Miryalaguda Mandi,Maize,2024-12-30,1872,2023,1950
Telangana,Nalgonda,Miryalaguda Mandi,Mango,2024-12-30,2649,4000,3454
Telangana,Nalgonda,Miryalaguda Mandi,Onion,2024-12-30,835,1444,1132
Telangana,Nalgonda,Miryalaguda Mandi,Paddy(Dhan),2024-12-30,1695,1791,1738
Telangana,Nalgonda,Miryalaguda Mandi,Sugarcane,2024-12-30,250,265,256
Telangana,Nalgonda,Miryalaguda Mandi,Tomato,2024-12-30,629,1397,998
Tamil Nadu,Thanjavur,Kumbakonam Mandi,Jowar,2024-01-01,2504,2728,2591
Tamil Nadu,Thanjavur,Kumbakonam Mandi,Potato,2024-01-01,734,1113,938
Tamil Nadu,Thanjavur,Kumbakonam Mandi,Mustard,2024-01-01,4895,5166,5008
Tamil Nadu,Thanjavur,Kumbakonam Mandi,Onion,2024-01-01,1197,1727,1511
Tamil Nadu,Thanjavur,Kumbakonam Mandi,Paddy(Dhan),2024-01-05,2105,2279,2183
Tamil Nadu,Thanjavur,Kumbakonam Mandi,Chilli,2024-01-05,10500,13501,11964
Tamil Nadu,Thanjavur,Kumbakonam Mandi,Banana,2024-01-05,1005,1326,1159
Tamil Nadu,Thanjavur,Kumbakonam Mandi,Tomato,2024-01-05,747,1331,1071
Tamil Nadu,Thanjavur,Kumbakonam Mandi,Soybean,2024-01-05,4223,4705,4451
Tamil Nadu,Thanjavur,Kumbakonam Mandi,Mustard,2024-01-05,5095,5764,5378
Tamil Nadu,Thanjavur,Kumbakonam Mandi,Paddy(Dhan),2024-01-09,1930,2091,1997
Tamil Nadu,Thanjavur,Kumbakonam Mandi,Banana,2024-01-09,996,1252,1105
Tamil Nadu,Thanjavur,Kumbakonam Mandi,Jowar,2024-01-09,2685,2923,2802
Tamil Nadu,Thanjavur,Kumbakonam Mandi,Potato,2024-01-09,750,1025,898
Tamil Nadu,Thanjavur,Kumbakonam Mandi,Tomato,2024-01-09,855,1116,1002
Tamil Nadu,Thanjavur,Kumbakonam Mandi,Mustard,2024-01-09,4842,5267,5060
Tamil Nadu,Thanjavur,Kumbakonam Mandi,Onion,2024-01-09,1248,2018,1566
Tamil Nadu,Thanjavur,Kumbakonam Mandi,Paddy(Dhan),2024-01-13,1791,2009,1913
Tamil Nadu,Thanjavur,Kumbakonam Mandi,Banana,2024-01-13,1034,1351,1182
Tamil Nadu,Thanjavur,Kumbakonam Mandi,Tomato,2024-01-13,861,1193,1025
Tamil Nadu,Thanjavur,Kumbakonam Mandi,Mustard,2024-01-13,4943,5511,5250
Tamil Nadu,Thanjavur,Kumbakonam Mandi,Onion,2024-01-13,1336,1696,1499
Tamil Nadu,Thanjavur,Kumbakonam Mandi,Paddy(Dhan),2024-01-17,1964,2099,2034
Tamil Nadu,Thanjavur,Kumbakonam Mandi,Chilli,2024-01-17,10523,12090,11473
Tamil Nadu,Thanjavur,Kumbakonam Mandi,Banana,2024-01-17,1051,1295,1168
Tamil Nadu,Thanjavur,Kumbakonam Mandi,Potato,2024-01-17,794,1007,916
Tamil Nadu,Thanjavur,Kumbakonam Mandi,Soybean,2024-01-17,4264,4728,4483
Tamil Nadu,Thanjavur,Kumbakonam Mandi,Mustard,2024-01-17,4850,5399,5104
Tamil Nadu,Thanjavur,Kumbakonam Mandi,Onion,2024-01-17,1178,1676,1462
Tamil Nadu,Thanjavur,Kumbakonam Mandi,Chilli,2024-01-21,10243,12548,11317
Tamil Nadu,Thanjavur,Kumbakonam Mandi,Banana,2024-01-21,974,1208,1083
Tamil Nadu,Thanjavur,Kumbakonam Mandi,Jowar,2024-01-21,2476,2682,2572
Tamil Nadu,Thanjavur,Kumbakonam Mandi,Tomato,2024-01-21,894,1245,1031
Tamil Nadu,Thanjavur,Kumbakonam Mandi,Soybean,2024-01-21,4191,4633,4427
Tamil Nadu,Thanjavur,Kumbakonam Mandi,Mustard,2024-01-21,4694,4922,4797
Tamil Nadu,Thanjavur,Kumbakonam Mandi,Onion,2024-01-21,1136,2036,1597
Tamil Nadu,Thanjavur,Kumbakonam Mandi,Chilli,2024-01-25,10070,13079,11513
Tamil Nadu,Thanjavur,Kumbakonam Mandi,Banana,2024-01-25,1069,1259,1157
Tamil Nadu,Thanjavur,Kumbakonam Mandi,Jowar,2024-01-25,2347,2583,2463
Tamil Nadu,Thanjavur,Kumbakonam Mandi,Tomato,2024-01-25,689,1448,1103
Tamil Nadu,Thanjavur,Kumbakonam Mandi,Mustard,2024-01-25,4778,5431,5171
Tamil Nadu,Thanjavur,Kumbakonam Mandi,Onion,2024-01-25,1090,1787,1511
Tamil Nadu,Thanjavur,Kumbakonam Mandi,Paddy(Dhan),2024-01-29,1974,2205,2082
Tamil Nadu,Thanjavur,Kumbakonam Mandi,Chilli,2024-01-29,11010,13683,12283
Tamil Nadu,Thanjavur,Kumbakonam Mandi,Banana,2024-01-29,962,1184,1076
Tamil Nadu,Thanjavur,Kumbakonam Mandi,Jowar,2024-01-29,2590,2916,2724
Tamil Nadu,Thanjavur,Kumbakonam Mandi,Tomato,2024-01-29,908,1326,1129
Tamil Nadu,Thanjavur,Kumbakonam Mandi,Soybean,2024-01-29,4137,4656,4399
Tamil Nadu,Thanjavur,Kumbakonam Mandi,Mustard,2024-01-29,4994,5275,5118
Tamil Nadu,Thanjavur,Kumbakonam Mandi,Onion,2024-01-29,1095,2120,1583
Tamil Nadu,Thanjavur,Kumbakonam Mandi,Paddy(Dhan),2024-02-02,2104,2228,2157
Tamil Nadu,Thanjavur,Kumbakonam Mandi,Banana,2024-02-02,1089,1319,1188
Tamil Nadu,Thanjavur,Kumbakonam Mandi,Jowar,2024-02-02,2400,2678,2561
Tamil Nadu,Thanjavur,Kumbakonam Mandi,Tomato,2024-02-02,806,1263,986
Tamil Nadu,Thanjavur,Kumbakonam Mandi,Soybean,2024-02-02,4154,4595,4398
Tamil Nadu,Thanjavur,Kumbakonam Mandi,Mustard,2024-02-02,4619,4954,4790
Tamil Nadu,Thanjavur,Kumbakonam Mandi,Onion,2024-02-02,1352,1792,1551
Tamil Nadu,Thanjavur,Kumbakonam Mandi,Paddy(Dhan),2024-02-06,2128,2267,2197
Tamil Nadu,Thanjavur,Kumbakonam Mandi,Chilli,2024-02-06,10133,13674,11806
Tamil Nadu,Thanjavur,Kumbakonam Mandi,Banana,2024-02-06,1092,1363,1215
Tamil Nadu,Thanjavur,Kumbakonam Mandi,Jowar,2024-02-06,2635,2963,2808
Tamil Nadu,Thanjavur,Kumbakonam Mandi,Tomato,2024-02-06,883,1154,1011
Tamil Nadu,Thanjavur,Kumbakonam Mandi,Soybean,2024-02-06,4062,4597,4327
Tamil Nadu,Thanjavur,Kumbakonam Mandi,Mustard,2024-02-06,5118,5768,5446
Tamil Nadu,Thanjavur,Kumbakonam Mandi,Chilli,2024-02-10,9645,13005,11431
Tamil Nadu,Thanjavur,Kumbakonam Mandi,Banana,2024-02-10,1035,1203,1103
Tamil Nadu,Thanjavur,Kumbakonam Mandi,Jowar,2024-02-10,2683,2976,2807
Tamil Nadu,Thanjavur,Kumbakonam Mandi,Potato,2024-02-10,671,1057,855
Tamil Nadu,Thanjavur,Kumbakonam Mandi,Tomato,2024-02-10,962,1365,1145
Tamil Nadu,Thanjavur,Kumbakonam Mandi,Mustard,2024-02-10,4748,5307,5067
Tamil Nadu,Thanjavur,Kumbakonam Mandi,Onion,2024-02-10,1093,2116,1590
Tamil Nadu,Thanjavur,Kumbakonam Mandi,Chilli,2024-02-14,10177,13381,11643
Tamil Nadu,Thanjavur,Kumbakonam Mandi,Banana,2024-02-14,1085,1449,1224
Tamil Nadu,Thanjavur,Kumbakonam Mandi,Jowar,2024-02-14,2324,2593,2445
Tamil Nadu,Thanjavur,Kumbakonam Mandi,Potato,2024-02-14,764,1061,896
Tamil Nadu,Thanjavur,Kumbakonam Mandi,Soybean,2024-02-14,3900,4252,4080
Tamil Nadu,Thanjavur,Kumbakonam Mandi,Mustard,2024-02-14,5079,5320,5200
Tamil Nadu,Thanjavur,Kumbakonam Mandi,Onion,2024-02-14,1230,1718,1436
Tamil Nadu,Thanjavur,Kumbakonam Mandi,Paddy(Dhan),2024-02-18,1872,2010,1956
Tamil Nadu,Thanjavur,Kumbakonam Mandi,Banana,2024-02-18,971,1318,1151
Tamil Nadu,Thanjavur,Kumbakonam Mandi,Jowar,2024-02-18,2565,2862,2707
Tamil Nadu,Thanjavur,Kumbakonam Mandi,Potato,2024-02-18,631,1060,836
Tamil Nadu,Thanjavur,Kumbakonam Mandi,Tomato,2024-02-18,723,1462,1095
Tamil Nadu,Thanjavur,Kumbakonam Mandi,Mustard,2024-02-18,5202,5981,5557
Tamil Nadu,Thanjavur,Kumbakonam Mandi,Paddy(Dhan),2024-02-22,1996,2132,2055
Tamil Nadu,Thanjavur,Kumbakonam Mandi,Chilli,2024-02-22,10078,14029,11951
Tamil Nadu,Thanjavur,Kumbakonam Mandi,Banana,2024-02-22,1059,1210,1130
Tamil Nadu,Thanjavur,Kumbakonam Mandi,Potato,2024-02-22,694,1185,924
Tamil Nadu,Thanjavur,Kumbakonam Mandi,Tomato,2024-02-22,947,1304,1141
Tamil Nadu,Thanjavur,Kumbakonam Mandi,Soybean,2024-02-22,3903,4344,4087
Tamil Nadu,Thanjavur,Kumbakonam Mandi,Mustard,2024-02-22,5170,5486,5313
Tamil Nadu,Thanjavur,Kumbakonam Mandi,Paddy(Dhan),2024-02-26,2061,2285,2185
Tamil Nadu,Thanjavur,Kumbakonam Mandi,Chilli,2024-02-26,9336,12617,11206
Tamil Nadu,Thanjavur,Kumbakonam Mandi,Banana,2024-02-26,938,1247,1106
Tamil Nadu,Thanjavur,Kumbakonam Mandi,Jowar,2024-02-26,2525,2820,2677
Tamil Nadu,Thanjavur,Kumbakonam Mandi,Soybean,2024-02-26,3927,4422,4194
Tamil Nadu,Thanjavur,Kumbakonam Mandi,Onion,2024-02-26,1197,1900,1524
Tamil Nadu,Thanjavur,Kumbakonam Mandi,Chilli,2024-03-01,11164,13006,12107
Tamil Nadu,Thanjavur,Kumbakonam Mandi,Jowar,2024-03-01,2536,2757,2649
Tamil Nadu,Thanjavur,Kumbakonam Mandi,Potato,2024-03-01,801,1035,915
Tamil Nadu,Thanjavur,Kumbakonam Mandi,Tomato,2024-03-01,1070,1619,1356
Tamil Nadu,Thanjavur,Kumbakonam Mandi,Soybean,2024-03-01,3991,4535,4262
Tamil Nadu,Thanjavur,Kumbakonam Mandi,Mustard,2024-03-01,4087,4409,4264
Tamil Nadu,Thanjavur,Kumbakonam Mandi,Onion,2024-03-01,784,1523,1181
Tamil Nadu,Thanjavur,Kumbakonam Mandi,Paddy(Dhan),2024-03-05,2143,2258,2203
Tamil Nadu,Thanjavur,Kumbakonam Mandi,Banana,2024-03-05,1083,1298,1167
Tamil Nadu,Thanjavur,Kumbakonam Mandi,Jowar,2024-03-05,2526,2768,2639
Tamil Nadu,Thanjavur,Kumbakonam Mandi,Potato,2024-03-05,806,1000,910
Tamil Nadu,Thanjavur,Kumbakonam Mandi,Tomato,2024-03-05,1032,1403,1201
Tamil Nadu,Thanjavur,Kumbakonam Mandi,Soybean,2024-03-05,3783,4308,4100
Tamil Nadu,Thanjavur,Kumbakonam Mandi,Mustard,2024-03-05,3843,4154,4008
Tamil Nadu,Thanjavur,Kumbakonam Mandi,Onion,2024-03-05,928,1705,1290
Tamil Nadu,Thanjavur,Kumbakonam Mandi,Paddy(Dhan),2024-03-09,1870,1985,1921
Tamil Nadu,Thanjavur,Kumbakonam Mandi,Jowar,2024-03-09,2345,2561,2434
Tamil Nadu,Thanjavur,Kumbakonam Mandi,Potato,2024-03-09,692,1130,880
Tamil Nadu,Thanjavur,Kumbakonam Mandi,Tomato,2024-03-09,925,1482,1224
Tamil Nadu,Thanjavur,Kumbakonam Mandi,Soybean,2024-03-09,3873,4123,3990
Tamil Nadu,Thanjavur,Kumbakonam Mandi,Mustard,2024-03-09,4303,4844,4569
Tamil Nadu,Thanjavur,Kumbakonam Mandi,Paddy(Dhan),2024-03-13,2039,2137,2090
Tamil Nadu,Thanjavur,Kumbakonam Mandi,Chilli,2024-03-13,9903,12356,11269
Tamil Nadu,Thanjavur,Kumbakonam Mandi,Jowar,2024-03-13,2357,2491,2421
Tamil Nadu,Thanjavur,Kumbakonam Mandi,Tomato,2024-03-13,1099,1493,1281
Tamil Nadu,Thanjavur,Kumbakonam Mandi,Soybean,2024-03-13,3905,4411,4175
Tamil Nadu,Thanjavur,Kumbakonam Mandi,Paddy(Dhan),2024-03-17,1800,2017,1924
Tamil Nadu,Thanjavur,Kumbakonam Mandi,Chilli,2024-03-17,10298,13021,11762
Tamil Nadu,Thanjavur,Kumbakonam Mandi,Banana,2024-03-17,1061,1352,1205
Tamil Nadu,Thanjavur,Kumbakonam Mandi,Jowar,2024-03-17,2586,2750,2681
Tamil Nadu,Thanjavur,Kumbakonam Mandi,Potato,2024-03-17,825,1016,930
Tamil Nadu,Thanjavur,Kumbakonam Mandi,Tomato,2024-03-17,821,1652,1256
Tamil Nadu,Thanjavur,Kumbakonam Mandi,Soybean,2024-03-17,4137,4634,4380
Tamil Nadu,Thanjavur,Kumbakonam Mandi,Chilli,2024-03-21,10134,13573,11879
Tamil Nadu,Thanjavur,Kumbakonam Mandi,Jowar,2024-03-21,2699,2869,2791
Tamil Nadu,Thanjavur,Kumbakonam Mandi,Potato,2024-03-21,734,1092,897
Tamil Nadu,Thanjavur,Kumbakonam Mandi,Tomato,2024-03-21,982,1349,1207
Tamil Nadu,Thanjavur,Kumbakonam Mandi,Soybean,2024-03-21,3882,4257,4082
Tamil Nadu,Thanjavur,Kumbakonam Mandi,Onion,2024-03-21,907,1377,1175
Tamil Nadu,Thanjavur,Kumbakonam Mandi,Paddy(Dhan),2024-03-25,1982,2135,2072
Tamil Nadu,Thanjavur,Kumbakonam Mandi,Chilli,2024-03-25,10678,12214,11351
Tamil Nadu,Thanjavur,Kumbakonam Mandi,Banana,2024-03-25,979,1247,1112
Tamil Nadu,Thanjavur,Kumbakonam Mandi,Potato,2024-03-25,828,1027,908
Tamil Nadu,Thanjavur,Kumbakonam Mandi,Soybean,2024-03-25,4081,4574,4337
Tamil Nadu,Thanjavur,Kumbakonam Mandi,Onion,2024-03-25,1002,1356,1164
Tamil Nadu,Thanjavur,Kumbakonam Mandi,Paddy(Dhan),2024-03-29,1884,2113,1990
Tamil Nadu,Thanjavur,Kumbakonam Mandi,Chilli,2024-03-29,9852,11695,10602
Tamil Nadu,Thanjavur,Kumbakonam Mandi,Banana,2024-03-29,1066,1335,1202
Tamil Nadu,Thanjavur,Kumbakonam Mandi,Jowar,2024-03-29,2499,2720,2603
Tamil Nadu,Thanjavur,Kumbakonam Mandi,Potato,2024-03-29,809,990,912
Tamil Nadu,Thanjavur,Kumbakonam Mandi,Tomato,2024-03-29,970,1515,1276
Tamil Nadu,Thanjavur,Kumbakonam Mandi,Soybean,2024-03-29,3820,4335,4098
Tamil Nadu,Thanjavur,Kumbakonam Mandi,Mustard,2024-03-29,3772,4235,4023
Tamil Nadu,Thanjavur,Kumbakonam Mandi,Onion,2024-03-29,935,1527,1200
Tamil Nadu,Thanjavur,Kumbakonam Mandi,Banana,2024-04-02,1041,1196,1103
Tamil Nadu,Thanjavur,Kumbakonam Mandi,Onion,2024-04-02,940,1548,1232
Tamil Nadu,Thanjavur,Kumbakonam Mandi,Paddy(Dhan),2024-04-06,1976,2092,2028
Tamil Nadu,Thanjavur,Kumbakonam Mandi,Banana,2024-04-06,972,1281,1125
Tamil Nadu,Thanjavur,Kumbakonam Mandi,Jowar,2024-04-06,2433,2699,2568
Tamil Nadu,Thanjavur,Kumbakonam Mandi,Potato,2024-04-06,887,1189,1022
Tamil Nadu,Thanjavur,Kumbakonam Mandi,Tomato,2024-04-06,983,1543,1225
Tamil Nadu,Thanjavur,Kumbakonam Mandi,Soybean,2024-04-06,4109,4447,4278
Tamil Nadu,Thanjavur,Kumbakonam Mandi,Mustard,2024-04-06,4151,4414,4256
Tamil Nadu,Thanjavur,Kumbakonam Mandi,Onion,2024-04-06,989,1493,1213
Tamil Nadu,Thanjavur,Kumbakonam Mandi,Chilli,2024-04-10,12262,14509,13418
Tamil Nadu,Thanjavur,Kumbakonam Mandi,Banana,2024-04-10,1016,1200,1115
Tamil Nadu,Thanjavur,Kumbakonam Mandi,Jowar,2024-04-10,2674,2885,2772
Tamil Nadu,Thanjavur,Kumbakonam Mandi,Potato,2024-04-10,837,1352,1108
Tamil Nadu,Thanjavur,Kumbakonam Mandi,Tomato,2024-04-10,1020,1366,1212
Tamil Nadu,Thanjavur,Kumbakonam Mandi,Soybean,2024-04-10,3722,4044,3903
Tamil Nadu,Thanjavur,Kumbakonam Mandi,Mustard,2024-04-10,4042,4364,4170
Tamil Nadu,Thanjavur,Kumbakonam Mandi,Onion,2024-04-10,921,1361,1169
Tamil Nadu,Thanjavur,Kumbakonam Mandi,Paddy(Dhan),2024-04-14,2045,2258,2134
Tamil Nadu,Thanjavur,Kumbakonam Mandi,Jowar,2024-04-14,2674,2875,2785
Tamil Nadu,Thanjavur,Kumbakonam Mandi,Tomato,2024-04-14,993,1803,1361
Tamil Nadu,Thanjavur,Kumbakonam Mandi,Mustard,2024-04-14,3777,4254,3998
Tamil Nadu,Thanjavur,Kumbakonam Mandi,Paddy(Dhan),2024-04-18,1930,2122,2018
Tamil Nadu,Thanjavur,Kumbakonam Mandi,Chilli,2024-04-18,12326,14649,13332
Tamil Nadu,Thanjavur,Kumbakonam Mandi,Banana,2024-04-18,1131,1297,1223
Tamil Nadu,Thanjavur,Kumbakonam Mandi,Potato,2024-04-18,941,1194,1063
Tamil Nadu,Thanjavur,Kumbakonam Mandi,Tomato,2024-04-18,1153,1599,1355
Tamil Nadu,Thanjavur,Kumbakonam Mandi,Mustard,2024-04-18,4377,4722,4585
Tamil Nadu,Thanjavur,Kumbakonam Mandi,Onion,2024-04-18,1129,1564,1321
Tamil Nadu,Thanjavur,Kumbakonam Mandi,Paddy(Dhan),2024-04-22,1948,2077,2012
Tamil Nadu,Thanjavur,Kumbakonam Mandi,Chilli,2024-04-22,12139,14522,13532
Tamil Nadu,Thanjavur,Kumbakonam Mandi,Banana,2024-04-22,1025,1308,1169
Tamil Nadu,Thanjavur,Kumbakonam Mandi,Jowar,2024-04-22,2261,2529,2415
Tamil Nadu,Thanjavur,Kumbakonam Mandi,Potato,2024-04-22,810,1271,1026
Tamil Nadu,Thanjavur,Kumbakonam Mandi,Tomato,2024-04-22,1162,1577,1349
Tamil Nadu,Thanjavur,Kumbakonam Mandi,Soybean,2024-04-22,3808,4409,4093
Tamil Nadu,Thanjavur,Kumbakonam Mandi,Onion,2024-04-22,1000,1376,1182
Tamil Nadu,Thanjavur,Kumbakonam Mandi,Paddy(Dhan),2024-04-26,1932,2084,2019
Tamil Nadu,Thanjavur,Kumbakonam Mandi,Chilli,2024-04-26,13157,15586,14161
Tamil Nadu,Thanjavur,Kumbakonam Mandi,Banana,2024-04-26,1109,1393,1233
Tamil Nadu,Thanjavur,Kumbakonam Mandi,Jowar,2024-04-26,2293,2574,2416
Tamil Nadu,Thanjavur,Kumbakonam Mandi,Potato,2024-04-26,913,1164,1015
Tamil Nadu,Thanjavur,Kumbakonam Mandi,Tomato,2024-04-26,853,1641,1259
Tamil Nadu,Thanjavur,Kumbakonam Mandi,Soybean,2024-04-26,4278,4547,4416
Tamil Nadu,Thanjavur,Kumbakonam Mandi,Mustard,2024-04-26,4238,4587,4403
Tamil Nadu,Thanjavur,Kumbakonam Mandi,Onion,2024-04-26,966,1437,1244
Tamil Nadu,Thanjavur,Kumbakonam Mandi,Paddy(Dhan),2024-04-30,1881,1996,1937
Tamil Nadu,Thanjavur,Kumbakonam Mandi,Banana,2024-04-30,993,1220,1122
Tamil Nadu,Thanjavur,Kumbakonam Mandi,Jowar,2024-04-30,2559,2873,2702
Tamil Nadu,Thanjavur,Kumbakonam Mandi,Potato,2024-04-30,880,1196,1030
Tamil Nadu,Thanjavur,Kumbakonam Mandi,Soybean,2024-04-30,3759,4319,4048
Tamil Nadu,Thanjavur,Kumbakonam Mandi,Onion,2024-04-30,975,1262,1134
Tamil Nadu,Thanjavur,Kumbakonam Mandi,Chilli,2024-05-04,13778,16353,14995
Tamil Nadu,Thanjavur,Kumbakonam Mandi,Banana,2024-05-04,1010,1180,1093
Tamil Nadu,Thanjavur,Kumbakonam Mandi,Jowar,2024-05-04,2467,2664,2547
Tamil Nadu,Thanjavur,Kumbakonam Mandi,Potato,2024-05-04,921,1233,1112
Tamil Nadu,Thanjavur,Kumbakonam Mandi,Tomato,2024-05-04,1074,1433,1236
Tamil Nadu,Thanjavur,Kumbakonam Mandi,Soybean,2024-05-04,4301,4595,4483
Tamil Nadu,Thanjavur,Kumbakonam Mandi,Mustard,2024-05-04,5354,5785,5577
Tamil Nadu,Thanjavur,Kumbakonam Mandi,Chilli,2024-05-08,11006,14515,13039
Tamil Nadu,Thanjavur,Kumbakonam Mandi,Jowar,2024-05-08,2489,2643,2566
Tamil Nadu,Thanjavur,Kumbakonam Mandi,Potato,2024-05-08,849,1225,1043
Tamil Nadu,Thanjavur,Kumbakonam Mandi,Soybean,2024-05-08,4196,4593,4446
Tamil Nadu,Thanjavur,Kumbakonam Mandi,Mustard,2024-05-08,4997,5268,5136
Tamil Nadu,Thanjavur,Kumbakonam Mandi,Onion,2024-05-08,1184,1580,1422
Tamil Nadu,Thanjavur,Kumbakonam Mandi,Paddy(Dhan),2024-05-12,1983,2100,2029
Tamil Nadu,Thanjavur,Kumbakonam Mandi,Chilli,2024-05-12,13679,16099,14861
Tamil Nadu,Thanjavur,Kumbakonam Mandi,Banana,2024-05-12,986,1238,1092
Tamil Nadu,Thanjavur,Kumbakonam Mandi,Jowar,2024-05-12,2612,2778,2679
Tamil Nadu,Thanjavur,Kumbakonam Mandi,Tomato,2024-05-12,839,1832,1382
Tamil Nadu,Thanjavur,Kumbakonam Mandi,Soybean,2024-05-12,3903,4270,4080
Tamil Nadu,Thanjavur,Kumbakonam Mandi,Onion,2024-05-12,1298,1946,1619
Tamil Nadu,Thanjavur,Kumbakonam Mandi,Chilli,2024-05-16,13548,15796,14578
Tamil Nadu,Thanjavur,Kumbakonam Mandi,Banana,2024-05-16,965,1292,1132
Tamil Nadu,Thanjavur,Kumbakonam Mandi,Tomato,2024-05-16,893,1763,1387
Tamil Nadu,Thanjavur,Kumbakonam Mandi,Soybean,2024-05-16,3979,4441,4203
Tamil Nadu,Thanjavur,Kumbakonam Mandi,Mustard,2024-05-16,4683,5173,4937
Tamil Nadu,Thanjavur,Kumbakonam Mandi,Onion,2024-05-16,1304,1790,1514
Tamil Nadu,Thanjavur,Kumbakonam Mandi,Paddy(Dhan),2024-05-20,1877,2019,1949
Tamil Nadu,Thanjavur,Kumbakonam Mandi,Chilli,2024-05-20,11538,15801,13763
Tamil Nadu,Thanjavur,Kumbakonam Mandi,Jowar,2024-05-20,2519,2809,2691
Tamil Nadu,Thanjavur,Kumbakonam Mandi,Potato,2024-05-20,946,1166,1055
Tamil Nadu,Thanjavur,Kumbakonam Mandi,Tomato,2024-05-20,1091,1733,1402
Tamil Nadu,Thanjavur,Kumbakonam Mandi,Soybean,2024-05-20,3947,4363,4149
Tamil Nadu,Thanjavur,Kumbakonam Mandi,Mustard,2024-05-20,5200,5772,5523
Tamil Nadu,Thanjavur,Kumbakonam Mandi,Onion,2024-05-20,1227,1616,1432
Tamil Nadu,Thanjavur,Kumbakonam Mandi,Paddy(Dhan),2024-05-24,2075,2265,2181
Tamil Nadu,Thanjavur,Kumbakonam Mandi,Chilli,2024-05-24,13178,16015,14813
Tamil Nadu,Thanjavur,Kumbakonam Mandi,Banana,2024-05-24,1153,1335,1224
Tamil Nadu,Thanjavur,Kumbakonam Mandi,Jowar,2024-05-24,2579,2960,2779
Tamil Nadu,Thanjavur,Kumbakonam Mandi,Potato,2024-05-24,847,1277,1057
Tamil Nadu,Thanjavur,Kumbakonam Mandi,Soybean,2024-05-24,4121,4791,4453
Tamil Nadu,Thanjavur,Kumbakonam Mandi,Paddy(Dhan),2024-05-28,2062,2262,2167
Tamil Nadu,Thanjavur,Kumbakonam Mandi,Chilli,2024-05-28,12031,14153,13005
Tamil Nadu,Thanjavur,Kumbakonam Mandi,Jowar,2024-05-28,2301,2537,2422
Tamil Nadu,Thanjavur,Kumbakonam Mandi,Potato,2024-05-28,835,1249,1044
Tamil Nadu,Thanjavur,Kumbakonam Mandi,Tomato,2024-05-28,927,1830,1288
Tamil Nadu,Thanjavur,Kumbakonam Mandi,Soybean,2024-05-28,3959,4357,4199
Tamil Nadu,Thanjavur,Kumbakonam Mandi,Mustard,2024-05-28,4654,5064,4885
Tamil Nadu,Thanjavur,Kumbakonam Mandi,Onion,2024-05-28,1250,1803,1557
Tamil Nadu,Thanjavur,Kumbakonam Mandi,Paddy(Dhan),2024-06-01,1900,2099,2015
Tamil Nadu,Thanjavur,Kumbakonam Mandi,Chilli,2024-06-01,13102,15349,14325
Tamil Nadu,Thanjavur,Kumbakonam Mandi,Banana,2024-06-01,1007,1269,1139
Tamil Nadu,Thanjavur,Kumbakonam Mandi,Potato,2024-06-01,852,1314,1131
Tamil Nadu,Thanjavur,Kumbakonam Mandi,Tomato,2024-06-01,917,1859,1369
Tamil Nadu,Thanjavur,Kumbakonam Mandi,Onion,2024-06-01,1247,1948,1597
Tamil Nadu,Thanjavur,Kumbakonam Mandi,Chilli,2024-06-05,13297,16559,15024
Tamil Nadu,Thanjavur,Kumbakonam Mandi,Banana,2024-06-05,1058,1390,1219
Tamil Nadu,Thanjavur,Kumbakonam Mandi,Jowar,2024-06-05,2634,2831,2747
Tamil Nadu,Thanjavur,Kumbakonam Mandi,Potato,2024-06-05,924,1142,1030
Tamil Nadu,Thanjavur,Kumbakonam Mandi,Onion,2024-06-05,1246,1566,1404
Tamil Nadu,Thanjavur,Kumbakonam Mandi,Paddy(Dhan),2024-06-09,1872,1982,1932
Tamil Nadu,Thanjavur,Kumbakonam Mandi,Chilli,2024-06-09,12039,15221,13554
Tamil Nadu,Thanjavur,Kumbakonam Mandi,Banana,2024-06-09,1019,1227,1129
Tamil Nadu,Thanjavur,Kumbakonam Mandi,Jowar,2024-06-09,2267,2562,2400
Tamil Nadu,Thanjavur,Kumbakonam Mandi,Potato,2024-06-09,750,1281,1048
Tamil Nadu,Thanjavur,Kumbakonam Mandi,Mustard,2024-06-09,5184,5708,5420
Tamil Nadu,Thanjavur,Kumbakonam Mandi,Onion,2024-06-09,1305,1688,1491
Tamil Nadu,Thanjavur,Kumbakonam Mandi,Paddy(Dhan),2024-06-13,2074,2193,2135
Tamil Nadu,Thanjavur,Kumbakonam Mandi,Chilli,2024-06-13,12398,15105,13502
Tamil Nadu,Thanjavur,Kumbakonam Mandi,Banana,2024-06-13,957,1267,1101
Tamil Nadu,Thanjavur,Kumbakonam Mandi,Jowar,2024-06-13,2562,2725,2658
Tamil Nadu,Thanjavur,Kumbakonam Mandi,Potato,2024-06-13,933,1397,1156
Tamil Nadu,Thanjavur,Kumbakonam Mandi,Tomato,2024-06-13,1097,1517,1299
Tamil Nadu,Thanjavur,Kumbakonam Mandi,Soybean,2024-06-13,3967,4233,4089
Tamil Nadu,Thanjavur,Kumbakonam Mandi,Mustard,2024-06-13,4933,5386,5176
Tamil Nadu,Thanjavur,Kumbakonam Mandi,Paddy(Dhan),2024-06-17,1909,2086,1979
Tamil Nadu,Thanjavur,Kumbakonam Mandi,Chilli,2024-06-17,12628,15427,14177
Tamil Nadu,Thanjavur,Kumbakonam Mandi,Banana,2024-06-17,973,1139,1057
Tamil Nadu,Thanjavur,Kumbakonam Mandi,Potato,2024-06-17,959,1343,1113
Tamil Nadu,Thanjavur,Kumbakonam Mandi,Tomato,2024-06-17,827,1502,1215
Tamil Nadu,Thanjavur,Kumbakonam Mandi,Soybean,2024-06-17,3847,4247,4088
Tamil Nadu,Thanjavur,Kumbakonam Mandi,Mustard,2024-06-17,4627,5226,4932
Tamil Nadu,Thanjavur,Kumbakonam Mandi,Onion,2024-06-17,1102,1852,1507
Tamil Nadu,Thanjavur,Kumbakonam Mandi,Paddy(Dhan),2024-06-21,1910,2128,2038
Tamil Nadu,Thanjavur,Kumbakonam Mandi,Chilli,2024-06-21,13533,16191,14846
Tamil Nadu,Thanjavur,Kumbakonam Mandi,Jowar,2024-06-21,2315,2525,2426
Tamil Nadu,Thanjavur,Kumbakonam Mandi,Potato,2024-06-21,935,1102,1027
Tamil Nadu,Thanjavur,Kumbakonam Mandi,Tomato,2024-06-21,945,1447,1230
Tamil Nadu,Thanjavur,Kumbakonam Mandi,Soybean,2024-06-21,3737,4286,3959
Tamil Nadu,Thanjavur,Kumbakonam Mandi,Onion,2024-06-21,1088,1908,1497
Tamil Nadu,Thanjavur,Kumbakonam Mandi,Paddy(Dhan),2024-06-25,2048,2238,2155
Tamil Nadu,Thanjavur,Kumbakonam Mandi,Chilli,2024-06-25,11414,14585,12910
Tamil Nadu,Thanjavur,Kumbakonam Mandi,Banana,2024-06-25,1073,1246,1143
Tamil Nadu,Thanjavur,Kumbakonam Mandi,Jowar,2024-06-25,2584,2808,2686
Tamil Nadu,Thanjavur,Kumbakonam Mandi,Potato,2024-06-25,988,1281,1109
Tamil Nadu,Thanjavur,Kumbakonam Mandi,Tomato,2024-06-25,1069,1775,1365
Tamil Nadu,Thanjavur,Kumbakonam Mandi,Soybean,2024-06-25,3889,4331,4089
Tamil Nadu,Thanjavur,Kumbakonam Mandi,Mustard,2024-06-25,4678,5058,4883
Tamil Nadu,Thanjavur,Kumbakonam Mandi,Onion,2024-06-25,1224,1942,1563
Tamil Nadu,Thanjavur,Kumbakonam Mandi,Paddy(Dhan),2024-06-29,2080,2199,2136
Tamil Nadu,Thanjavur,Kumbakonam Mandi,Chilli,2024-06-29,12374,16813,14605
Tamil Nadu,Thanjavur,Kumbakonam Mandi,Potato,2024-06-29,849,1464,1161
Tamil Nadu,Thanjavur,Kumbakonam Mandi,Soybean,2024-06-29,3684,4050,3865
Tamil Nadu,Thanjavur,Kumbakonam Mandi,Mustard,2024-06-29,4788,5168,4941
Tamil Nadu,Thanjavur,Kumbakonam Mandi,Onion,2024-06-29,1235,1647,1431
Tamil Nadu,Thanjavur,Kumbakonam Mandi,Paddy(Dhan),2024-07-03,1975,2079,2023
Tamil Nadu,Thanjavur,Kumbakonam Mandi,Jowar,2024-07-03,2347,2611,2481
Tamil Nadu,Thanjavur,Kumbakonam Mandi,Potato,2024-07-03,980,1255,1124
Tamil Nadu,Thanjavur,Kumbakonam Mandi,Tomato,2024-07-03,959,1653,1326
Tamil Nadu,Thanjavur,Kumbakonam Mandi,Soybean,2024-07-03,3788,4187,3995
Tamil Nadu,Thanjavur,Kumbakonam Mandi,Mustard,2024-07-03,5314,5683,5475
Tamil Nadu,Thanjavur,Kumbakonam Mandi,Chilli,2024-07-07,11711,14753,13252
Tamil Nadu,Thanjavur,Kumbakonam Mandi,Banana,2024-07-07,998,1253,1121
Tamil Nadu,Thanjavur,Kumbakonam Mandi,Jowar,2024-07-07,2432,2595,2528
Tamil Nadu,Thanjavur,Kumbakonam Mandi,Tomato,2024-07-07,1131,1672,1386
Tamil Nadu,Thanjavur,Kumbakonam Mandi,Mustard,2024-07-07,4696,5277,5030
Tamil Nadu,Thanjavur,Kumbakonam Mandi,Onion,2024-07-07,1247,1903,1519
Tamil Nadu,Thanjavur,Kumbakonam Mandi,Paddy(Dhan),2024-07-11,2047,2242,2161
Tamil Nadu,Thanjavur,Kumbakonam Mandi,Chilli,2024-07-11,13667,16306,15038
Tamil Nadu,Thanjavur,Kumbakonam Mandi,Jowar,2024-07-11,2598,2815,2724
Tamil Nadu,Thanjavur,Kumbakonam Mandi,Tomato,2024-07-11,1039,1398,1231
Tamil Nadu,Thanjavur,Kumbakonam Mandi,Soybean,2024-07-11,4276,4518,4392
Tamil Nadu,Thanjavur,Kumbakonam Mandi,Onion,2024-07-11,1262,1589,1447
Tamil Nadu,Thanjavur,Kumbakonam Mandi,Paddy(Dhan),2024-07-15,1829,2025,1930
Tamil Nadu,Thanjavur,Kumbakonam Mandi,Chilli,2024-07-15,12739,15162,13849
Tamil Nadu,Thanjavur,Kumbakonam Mandi,Banana,2024-07-15,1014,1280,1166
Tamil Nadu,Thanjavur,Kumbakonam Mandi,Jowar,2024-07-15,2631,2849,2743
Tamil Nadu,Thanjavur,Kumbakonam Mandi,Potato,2024-07-15,1034,1329,1171
Tamil Nadu,Thanjavur,Kumbakonam Mandi,Tomato,2024-07-15,967,1679,1294
Tamil Nadu,Thanjavur,Kumbakonam Mandi,Soybean,2024-07-15,3860,4100,3966
Tamil Nadu,Thanjavur,Kumbakonam Mandi,Mustard,2024-07-15,5133,5685,5415
Tamil Nadu,Thanjavur,Kumbakonam Mandi,Banana,2024-07-19,995,1268,1118
Tamil Nadu,Thanjavur,Kumbakonam Mandi,Jowar,2024-07-19,2642,2941,2781
Tamil Nadu,Thanjavur,Kumbakonam Mandi,Potato,2024-07-19,916,1155,1056
Tamil Nadu,Thanjavur,Kumbakonam Mandi,Tomato,2024-07-19,881,1706,1341
Tamil Nadu,Thanjavur,Kumbakonam Mandi,Mustard,2024-07-19,4760,5033,4890
Tamil Nadu,Thanjavur,Kumbakonam Mandi,Onion,2024-07-19,1250,1744,1466
Tamil Nadu,Thanjavur,Kumbakonam Mandi,Chilli,2024-07-23,13581,16167,15045
Tamil Nadu,Thanjavur,Kumbakonam Mandi,Banana,2024-07-23,1049,1231,1153
Tamil Nadu,Thanjavur,Kumbakonam Mandi,Jowar,2024-07-23,2668,2849,2761
Tamil Nadu,Thanjavur,Kumbakonam Mandi,Tomato,2024-07-23,836,1865,1373
Tamil Nadu,Thanjavur,Kumbakonam Mandi,Mustard,2024-07-23,4946,5252,5117
Tamil Nadu,Thanjavur,Kumbakonam Mandi,Onion,2024-07-23,1264,1754,1527
Tamil Nadu,Thanjavur,Kumbakonam Mandi,Paddy(Dhan),2024-07-27,2012,2223,2119
Tamil Nadu,Thanjavur,Kumbakonam Mandi,Banana,2024-07-27,1054,1380,1187
Tamil Nadu,Thanjavur,Kumbakonam Mandi,Potato,2024-07-27,911,1437,1168
Tamil Nadu,Thanjavur,Kumbakonam Mandi,Tomato,2024-07-27,998,1426,1217
Tamil Nadu,Thanjavur,Kumbakonam Mandi,Banana,2024-07-31,859,1216,1057
Tamil Nadu,Thanjavur,Kumbakonam Mandi,Mustard,2024-07-31,5376,5760,5545
Tamil Nadu,Thanjavur,Kumbakonam Mandi,Onion,2024-07-31,1351,1717,1519
Tamil Nadu,Thanjavur,Kumbakonam Mandi,Paddy(Dhan),2024-08-04,2052,2270,2179
Tamil Nadu,Thanjavur,Kumbakonam Mandi,Chilli,2024-08-04,11999,14007,12896
Tamil Nadu,Thanjavur,Kumbakonam Mandi,Banana,2024-08-04,1118,1359,1215
Tamil Nadu,Thanjavur,Kumbakonam Mandi,Jowar,2024-08-04,2521,2729,2627
Tamil Nadu,Thanjavur,Kumbakonam Mandi,Potato,2024-08-04,914,1252,1093
Tamil Nadu,Thanjavur,Kumbakonam Mandi,Tomato,2024-08-04,1044,1520,1269
Tamil Nadu,Thanjavur,Kumbakonam Mandi,Soybean,2024-08-04,4143,4489,4286
Tamil Nadu,Thanjavur,Kumbakonam Mandi,Mustard,2024-08-04,5314,5609,5480
Tamil Nadu,Thanjavur,Kumbakonam Mandi,Onion,2024-08-04,1284,1803,1497
Tamil Nadu,Thanjavur,Kumbakonam Mandi,Paddy(Dhan),2024-08-08,1851,1981,1916
Tamil Nadu,Thanjavur,Kumbakonam Mandi,Chilli,2024-08-08,12350,14133,13464
Tamil Nadu,Thanjavur,Kumbakonam Mandi,Banana,2024-08-08,1106,1362,1232
Tamil Nadu,Thanjavur,Kumbakonam Mandi,Jowar,2024-08-08,2596,2856,2695
Tamil Nadu,Thanjavur,Kumbakonam Mandi,Potato,2024-08-08,903,1208,1057
Tamil Nadu,Thanjavur,Kumbakonam Mandi,Tomato,2024-08-08,991,1836,1329
Tamil Nadu,Thanjavur,Kumbakonam Mandi,Soybean,2024-08-08,4022,4405,4230
Tamil Nadu,Thanjavur,Kumbakonam Mandi,Mustard,2024-08-08,5305,5579,5447
Tamil Nadu,Thanjavur,Kumbakonam Mandi,Onion,2024-08-08,1221,1552,1387
Tamil Nadu,Thanjavur,Kumbakonam Mandi,Paddy(Dhan),2024-08-12,1843,2007,1919
Tamil Nadu,Thanjavur,Kumbakonam Mandi,Chilli,2024-08-12,11319,14740,13107
Tamil Nadu,Thanjavur,Kumbakonam Mandi,Banana,2024-08-12,991,1119,1059
Tamil Nadu,Thanjavur,Kumbakonam Mandi,Potato,2024-08-12,834,1267,1082
Tamil Nadu,Thanjavur,Kumbakonam Mandi,Soybean,2024-08-12,3880,4209,4013
Tamil Nadu,Thanjavur,Kumbakonam Mandi,Chilli,2024-08-16,11703,14839,13375
Tamil Nadu,Thanjavur,Kumbakonam Mandi,Banana,2024-08-16,940,1173,1068
Tamil Nadu,Thanjavur,Kumbakonam Mandi,Jowar,2024-08-16,2642,2874,2768
Tamil Nadu,Thanjavur,Kumbakonam Mandi,Potato,2024-08-16,853,1344,1137
Tamil Nadu,Thanjavur,Kumbakonam Mandi,Tomato,2024-08-16,1080,1656,1403
Tamil Nadu,Thanjavur,Kumbakonam Mandi,Soybean,2024-08-16,4032,4642,4323
Tamil Nadu,Thanjavur,Kumbakonam Mandi,Onion,2024-08-16,1306,1697,1526
Tamil Nadu,Thanjavur,Kumbakonam Mandi,Paddy(Dhan),2024-08-20,1971,2079,2022
Tamil Nadu,Thanjavur,Kumbakonam Mandi,Chilli,2024-08-20,12082,15463,13729
Tamil Nadu,Thanjavur,Kumbakonam Mandi,Banana,2024-08-20,922,1290,1094
Tamil Nadu,Thanjavur,Kumbakonam Mandi,Jowar,2024-08-20,2344,2444,2392
Tamil Nadu,Thanjavur,Kumbakonam Mandi,Tomato,2024-08-20,823,1527,1267
Tamil Nadu,Thanjavur,Kumbakonam Mandi,Mustard,2024-08-20,5136,5592,5371
Tamil Nadu,Thanjavur,Kumbakonam Mandi,Onion,2024-08-20,1248,1888,1580
Tamil Nadu,Thanjavur,Kumbakonam Mandi,Paddy(Dhan),2024-08-24,2102,2241,2162
Tamil Nadu,Thanjavur,Kumbakonam Mandi,Chilli,2024-08-24,12448,16800,14425
Tamil Nadu,Thanjavur,Kumbakonam Mandi,Potato,2024-08-24,767,1257,1025
Tamil Nadu,Thanjavur,Kumbakonam Mandi,Tomato,2024-08-24,1116,1647,1395
Tamil Nadu,Thanjavur,Kumbakonam Mandi,Soybean,2024-08-24,4125,4601,4353
Tamil Nadu,Thanjavur,Kumbakonam Mandi,Mustard,2024-08-24,5049,5590,5300
Tamil Nadu,Thanjavur,Kumbakonam Mandi,Onion,2024-08-24,1175,1963,1605
Tamil Nadu,Thanjavur,Kumbakonam Mandi,Chilli,2024-08-28,12475,15094,13735
Tamil Nadu,Thanjavur,Kumbakonam Mandi,Banana,2024-08-28,1092,1294,1192
Tamil Nadu,Thanjavur,Kumbakonam Mandi,Potato,2024-08-28,849,1305,1122
Tamil Nadu,Thanjavur,Kumbakonam Mandi,Tomato,2024-08-28,927,1485,1222
Tamil Nadu,Thanjavur,Kumbakonam Mandi,Soybean,2024-08-28,4184,4537,4348
Tamil Nadu,Thanjavur,Kumbakonam Mandi,Mustard,2024-08-28,5334,5752,5581
Tamil Nadu,Thanjavur,Kumbakonam Mandi,Onion,2024-08-28,1081,1657,1430
Tamil Nadu,Thanjavur,Kumbakonam Mandi,Banana,2024-09-01,1047,1366,1214
Tamil Nadu,Thanjavur,Kumbakonam Mandi,Jowar,2024-09-01,2700,2874,2793
Tamil Nadu,Thanjavur,Kumbakonam Mandi,Potato,2024-09-01,862,1145,1025
Tamil Nadu,Thanjavur,Kumbakonam Mandi,Tomato,2024-09-01,854,1749,1354
Tamil Nadu,Thanjavur,Kumbakonam Mandi,Mustard,2024-09-01,4971,5489,5240
Tamil Nadu,Thanjavur,Kumbakonam Mandi,Onion,2024-09-01,1224,1647,1408
Tamil Nadu,Thanjavur,Kumbakonam Mandi,Paddy(Dhan),2024-09-05,1863,2042,1944
Tamil Nadu,Thanjavur,Kumbakonam Mandi,Chilli,2024-09-05,12353,14740,13303
Tamil Nadu,Thanjavur,Kumbakonam Mandi,Jowar,2024-09-05,2631,2906,2778
Tamil Nadu,Thanjavur,Kumbakonam Mandi,Potato,2024-09-05,889,1203,1026
Tamil Nadu,Thanjavur,Kumbakonam Mandi,Tomato,2024-09-05,974,1587,1338
Tamil Nadu,Thanjavur,Kumbakonam Mandi,Soybean,2024-09-05,3970,4291,4134
Tamil Nadu,Thanjavur,Kumbakonam Mandi,Mustard,2024-09-05,4651,5050,4825
Tamil Nadu,Thanjavur,Kumbakonam Mandi,Onion,2024-09-05,1173,1694,1412
Tamil Nadu,Thanjavur,Kumbakonam Mandi,Paddy(Dhan),2024-09-09,2089,2280,2203
Tamil Nadu,Thanjavur,Kumbakonam Mandi,Chilli,2024-09-09,12802,15276,14254
Tamil Nadu,Thanjavur,Kumbakonam Mandi,Jowar,2024-09-09,2280,2571,2404
Tamil Nadu,Thanjavur,Kumbakonam Mandi,Potato,2024-09-09,942,1408,1178
Tamil Nadu,Thanjavur,Kumbakonam Mandi,Tomato,2024-09-09,1022,1395,1244
Tamil Nadu,Thanjavur,Kumbakonam Mandi,Soybean,2024-09-09,4076,4615,4393
Tamil Nadu,Thanjavur,Kumbakonam Mandi,Mustard,2024-09-09,5179,5773,5444
Tamil Nadu,Thanjavur,Kumbakonam Mandi,Onion,2024-09-09,1348,1862,1565
Tamil Nadu,Thanjavur,Kumbakonam Mandi,Chilli,2024-09-13,11967,15153,13660
Tamil Nadu,Thanjavur,Kumbakonam Mandi,Banana,2024-09-13,1018,1269,1140
Tamil Nadu,Thanjavur,Kumbakonam Mandi,Potato,2024-09-13,930,1316,1093
Tamil Nadu,Thanjavur,Kumbakonam Mandi,Tomato,2024-09-13,1016,1833,1361
Tamil Nadu,Thanjavur,Kumbakonam Mandi,Soybean,2024-09-13,4308,4650,4444
Tamil Nadu,Thanjavur,Kumbakonam Mandi,Mustard,2024-09-13,5040,5439,5222
Tamil Nadu,Thanjavur,Kumbakonam Mandi,Paddy(Dhan),2024-09-17,2077,2297,2178
Tamil Nadu,Thanjavur,Kumbakonam Mandi,Chilli,2024-09-17,12005,14792,13606
Tamil Nadu,Thanjavur,Kumbakonam Mandi,Banana,2024-09-17,1030,1278,1140
Tamil Nadu,Thanjavur,Kumbakonam Mandi,Jowar,2024-09-17,2513,2831,2678
Tamil Nadu,Thanjavur,Kumbakonam Mandi,Potato,2024-09-17,933,1197,1051
Tamil Nadu,Thanjavur,Kumbakonam Mandi,Soybean,2024-09-17,4256,4836,4517
Tamil Nadu,Thanjavur,Kumbakonam Mandi,Onion,2024-09-17,1157,1669,1412
Tamil Nadu,Thanjavur,Kumbakonam Mandi,Paddy(Dhan),2024-09-21,1925,2102,2008
Tamil Nadu,Thanjavur,Kumbakonam Mandi,Chilli,2024-09-21,13504,16743,14838
Tamil Nadu,Thanjavur,Kumbakonam Mandi,Potato,2024-09-21,987,1268,1129
Tamil Nadu,Thanjavur,Kumbakonam Mandi,Tomato,2024-09-21,983,1746,1385
Tamil Nadu,Thanjavur,Kumbakonam Mandi,Soybean,2024-09-21,4179,4455,4311
Tamil Nadu,Thanjavur,Kumbakonam Mandi,Mustard,2024-09-21,5225,5763,5439
Tamil Nadu,Thanjavur,Kumbakonam Mandi,Paddy(Dhan),2024-09-25,1980,2157,2047
Tamil Nadu,Thanjavur,Kumbakonam Mandi,Chilli,2024-09-25,13748,16190,15104
Tamil Nadu,Thanjavur,Kumbakonam Mandi,Banana,2024-09-25,1154,1325,1228
Tamil Nadu,Thanjavur,Kumbakonam Mandi,Jowar,2024-09-25,2312,2613,2437
Tamil Nadu,Thanjavur,Kumbakonam Mandi,Potato,2024-09-25,945,1276,1102
Tamil Nadu,Thanjavur,Kumbakonam Mandi,Soybean,2024-09-25,3670,4149,3901
Tamil Nadu,Thanjavur,Kumbakonam Mandi,Mustard,2024-09-25,4599,5217,4980
Tamil Nadu,Thanjavur,Kumbakonam Mandi,Onion,2024-09-25,1109,1732,1436
Tamil Nadu,Thanjavur,Kumbakonam Mandi,Paddy(Dhan),2024-09-29,2075,2218,2134
Tamil Nadu,Thanjavur,Kumbakonam Mandi,Chilli,2024-09-29,12593,15212,13630
Tamil Nadu,Thanjavur,Kumbakonam Mandi,Banana,2024-09-29,1070,1299,1183
Tamil Nadu,Thanjavur,Kumbakonam Mandi,Jowar,2024-09-29,2544,2832,2689
Tamil Nadu,Thanjavur,Kumbakonam Mandi,Soybean,2024-09-29,3762,4256,4010
Tamil Nadu,Thanjavur,Kumbakonam Mandi,Mustard,2024-09-29,5040,5417,5239
Tamil Nadu,Thanjavur,Kumbakonam Mandi,Onion,2024-09-29,1210,1873,1554
Tamil Nadu,Thanjavur,Kumbakonam Mandi,Chilli,2024-10-03,13527,16021,14664
Tamil Nadu,Thanjavur,Kumbakonam Mandi,Banana,2024-10-03,1062,1326,1221
Tamil Nadu,Thanjavur,Kumbakonam Mandi,Jowar,2024-10-03,1898,2068,1984
Tamil Nadu,Thanjavur,Kumbakonam Mandi,Potato,2024-10-03,837,1396,1153
Tamil Nadu,Thanjavur,Kumbakonam Mandi,Soybean,2024-10-03,3116,3273,3195
Tamil Nadu,Thanjavur,Kumbakonam Mandi,Paddy(Dhan),2024-10-07,1699,1850,1778
Tamil Nadu,Thanjavur,Kumbakonam Mandi,Chilli,2024-10-07,12805,15141,13947
Tamil Nadu,Thanjavur,Kumbakonam Mandi,Banana,2024-10-07,1036,1340,1165
Tamil Nadu,Thanjavur,Kumbakonam Mandi,Jowar,2024-10-07,1913,2119,2009
Tamil Nadu,Thanjavur,Kumbakonam Mandi,Potato,2024-10-07,983,1356,1179
Tamil Nadu,Thanjavur,Kumbakonam Mandi,Soybean,2024-10-07,3185,3448,3318
Tamil Nadu,Thanjavur,Kumbakonam Mandi,Mustard,2024-10-07,5224,5621,5408
Tamil Nadu,Thanjavur,Kumbakonam Mandi,Onion,2024-10-07,1210,1719,1484
Tamil Nadu,Thanjavur,Kumbakonam Mandi,Paddy(Dhan),2024-10-11,1746,1865,1811
Tamil Nadu,Thanjavur,Kumbakonam Mandi,Jowar,2024-10-11,2181,2422,2287
Tamil Nadu,Thanjavur,Kumbakonam Mandi,Potato,2024-10-11,986,1346,1164
Tamil Nadu,Thanjavur,Kumbakonam Mandi,Tomato,2024-10-11,1018,1514,1223
Tamil Nadu,Thanjavur,Kumbakonam Mandi,Mustard,2024-10-11,4926,5368,5193
Tamil Nadu,Thanjavur,Kumbakonam Mandi,Onion,2024-10-11,1273,1870,1510
Tamil Nadu,Thanjavur,Kumbakonam Mandi,Banana,2024-10-15,861,1202,1057
Tamil Nadu,Thanjavur,Kumbakonam Mandi,Jowar,2024-10-15,2048,2229,2139
Tamil Nadu,Thanjavur,Kumbakonam Mandi,Tomato,2024-10-15,1039,1554,1298
Tamil Nadu,Thanjavur,Kumbakonam Mandi,Soybean,2024-10-15,3247,3696,3467
Tamil Nadu,Thanjavur,Kumbakonam Mandi,Mustard,2024-10-15,5084,5572,5324
Tamil Nadu,Thanjavur,Kumbakonam Mandi,Onion,2024-10-15,1242,1623,1450
Tamil Nadu,Thanjavur,Kumbakonam Mandi,Chilli,2024-10-19,12066,15649,13713
Tamil Nadu,Thanjavur,Kumbakonam Mandi,Banana,2024-10-19,1023,1320,1186
Tamil Nadu,Thanjavur,Kumbakonam Mandi,Jowar,2024-10-19,2203,2377,2287
Tamil Nadu,Thanjavur,Kumbakonam Mandi,Potato,2024-10-19,952,1247,1130
Tamil Nadu,Thanjavur,Kumbakonam Mandi,Tomato,2024-10-19,853,1687,1316
Tamil Nadu,Thanjavur,Kumbakonam Mandi,Soybean,2024-10-19,2974,3326,3180
Tamil Nadu,Thanjavur,Kumbakonam Mandi,Onion,2024-10-19,1203,1633,1424
Tamil Nadu,Thanjavur,Kumbakonam Mandi,Chilli,2024-10-23,12859,15675,14433
Tamil Nadu,Thanjavur,Kumbakonam Mandi,Jowar,2024-10-23,2098,2288,2198
Tamil Nadu,Thanjavur,Kumbakonam Mandi,Potato,2024-10-23,1008,1341,1168
Tamil Nadu,Thanjavur,Kumbakonam Mandi,Soybean,2024-10-23,3081,3282,3175
Tamil Nadu,Thanjavur,Kumbakonam Mandi,Mustard,2024-10-23,5410,5709,5555
Tamil Nadu,Thanjavur,Kumbakonam Mandi,Paddy(Dhan),2024-10-27,1512,1663,1601
Tamil Nadu,Thanjavur,Kumbakonam Mandi,Chilli,2024-10-27,14016,16433,15078
Tamil Nadu,Thanjavur,Kumbakonam Mandi,Jowar,2024-10-27,2113,2331,2235
Tamil Nadu,Thanjavur,Kumbakonam Mandi,Potato,2024-10-27,890,1293,1102
Tamil Nadu,Thanjavur,Kumbakonam Mandi,Soybean,2024-10-27,3276,3434,3352
Tamil Nadu,Thanjavur,Kumbakonam Mandi,Mustard,2024-10-27,5053,5630,5373
Tamil Nadu,Thanjavur,Kumbakonam Mandi,Onion,2024-10-27,1287,1968,1620
Tamil Nadu,Thanjavur,Kumbakonam Mandi,Paddy(Dhan),2024-10-31,1705,1840,1785
Tamil Nadu,Thanjavur,Kumbakonam Mandi,Banana,2024-10-31,1091,1358,1224
Tamil Nadu,Thanjavur,Kumbakonam Mandi,Jowar,2024-10-31,1893,2042,1965
Tamil Nadu,Thanjavur,Kumbakonam Mandi,Potato,2024-10-31,957,1274,1104
Tamil Nadu,Thanjavur,Kumbakonam Mandi,Tomato,2024-10-31,1156,1757,1392
Tamil Nadu,Thanjavur,Kumbakonam Mandi,Soybean,2024-10-31,3279,3508,3388
Tamil Nadu,Thanjavur,Kumbakonam Mandi,Onion,2024-10-31,965,1756,1424
Tamil Nadu,Thanjavur,Kumbakonam Mandi,Paddy(Dhan),2024-11-04,1590,1708,1640
Tamil Nadu,Thanjavur,Kumbakonam Mandi,Chilli,2024-11-04,12660,15295,14139
Tamil Nadu,Thanjavur,Kumbakonam Mandi,Jowar,2024-11-04,2059,2317,2198
Tamil Nadu,Thanjavur,Kumbakonam Mandi,Tomato,2024-11-04,901,1386,1141
Tamil Nadu,Thanjavur,Kumbakonam Mandi,Soybean,2024-11-04,3242,3479,3340
Tamil Nadu,Thanjavur,Kumbakonam Mandi,Onion,2024-11-04,902,1692,1320
Tamil Nadu,Thanjavur,Kumbakonam Mandi,Paddy(Dhan),2024-11-08,1758,1837,1795
Tamil Nadu,Thanjavur,Kumbakonam Mandi,Banana,2024-11-08,977,1169,1061
Tamil Nadu,Thanjavur,Kumbakonam Mandi,Jowar,2024-11-08,1909,2035,1970
Tamil Nadu,Thanjavur,Kumbakonam Mandi,Potato,2024-11-08,953,1182,1072
Tamil Nadu,Thanjavur,Kumbakonam Mandi,Tomato,2024-11-08,798,1213,1030
Tamil Nadu,Thanjavur,Kumbakonam Mandi,Soybean,2024-11-08,3263,3651,3477
Tamil Nadu,Thanjavur,Kumbakonam Mandi,Mustard,2024-11-08,5172,5800,5540
Tamil Nadu,Thanjavur,Kumbakonam Mandi,Onion,2024-11-08,999,1293,1161
Tamil Nadu,Thanjavur,Kumbakonam Mandi,Paddy(Dhan),2024-11-12,1540,1676,1609
Tamil Nadu,Thanjavur,Kumbakonam Mandi,Banana,2024-11-12,959,1219,1081
Tamil Nadu,Thanjavur,Kumbakonam Mandi,Jowar,2024-11-12,2062,2198,2142
Tamil Nadu,Thanjavur,Kumbakonam Mandi,Potato,2024-11-12,821,1175,1029
Tamil Nadu,Thanjavur,Kumbakonam Mandi,Soybean,2024-11-12,3362,3601,3481
Tamil Nadu,Thanjavur,Kumbakonam Mandi,Onion,2024-11-12,984,1449,1230
Tamil Nadu,Thanjavur,Kumbakonam Mandi,Paddy(Dhan),2024-11-16,1667,1837,1766
Tamil Nadu,Thanjavur,Kumbakonam Mandi,Chilli,2024-11-16,13127,15815,14500
Tamil Nadu,Thanjavur,Kumbakonam Mandi,Banana,2024-11-16,1114,1309,1220
Tamil Nadu,Thanjavur,Kumbakonam Mandi,Potato,2024-11-16,887,1381,1164
Tamil Nadu,Thanjavur,Kumbakonam Mandi,Soybean,2024-11-16,3387,3739,3563
Tamil Nadu,Thanjavur,Kumbakonam Mandi,Paddy(Dhan),2024-11-20,1686,1852,1759
Tamil Nadu,Thanjavur,Kumbakonam Mandi,Chilli,2024-11-20,13020,17267,15045
Tamil Nadu,Thanjavur,Kumbakonam Mandi,Banana,2024-11-20,1002,1276,1143
Tamil Nadu,Thanjavur,Kumbakonam Mandi,Jowar,2024-11-20,1957,2083,2021
Tamil Nadu,Thanjavur,Kumbakonam Mandi,Potato,2024-11-20,902,1176,1042
Tamil Nadu,Thanjavur,Kumbakonam Mandi,Soybean,2024-11-20,3432,3694,3584
Tamil Nadu,Thanjavur,Kumbakonam Mandi,Mustard,2024-11-20,4735,5075,4917
Tamil Nadu,Thanjavur,Kumbakonam Mandi,Paddy(Dhan),2024-11-24,1677,1757,1716
Tamil Nadu,Thanjavur,Kumbakonam Mandi,Banana,2024-11-24,972,1291,1098
Tamil Nadu,Thanjavur,Kumbakonam Mandi,Jowar,2024-11-24,1962,2206,2076
Tamil Nadu,Thanjavur,Kumbakonam Mandi,Potato,2024-11-24,803,1255,1064
Tamil Nadu,Thanjavur,Kumbakonam Mandi,Tomato,2024-11-24,859,1376,1111
Tamil Nadu,Thanjavur,Kumbakonam Mandi,Mustard,2024-11-24,5018,5410,5196
Tamil Nadu,Thanjavur,Kumbakonam Mandi,Onion,2024-11-24,995,1511,1256
Tamil Nadu,Thanjavur,Kumbakonam Mandi,Paddy(Dhan),2024-11-28,1604,1766,1666
Tamil Nadu,Thanjavur,Kumbakonam Mandi,Chilli,2024-11-28,12398,17549,15010
Tamil Nadu,Thanjavur,Kumbakonam Mandi,Banana,2024-11-28,975,1244,1134
Tamil Nadu,Thanjavur,Kumbakonam Mandi,Jowar,2024-11-28,1882,2070,1983
Tamil Nadu,Thanjavur,Kumbakonam Mandi,Potato,2024-11-28,901,1327,1074
Tamil Nadu,Thanjavur,Kumbakonam Mandi,Tomato,2024-11-28,847,1310,1045
Tamil Nadu,Thanjavur,Kumbakonam Mandi,Mustard,2024-11-28,4904,5526,5277
Tamil Nadu,Thanjavur,Kumbakonam Mandi,Onion,2024-11-28,887,1645,1266
Tamil Nadu,Thanjavur,Kumbakonam Mandi,Paddy(Dhan),2024-12-02,1690,1881,1783
Tamil Nadu,Thanjavur,Kumbakonam Mandi,Chilli,2024-12-02,13007,16475,14522
Tamil Nadu,Thanjavur,Kumbakonam Mandi,Banana,2024-12-02,964,1249,1103
Tamil Nadu,Thanjavur,Kumbakonam Mandi,Jowar,2024-12-02,2693,2854,2782
Tamil Nadu,Thanjavur,Kumbakonam Mandi,Potato,2024-12-02,920,1123,1015
Tamil Nadu,Thanjavur,Kumbakonam Mandi,Tomato,2024-12-02,854,1388,1119
Tamil Nadu,Thanjavur,Kumbakonam Mandi,Paddy(Dhan),2024-12-06,1523,1623,1570
Tamil Nadu,Thanjavur,Kumbakonam Mandi,Chilli,2024-12-06,13194,15268,14298
Tamil Nadu,Thanjavur,Kumbakonam Mandi,Banana,2024-12-06,1083,1279,1183
Tamil Nadu,Thanjavur,Kumbakonam Mandi,Jowar,2024-12-06,2409,2700,2586
Tamil Nadu,Thanjavur,Kumbakonam Mandi,Potato,2024-12-06,965,1316,1153
Tamil Nadu,Thanjavur,Kumbakonam Mandi,Tomato,2024-12-06,940,1231,1105
Tamil Nadu,Thanjavur,Kumbakonam Mandi,Mustard,2024-12-06,4756,5276,4982
Tamil Nadu,Thanjavur,Kumbakonam Mandi,Chilli,2024-12-10,13370,15916,14671
Tamil Nadu,Thanjavur,Kumbakonam Mandi,Tomato,2024-12-10,680,1284,1009
Tamil Nadu,Thanjavur,Kumbakonam Mandi,Soybean,2024-12-10,4199,4644,4470
Tamil Nadu,Thanjavur,Kumbakonam Mandi,Mustard,2024-12-10,5210,5836,5542
Tamil Nadu,Thanjavur,Kumbakonam Mandi,Paddy(Dhan),2024-12-14,1515,1598,1552
Tamil Nadu,Thanjavur,Kumbakonam Mandi,Chilli,2024-12-14,11712,14729,12892
Tamil Nadu,Thanjavur,Kumbakonam Mandi,Banana,2024-12-14,1104,1323,1200
Tamil Nadu,Thanjavur,Kumbakonam Mandi,Potato,2024-12-14,886,1238,1074
Tamil Nadu,Thanjavur,Kumbakonam Mandi,Tomato,2024-12-14,899,1235,1033
Tamil Nadu,Thanjavur,Kumbakonam Mandi,Mustard,2024-12-14,5297,5816,5606
Tamil Nadu,Thanjavur,Kumbakonam Mandi,Paddy(Dhan),2024-12-18,1590,1696,1650
Tamil Nadu,Thanjavur,Kumbakonam Mandi,Chilli,2024-12-18,11936,15150,13481
Tamil Nadu,Thanjavur,Kumbakonam Mandi,Banana,2024-12-18,1041,1317,1156
Tamil Nadu,Thanjavur,Kumbakonam Mandi,Jowar,2024-12-18,2524,2803,2674
Tamil Nadu,Thanjavur,Kumbakonam Mandi,Potato,2024-12-18,1050,1342,1165
Tamil Nadu,Thanjavur,Kumbakonam Mandi,Tomato,2024-12-18,914,1378,1118
Tamil Nadu,Thanjavur,Kumbakonam Mandi,Soybean,2024-12-18,3699,4242,3995
Tamil Nadu,Thanjavur,Kumbakonam Mandi,Chilli,2024-12-22,12728,14593,13517
Tamil Nadu,Thanjavur,Kumbakonam Mandi,Banana,2024-12-22,1055,1286,1171
Tamil Nadu,Thanjavur,Kumbakonam Mandi,Jowar,2024-12-22,2464,2787,2647
Tamil Nadu,Thanjavur,Kumbakonam Mandi,Soybean,2024-12-22,3616,4050,3875
Tamil Nadu,Thanjavur,Kumbakonam Mandi,Mustard,2024-12-22,4622,5107,4833
Tamil Nadu,Thanjavur,Kumbakonam Mandi,Paddy(Dhan),2024-12-26,1698,1892,1790
Tamil Nadu,Thanjavur,Kumbakonam Mandi,Chilli,2024-12-26,12796,16459,15025
Tamil Nadu,Thanjavur,Kumbakonam Mandi,Jowar,2024-12-26,2614,2853,2727
Tamil Nadu,Thanjavur,Kumbakonam Mandi,Potato,2024-12-26,820,1232,1029
Tamil Nadu,Thanjavur,Kumbakonam Mandi,Tomato,2024-12-26,904,1243,1074
Tamil Nadu,Thanjavur,Kumbakonam Mandi,Soybean,2024-12-26,3749,4356,4047
Tamil Nadu,Thanjavur,Kumbakonam Mandi,Mustard,2024-12-26,5074,5598,5329
Tamil Nadu,Thanjavur,Kumbakonam Mandi,Onion,2024-12-26,1111,1391,1219
Tamil Nadu,Thanjavur,Kumbakonam Mandi,Paddy(Dhan),2024-12-30,1564,1748,1651
Tamil Nadu,Thanjavur,Kumbakonam Mandi,Chilli,2024-12-30,12882,15092,13841
Tamil Nadu,Thanjavur,Kumbakonam Mandi,Banana,2024-12-30,1075,1245,1152
Tamil Nadu,Thanjavur,Kumbakonam Mandi,Jowar,2024-12-30,2366,2612,2483
Tamil Nadu,Thanjavur,Kumbakonam Mandi,Tomato,2024-12-30,721,1386,1022
Tamil Nadu,Thanjavur,Kumbakonam Mandi,Soybean,2024-12-30,4364,4683,4517
Tamil Nadu,Thanjavur,Kumbakonam Mandi,Onion,2024-12-30,925,1356,1164
Tamil Nadu,Coimbatore,Pollachi Mandi,Mango,2024-01-01,2694,3249,2964
Tamil Nadu,Coimbatore,Pollachi Mandi,Turmeric,2024-01-01,6165,7512,6909
Tamil Nadu,Coimbatore,Pollachi Mandi,Groundnut,2024-01-01,5151,5731,5476
Tamil Nadu,Coimbatore,Pollachi Mandi,Tomato,2024-01-01,671,1397,1026
Tamil Nadu,Coimbatore,Pollachi Mandi,Soybean,2024-01-05,3971,4270,4095
Tamil Nadu,Coimbatore,Pollachi Mandi,Mango,2024-01-05,2741,3633,3262
Tamil Nadu,Coimbatore,Pollachi Mandi,Turmeric,2024-01-05,7085,7969,7454
Tamil Nadu,Coimbatore,Pollachi Mandi,Groundnut,2024-01-05,5320,6218,5834
Tamil Nadu,Coimbatore,Pollachi Mandi,Tomato,2024-01-05,760,1480,1068
Tamil Nadu,Coimbatore,Pollachi Mandi,Potato,2024-01-05,735,1114,928
Tamil Nadu,Coimbatore,Pollachi Mandi,Soybean,2024-01-09,4234,4517,4366
Tamil Nadu,Coimbatore,Pollachi Mandi,Jowar,2024-01-09,2497,2682,2589
Tamil Nadu,Coimbatore,Pollachi Mandi,Mango,2024-01-09,2794,3890,3286
Tamil Nadu,Coimbatore,Pollachi Mandi,Turmeric,2024-01-09,6952,7806,7391
Tamil Nadu,Coimbatore,Pollachi Mandi,Tomato,2024-01-09,736,1322,1012
Tamil Nadu,Coimbatore,Pollachi Mandi,Mango,2024-01-13,3122,3941,3451
Tamil Nadu,Coimbatore,Pollachi Mandi,Turmeric,2024-01-13,6375,7420,6938
Tamil Nadu,Coimbatore,Pollachi Mandi,Groundnut,2024-01-13,5617,6165,5932
Tamil Nadu,Coimbatore,Pollachi Mandi,Tomato,2024-01-13,933,1330,1149
Tamil Nadu,Coimbatore,Pollachi Mandi,Potato,2024-01-13,836,999,913
Tamil Nadu,Coimbatore,Pollachi Mandi,Soybean,2024-01-17,3891,4169,4061
Tamil Nadu,Coimbatore,Pollachi Mandi,Jowar,2024-01-17,2477,2623,2546
Tamil Nadu,Coimbatore,Pollachi Mandi,Turmeric,2024-01-17,7187,8506,7890
Tamil Nadu,Coimbatore,Pollachi Mandi,Potato,2024-01-17,780,1025,921
Tamil Nadu,Coimbatore,Pollachi Mandi,Soybean,2024-01-21,3786,4205,3979
Tamil Nadu,Coimbatore,Pollachi Mandi,Jowar,2024-01-21,2520,2802,2668
Tamil Nadu,Coimbatore,Pollachi Mandi,Mango,2024-01-21,2578,3292,2993
Tamil Nadu,Coimbatore,Pollachi Mandi,Turmeric,2024-01-21,7037,8808,7975
Tamil Nadu,Coimbatore,Pollachi Mandi,Groundnut,2024-01-21,5886,6339,6164
Tamil Nadu,Coimbatore,Pollachi Mandi,Tomato,2024-01-21,919,1261,1069
Tamil Nadu,Coimbatore,Pollachi Mandi,Potato,2024-01-21,719,1027,851
Tamil Nadu,Coimbatore,Pollachi Mandi,Soybean,2024-01-25,3991,4312,4135
Tamil Nadu,Coimbatore,Pollachi Mandi,Jowar,2024-01-25,2246,2523,2393
Tamil Nadu,Coimbatore,Pollachi Mandi,Turmeric,2024-01-25,7082,8769,7750
Tamil Nadu,Coimbatore,Pollachi Mandi,Groundnut,2024-01-25,5406,5970,5705
Tamil Nadu,Coimbatore,Pollachi Mandi,Tomato,2024-01-25,927,1280,1088
Tamil Nadu,Coimbatore,Pollachi Mandi,Potato,2024-01-25,706,1032,882
Tamil Nadu,Coimbatore,Pollachi Mandi,Soybean,2024-01-29,4005,4407,4237
Tamil Nadu,Coimbatore,Pollachi Mandi,Jowar,2024-01-29,2646,2850,2759
Tamil Nadu,Coimbatore,Pollachi Mandi,Mango,2024-01-29,2595,3836,3245
Tamil Nadu,Coimbatore,Pollachi Mandi,Tomato,2024-01-29,840,1198,1038
Tamil Nadu,Coimbatore,Pollachi Mandi,Potato,2024-01-29,749,1084,898
Tamil Nadu,Coimbatore,Pollachi Mandi,Jowar,2024-02-02,2400,2537,2468
Tamil Nadu,Coimbatore,Pollachi Mandi,Groundnut,2024-02-02,5472,6287,5910
Tamil Nadu,Coimbatore,Pollachi Mandi,Tomato,2024-02-02,629,1484,1058
Tamil Nadu,Coimbatore,Pollachi Mandi,Potato,2024-02-02,767,1083,925
Tamil Nadu,Coimbatore,Pollachi Mandi,Soybean,2024-02-06,4114,4635,4311
Tamil Nadu,Coimbatore,Pollachi Mandi,Jowar,2024-02-06,2494,2636,2582
Tamil Nadu,Coimbatore,Pollachi Mandi,Mango,2024-02-06,2521,3779,3106
Tamil Nadu,Coimbatore,Pollachi Mandi,Turmeric,2024-02-06,5822,6513,6235
Tamil Nadu,Coimbatore,Pollachi Mandi,Tomato,2024-02-06,881,1328,1064
Tamil Nadu,Coimbatore,Pollachi Mandi,Potato,2024-02-06,773,998,884
Tamil Nadu,Coimbatore,Pollachi Mandi,Soybean,2024-02-10,4034,4443,4220
Tamil Nadu,Coimbatore,Pollachi Mandi,Jowar,2024-02-10,2493,2679,2573
Tamil Nadu,Coimbatore,Pollachi Mandi,Mango,2024-02-10,2672,3902,3184
Tamil Nadu,Coimbatore,Pollachi Mandi,Turmeric,2024-02-10,5351,6266,5877
Tamil Nadu,Coimbatore,Pollachi Mandi,Groundnut,2024-02-10,5604,6128,5866
Tamil Nadu,Coimbatore,Pollachi Mandi,Tomato,2024-02-10,800,1325,1076
Tamil Nadu,Coimbatore,Pollachi Mandi,Potato,2024-02-10,740,1168,944
Tamil Nadu,Coimbatore,Pollachi Mandi,Soybean,2024-02-14,3729,4205,3929
Tamil Nadu,Coimbatore,Pollachi Mandi,Jowar,2024-02-14,2633,2876,2750
Tamil Nadu,Coimbatore,Pollachi Mandi,Mango,2024-02-14,2625,3881,3224
Tamil Nadu,Coimbatore,Pollachi Mandi,Groundnut,2024-02-14,5400,5898,5665
Tamil Nadu,Coimbatore,Pollachi Mandi,Tomato,2024-02-14,855,1295,1099
Tamil Nadu,Coimbatore,Pollachi Mandi,Potato,2024-02-14,770,1150,940
Tamil Nadu,Coimbatore,Pollachi Mandi,Soybean,2024-02-18,3895,4337,4080
Tamil Nadu,Coimbatore,Pollachi Mandi,Jowar,2024-02-18,2666,2892,2798
Tamil Nadu,Coimbatore,Pollachi Mandi,Turmeric,2024-02-18,5561,6523,6145
Tamil Nadu,Coimbatore,Pollachi Mandi,Groundnut,2024-02-18,5673,6624,6218
Tamil Nadu,Coimbatore,Pollachi Mandi,Tomato,2024-02-18,792,1314,1050
Tamil Nadu,Coimbatore,Pollachi Mandi,Potato,2024-02-18,727,1095,940
Tamil Nadu,Coimbatore,Pollachi Mandi,Soybean,2024-02-22,4170,4582,4399
Tamil Nadu,Coimbatore,Pollachi Mandi,Jowar,2024-02-22,2651,2814,2736
Tamil Nadu,Coimbatore,Pollachi Mandi,Mango,2024-02-22,2616,3452,3128
Tamil Nadu,Coimbatore,Pollachi Mandi,Turmeric,2024-02-22,6060,6980,6506
Tamil Nadu,Coimbatore,Pollachi Mandi,Groundnut,2024-02-22,5876,6449,6154
Tamil Nadu,Coimbatore,Pollachi Mandi,Tomato,2024-02-22,686,1326,1054
Tamil Nadu,Coimbatore,Pollachi Mandi,Soybean,2024-02-26,4354,4681,4517
Tamil Nadu,Coimbatore,Pollachi Mandi,Jowar,2024-02-26,2447,2714,2581
Tamil Nadu,Coimbatore,Pollachi Mandi,Mango,2024-02-26,2543,3810,3245
Tamil Nadu,Coimbatore,Pollachi Mandi,Turmeric,2024-02-26,6091,6888,6550
Tamil Nadu,Coimbatore,Pollachi Mandi,Tomato,2024-02-26,894,1273,1125
Tamil Nadu,Coimbatore,Pollachi Mandi,Potato,2024-02-26,680,1109,887
Tamil Nadu,Coimbatore,Pollachi Mandi,Soybean,2024-03-01,4003,4463,4241
Tamil Nadu,Coimbatore,Pollachi Mandi,Mango,2024-03-01,2930,3986,3353
Tamil Nadu,Coimbatore,Pollachi Mandi,Turmeric,2024-03-01,5096,6298,5677
Tamil Nadu,Coimbatore,Pollachi Mandi,Groundnut,2024-03-01,5421,6075,5747
Tamil Nadu,Coimbatore,Pollachi Mandi,Tomato,2024-03-01,869,1582,1270
Tamil Nadu,Coimbatore,Pollachi Mandi,Potato,2024-03-01,798,1103,937
Tamil Nadu,Coimbatore,Pollachi Mandi,Soybean,2024-03-05,3884,4245,4075
Tamil Nadu,Coimbatore,Pollachi Mandi,Jowar,2024-03-05,2660,2860,2745
Tamil Nadu,Coimbatore,Pollachi Mandi,Mango,2024-03-05,2462,3544,3033
Tamil Nadu,Coimbatore,Pollachi Mandi,Tomato,2024-03-05,994,1611,1320
Tamil Nadu,Coimbatore,Pollachi Mandi,Potato,2024-03-05,772,1094,894
Tamil Nadu,Coimbatore,Pollachi Mandi,Jowar,2024-03-09,2537,2696,2616
Tamil Nadu,Coimbatore,Pollachi Mandi,Mango,2024-03-09,2654,3755,3319
Tamil Nadu,Coimbatore,Pollachi Mandi,Turmeric,2024-03-09,5378,6038,5678
Tamil Nadu,Coimbatore,Pollachi Mandi,Tomato,2024-03-09,948,1731,1349
Tamil Nadu,Coimbatore,Pollachi Mandi,Soybean,2024-03-13,3767,4199,4031
Tamil Nadu,Coimbatore,Pollachi Mandi,Jowar,2024-03-13,2486,2757,2604
Tamil Nadu,Coimbatore,Pollachi Mandi,Groundnut,2024-03-13,5063,5643,5413
Tamil Nadu,Coimbatore,Pollachi Mandi,Tomato,2024-03-13,973,1743,1383
Tamil Nadu,Coimbatore,Pollachi Mandi,Potato,2024-03-13,674,1103,871
Tamil Nadu,Coimbatore,Pollachi Mandi,Soybean,2024-03-17,3871,4093,3972
Tamil Nadu,Coimbatore,Pollachi Mandi,Jowar,2024-03-17,2301,2595,2457
Tamil Nadu,Coimbatore,Pollachi Mandi,Mango,2024-03-17,2689,3652,3146
Tamil Nadu,Coimbatore,Pollachi Mandi,Groundnut,2024-03-17,5836,6568,6192
Tamil Nadu,Coimbatore,Pollachi Mandi,Potato,2024-03-17,716,1104,916
Tamil Nadu,Coimbatore,Pollachi Mandi,Soybean,2024-03-21,4024,4551,4301
Tamil Nadu,Coimbatore,Pollachi Mandi,Turmeric,2024-03-21,5408,6592,6124
Tamil Nadu,Coimbatore,Pollachi Mandi,Groundnut,2024-03-21,5273,5671,5466
Tamil Nadu,Coimbatore,Pollachi Mandi,Tomato,2024-03-21,1002,1511,1302
Tamil Nadu,Coimbatore,Pollachi Mandi,Potato,2024-03-21,863,1070,968
Tamil Nadu,Coimbatore,Pollachi Mandi,Soybean,2024-03-25,4077,4344,4214
Tamil Nadu,Coimbatore,Pollachi Mandi,Jowar,2024-03-25,2332,2492,2420
Tamil Nadu,Coimbatore,Pollachi Mandi,Mango,2024-03-25,2584,3379,3076
Tamil Nadu,Coimbatore,Pollachi Mandi,Tomato,2024-03-25,892,1432,1219
Tamil Nadu,Coimbatore,Pollachi Mandi,Potato,2024-03-25,778,1020,895
Tamil Nadu,Coimbatore,Pollachi Mandi,Mango,2024-03-29,2598,3493,2990
Tamil Nadu,Coimbatore,Pollachi Mandi,Turmeric,2024-03-29,5449,6648,6034
Tamil Nadu,Coimbatore,Pollachi Mandi,Groundnut,2024-03-29,5412,5946,5706
Tamil Nadu,Coimbatore,Pollachi Mandi,Tomato,2024-03-29,812,1623,1224
Tamil Nadu,Coimbatore,Pollachi Mandi,Soybean,2024-04-02,4133,4582,4332
Tamil Nadu,Coimbatore,Pollachi Mandi,Jowar,2024-04-02,2477,2664,2569
Tamil Nadu,Coimbatore,Pollachi Mandi,Turmeric,2024-04-02,6511,8101,7254
Tamil Nadu,Coimbatore,Pollachi Mandi,Groundnut,2024-04-02,4930,5750,5382
Tamil Nadu,Coimbatore,Pollachi Mandi,Potato,2024-04-02,1023,1400,1184
Tamil Nadu,Coimbatore,Pollachi Mandi,Jowar,2024-04-06,2649,2856,2765
Tamil Nadu,Coimbatore,Pollachi Mandi,Turmeric,2024-04-06,6829,8129,7552
Tamil Nadu,Coimbatore,Pollachi Mandi,Groundnut,2024-04-06,5229,5653,5477
Tamil Nadu,Coimbatore,Pollachi Mandi,Tomato,2024-04-06,952,1433,1224
Tamil Nadu,Coimbatore,Pollachi Mandi,Potato,2024-04-06,1037,1280,1138
Tamil Nadu,Coimbatore,Pollachi Mandi,Soybean,2024-04-10,4147,4572,4364
Tamil Nadu,Coimbatore,Pollachi Mandi,Jowar,2024-04-10,2322,2638,2472
Tamil Nadu,Coimbatore,Pollachi Mandi,Potato,2024-04-10,965,1407,1183
Tamil Nadu,Coimbatore,Pollachi Mandi,Soybean,2024-04-14,4132,4698,4415
Tamil Nadu,Coimbatore,Pollachi Mandi,Jowar,2024-04-14,2459,2718,2599
Tamil Nadu,Coimbatore,Pollachi Mandi,Mango,2024-04-14,2504,3059,2796
Tamil Nadu,Coimbatore,Pollachi Mandi,Turmeric,2024-04-14,6424,7736,7097
Tamil Nadu,Coimbatore,Pollachi Mandi,Groundnut,2024-04-14,5588,6040,5808
Tamil Nadu,Coimbatore,Pollachi Mandi,Tomato,2024-04-14,973,1689,1272
Tamil Nadu,Coimbatore,Pollachi Mandi,Potato,2024-04-14,803,1232,1021
Tamil Nadu,Coimbatore,Pollachi Mandi,Soybean,2024-04-18,3995,4599,4319
Tamil Nadu,Coimbatore,Pollachi Mandi,Jowar,2024-04-18,2448,2593,2519
Tamil Nadu,Coimbatore,Pollachi Mandi,Mango,2024-04-18,2297,2794,2580
Tamil Nadu,Coimbatore,Pollachi Mandi,Turmeric,2024-04-18,6338,7560,6909
Tamil Nadu,Coimbatore,Pollachi Mandi,Groundnut,2024-04-18,5221,5561,5378
Tamil Nadu,Coimbatore,Pollachi Mandi,Soybean,2024-04-22,3895,4334,4156
Tamil Nadu,Coimbatore,Pollachi Mandi,Turmeric,2024-04-22,7059,8753,7882
Tamil Nadu,Coimbatore,Pollachi Mandi,Groundnut,2024-04-22,5698,6227,5942
Tamil Nadu,Coimbatore,Pollachi Mandi,Soybean,2024-04-26,3907,4488,4229
Tamil Nadu,Coimbatore,Pollachi Mandi,Jowar,2024-04-26,2366,2547,2468
Tamil Nadu,Coimbatore,Pollachi Mandi,Mango,2024-04-26,2168,3177,2642
Tamil Nadu,Coimbatore,Pollachi Mandi,Groundnut,2024-04-26,5478,5937,5747
Tamil Nadu,Coimbatore,Pollachi Mandi,Tomato,2024-04-26,1094,1621,1358
Tamil Nadu,Coimbatore,Pollachi Mandi,Potato,2024-04-26,958,1398,1150
Tamil Nadu,Coimbatore,Pollachi Mandi,Jowar,2024-04-30,2389,2740,2562
Tamil Nadu,Coimbatore,Pollachi Mandi,Groundnut,2024-04-30,5749,6129,5945
Tamil Nadu,Coimbatore,Pollachi Mandi,Tomato,2024-04-30,1125,1554,1366
Tamil Nadu,Coimbatore,Pollachi Mandi,Soybean,2024-05-04,3882,4373,4148
Tamil Nadu,Coimbatore,Pollachi Mandi,Jowar,2024-05-04,2460,2630,2551
Tamil Nadu,Coimbatore,Pollachi Mandi,Mango,2024-05-04,2312,2903,2603
Tamil Nadu,Coimbatore,Pollachi Mandi,Turmeric,2024-05-04,6525,7490,6910
Tamil Nadu,Coimbatore,Pollachi Mandi,Groundnut,2024-05-04,5907,6566,6257
Tamil Nadu,Coimbatore,Pollachi Mandi,Tomato,2024-05-04,995,1719,1385
Tamil Nadu,Coimbatore,Pollachi Mandi,Soybean,2024-05-08,4038,4532,4264
Tamil Nadu,Coimbatore,Pollachi Mandi,Jowar,2024-05-08,2331,2588,2473
Tamil Nadu,Coimbatore,Pollachi Mandi,Mango,2024-05-08,2239,3195,2827
Tamil Nadu,Coimbatore,Pollachi Mandi,Turmeric,2024-05-08,6952,8029,7562
Tamil Nadu,Coimbatore,Pollachi Mandi,Groundnut,2024-05-08,5888,6546,6209
Tamil Nadu,Coimbatore,Pollachi Mandi,Potato,2024-05-08,875,1171,1043
Tamil Nadu,Coimbatore,Pollachi Mandi,Soybean,2024-05-12,4278,4725,4449
Tamil Nadu,Coimbatore,Pollachi Mandi,Jowar,2024-05-12,2364,2499,2437
Tamil Nadu,Coimbatore,Pollachi Mandi,Tomato,2024-05-12,833,1540,1244
Tamil Nadu,Coimbatore,Pollachi Mandi,Potato,2024-05-12,884,1268,1028
Tamil Nadu,Coimbatore,Pollachi Mandi,Jowar,2024-05-16,2593,2920,2751
Tamil Nadu,Coimbatore,Pollachi Mandi,Mango,2024-05-16,2274,3076,2673
Tamil Nadu,Coimbatore,Pollachi Mandi,Turmeric,2024-05-16,6914,8506,7869
Tamil Nadu,Coimbatore,Pollachi Mandi,Groundnut,2024-05-16,5361,6090,5666
Tamil Nadu,Coimbatore,Pollachi Mandi,Tomato,2024-05-16,992,1646,1251
Tamil Nadu,Coimbatore,Pollachi Mandi,Soybean,2024-05-20,4134,4698,4404
Tamil Nadu,Coimbatore,Pollachi Mandi,Jowar,2024-05-20,2652,2888,2785
Tamil Nadu,Coimbatore,Pollachi Mandi,Mango,2024-05-20,2237,2682,2499
Tamil Nadu,Coimbatore,Pollachi Mandi,Turmeric,2024-05-20,7234,8595,7928
Tamil Nadu,Coimbatore,Pollachi Mandi,Groundnut,2024-05-20,5574,6470,6023
Tamil Nadu,Coimbatore,Pollachi Mandi,Tomato,2024-05-20,1170,1666,1397
Tamil Nadu,Coimbatore,Pollachi Mandi,Potato,2024-05-20,894,1251,1096
Tamil Nadu,Coimbatore,Pollachi Mandi,Soybean,2024-05-24,3975,4416,4193
Tamil Nadu,Coimbatore,Pollachi Mandi,Jowar,2024-05-24,2361,2539,2435
Tamil Nadu,Coimbatore,Pollachi Mandi,Mango,2024-05-24,2314,2767,2489
Tamil Nadu,Coimbatore,Pollachi Mandi,Tomato,2024-05-24,1134,1712,1368
Tamil Nadu,Coimbatore,Pollachi Mandi,Potato,2024-05-24,934,1144,1051
Tamil Nadu,Coimbatore,Pollachi Mandi,Soybean,2024-05-28,4349,4780,4522
Tamil Nadu,Coimbatore,Pollachi Mandi,Mango,2024-05-28,2265,2851,2605
Tamil Nadu,Coimbatore,Pollachi Mandi,Turmeric,2024-05-28,6453,7556,6926
Tamil Nadu,Coimbatore,Pollachi Mandi,Potato,2024-05-28,888,1188,1041
Tamil Nadu,Coimbatore,Pollachi Mandi,Soybean,2024-06-01,3735,4363,4036
Tamil Nadu,Coimbatore,Pollachi Mandi,Jowar,2024-06-01,2504,2765,2626
Tamil Nadu,Coimbatore,Pollachi Mandi,Mango,2024-06-01,2187,3209,2754
Tamil Nadu,Coimbatore,Pollachi Mandi,Turmeric,2024-06-01,6979,8671,7867
Tamil Nadu,Coimbatore,Pollachi Mandi,Groundnut,2024-06-01,5281,5966,5546
Tamil Nadu,Coimbatore,Pollachi Mandi,Tomato,2024-06-01,1090,1604,1313
Tamil Nadu,Coimbatore,Pollachi Mandi,Soybean,2024-06-05,4077,4454,4274
Tamil Nadu,Coimbatore,Pollachi Mandi,Jowar,2024-06-05,2719,2853,2781
Tamil Nadu,Coimbatore,Pollachi Mandi,Mango,2024-06-05,2268,3057,2744
Tamil Nadu,Coimbatore,Pollachi Mandi,Turmeric,2024-06-05,7011,8270,7722
Tamil Nadu,Coimbatore,Pollachi Mandi,Groundnut,2024-06-05,5162,5548,5396
Tamil Nadu,Coimbatore,Pollachi Mandi,Tomato,2024-06-05,867,1571,1232
Tamil Nadu,Coimbatore,Pollachi Mandi,Potato,2024-06-05,957,1311,1122
Tamil Nadu,Coimbatore,Pollachi Mandi,Soybean,2024-06-09,3852,4056,3947
Tamil Nadu,Coimbatore,Pollachi Mandi,Jowar,2024-06-09,2296,2545,2412
Tamil Nadu,Coimbatore,Pollachi Mandi,Mango,2024-06-09,2466,3171,2805
Tamil Nadu,Coimbatore,Pollachi Mandi,Turmeric,2024-06-09,7016,8364,7739
Tamil Nadu,Coimbatore,Pollachi Mandi,Tomato,2024-06-09,1083,1487,1274
Tamil Nadu,Coimbatore,Pollachi Mandi,Potato,2024-06-09,859,1296,1102
Tamil Nadu,Coimbatore,Pollachi Mandi,Soybean,2024-06-13,4219,4488,4351
Tamil Nadu,Coimbatore,Pollachi Mandi,Groundnut,2024-06-13,5101,5598,5386
Tamil Nadu,Coimbatore,Pollachi Mandi,Tomato,2024-06-13,907,1543,1231
Tamil Nadu,Coimbatore,Pollachi Mandi,Soybean,2024-06-17,4268,4538,4404
Tamil Nadu,Coimbatore,Pollachi Mandi,Jowar,2024-06-17,2491,2725,2633
Tamil Nadu,Coimbatore,Pollachi Mandi,Mango,2024-06-17,2185,2785,2449
Tamil Nadu,Coimbatore,Pollachi Mandi,Turmeric,2024-06-17,6514,8027,7166
Tamil Nadu,Coimbatore,Pollachi Mandi,Groundnut,2024-06-17,5478,6376,5957
Tamil Nadu,Coimbatore,Pollachi Mandi,Tomato,2024-06-17,1138,1738,1376
Tamil Nadu,Coimbatore,Pollachi Mandi,Soybean,2024-06-21,4206,4560,4381
Tamil Nadu,Coimbatore,Pollachi Mandi,Turmeric,2024-06-21,7034,8366,7825
Tamil Nadu,Coimbatore,Pollachi Mandi,Groundnut,2024-06-21,5786,6493,6220
Tamil Nadu,Coimbatore,Pollachi Mandi,Tomato,2024-06-21,948,1464,1207
Tamil Nadu,Coimbatore,Pollachi Mandi,Soybean,2024-06-25,3972,4366,4193
Tamil Nadu,Coimbatore,Pollachi Mandi,Jowar,2024-06-25,2693,2832,2763
Tamil Nadu,Coimbatore,Pollachi Mandi,Mango,2024-06-25,2260,2849,2577
Tamil Nadu,Coimbatore,Pollachi Mandi,Groundnut,2024-06-25,5496,5916,5732
Tamil Nadu,Coimbatore,Pollachi Mandi,Potato,2024-06-25,849,1245,1022
Tamil Nadu,Coimbatore,Pollachi Mandi,Soybean,2024-06-29,4148,4708,4445
Tamil Nadu,Coimbatore,Pollachi Mandi,Jowar,2024-06-29,2349,2601,2473
Tamil Nadu,Coimbatore,Pollachi Mandi,Turmeric,2024-06-29,6865,8476,7616
Tamil Nadu,Coimbatore,Pollachi Mandi,Groundnut,2024-06-29,5412,6122,5833
Tamil Nadu,Coimbatore,Pollachi Mandi,Tomato,2024-06-29,1008,1995,1396
Tamil Nadu,Coimbatore,Pollachi Mandi,Potato,2024-06-29,892,1351,1142
Tamil Nadu,Coimbatore,Pollachi Mandi,Soybean,2024-07-03,3878,4355,4083
Tamil Nadu,Coimbatore,Pollachi Mandi,Jowar,2024-07-03,2553,2760,2662
Tamil Nadu,Coimbatore,Pollachi Mandi,Mango,2024-07-03,2591,3287,2955
Tamil Nadu,Coimbatore,Pollachi Mandi,Turmeric,2024-07-03,6573,8403,7491
Tamil Nadu,Coimbatore,Pollachi Mandi,Groundnut,2024-07-03,5649,6078,5874
Tamil Nadu,Coimbatore,Pollachi Mandi,Potato,2024-07-03,823,1255,1019
Tamil Nadu,Coimbatore,Pollachi Mandi,Soybean,2024-07-07,4248,4653,4488
Tamil Nadu,Coimbatore,Pollachi Mandi,Jowar,2024-07-07,2458,2762,2604
Tamil Nadu,Coimbatore,Pollachi Mandi,Mango,2024-07-07,2578,3990,3295
Tamil Nadu,Coimbatore,Pollachi Mandi,Turmeric,2024-07-07,7351,8809,8037
Tamil Nadu,Coimbatore,Pollachi Mandi,Groundnut,2024-07-07,5256,5704,5484
Tamil Nadu,Coimbatore,Pollachi Mandi,Potato,2024-07-07,1014,1402,1172
Tamil Nadu,Coimbatore,Pollachi Mandi,Soybean,2024-07-11,4030,4594,4338
Tamil Nadu,Coimbatore,Pollachi Mandi,Mango,2024-07-11,2919,3980,3437
Tamil Nadu,Coimbatore,Pollachi Mandi,Turmeric,2024-07-11,7376,8575,7889
Tamil Nadu,Coimbatore,Pollachi Mandi,Groundnut,2024-07-11,5677,6088,5915
Tamil Nadu,Coimbatore,Pollachi Mandi,Tomato,2024-07-11,1126,1456,1299
Tamil Nadu,Coimbatore,Pollachi Mandi,Potato,2024-07-11,764,1261,1074
Tamil Nadu,Coimbatore,Pollachi Mandi,Soybean,2024-07-15,3783,4294,4026
Tamil Nadu,Coimbatore,Pollachi Mandi,Jowar,2024-07-15,2401,2638,2536
Tamil Nadu,Coimbatore,Pollachi Mandi,Mango,2024-07-15,2914,3708,3291
Tamil Nadu,Coimbatore,Pollachi Mandi,Turmeric,2024-07-15,7248,9115,8022
Tamil Nadu,Coimbatore,Pollachi Mandi,Groundnut,2024-07-15,5525,6500,5986
Tamil Nadu,Coimbatore,Pollachi Mandi,Tomato,2024-07-15,1061,1581,1318
Tamil Nadu,Coimbatore,Pollachi Mandi,Potato,2024-07-15,981,1250,1124
Tamil Nadu,Coimbatore,Pollachi Mandi,Soybean,2024-07-19,3789,4260,4051
Tamil Nadu,Coimbatore,Pollachi Mandi,Jowar,2024-07-19,2520,2736,2625
Tamil Nadu,Coimbatore,Pollachi Mandi,Mango,2024-07-19,2861,3557,3197
Tamil Nadu,Coimbatore,Pollachi Mandi,Turmeric,2024-07-19,7484,8567,8092
Tamil Nadu,Coimbatore,Pollachi Mandi,Groundnut,2024-07-19,5864,6304,6089
Tamil Nadu,Coimbatore,Pollachi Mandi,Potato,2024-07-19,937,1351,1136
Tamil Nadu,Coimbatore,Pollachi Mandi,Jowar,2024-07-23,2590,2837,2697
Tamil Nadu,Coimbatore,Pollachi Mandi,Mango,2024-07-23,2638,3486,3088
Tamil Nadu,Coimbatore,Pollachi Mandi,Turmeric,2024-07-23,6606,7463,7086
Tamil Nadu,Coimbatore,Pollachi Mandi,Groundnut,2024-07-23,5379,5935,5683
Tamil Nadu,Coimbatore,Pollachi Mandi,Tomato,2024-07-23,998,1504,1197
Tamil Nadu,Coimbatore,Pollachi Mandi,Potato,2024-07-23,959,1302,1154
Tamil Nadu,Coimbatore,Pollachi Mandi,Soybean,2024-07-27,4243,4680,4501
Tamil Nadu,Coimbatore,Pollachi Mandi,Jowar,2024-07-27,2368,2625,2514
Tamil Nadu,Coimbatore,Pollachi Mandi,Mango,2024-07-27,2866,3746,3363
Tamil Nadu,Coimbatore,Pollachi Mandi,Turmeric,2024-07-27,7266,8356,7804
Tamil Nadu,Coimbatore,Pollachi Mandi,Groundnut,2024-07-27,5678,6746,6194
Tamil Nadu,Coimbatore,Pollachi Mandi,Tomato,2024-07-27,858,1882,1353
Tamil Nadu,Coimbatore,Pollachi Mandi,Soybean,2024-07-31,4283,4630,4472
Tamil Nadu,Coimbatore,Pollachi Mandi,Jowar,2024-07-31,2633,2892,2753
Tamil Nadu,Coimbatore,Pollachi Mandi,Mango,2024-07-31,2503,3471,2987
Tamil Nadu,Coimbatore,Pollachi Mandi,Groundnut,2024-07-31,5859,6430,6071
Tamil Nadu,Coimbatore,Pollachi Mandi,Tomato,2024-07-31,1011,1619,1325
Tamil Nadu,Coimbatore,Pollachi Mandi,Potato,2024-07-31,968,1368,1156
Tamil Nadu,Coimbatore,Pollachi Mandi,Soybean,2024-08-04,3807,4096,3960
Tamil Nadu,Coimbatore,Pollachi Mandi,Jowar,2024-08-04,2689,2897,2793
Tamil Nadu,Coimbatore,Pollachi Mandi,Mango,2024-08-04,2822,3592,3185
Tamil Nadu,Coimbatore,Pollachi Mandi,Turmeric,2024-08-04,6956,7987,7471
Tamil Nadu,Coimbatore,Pollachi Mandi,Groundnut,2024-08-04,4987,5867,5410
Tamil Nadu,Coimbatore,Pollachi Mandi,Tomato,2024-08-04,929,1719,1234
Tamil Nadu,Coimbatore,Pollachi Mandi,Soybean,2024-08-08,3953,4228,4075
Tamil Nadu,Coimbatore,Pollachi Mandi,Mango,2024-08-08,2621,3434,3031
Tamil Nadu,Coimbatore,Pollachi Mandi,Turmeric,2024-08-08,6536,8390,7398
Tamil Nadu,Coimbatore,Pollachi Mandi,Soybean,2024-08-12,3814,4003,3906
Tamil Nadu,Coimbatore,Pollachi Mandi,Jowar,2024-08-12,2690,2925,2804
Tamil Nadu,Coimbatore,Pollachi Mandi,Mango,2024-08-12,2685,3791,3286
Tamil Nadu,Coimbatore,Pollachi Mandi,Turmeric,2024-08-12,6840,7856,7354
Tamil Nadu,Coimbatore,Pollachi Mandi,Groundnut,2024-08-12,5010,5789,5405
Tamil Nadu,Coimbatore,Pollachi Mandi,Tomato,2024-08-12,1071,1656,1364
Tamil Nadu,Coimbatore,Pollachi Mandi,Potato,2024-08-12,860,1230,1042
Tamil Nadu,Coimbatore,Pollachi Mandi,Soybean,2024-08-16,4070,4563,4322
Tamil Nadu,Coimbatore,Pollachi Mandi,Jowar,2024-08-16,2470,2804,2631
Tamil Nadu,Coimbatore,Pollachi Mandi,Turmeric,2024-08-16,6835,7688,7222
Tamil Nadu,Coimbatore,Pollachi Mandi,Tomato,2024-08-16,812,1570,1249
Tamil Nadu,Coimbatore,Pollachi Mandi,Potato,2024-08-16,922,1298,1129
Tamil Nadu,Coimbatore,Pollachi Mandi,Soybean,2024-08-20,3676,4218,3903
Tamil Nadu,Coimbatore,Pollachi Mandi,Jowar,2024-08-20,2493,2700,2590
Tamil Nadu,Coimbatore,Pollachi Mandi,Mango,2024-08-20,2563,3666,2993
Tamil Nadu,Coimbatore,Pollachi Mandi,Tomato,2024-08-20,1095,1534,1265
Tamil Nadu,Coimbatore,Pollachi Mandi,Potato,2024-08-20,968,1250,1108
Tamil Nadu,Coimbatore,Pollachi Mandi,Soybean,2024-08-24,3890,4227,4069
Tamil Nadu,Coimbatore,Pollachi Mandi,Jowar,2024-08-24,2663,2913,2804
Tamil Nadu,Coimbatore,Pollachi Mandi,Mango,2024-08-24,2824,3690,3257
Tamil Nadu,Coimbatore,Pollachi Mandi,Groundnut,2024-08-24,5028,5737,5365
Tamil Nadu,Coimbatore,Pollachi Mandi,Tomato,2024-08-24,1024,1530,1336
Tamil Nadu,Coimbatore,Pollachi Mandi,Soybean,2024-08-28,4011,4509,4314
Tamil Nadu,Coimbatore,Pollachi Mandi,Jowar,2024-08-28,2502,2711,2619
Tamil Nadu,Coimbatore,Pollachi Mandi,Mango,2024-08-28,2817,3240,3020
Tamil Nadu,Coimbatore,Pollachi Mandi,Turmeric,2024-08-28,7121,8482,7902
Tamil Nadu,Coimbatore,Pollachi Mandi,Groundnut,2024-08-28,5303,5785,5547
Tamil Nadu,Coimbatore,Pollachi Mandi,Tomato,2024-08-28,1147,1757,1401
Tamil Nadu,Coimbatore,Pollachi Mandi,Potato,2024-08-28,934,1172,1035
Tamil Nadu,Coimbatore,Pollachi Mandi,Jowar,2024-09-01,2603,2749,2692
Tamil Nadu,Coimbatore,Pollachi Mandi,Mango,2024-09-01,2775,3388,3086
Tamil Nadu,Coimbatore,Pollachi Mandi,Turmeric,2024-09-01,7501,8498,8088
Tamil Nadu,Coimbatore,Pollachi Mandi,Groundnut,2024-09-01,5170,5817,5478
Tamil Nadu,Coimbatore,Pollachi Mandi,Potato,2024-09-01,950,1189,1073
Tamil Nadu,Coimbatore,Pollachi Mandi,Jowar,2024-09-05,2515,2646,2590
Tamil Nadu,Coimbatore,Pollachi Mandi,Mango,2024-09-05,2524,3641,3132
Tamil Nadu,Coimbatore,Pollachi Mandi,Turmeric,2024-09-05,6966,7880,7382
Tamil Nadu,Coimbatore,Pollachi Mandi,Potato,2024-09-05,958,1385,1163
Tamil Nadu,Coimbatore,Pollachi Mandi,Soybean,2024-09-09,4111,4569,4340
Tamil Nadu,Coimbatore,Pollachi Mandi,Jowar,2024-09-09,2680,2836,2760
Tamil Nadu,Coimbatore,Pollachi Mandi,Mango,2024-09-09,2940,3708,3338
Tamil Nadu,Coimbatore,Pollachi Mandi,Turmeric,2024-09-09,7015,9162,8095
Tamil Nadu,Coimbatore,Pollachi Mandi,Groundnut,2024-09-09,5697,6512,6122
Tamil Nadu,Coimbatore,Pollachi Mandi,Potato,2024-09-09,802,1209,1046
Tamil Nadu,Coimbatore,Pollachi Mandi,Soybean,2024-09-13,4099,4702,4362
Tamil Nadu,Coimbatore,Pollachi Mandi,Jowar,2024-09-13,2413,2553,2496
Tamil Nadu,Coimbatore,Pollachi Mandi,Mango,2024-09-13,2754,3281,3048
Tamil Nadu,Coimbatore,Pollachi Mandi,Turmeric,2024-09-13,7295,8384,7828
Tamil Nadu,Coimbatore,Pollachi Mandi,Groundnut,2024-09-13,5540,6435,6035
Tamil Nadu,Coimbatore,Pollachi Mandi,Tomato,2024-09-13,1023,1599,1312
Tamil Nadu,Coimbatore,Pollachi Mandi,Potato,2024-09-13,959,1212,1075
Tamil Nadu,Coimbatore,Pollachi Mandi,Soybean,2024-09-17,3921,4423,4136
Tamil Nadu,Coimbatore,Pollachi Mandi,Jowar,2024-09-17,2546,2867,2733
Tamil Nadu,Coimbatore,Pollachi Mandi,Mango,2024-09-17,2677,3839,3170
Tamil Nadu,Coimbatore,Pollachi Mandi,Turmeric,2024-09-17,6861,7796,7322
Tamil Nadu,Coimbatore,Pollachi Mandi,Groundnut,2024-09-17,5827,6235,6006
Tamil Nadu,Coimbatore,Pollachi Mandi,Tomato,2024-09-17,1037,1501,1323
Tamil Nadu,Coimbatore,Pollachi Mandi,Turmeric,2024-09-21,6451,7489,7075
Tamil Nadu,Coimbatore,Pollachi Mandi,Groundnut,2024-09-21,4973,5734,5348
Tamil Nadu,Coimbatore,Pollachi Mandi,Jowar,2024-09-25,2660,2839,2752
Tamil Nadu,Coimbatore,Pollachi Mandi,Mango,2024-09-25,2964,3877,3418
Tamil Nadu,Coimbatore,Pollachi Mandi,Turmeric,2024-09-25,6831,8224,7466
Tamil Nadu,Coimbatore,Pollachi Mandi,Groundnut,2024-09-25,5076,5657,5413
Tamil Nadu,Coimbatore,Pollachi Mandi,Tomato,2024-09-25,909,1879,1378
Tamil Nadu,Coimbatore,Pollachi Mandi,Potato,2024-09-25,814,1152,1017
Tamil Nadu,Coimbatore,Pollachi Mandi,Soybean,2024-09-29,3752,4218,4038
Tamil Nadu,Coimbatore,Pollachi Mandi,Jowar,2024-09-29,2470,2739,2573
Tamil Nadu,Coimbatore,Pollachi Mandi,Mango,2024-09-29,2513,3450,2982
Tamil Nadu,Coimbatore,Pollachi Mandi,Turmeric,2024-09-29,6728,7417,7108
Tamil Nadu,Coimbatore,Pollachi Mandi,Groundnut,2024-09-29,5632,6544,6117
Tamil Nadu,Coimbatore,Pollachi Mandi,Tomato,2024-09-29,1074,1822,1373
Tamil Nadu,Coimbatore,Pollachi Mandi,Potato,2024-09-29,821,1261,1025
Tamil Nadu,Coimbatore,Pollachi Mandi,Soybean,2024-10-03,3381,3642,3518
Tamil Nadu,Coimbatore,Pollachi Mandi,Jowar,2024-10-03,2040,2271,2135
Tamil Nadu,Coimbatore,Pollachi Mandi,Mango,2024-10-03,2834,3689,3300
Tamil Nadu,Coimbatore,Pollachi Mandi,Turmeric,2024-10-03,6679,7735,7208
Tamil Nadu,Coimbatore,Pollachi Mandi,Groundnut,2024-10-03,4302,4767,4546
Tamil Nadu,Coimbatore,Pollachi Mandi,Tomato,2024-10-03,796,1515,1220
Tamil Nadu,Coimbatore,Pollachi Mandi,Potato,2024-10-03,1000,1210,1087
Tamil Nadu,Coimbatore,Pollachi Mandi,Mango,2024-10-07,2542,3482,2957
Tamil Nadu,Coimbatore,Pollachi Mandi,Turmeric,2024-10-07,7110,8355,7702
Tamil Nadu,Coimbatore,Pollachi Mandi,Groundnut,2024-10-07,4732,5229,4994
Tamil Nadu,Coimbatore,Pollachi Mandi,Tomato,2024-10-07,911,1724,1303
Tamil Nadu,Coimbatore,Pollachi Mandi,Potato,2024-10-07,852,1314,1080
Tamil Nadu,Coimbatore,Pollachi Mandi,Soybean,2024-10-11,3232,3670,3467
Tamil Nadu,Coimbatore,Pollachi Mandi,Jowar,2024-10-11,2009,2184,2092
Tamil Nadu,Coimbatore,Pollachi Mandi,Turmeric,2024-10-11,6736,8037,7259
Tamil Nadu,Coimbatore,Pollachi Mandi,Groundnut,2024-10-11,4174,4705,4392
Tamil Nadu,Coimbatore,Pollachi Mandi,Potato,2024-10-11,911,1314,1122
Tamil Nadu,Coimbatore,Pollachi Mandi,Soybean,2024-10-15,3382,3764,3586
Tamil Nadu,Coimbatore,Pollachi Mandi,Jowar,2024-10-15,2086,2333,2213
Tamil Nadu,Coimbatore,Pollachi Mandi,Mango,2024-10-15,2861,3706,3222
Tamil Nadu,Coimbatore,Pollachi Mandi,Groundnut,2024-10-15,4380,5019,4697
Tamil Nadu,Coimbatore,Pollachi Mandi,Tomato,2024-10-15,940,1515,1221
Tamil Nadu,Coimbatore,Pollachi Mandi,Potato,2024-10-15,1067,1328,1187
Tamil Nadu,Coimbatore,Pollachi Mandi,Soybean,2024-10-19,3528,3777,3650
Tamil Nadu,Coimbatore,Pollachi Mandi,Jowar,2024-10-19,2007,2250,2131
Tamil Nadu,Coimbatore,Pollachi Mandi,Mango,2024-10-19,2633,3442,2985
Tamil Nadu,Coimbatore,Pollachi Mandi,Groundnut,2024-10-19,4777,5285,5003
Tamil Nadu,Coimbatore,Pollachi Mandi,Tomato,2024-10-19,1046,1491,1285
Tamil Nadu,Coimbatore,Pollachi Mandi,Soybean,2024-10-23,3267,3545,3425
Tamil Nadu,Coimbatore,Pollachi Mandi,Mango,2024-10-23,2768,3732,3360
Tamil Nadu,Coimbatore,Pollachi Mandi,Turmeric,2024-10-23,6829,7872,7331
Tamil Nadu,Coimbatore,Pollachi Mandi,Groundnut,2024-10-23,4766,5123,4935
Tamil Nadu,Coimbatore,Pollachi Mandi,Potato,2024-10-23,952,1348,1118
Tamil Nadu,Coimbatore,Pollachi Mandi,Soybean,2024-10-27,3504,3794,3632
Tamil Nadu,Coimbatore,Pollachi Mandi,Jowar,2024-10-27,2093,2226,2171
Tamil Nadu,Coimbatore,Pollachi Mandi,Mango,2024-10-27,2632,3367,2990
Tamil Nadu,Coimbatore,Pollachi Mandi,Turmeric,2024-10-27,6409,7639,6975
Tamil Nadu,Coimbatore,Pollachi Mandi,Groundnut,2024-10-27,4577,5261,4929
Tamil Nadu,Coimbatore,Pollachi Mandi,Tomato,2024-10-27,878,1717,1298
Tamil Nadu,Coimbatore,Pollachi Mandi,Potato,2024-10-27,862,1400,1108
Tamil Nadu,Coimbatore,Pollachi Mandi,Soybean,2024-10-31,3180,3652,3407
Tamil Nadu,Coimbatore,Pollachi Mandi,Jowar,2024-10-31,2104,2224,2163
Tamil Nadu,Coimbatore,Pollachi Mandi,Mango,2024-10-31,2618,3281,2983
Tamil Nadu,Coimbatore,Pollachi Mandi,Turmeric,2024-10-31,7036,8267,7632
Tamil Nadu,Coimbatore,Pollachi Mandi,Groundnut,2024-10-31,4639,5382,5015
Tamil Nadu,Coimbatore,Pollachi Mandi,Tomato,2024-10-31,968,1826,1390
Tamil Nadu,Coimbatore,Pollachi Mandi,Potato,2024-10-31,824,1317,1072
Tamil Nadu,Coimbatore,Pollachi Mandi,Soybean,2024-11-04,3276,3720,3475
Tamil Nadu,Coimbatore,Pollachi Mandi,Mango,2024-11-04,2510,3579,3052
Tamil Nadu,Coimbatore,Pollachi Mandi,Turmeric,2024-11-04,6295,7957,7214
Tamil Nadu,Coimbatore,Pollachi Mandi,Groundnut,2024-11-04,4476,4857,4670
Tamil Nadu,Coimbatore,Pollachi Mandi,Tomato,2024-11-04,686,1513,1085
Tamil Nadu,Coimbatore,Pollachi Mandi,Potato,2024-11-04,956,1271,1104
Tamil Nadu,Coimbatore,Pollachi Mandi,Soybean,2024-11-08,3036,3368,3214
Tamil Nadu,Coimbatore,Pollachi Mandi,Jowar,2024-11-08,2039,2234,2134
Tamil Nadu,Coimbatore,Pollachi Mandi,Mango,2024-11-08,2567,3602,3123
Tamil Nadu,Coimbatore,Pollachi Mandi,Turmeric,2024-11-08,6676,8019,7436
Tamil Nadu,Coimbatore,Pollachi Mandi,Groundnut,2024-11-08,4119,4690,4444
Tamil Nadu,Coimbatore,Pollachi Mandi,Tomato,2024-11-08,832,1306,1035
Tamil Nadu,Coimbatore,Pollachi Mandi,Potato,2024-11-08,893,1279,1050
Tamil Nadu,Coimbatore,Pollachi Mandi,Soybean,2024-11-12,3464,3810,3669
Tamil Nadu,Coimbatore,Pollachi Mandi,Jowar,2024-11-12,1888,2071,1983
Tamil Nadu,Coimbatore,Pollachi Mandi,Mango,2024-11-12,2714,3705,3253
Tamil Nadu,Coimbatore,Pollachi Mandi,Groundnut,2024-11-12,4200,4835,4531
Tamil Nadu,Coimbatore,Pollachi Mandi,Tomato,2024-11-12,944,1306,1140
Tamil Nadu,Coimbatore,Pollachi Mandi,Potato,2024-11-12,923,1248,1110
Tamil Nadu,Coimbatore,Pollachi Mandi,Soybean,2024-11-16,3067,3538,3272
Tamil Nadu,Coimbatore,Pollachi Mandi,Turmeric,2024-11-16,7451,8683,8033
Tamil Nadu,Coimbatore,Pollachi Mandi,Tomato,2024-11-16,936,1305,1105
Tamil Nadu,Coimbatore,Pollachi Mandi,Potato,2024-11-16,956,1210,1096
Tamil Nadu,Coimbatore,Pollachi Mandi,Soybean,2024-11-20,3225,3557,3398
Tamil Nadu,Coimbatore,Pollachi Mandi,Jowar,2024-11-20,2078,2223,2152
Tamil Nadu,Coimbatore,Pollachi Mandi,Mango,2024-11-20,2401,3568,3037
Tamil Nadu,Coimbatore,Pollachi Mandi,Groundnut,2024-11-20,4630,5284,4927
Tamil Nadu,Coimbatore,Pollachi Mandi,Jowar,2024-11-24,2127,2306,2212
Tamil Nadu,Coimbatore,Pollachi Mandi,Turmeric,2024-11-24,6449,7524,6962
Tamil Nadu,Coimbatore,Pollachi Mandi,Tomato,2024-11-24,721,1297,1031
Tamil Nadu,Coimbatore,Pollachi Mandi,Potato,2024-11-24,897,1173,1017
Tamil Nadu,Coimbatore,Pollachi Mandi,Soybean,2024-11-28,3350,3682,3524
Tamil Nadu,Coimbatore,Pollachi Mandi,Jowar,2024-11-28,2106,2324,2221
Tamil Nadu,Coimbatore,Pollachi Mandi,Mango,2024-11-28,2303,3566,2957
Tamil Nadu,Coimbatore,Pollachi Mandi,Turmeric,2024-11-28,6274,7557,6984
Tamil Nadu,Coimbatore,Pollachi Mandi,Tomato,2024-11-28,715,1240,987
Tamil Nadu,Coimbatore,Pollachi Mandi,Potato,2024-11-28,897,1187,1039
Tamil Nadu,Coimbatore,Pollachi Mandi,Soybean,2024-12-02,4151,4634,4405
Tamil Nadu,Coimbatore,Pollachi Mandi,Jowar,2024-12-02,2340,2571,2440
Tamil Nadu,Coimbatore,Pollachi Mandi,Mango,2024-12-02,2608,3510,3017
Tamil Nadu,Coimbatore,Pollachi Mandi,Turmeric,2024-12-02,6675,8401,7585
Tamil Nadu,Coimbatore,Pollachi Mandi,Groundnut,2024-12-02,5810,6267,6066
Tamil Nadu,Coimbatore,Pollachi Mandi,Tomato,2024-12-02,790,1401,1090
Tamil Nadu,Coimbatore,Pollachi Mandi,Potato,2024-12-02,850,1351,1157
Tamil Nadu,Coimbatore,Pollachi Mandi,Soybean,2024-12-06,4230,4697,4449
Tamil Nadu,Coimbatore,Pollachi Mandi,Mango,2024-12-06,2790,3547,3217
Tamil Nadu,Coimbatore,Pollachi Mandi,Turmeric,2024-12-06,6773,8164,7553
Tamil Nadu,Coimbatore,Pollachi Mandi,Potato,2024-12-06,899,1104,1020
Tamil Nadu,Coimbatore,Pollachi Mandi,Soybean,2024-12-10,3882,4238,4087
Tamil Nadu,Coimbatore,Pollachi Mandi,Jowar,2024-12-10,2628,2835,2719
Tamil Nadu,Coimbatore,Pollachi Mandi,Turmeric,2024-12-10,6784,7860,7281
Tamil Nadu,Coimbatore,Pollachi Mandi,Groundnut,2024-12-10,5496,6294,5813
Tamil Nadu,Coimbatore,Pollachi Mandi,Tomato,2024-12-10,790,1326,1063
Tamil Nadu,Coimbatore,Pollachi Mandi,Potato,2024-12-10,915,1316,1127
Tamil Nadu,Coimbatore,Pollachi Mandi,Soybean,2024-12-14,3753,4240,3943
Tamil Nadu,Coimbatore,Pollachi Mandi,Jowar,2024-12-14,2712,2866,2806
Tamil Nadu,Coimbatore,Pollachi Mandi,Turmeric,2024-12-14,6878,8074,7564
Tamil Nadu,Coimbatore,Pollachi Mandi,Groundnut,2024-12-14,5849,6457,6152
Tamil Nadu,Coimbatore,Pollachi Mandi,Tomato,2024-12-14,786,1286,1020
Tamil Nadu,Coimbatore,Pollachi Mandi,Potato,2024-12-14,933,1171,1073
Tamil Nadu,Coimbatore,Pollachi Mandi,Soybean,2024-12-18,4124,4502,4338
Tamil Nadu,Coimbatore,Pollachi Mandi,Jowar,2024-12-18,2578,2815,2705
Tamil Nadu,Coimbatore,Pollachi Mandi,Mango,2024-12-18,2412,3700,2999
Tamil Nadu,Coimbatore,Pollachi Mandi,Turmeric,2024-12-18,7232,8251,7863
Tamil Nadu,Coimbatore,Pollachi Mandi,Groundnut,2024-12-18,5267,6133,5739
Tamil Nadu,Coimbatore,Pollachi Mandi,Tomato,2024-12-18,733,1240,1037
Tamil Nadu,Coimbatore,Pollachi Mandi,Potato,2024-12-18,968,1309,1139
Tamil Nadu,Coimbatore,Pollachi Mandi,Soybean,2024-12-22,4234,4484,4370
Tamil Nadu,Coimbatore,Pollachi Mandi,Jowar,2024-12-22,2482,2726,2599
Tamil Nadu,Coimbatore,Pollachi Mandi,Mango,2024-12-22,2356,3632,3006
Tamil Nadu,Coimbatore,Pollachi Mandi,Groundnut,2024-12-22,5520,6445,5990
Tamil Nadu,Coimbatore,Pollachi Mandi,Tomato,2024-12-22,757,1346,1074
Tamil Nadu,Coimbatore,Pollachi Mandi,Potato,2024-12-22,839,1180,1027
Tamil Nadu,Coimbatore,Pollachi Mandi,Jowar,2024-12-26,2625,2928,2803
Tamil Nadu,Coimbatore,Pollachi Mandi,Mango,2024-12-26,2681,3673,3132
Tamil Nadu,Coimbatore,Pollachi Mandi,Turmeric,2024-12-26,6652,7322,6955
Tamil Nadu,Coimbatore,Pollachi Mandi,Tomato,2024-12-26,819,1439,1099
Tamil Nadu,Coimbatore,Pollachi Mandi,Potato,2024-12-26,924,1208,1040
Tamil Nadu,Coimbatore,Pollachi Mandi,Mango,2024-12-30,2444,3623,3019
Tamil Nadu,Coimbatore,Pollachi Mandi,Groundnut,2024-12-30,5176,5753,5444
Tamil Nadu,Coimbatore,Pollachi Mandi,Potato,2024-12-30,817,1290,1087
Rajasthan,Sriganganagar,Padampur Mandi,Maize,2024-01-01,1715,1835,1788
Rajasthan,Sriganganagar,Padampur Mandi,Turmeric,2024-01-01,6928,7750,7363
Rajasthan,Sriganganagar,Padampur Mandi,Cotton,2024-01-01,5222,5819,5547
Rajasthan,Sriganganagar,Padampur Mandi,Mustard,2024-01-01,5224,5546,5394
Rajasthan,Sriganganagar,Padampur Mandi,Groundnut,2024-01-01,5829,6621,6155
Rajasthan,Sriganganagar,Padampur Mandi,Maize,2024-01-05,1899,2012,1955
Rajasthan,Sriganganagar,Padampur Mandi,Turmeric,2024-01-05,6712,7524,7163
Rajasthan,Sriganganagar,Padampur Mandi,Cotton,2024-01-05,5642,6391,6003
Rajasthan,Sriganganagar,Padampur Mandi,Potato,2024-01-05,775,943,873
Rajasthan,Sriganganagar,Padampur Mandi,Mustard,2024-01-05,5061,5632,5304
Rajasthan,Sriganganagar,Padampur Mandi,Maize,2024-01-09,1832,2010,1930
Rajasthan,Sriganganagar,Padampur Mandi,Turmeric,2024-01-09,7347,8690,8045
Rajasthan,Sriganganagar,Padampur Mandi,Cotton,2024-01-09,5106,5544,5298
Rajasthan,Sriganganagar,Padampur Mandi,Potato,2024-01-09,715,970,841
Rajasthan,Sriganganagar,Padampur Mandi,Mustard,2024-01-09,5063,5729,5429
Rajasthan,Sriganganagar,Padampur Mandi,Groundnut,2024-01-09,5837,6319,6130
Rajasthan,Sriganganagar,Padampur Mandi,Maize,2024-01-13,1844,2036,1953
Rajasthan,Sriganganagar,Padampur Mandi,Potato,2024-01-13,743,1017,862
Rajasthan,Sriganganagar,Padampur Mandi,Groundnut,2024-01-13,5327,6073,5698
Rajasthan,Sriganganagar,Padampur Mandi,Cotton,2024-01-17,4995,5721,5346
Rajasthan,Sriganganagar,Padampur Mandi,Potato,2024-01-17,764,950,852
Rajasthan,Sriganganagar,Padampur Mandi,Mustard,2024-01-17,4755,5461,5116
Rajasthan,Sriganganagar,Padampur Mandi,Groundnut,2024-01-17,5064,5808,5396
Rajasthan,Sriganganagar,Padampur Mandi,Maize,2024-01-21,1931,2107,2021
Rajasthan,Sriganganagar,Padampur Mandi,Cotton,2024-01-21,5088,5499,5265
Rajasthan,Sriganganagar,Padampur Mandi,Potato,2024-01-21,729,987,876
Rajasthan,Sriganganagar,Padampur Mandi,Mustard,2024-01-21,4733,5071,4908
Rajasthan,Sriganganagar,Padampur Mandi,Maize,2024-01-25,1729,1880,1824
Rajasthan,Sriganganagar,Padampur Mandi,Turmeric,2024-01-25,6870,7620,7207
Rajasthan,Sriganganagar,Padampur Mandi,Cotton,2024-01-25,5294,5740,5513
Rajasthan,Sriganganagar,Padampur Mandi,Potato,2024-01-25,740,998,866
Rajasthan,Sriganganagar,Padampur Mandi,Mustard,2024-01-25,5159,5735,5471
Rajasthan,Sriganganagar,Padampur Mandi,Groundnut,2024-01-25,5014,5832,5472
Rajasthan,Sriganganagar,Padampur Mandi,Maize,2024-01-29,1763,1890,1811
Rajasthan,Sriganganagar,Padampur Mandi,Cotton,2024-01-29,5000,5563,5340
Rajasthan,Sriganganagar,Padampur Mandi,Potato,2024-01-29,721,1047,884
Rajasthan,Sriganganagar,Padampur Mandi,Mustard,2024-01-29,5042,5406,5234
Rajasthan,Sriganganagar,Padampur Mandi,Groundnut,2024-01-29,5452,6154,5771
Rajasthan,Sriganganagar,Padampur Mandi,Maize,2024-02-02,1895,2111,2023
Rajasthan,Sriganganagar,Padampur Mandi,Turmeric,2024-02-02,5399,6827,6083
Rajasthan,Sriganganagar,Padampur Mandi,Cotton,2024-02-02,6737,7337,7025
Rajasthan,Sriganganagar,Padampur Mandi,Potato,2024-02-02,853,1017,926
Rajasthan,Sriganganagar,Padampur Mandi,Mustard,2024-02-02,4793,5276,5034
Rajasthan,Sriganganagar,Padampur Mandi,Maize,2024-02-06,1891,2104,2001
Rajasthan,Sriganganagar,Padampur Mandi,Turmeric,2024-02-06,5005,6114,5693
Rajasthan,Sriganganagar,Padampur Mandi,Potato,2024-02-06,685,970,837
Rajasthan,Sriganganagar,Padampur Mandi,Turmeric,2024-02-10,6084,6851,6518
Rajasthan,Sriganganagar,Padampur Mandi,Cotton,2024-02-10,6706,7453,7079
Rajasthan,Sriganganagar,Padampur Mandi,Potato,2024-02-10,874,1076,971
Rajasthan,Sriganganagar,Padampur Mandi,Mustard,2024-02-10,5144,5522,5368
Rajasthan,Sriganganagar,Padampur Mandi,Groundnut,2024-02-10,6008,6444,6196
Rajasthan,Sriganganagar,Padampur Mandi,Turmeric,2024-02-14,5446,6426,5974
Rajasthan,Sriganganagar,Padampur Mandi,Cotton,2024-02-14,6647,7308,7043
Rajasthan,Sriganganagar,Padampur Mandi,Potato,2024-02-14,802,1055,916
Rajasthan,Sriganganagar,Padampur Mandi,Mustard,2024-02-14,5116,5704,5415
Rajasthan,Sriganganagar,Padampur Mandi,Groundnut,2024-02-14,5084,5665,5340
Rajasthan,Sriganganagar,Padampur Mandi,Turmeric,2024-02-18,5055,6545,5859
Rajasthan,Sriganganagar,Padampur Mandi,Cotton,2024-02-18,6784,7250,7042
Rajasthan,Sriganganagar,Padampur Mandi,Potato,2024-02-18,646,1038,875
Rajasthan,Sriganganagar,Padampur Mandi,Mustard,2024-02-18,5123,5463,5300
Rajasthan,Sriganganagar,Padampur Mandi,Groundnut,2024-02-18,5663,6259,6009
Rajasthan,Sriganganagar,Padampur Mandi,Maize,2024-02-22,1922,2152,2018
Rajasthan,Sriganganagar,Padampur Mandi,Turmeric,2024-02-22,5747,6559,6085
Rajasthan,Sriganganagar,Padampur Mandi,Cotton,2024-02-22,6352,6956,6620
Rajasthan,Sriganganagar,Padampur Mandi,Potato,2024-02-22,806,1042,924
Rajasthan,Sriganganagar,Padampur Mandi,Mustard,2024-02-22,4667,5306,4988
Rajasthan,Sriganganagar,Padampur Mandi,Groundnut,2024-02-22,5612,6166,5911
Rajasthan,Sriganganagar,Padampur Mandi,Maize,2024-02-26,1814,1981,1892
Rajasthan,Sriganganagar,Padampur Mandi,Turmeric,2024-02-26,5262,6423,5841
Rajasthan,Sriganganagar,Padampur Mandi,Potato,2024-02-26,678,1008,855
Rajasthan,Sriganganagar,Padampur Mandi,Mustard,2024-02-26,4969,5567,5299
Rajasthan,Sriganganagar,Padampur Mandi,Groundnut,2024-02-26,5178,5886,5465
Rajasthan,Sriganganagar,Padampur Mandi,Cotton,2024-03-01,6979,7794,7340
Rajasthan,Sriganganagar,Padampur Mandi,Potato,2024-03-01,750,964,838
Rajasthan,Sriganganagar,Padampur Mandi,Mustard,2024-03-01,3984,4427,4238
Rajasthan,Sriganganagar,Padampur Mandi,Groundnut,2024-03-01,5904,6313,6160
Rajasthan,Sriganganagar,Padampur Mandi,Maize,2024-03-05,1754,1899,1825
Rajasthan,Sriganganagar,Padampur Mandi,Turmeric,2024-03-05,5629,6812,6208
Rajasthan,Sriganganagar,Padampur Mandi,Potato,2024-03-05,656,1166,908
Rajasthan,Sriganganagar,Padampur Mandi,Mustard,2024-03-05,4035,4307,4148
Rajasthan,Sriganganagar,Padampur Mandi,Groundnut,2024-03-05,5713,6441,6063
Rajasthan,Sriganganagar,Padampur Mandi,Maize,2024-03-09,1770,1893,1823
Rajasthan,Sriganganagar,Padampur Mandi,Turmeric,2024-03-09,5664,7403,6585
Rajasthan,Sriganganagar,Padampur Mandi,Cotton,2024-03-09,6279,7147,6735
Rajasthan,Sriganganagar,Padampur Mandi,Potato,2024-03-09,790,1094,949
Rajasthan,Sriganganagar,Padampur Mandi,Groundnut,2024-03-09,5217,5718,5469
Rajasthan,Sriganganagar,Padampur Mandi,Maize,2024-03-13,1674,1821,1762
Rajasthan,Sriganganagar,Padampur Mandi,Turmeric,2024-03-13,5661,6596,6116
Rajasthan,Sriganganagar,Padampur Mandi,Potato,2024-03-13,637,1104,889
Rajasthan,Sriganganagar,Padampur Mandi,Mustard,2024-03-13,4252,4892,4580
Rajasthan,Sriganganagar,Padampur Mandi,Groundnut,2024-03-13,5632,6181,5901
Rajasthan,Sriganganagar,Padampur Mandi,Turmeric,2024-03-17,6170,6930,6541
Rajasthan,Sriganganagar,Padampur Mandi,Cotton,2024-03-17,6472,7154,6808
Rajasthan,Sriganganagar,Padampur Mandi,Potato,2024-03-17,777,1122,940
Rajasthan,Sriganganagar,Padampur Mandi,Mustard,2024-03-17,3858,4309,4085
Rajasthan,Sriganganagar,Padampur Mandi,Groundnut,2024-03-17,5834,6530,6176
Rajasthan,Sriganganagar,Padampur Mandi,Turmeric,2024-03-21,5003,6332,5817
Rajasthan,Sriganganagar,Padampur Mandi,Mustard,2024-03-21,4068,4606,4305
Rajasthan,Sriganganagar,Padampur Mandi,Groundnut,2024-03-21,5579,6116,5872
Rajasthan,Sriganganagar,Padampur Mandi,Maize,2024-03-25,1752,1877,1811
Rajasthan,Sriganganagar,Padampur Mandi,Cotton,2024-03-25,6778,7313,7032
Rajasthan,Sriganganagar,Padampur Mandi,Potato,2024-03-25,732,943,832
Rajasthan,Sriganganagar,Padampur Mandi,Groundnut,2024-03-25,5842,6323,6050
Rajasthan,Sriganganagar,Padampur Mandi,Maize,2024-03-29,1896,2056,1971
Rajasthan,Sriganganagar,Padampur Mandi,Cotton,2024-03-29,6027,6878,6475
Rajasthan,Sriganganagar,Padampur Mandi,Potato,2024-03-29,842,1068,947
Rajasthan,Sriganganagar,Padampur Mandi,Mustard,2024-03-29,4378,4753,4533
Rajasthan,Sriganganagar,Padampur Mandi,Groundnut,2024-03-29,5090,5833,5406
Rajasthan,Sriganganagar,Padampur Mandi,Maize,2024-04-02,1693,1816,1757
Rajasthan,Sriganganagar,Padampur Mandi,Turmeric,2024-04-02,6555,7703,7227
Rajasthan,Sriganganagar,Padampur Mandi,Cotton,2024-04-02,6525,7509,7097
Rajasthan,Sriganganagar,Padampur Mandi,Potato,2024-04-02,773,1181,1013
Rajasthan,Sriganganagar,Padampur Mandi,Mustard,2024-04-02,4148,4388,4265
Rajasthan,Sriganganagar,Padampur Mandi,Groundnut,2024-04-02,5752,6400,6115
Rajasthan,Sriganganagar,Padampur Mandi,Maize,2024-04-06,1818,1946,1889
Rajasthan,Sriganganagar,Padampur Mandi,Turmeric,2024-04-06,6595,7887,7281
Rajasthan,Sriganganagar,Padampur Mandi,Cotton,2024-04-06,6272,7209,6756
Rajasthan,Sriganganagar,Padampur Mandi,Potato,2024-04-06,893,1229,1047
Rajasthan,Sriganganagar,Padampur Mandi,Mustard,2024-04-06,4273,4877,4543
Rajasthan,Sriganganagar,Padampur Mandi,Groundnut,2024-04-06,5609,6143,5880
Rajasthan,Sriganganagar,Padampur Mandi,Turmeric,2024-04-10,6821,8686,7944
Rajasthan,Sriganganagar,Padampur Mandi,Potato,2024-04-10,1026,1253,1122
Rajasthan,Sriganganagar,Padampur Mandi,Mustard,2024-04-10,4163,4408,4309
Rajasthan,Sriganganagar,Padampur Mandi,Groundnut,2024-04-10,5424,6088,5752
Rajasthan,Sriganganagar,Padampur Mandi,Maize,2024-04-14,1784,1924,1864
Rajasthan,Sriganganagar,Padampur Mandi,Turmeric,2024-04-14,6526,7966,7303
Rajasthan,Sriganganagar,Padampur Mandi,Cotton,2024-04-14,6095,6801,6470
Rajasthan,Sriganganagar,Padampur Mandi,Mustard,2024-04-14,3773,4051,3942
Rajasthan,Sriganganagar,Padampur Mandi,Groundnut,2024-04-14,5174,5644,5405
Rajasthan,Sriganganagar,Padampur Mandi,Maize,2024-04-18,1735,1932,1819
Rajasthan,Sriganganagar,Padampur Mandi,Turmeric,2024-04-18,7533,8285,7856
Rajasthan,Sriganganagar,Padampur Mandi,Potato,2024-04-18,927,1142,1039
Rajasthan,Sriganganagar,Padampur Mandi,Mustard,2024-04-18,4132,4552,4374
Rajasthan,Sriganganagar,Padampur Mandi,Groundnut,2024-04-18,5107,5814,5453
Rajasthan,Sriganganagar,Padampur Mandi,Maize,2024-04-22,1858,2030,1948
Rajasthan,Sriganganagar,Padampur Mandi,Turmeric,2024-04-22,7623,8366,7970
Rajasthan,Sriganganagar,Padampur Mandi,Potato,2024-04-22,956,1231,1101
Rajasthan,Sriganganagar,Padampur Mandi,Maize,2024-04-26,1881,1998,1940
Rajasthan,Sriganganagar,Padampur Mandi,Turmeric,2024-04-26,6917,8220,7448
Rajasthan,Sriganganagar,Padampur Mandi,Potato,2024-04-26,913,1304,1099
Rajasthan,Sriganganagar,Padampur Mandi,Mustard,2024-04-26,4177,4447,4317
Rajasthan,Sriganganagar,Padampur Mandi,Groundnut,2024-04-26,5611,6258,5971
Rajasthan,Sriganganagar,Padampur Mandi,Turmeric,2024-04-30,7010,8378,7774
Rajasthan,Sriganganagar,Padampur Mandi,Cotton,2024-04-30,6148,7025,6610
Rajasthan,Sriganganagar,Padampur Mandi,Mustard,2024-04-30,4293,4635,4481
Rajasthan,Sriganganagar,Padampur Mandi,Groundnut,2024-04-30,5724,6200,5979
Rajasthan,Sriganganagar,Padampur Mandi,Maize,2024-05-04,1703,1838,1774
Rajasthan,Sriganganagar,Padampur Mandi,Turmeric,2024-05-04,7439,8456,7861
Rajasthan,Sriganganagar,Padampur Mandi,Cotton,2024-05-04,6488,7358,6982
Rajasthan,Sriganganagar,Padampur Mandi,Potato,2024-05-04,921,1301,1068
Rajasthan,Sriganganagar,Padampur Mandi,Mustard,2024-05-04,5022,5657,5352
Rajasthan,Sriganganagar,Padampur Mandi,Groundnut,2024-05-04,5966,6578,6248
Rajasthan,Sriganganagar,Padampur Mandi,Maize,2024-05-08,1847,2029,1938
Rajasthan,Sriganganagar,Padampur Mandi,Turmeric,2024-05-08,6962,7803,7404
Rajasthan,Sriganganagar,Padampur Mandi,Cotton,2024-05-08,6738,7176,6923
Rajasthan,Sriganganagar,Padampur Mandi,Potato,2024-05-08,815,1175,1026
Rajasthan,Sriganganagar,Padampur Mandi,Mustard,2024-05-08,5348,5851,5606
Rajasthan,Sriganganagar,Padampur Mandi,Groundnut,2024-05-08,5711,6122,5939
Rajasthan,Sriganganagar,Padampur Mandi,Turmeric,2024-05-12,7657,8513,8017
Rajasthan,Sriganganagar,Padampur Mandi,Cotton,2024-05-12,6010,6715,6352
Rajasthan,Sriganganagar,Padampur Mandi,Potato,2024-05-12,832,1347,1119
Rajasthan,Sriganganagar,Padampur Mandi,Groundnut,2024-05-12,5713,6604,6082
Rajasthan,Sriganganagar,Padampur Mandi,Maize,2024-05-16,1700,1890,1793
Rajasthan,Sriganganagar,Padampur Mandi,Potato,2024-05-16,826,1260,1076
Rajasthan,Sriganganagar,Padampur Mandi,Mustard,2024-05-16,4996,5607,5328
Rajasthan,Sriganganagar,Padampur Mandi,Maize,2024-05-20,1755,1916,1827
Rajasthan,Sriganganagar,Padampur Mandi,Cotton,2024-05-20,6135,6795,6492
Rajasthan,Sriganganagar,Padampur Mandi,Potato,2024-05-20,819,1223,1014
Rajasthan,Sriganganagar,Padampur Mandi,Mustard,2024-05-20,4909,5166,5036
Rajasthan,Sriganganagar,Padampur Mandi,Turmeric,2024-05-24,6457,7446,6932
Rajasthan,Sriganganagar,Padampur Mandi,Cotton,2024-05-24,6718,7375,6988
Rajasthan,Sriganganagar,Padampur Mandi,Mustard,2024-05-24,4728,5073,4891
Rajasthan,Sriganganagar,Padampur Mandi,Groundnut,2024-05-24,5661,6361,6018
Rajasthan,Sriganganagar,Padampur Mandi,Maize,2024-05-28,1950,2170,2049
Rajasthan,Sriganganagar,Padampur Mandi,Turmeric,2024-05-28,7006,8000,7465
Rajasthan,Sriganganagar,Padampur Mandi,Cotton,2024-05-28,6395,7493,6861
Rajasthan,Sriganganagar,Padampur Mandi,Mustard,2024-05-28,5362,5754,5576
Rajasthan,Sriganganagar,Padampur Mandi,Groundnut,2024-05-28,5776,6388,6110
Rajasthan,Sriganganagar,Padampur Mandi,Maize,2024-06-01,1835,2063,1955
Rajasthan,Sriganganagar,Padampur Mandi,Cotton,2024-06-01,6425,7227,6761
Rajasthan,Sriganganagar,Padampur Mandi,Potato,2024-06-01,879,1359,1155
Rajasthan,Sriganganagar,Padampur Mandi,Groundnut,2024-06-01,5676,6029,5831
Rajasthan,Sriganganagar,Padampur Mandi,Maize,2024-06-05,1974,2132,2050
Rajasthan,Sriganganagar,Padampur Mandi,Turmeric,2024-06-05,6505,7667,7184
Rajasthan,Sriganganagar,Padampur Mandi,Cotton,2024-06-05,6108,6902,6544
Rajasthan,Sriganganagar,Padampur Mandi,Potato,2024-06-05,982,1480,1188
Rajasthan,Sriganganagar,Padampur Mandi,Turmeric,2024-06-09,7268,8494,7957
Rajasthan,Sriganganagar,Padampur Mandi,Cotton,2024-06-09,6010,6750,6317
Rajasthan,Sriganganagar,Padampur Mandi,Mustard,2024-06-09,5073,5560,5278
Rajasthan,Sriganganagar,Padampur Mandi,Groundnut,2024-06-09,5504,6043,5825
Rajasthan,Sriganganagar,Padampur Mandi,Maize,2024-06-13,1906,2054,1990
Rajasthan,Sriganganagar,Padampur Mandi,Cotton,2024-06-13,6055,6987,6614
Rajasthan,Sriganganagar,Padampur Mandi,Potato,2024-06-13,850,1267,1092
Rajasthan,Sriganganagar,Padampur Mandi,Mustard,2024-06-13,4813,5503,5133
Rajasthan,Sriganganagar,Padampur Mandi,Groundnut,2024-06-13,4985,5969,5462
Rajasthan,Sriganganagar,Padampur Mandi,Maize,2024-06-17,1897,2140,2023
Rajasthan,Sriganganagar,Padampur Mandi,Cotton,2024-06-17,6724,7710,7101
Rajasthan,Sriganganagar,Padampur Mandi,Mustard,2024-06-17,4945,5271,5100
Rajasthan,Sriganganagar,Padampur Mandi,Groundnut,2024-06-17,5200,5599,5390
Rajasthan,Sriganganagar,Padampur Mandi,Maize,2024-06-21,1956,2125,2031
Rajasthan,Sriganganagar,Padampur Mandi,Turmeric,2024-06-21,6481,7928,7309
Rajasthan,Sriganganagar,Padampur Mandi,Cotton,2024-06-21,6092,6994,6465
Rajasthan,Sriganganagar,Padampur Mandi,Mustard,2024-06-21,5340,5844,5554
Rajasthan,Sriganganagar,Padampur Mandi,Groundnut,2024-06-21,5658,6402,6005
Rajasthan,Sriganganagar,Padampur Mandi,Maize,2024-06-25,1814,2016,1903
Rajasthan,Sriganganagar,Padampur Mandi,Cotton,2024-06-25,6633,7740,7113
Rajasthan,Sriganganagar,Padampur Mandi,Mustard,2024-06-25,5319,5586,5439
Rajasthan,Sriganganagar,Padampur Mandi,Groundnut,2024-06-25,5646,6619,6126
Rajasthan,Sriganganagar,Padampur Mandi,Maize,2024-06-29,1701,1916,1797
Rajasthan,Sriganganagar,Padampur Mandi,Cotton,2024-06-29,6722,7918,7331
Rajasthan,Sriganganagar,Padampur Mandi,Potato,2024-06-29,1007,1339,1164
Rajasthan,Sriganganagar,Padampur Mandi,Mustard,2024-06-29,5134,5714,5362
Rajasthan,Sriganganagar,Padampur Mandi,Groundnut,2024-06-29,5587,5913,5756
Rajasthan,Sriganganagar,Padampur Mandi,Maize,2024-07-03,1717,1860,1799
Rajasthan,Sriganganagar,Padampur Mandi,Turmeric,2024-07-03,7056,8323,7657
Rajasthan,Sriganganagar,Padampur Mandi,Cotton,2024-07-03,6062,6531,6310
Rajasthan,Sriganganagar,Padampur Mandi,Potato,2024-07-03,898,1291,1073
Rajasthan,Sriganganagar,Padampur Mandi,Groundnut,2024-07-03,5242,5903,5548
Rajasthan,Sriganganagar,Padampur Mandi,Maize,2024-07-07,1714,1879,1784
Rajasthan,Sriganganagar,Padampur Mandi,Cotton,2024-07-07,6206,6814,6526
Rajasthan,Sriganganagar,Padampur Mandi,Potato,2024-07-07,1011,1246,1116
Rajasthan,Sriganganagar,Padampur Mandi,Mustard,2024-07-07,4684,5197,4959
Rajasthan,Sriganganagar,Padampur Mandi,Groundnut,2024-07-07,5632,6071,5836
Rajasthan,Sriganganagar,Padampur Mandi,Maize,2024-07-11,1833,1993,1909
Rajasthan,Sriganganagar,Padampur Mandi,Turmeric,2024-07-11,7402,8510,8026
Rajasthan,Sriganganagar,Padampur Mandi,Potato,2024-07-11,906,1292,1081
Rajasthan,Sriganganagar,Padampur Mandi,Groundnut,2024-07-11,5295,6203,5754
Rajasthan,Sriganganagar,Padampur Mandi,Maize,2024-07-15,1820,2060,1944
Rajasthan,Sriganganagar,Padampur Mandi,Turmeric,2024-07-15,7159,8318,7724
Rajasthan,Sriganganagar,Padampur Mandi,Cotton,2024-07-15,5893,6809,6356
Rajasthan,Sriganganagar,Padampur Mandi,Potato,2024-07-15,799,1212,1023
Rajasthan,Sriganganagar,Padampur Mandi,Mustard,2024-07-15,4927,5586,5206
Rajasthan,Sriganganagar,Padampur Mandi,Maize,2024-07-19,1897,2083,1996
Rajasthan,Sriganganagar,Padampur Mandi,Turmeric,2024-07-19,7520,8443,7983
Rajasthan,Sriganganagar,Padampur Mandi,Cotton,2024-07-19,6603,7448,7026
Rajasthan,Sriganganagar,Padampur Mandi,Potato,2024-07-19,851,1254,1045
Rajasthan,Sriganganagar,Padampur Mandi,Mustard,2024-07-19,4472,5103,4788
Rajasthan,Sriganganagar,Padampur Mandi,Groundnut,2024-07-19,5831,6730,6216
Rajasthan,Sriganganagar,Padampur Mandi,Turmeric,2024-07-23,6460,7974,7419
Rajasthan,Sriganganagar,Padampur Mandi,Cotton,2024-07-23,6180,7067,6679
Rajasthan,Sriganganagar,Padampur Mandi,Potato,2024-07-23,960,1234,1102
Rajasthan,Sriganganagar,Padampur Mandi,Groundnut,2024-07-23,5937,6519,6251
Rajasthan,Sriganganagar,Padampur Mandi,Turmeric,2024-07-27,7099,8006,7504
Rajasthan,Sriganganagar,Padampur Mandi,Cotton,2024-07-27,6932,7701,7301
Rajasthan,Sriganganagar,Padampur Mandi,Potato,2024-07-27,895,1257,1062
Rajasthan,Sriganganagar,Padampur Mandi,Maize,2024-07-31,1797,2023,1886
Rajasthan,Sriganganagar,Padampur Mandi,Turmeric,2024-07-31,6249,8179,7173
Rajasthan,Sriganganagar,Padampur Mandi,Cotton,2024-07-31,6076,6516,6284
Rajasthan,Sriganganagar,Padampur Mandi,Mustard,2024-07-31,4709,5367,5013
Rajasthan,Sriganganagar,Padampur Mandi,Groundnut,2024-07-31,5078,5683,5409
Rajasthan,Sriganganagar,Padampur Mandi,Maize,2024-08-04,1735,1842,1791
Rajasthan,Sriganganagar,Padampur Mandi,Turmeric,2024-08-04,6885,8349,7493
Rajasthan,Sriganganagar,Padampur Mandi,Potato,2024-08-04,903,1146,1014
Rajasthan,Sriganganagar,Padampur Mandi,Mustard,2024-08-04,5210,5745,5502
Rajasthan,Sriganganagar,Padampur Mandi,Groundnut,2024-08-04,5268,5754,5496
Rajasthan,Sriganganagar,Padampur Mandi,Maize,2024-08-08,1682,1882,1769
Rajasthan,Sriganganagar,Padampur Mandi,Groundnut,2024-08-08,5659,6468,6099
Rajasthan,Sriganganagar,Padampur Mandi,Maize,2024-08-12,1906,2130,2033
Rajasthan,Sriganganagar,Padampur Mandi,Turmeric,2024-08-12,6641,8318,7423
Rajasthan,Sriganganagar,Padampur Mandi,Cotton,2024-08-12,6435,7112,6779
Rajasthan,Sriganganagar,Padampur Mandi,Potato,2024-08-12,962,1218,1104
Rajasthan,Sriganganagar,Padampur Mandi,Mustard,2024-08-12,4688,4967,4854
Rajasthan,Sriganganagar,Padampur Mandi,Groundnut,2024-08-12,5649,6308,5961
Rajasthan,Sriganganagar,Padampur Mandi,Turmeric,2024-08-16,7570,8358,8028
Rajasthan,Sriganganagar,Padampur Mandi,Cotton,2024-08-16,6301,7240,6725
Rajasthan,Sriganganagar,Padampur Mandi,Mustard,2024-08-16,5089,5701,5364
Rajasthan,Sriganganagar,Padampur Mandi,Maize,2024-08-20,1794,1991,1889
Rajasthan,Sriganganagar,Padampur Mandi,Turmeric,2024-08-20,6632,8730,7651
Rajasthan,Sriganganagar,Padampur Mandi,Cotton,2024-08-20,6054,6883,6513
Rajasthan,Sriganganagar,Padampur Mandi,Potato,2024-08-20,880,1317,1125
Rajasthan,Sriganganagar,Padampur Mandi,Mustard,2024-08-20,5079,5494,5309
Rajasthan,Sriganganagar,Padampur Mandi,Maize,2024-08-24,1721,1891,1820
Rajasthan,Sriganganagar,Padampur Mandi,Turmeric,2024-08-24,6442,7653,7047
Rajasthan,Sriganganagar,Padampur Mandi,Cotton,2024-08-24,6000,6920,6448
Rajasthan,Sriganganagar,Padampur Mandi,Potato,2024-08-24,887,1306,1106
Rajasthan,Sriganganagar,Padampur Mandi,Mustard,2024-08-24,4685,5221,4974
Rajasthan,Sriganganagar,Padampur Mandi,Maize,2024-08-28,1968,2078,2033
Rajasthan,Sriganganagar,Padampur Mandi,Turmeric,2024-08-28,7323,8563,7910
Rajasthan,Sriganganagar,Padampur Mandi,Cotton,2024-08-28,6878,7505,7163
Rajasthan,Sriganganagar,Padampur Mandi,Potato,2024-08-28,944,1448,1183
Rajasthan,Sriganganagar,Padampur Mandi,Mustard,2024-08-28,4715,5298,4992
Rajasthan,Sriganganagar,Padampur Mandi,Groundnut,2024-08-28,5331,5870,5616
Rajasthan,Sriganganagar,Padampur Mandi,Maize,2024-09-01,1378,1494,1443
Rajasthan,Sriganganagar,Padampur Mandi,Turmeric,2024-09-01,7400,8536,8062
Rajasthan,Sriganganagar,Padampur Mandi,Cotton,2024-09-01,6358,7201,6849
Rajasthan,Sriganganagar,Padampur Mandi,Potato,2024-09-01,959,1211,1076
Rajasthan,Sriganganagar,Padampur Mandi,Maize,2024-09-05,1578,1661,1619
Rajasthan,Sriganganagar,Padampur Mandi,Turmeric,2024-09-05,6812,7986,7419
Rajasthan,Sriganganagar,Padampur Mandi,Mustard,2024-09-05,4758,5090,4943
Rajasthan,Sriganganagar,Padampur Mandi,Groundnut,2024-09-05,5353,6286,5862
Rajasthan,Sriganganagar,Padampur Mandi,Turmeric,2024-09-09,6662,7790,7260
Rajasthan,Sriganganagar,Padampur Mandi,Cotton,2024-09-09,6960,7832,7337
Rajasthan,Sriganganagar,Padampur Mandi,Potato,2024-09-09,949,1396,1158
Rajasthan,Sriganganagar,Padampur Mandi,Mustard,2024-09-09,5245,5671,5421
Rajasthan,Sriganganagar,Padampur Mandi,Groundnut,2024-09-09,5225,5844,5548
Rajasthan,Sriganganagar,Padampur Mandi,Cotton,2024-09-13,6004,7074,6553
Rajasthan,Sriganganagar,Padampur Mandi,Potato,2024-09-13,827,1178,1031
Rajasthan,Sriganganagar,Padampur Mandi,Mustard,2024-09-13,4658,5069,4848
Rajasthan,Sriganganagar,Padampur Mandi,Groundnut,2024-09-13,5208,5733,5426
Rajasthan,Sriganganagar,Padampur Mandi,Maize,2024-09-17,1434,1558,1506
Rajasthan,Sriganganagar,Padampur Mandi,Turmeric,2024-09-17,6829,8621,7703
Rajasthan,Sriganganagar,Padampur Mandi,Cotton,2024-09-17,6230,7038,6642
Rajasthan,Sriganganagar,Padampur Mandi,Potato,2024-09-17,898,1166,1050
Rajasthan,Sriganganagar,Padampur Mandi,Mustard,2024-09-17,5048,5533,5238
Rajasthan,Sriganganagar,Padampur Mandi,Groundnut,2024-09-17,5188,5843,5472
Rajasthan,Sriganganagar,Padampur Mandi,Turmeric,2024-09-21,6863,7704,7212
Rajasthan,Sriganganagar,Padampur Mandi,Potato,2024-09-21,999,1372,1184
Rajasthan,Sriganganagar,Padampur Mandi,Mustard,2024-09-21,4693,5123,4886
Rajasthan,Sriganganagar,Padampur Mandi,Groundnut,2024-09-21,5740,6142,5942
Rajasthan,Sriganganagar,Padampur Mandi,Maize,2024-09-25,1618,1725,1673
Rajasthan,Sriganganagar,Padampur Mandi,Turmeric,2024-09-25,6670,8119,7366
Rajasthan,Sriganganagar,Padampur Mandi,Cotton,2024-09-25,6011,6949,6557
Rajasthan,Sriganganagar,Padampur Mandi,Mustard,2024-09-25,4859,5137,5010
Rajasthan,Sriganganagar,Padampur Mandi,Groundnut,2024-09-25,5912,6284,6084
Rajasthan,Sriganganagar,Padampur Mandi,Maize,2024-09-29,1400,1577,1489
Rajasthan,Sriganganagar,Padampur Mandi,Turmeric,2024-09-29,6349,7706,7127
Rajasthan,Sriganganagar,Padampur Mandi,Cotton,2024-09-29,6803,7532,7108
Rajasthan,Sriganganagar,Padampur Mandi,Potato,2024-09-29,908,1245,1082
Rajasthan,Sriganganagar,Padampur Mandi,Groundnut,2024-09-29,5211,5754,5469
Rajasthan,Sriganganagar,Padampur Mandi,Turmeric,2024-10-03,7279,8293,7822
Rajasthan,Sriganganagar,Padampur Mandi,Cotton,2024-10-03,6125,7220,6680
Rajasthan,Sriganganagar,Padampur Mandi,Potato,2024-10-03,1053,1304,1175
Rajasthan,Sriganganagar,Padampur Mandi,Mustard,2024-10-03,5127,5535,5353
Rajasthan,Sriganganagar,Padampur Mandi,Maize,2024-10-07,1433,1566,1495
Rajasthan,Sriganganagar,Padampur Mandi,Turmeric,2024-10-07,6683,7845,7336
Rajasthan,Sriganganagar,Padampur Mandi,Cotton,2024-10-07,5916,6789,6298
Rajasthan,Sriganganagar,Padampur Mandi,Potato,2024-10-07,860,1184,1032
Rajasthan,Sriganganagar,Padampur Mandi,Mustard,2024-10-07,5402,5726,5554
Rajasthan,Sriganganagar,Padampur Mandi,Maize,2024-10-11,1523,1599,1561
Rajasthan,Sriganganagar,Padampur Mandi,Potato,2024-10-11,855,1138,1024
Rajasthan,Sriganganagar,Padampur Mandi,Mustard,2024-10-11,4733,5307,5076
Rajasthan,Sriganganagar,Padampur Mandi,Groundnut,2024-10-11,4109,4716,4464
Rajasthan,Sriganganagar,Padampur Mandi,Maize,2024-10-15,1465,1642,1539
Rajasthan,Sriganganagar,Padampur Mandi,Cotton,2024-10-15,6997,7667,7335
Rajasthan,Sriganganagar,Padampur Mandi,Potato,2024-10-15,928,1372,1179
Rajasthan,Sriganganagar,Padampur Mandi,Mustard,2024-10-15,5246,5789,5498
Rajasthan,Sriganganagar,Padampur Mandi,Groundnut,2024-10-15,4443,4956,4661
Rajasthan,Sriganganagar,Padampur Mandi,Maize,2024-10-19,1565,1661,1618
Rajasthan,Sriganganagar,Padampur Mandi,Turmeric,2024-10-19,6369,7883,7265
Rajasthan,Sriganganagar,Padampur Mandi,Cotton,2024-10-19,5934,6634,6280
Rajasthan,Sriganganagar,Padampur Mandi,Turmeric,2024-10-23,7223,8187,7704
Rajasthan,Sriganganagar,Padampur Mandi,Cotton,2024-10-23,6712,7407,7062
Rajasthan,Sriganganagar,Padampur Mandi,Mustard,2024-10-23,5114,5673,5436
Rajasthan,Sriganganagar,Padampur Mandi,Maize,2024-10-27,1347,1549,1457
Rajasthan,Sriganganagar,Padampur Mandi,Potato,2024-10-27,861,1218,1033
Rajasthan,Sriganganagar,Padampur Mandi,Groundnut,2024-10-27,4718,5252,4970
Rajasthan,Sriganganagar,Padampur Mandi,Maize,2024-10-31,1539,1679,1601
Rajasthan,Sriganganagar,Padampur Mandi,Turmeric,2024-10-31,6497,7483,7043
Rajasthan,Sriganganagar,Padampur Mandi,Potato,2024-10-31,874,1218,1031
Rajasthan,Sriganganagar,Padampur Mandi,Mustard,2024-10-31,5162,5523,5357
Rajasthan,Sriganganagar,Padampur Mandi,Maize,2024-11-04,1840,1946,1887
Rajasthan,Sriganganagar,Padampur Mandi,Cotton,2024-11-04,5161,5786,5432
Rajasthan,Sriganganagar,Padampur Mandi,Mustard,2024-11-04,4641,4956,4827
Rajasthan,Sriganganagar,Padampur Mandi,Groundnut,2024-11-04,4445,4887,4696
Rajasthan,Sriganganagar,Padampur Mandi,Maize,2024-11-08,1885,2102,2009
Rajasthan,Sriganganagar,Padampur Mandi,Cotton,2024-11-08,5348,5723,5536
Rajasthan,Sriganganagar,Padampur Mandi,Mustard,2024-11-08,4623,5245,4890
Rajasthan,Sriganganagar,Padampur Mandi,Groundnut,2024-11-08,4783,5456,5057
Rajasthan,Sriganganagar,Padampur Mandi,Turmeric,2024-11-12,7171,8263,7638
Rajasthan,Sriganganagar,Padampur Mandi,Cotton,2024-11-12,5624,6483,6021
Rajasthan,Sriganganagar,Padampur Mandi,Maize,2024-11-16,1784,1933,1842
Rajasthan,Sriganganagar,Padampur Mandi,Turmeric,2024-11-16,6833,7526,7145
Rajasthan,Sriganganagar,Padampur Mandi,Cotton,2024-11-16,5298,5986,5677
Rajasthan,Sriganganagar,Padampur Mandi,Potato,2024-11-16,905,1178,1060
Rajasthan,Sriganganagar,Padampur Mandi,Mustard,2024-11-16,4717,5176,4981
Rajasthan,Sriganganagar,Padampur Mandi,Groundnut,2024-11-16,4846,5262,5039
Rajasthan,Sriganganagar,Padampur Mandi,Turmeric,2024-11-20,6925,8720,7933
Rajasthan,Sriganganagar,Padampur Mandi,Cotton,2024-11-20,5596,6108,5849
Rajasthan,Sriganganagar,Padampur Mandi,Maize,2024-11-24,1915,2103,2009
Rajasthan,Sriganganagar,Padampur Mandi,Turmeric,2024-11-24,7059,8825,7920
Rajasthan,Sriganganagar,Padampur Mandi,Cotton,2024-11-24,5089,5545,5311
Rajasthan,Sriganganagar,Padampur Mandi,Mustard,2024-11-24,4669,5302,4967
Rajasthan,Sriganganagar,Padampur Mandi,Groundnut,2024-11-24,4388,4971,4704
Rajasthan,Sriganganagar,Padampur Mandi,Maize,2024-11-28,1665,1843,1753
Rajasthan,Sriganganagar,Padampur Mandi,Cotton,2024-11-28,4906,5478,5219
Rajasthan,Sriganganagar,Padampur Mandi,Potato,2024-11-28,973,1238,1120
Rajasthan,Sriganganagar,Padampur Mandi,Mustard,2024-11-28,5182,5520,5368
Rajasthan,Sriganganagar,Padampur Mandi,Maize,2024-12-02,1869,2017,1932
Rajasthan,Sriganganagar,Padampur Mandi,Cotton,2024-12-02,5440,5840,5635
Rajasthan,Sriganganagar,Padampur Mandi,Mustard,2024-12-02,4618,5001,4803
Rajasthan,Sriganganagar,Padampur Mandi,Groundnut,2024-12-02,5189,6043,5693
Rajasthan,Sriganganagar,Padampur Mandi,Maize,2024-12-06,1696,1877,1779
Rajasthan,Sriganganagar,Padampur Mandi,Turmeric,2024-12-06,7205,8512,7736
Rajasthan,Sriganganagar,Padampur Mandi,Potato,2024-12-06,968,1194,1069
Rajasthan,Sriganganagar,Padampur Mandi,Groundnut,2024-12-06,5153,5847,5509
Rajasthan,Sriganganagar,Padampur Mandi,Maize,2024-12-10,1941,2104,2021
Rajasthan,Sriganganagar,Padampur Mandi,Turmeric,2024-12-10,7101,8096,7497
Rajasthan,Sriganganagar,Padampur Mandi,Mustard,2024-12-10,4633,5055,4815
Rajasthan,Sriganganagar,Padampur Mandi,Groundnut,2024-12-10,5690,6277,5969
Rajasthan,Sriganganagar,Padampur Mandi,Maize,2024-12-14,1950,2066,2005
Rajasthan,Sriganganagar,Padampur Mandi,Turmeric,2024-12-14,6016,7919,7043
Rajasthan,Sriganganagar,Padampur Mandi,Cotton,2024-12-14,5591,6166,5880
Rajasthan,Sriganganagar,Padampur Mandi,Mustard,2024-12-14,4810,5430,5136
Rajasthan,Sriganganagar,Padampur Mandi,Groundnut,2024-12-14,5708,6146,5969
Rajasthan,Sriganganagar,Padampur Mandi,Maize,2024-12-18,1752,2003,1868
Rajasthan,Sriganganagar,Padampur Mandi,Turmeric,2024-12-18,7348,8888,8004
Rajasthan,Sriganganagar,Padampur Mandi,Cotton,2024-12-18,5287,5954,5634
Rajasthan,Sriganganagar,Padampur Mandi,Potato,2024-12-18,854,1216,1049
Rajasthan,Sriganganagar,Padampur Mandi,Mustard,2024-12-18,4914,5467,5255
Rajasthan,Sriganganagar,Padampur Mandi,Groundnut,2024-12-18,5962,6544,6219
Rajasthan,Sriganganagar,Padampur Mandi,Maize,2024-12-22,1921,2085,2015
Rajasthan,Sriganganagar,Padampur Mandi,Cotton,2024-12-22,4862,5715,5336
Rajasthan,Sriganganagar,Padampur Mandi,Potato,2024-12-22,908,1187,1049
Rajasthan,Sriganganagar,Padampur Mandi,Mustard,2024-12-22,5213,5534,5353
Rajasthan,Sriganganagar,Padampur Mandi,Groundnut,2024-12-22,5707,6491,6159
Rajasthan,Sriganganagar,Padampur Mandi,Turmeric,2024-12-26,6757,7572,7124
Rajasthan,Sriganganagar,Padampur Mandi,Potato,2024-12-26,933,1343,1123
Rajasthan,Sriganganagar,Padampur Mandi,Mustard,2024-12-26,4817,5248,4992
Rajasthan,Sriganganagar,Padampur Mandi,Groundnut,2024-12-26,5672,6360,6022
Rajasthan,Sriganganagar,Padampur Mandi,Maize,2024-12-30,1824,1933,1889
Rajasthan,Sriganganagar,Padampur Mandi,Turmeric,2024-12-30,6367,7804,6980
Rajasthan,Sriganganagar,Padampur Mandi,Cotton,2024-12-30,5358,6020,5705
Rajasthan,Sriganganagar,Padampur Mandi,Mustard,2024-12-30,5276,5685,5469
Rajasthan,Sriganganagar,Padampur Mandi,Groundnut,2024-12-30,5688,6054,5891
Rajasthan,Kota,Ramganjmandi,Potato,2024-01-01,743,1145,932
Rajasthan,Kota,Ramganjmandi,Maize,2024-01-01,1943,2098,2013
Rajasthan,Kota,Ramganjmandi,Mustard,2024-01-01,5331,5802,5575
Rajasthan,Kota,Ramganjmandi,Potato,2024-01-05,798,1114,944
Rajasthan,Kota,Ramganjmandi,Turmeric,2024-01-05,7550,8617,8047
Rajasthan,Kota,Ramganjmandi,Maize,2024-01-05,1815,1957,1875
Rajasthan,Kota,Ramganjmandi,Sugarcane,2024-01-05,266,280,272
Rajasthan,Kota,Ramganjmandi,Mustard,2024-01-05,4661,5088,4875
Rajasthan,Kota,Ramganjmandi,Soybean,2024-01-05,4159,4656,4410
Rajasthan,Kota,Ramganjmandi,Potato,2024-01-09,872,1050,971
Rajasthan,Kota,Ramganjmandi,Turmeric,2024-01-09,7302,8807,8081
Rajasthan,Kota,Ramganjmandi,Sugarcane,2024-01-09,269,288,278
Rajasthan,Kota,Ramganjmandi,Mustard,2024-01-09,4714,5315,4987
Rajasthan,Kota,Ramganjmandi,Potato,2024-01-13,738,933,839
Rajasthan,Kota,Ramganjmandi,Turmeric,2024-01-13,7320,8646,7924
Rajasthan,Kota,Ramganjmandi,Maize,2024-01-13,1807,1926,1864
Rajasthan,Kota,Ramganjmandi,Mustard,2024-01-13,5144,5590,5365
Rajasthan,Kota,Ramganjmandi,Potato,2024-01-17,852,1078,939
Rajasthan,Kota,Ramganjmandi,Turmeric,2024-01-17,6379,7992,7191
Rajasthan,Kota,Ramganjmandi,Maize,2024-01-17,1715,1827,1776
Rajasthan,Kota,Ramganjmandi,Sugarcane,2024-01-17,281,290,284
Rajasthan,Kota,Ramganjmandi,Mustard,2024-01-17,4911,5376,5098
Rajasthan,Kota,Ramganjmandi,Soybean,2024-01-17,4050,4506,4301
Rajasthan,Kota,Ramganjmandi,Potato,2024-01-21,855,1037,946
Rajasthan,Kota,Ramganjmandi,Maize,2024-01-21,1901,2126,2015
Rajasthan,Kota,Ramganjmandi,Sugarcane,2024-01-21,260,277,271
Rajasthan,Kota,Ramganjmandi,Mustard,2024-01-21,4529,5098,4815
Rajasthan,Kota,Ramganjmandi,Potato,2024-01-25,841,1052,961
Rajasthan,Kota,Ramganjmandi,Turmeric,2024-01-25,6924,7526,7211
Rajasthan,Kota,Ramganjmandi,Maize,2024-01-25,1709,1839,1778
Rajasthan,Kota,Ramganjmandi,Mustard,2024-01-25,5389,5776,5589
Rajasthan,Kota,Ramganjmandi,Turmeric,2024-01-29,6546,8105,7186
Rajasthan,Kota,Ramganjmandi,Sugarcane,2024-01-29,245,255,250
Rajasthan,Kota,Ramganjmandi,Mustard,2024-01-29,4541,5099,4836
Rajasthan,Kota,Ramganjmandi,Potato,2024-02-02,672,1037,861
Rajasthan,Kota,Ramganjmandi,Turmeric,2024-02-02,5845,7094,6522
Rajasthan,Kota,Ramganjmandi,Maize,2024-02-02,1707,1924,1808
Rajasthan,Kota,Ramganjmandi,Sugarcane,2024-02-02,250,262,256
Rajasthan,Kota,Ramganjmandi,Mustard,2024-02-02,5364,5844,5575
Rajasthan,Kota,Ramganjmandi,Soybean,2024-02-02,3647,4069,3869
Rajasthan,Kota,Ramganjmandi,Potato,2024-02-06,856,1056,956
Rajasthan,Kota,Ramganjmandi,Turmeric,2024-02-06,5659,7099,6256
Rajasthan,Kota,Ramganjmandi,Maize,2024-02-06,1808,2040,1934
Rajasthan,Kota,Ramganjmandi,Sugarcane,2024-02-06,260,278,269
Rajasthan,Kota,Ramganjmandi,Mustard,2024-02-06,5160,5705,5389
Rajasthan,Kota,Ramganjmandi,Potato,2024-02-10,733,1151,920
Rajasthan,Kota,Ramganjmandi,Maize,2024-02-10,1939,2110,2021
Rajasthan,Kota,Ramganjmandi,Sugarcane,2024-02-10,255,271,264
Rajasthan,Kota,Ramganjmandi,Mustard,2024-02-10,5129,5751,5466
Rajasthan,Kota,Ramganjmandi,Soybean,2024-02-10,4038,4385,4224
Rajasthan,Kota,Ramganjmandi,Turmeric,2024-02-14,5347,6417,5902
Rajasthan,Kota,Ramganjmandi,Maize,2024-02-14,1767,1916,1837
Rajasthan,Kota,Ramganjmandi,Sugarcane,2024-02-14,268,282,275
Rajasthan,Kota,Ramganjmandi,Soybean,2024-02-14,4228,4783,4495
Rajasthan,Kota,Ramganjmandi,Potato,2024-02-18,784,1083,917
Rajasthan,Kota,Ramganjmandi,Turmeric,2024-02-18,5249,6719,6065
Rajasthan,Kota,Ramganjmandi,Maize,2024-02-18,1723,1861,1801
Rajasthan,Kota,Ramganjmandi,Sugarcane,2024-02-18,267,281,273
Rajasthan,Kota,Ramganjmandi,Mustard,2024-02-18,5037,5620,5276
Rajasthan,Kota,Ramganjmandi,Soybean,2024-02-18,3864,4483,4145
Rajasthan,Kota,Ramganjmandi,Potato,2024-02-22,724,937,836
Rajasthan,Kota,Ramganjmandi,Turmeric,2024-02-22,5349,6574,5940
Rajasthan,Kota,Ramganjmandi,Maize,2024-02-22,1790,1975,1880
Rajasthan,Kota,Ramganjmandi,Soybean,2024-02-22,3954,4501,4270
Rajasthan,Kota,Ramganjmandi,Turmeric,2024-02-26,5507,6543,6003
Rajasthan,Kota,Ramganjmandi,Maize,2024-02-26,1889,2011,1940
Rajasthan,Kota,Ramganjmandi,Sugarcane,2024-02-26,263,284,273
Rajasthan,Kota,Ramganjmandi,Mustard,2024-02-26,5084,5529,5343
Rajasthan,Kota,Ramganjmandi,Soybean,2024-02-26,4168,4584,4344
Rajasthan,Kota,Ramganjmandi,Potato,2024-03-01,761,1057,912
Rajasthan,Kota,Ramganjmandi,Turmeric,2024-03-01,5827,7001,6470
Rajasthan,Kota,Ramganjmandi,Maize,2024-03-01,1696,1889,1783
Rajasthan,Kota,Ramganjmandi,Sugarcane,2024-03-01,281,298,289
Rajasthan,Kota,Ramganjmandi,Mustard,2024-03-01,3999,4389,4196
Rajasthan,Kota,Ramganjmandi,Soybean,2024-03-01,3885,4229,4042
Rajasthan,Kota,Ramganjmandi,Potato,2024-03-05,775,956,865
Rajasthan,Kota,Ramganjmandi,Turmeric,2024-03-05,5314,6126,5750
Rajasthan,Kota,Ramganjmandi,Maize,2024-03-05,1952,2128,2040
Rajasthan,Kota,Ramganjmandi,Sugarcane,2024-03-05,248,270,260
Rajasthan,Kota,Ramganjmandi,Mustard,2024-03-05,4295,4677,4510
Rajasthan,Kota,Ramganjmandi,Soybean,2024-03-05,3905,4652,4277
Rajasthan,Kota,Ramganjmandi,Potato,2024-03-09,770,970,870
Rajasthan,Kota,Ramganjmandi,Turmeric,2024-03-09,5226,6427,5875
Rajasthan,Kota,Ramganjmandi,Maize,2024-03-09,1835,2012,1920
Rajasthan,Kota,Ramganjmandi,Sugarcane,2024-03-09,277,295,287
Rajasthan,Kota,Ramganjmandi,Mustard,2024-03-09,4390,4760,4572
Rajasthan,Kota,Ramganjmandi,Soybean,2024-03-09,3947,4435,4227
Rajasthan,Kota,Ramganjmandi,Potato,2024-03-13,616,975,830
Rajasthan,Kota,Ramganjmandi,Turmeric,2024-03-13,5312,5937,5688
Rajasthan,Kota,Ramganjmandi,Maize,2024-03-13,1919,2120,2039
Rajasthan,Kota,Ramganjmandi,Sugarcane,2024-03-13,254,270,261
Rajasthan,Kota,Ramganjmandi,Mustard,2024-03-13,4432,4828,4592
Rajasthan,Kota,Ramganjmandi,Soybean,2024-03-13,4243,4508,4365
Rajasthan,Kota,Ramganjmandi,Potato,2024-03-17,836,1095,950
Rajasthan,Kota,Ramganjmandi,Turmeric,2024-03-17,5542,7123,6366
Rajasthan,Kota,Ramganjmandi,Maize,2024-03-17,1747,1950,1874
Rajasthan,Kota,Ramganjmandi,Sugarcane,2024-03-17,260,277,270
Rajasthan,Kota,Ramganjmandi,Mustard,2024-03-17,4316,4716,4539
Rajasthan,Kota,Ramganjmandi,Soybean,2024-03-17,3719,4238,3964
Rajasthan,Kota,Ramganjmandi,Potato,2024-03-21,788,982,883
Rajasthan,Kota,Ramganjmandi,Maize,2024-03-21,1804,1920,1861
Rajasthan,Kota,Ramganjmandi,Sugarcane,2024-03-21,281,299,290
Rajasthan,Kota,Ramganjmandi,Mustard,2024-03-21,4304,4652,4458
Rajasthan,Kota,Ramganjmandi,Soybean,2024-03-21,3758,4008,3894
Rajasthan,Kota,Ramganjmandi,Potato,2024-03-25,678,1030,840
Rajasthan,Kota,Ramganjmandi,Turmeric,2024-03-25,6158,7095,6634
Rajasthan,Kota,Ramganjmandi,Sugarcane,2024-03-25,263,273,267
Rajasthan,Kota,Ramganjmandi,Mustard,2024-03-25,4386,4655,4544
Rajasthan,Kota,Ramganjmandi,Soybean,2024-03-25,4178,4649,4450
Rajasthan,Kota,Ramganjmandi,Potato,2024-03-29,835,1074,963
Rajasthan,Kota,Ramganjmandi,Maize,2024-03-29,1907,2093,2014
Rajasthan,Kota,Ramganjmandi,Sugarcane,2024-03-29,256,265,261
Rajasthan,Kota,Ramganjmandi,Mustard,2024-03-29,4320,4746,4534
Rajasthan,Kota,Ramganjmandi,Soybean,2024-03-29,3806,4147,3982
Rajasthan,Kota,Ramganjmandi,Potato,2024-04-02,990,1425,1173
Rajasthan,Kota,Ramganjmandi,Turmeric,2024-04-02,6003,7717,6949
Rajasthan,Kota,Ramganjmandi,Maize,2024-04-02,1722,1893,1828
Rajasthan,Kota,Ramganjmandi,Sugarcane,2024-04-02,316,330,323
Rajasthan,Kota,Ramganjmandi,Mustard,2024-04-02,4098,4570,4324
Rajasthan,Kota,Ramganjmandi,Soybean,2024-04-02,3749,4245,3982
Rajasthan,Kota,Ramganjmandi,Maize,2024-04-06,1815,1967,1882
Rajasthan,Kota,Ramganjmandi,Sugarcane,2024-04-06,341,354,347
Rajasthan,Kota,Ramganjmandi,Potato,2024-04-10,884,1184,1037
Rajasthan,Kota,Ramganjmandi,Turmeric,2024-04-10,6409,7820,7178
Rajasthan,Kota,Ramganjmandi,Maize,2024-04-10,1877,2001,1947
Rajasthan,Kota,Ramganjmandi,Sugarcane,2024-04-10,308,321,315
Rajasthan,Kota,Ramganjmandi,Mustard,2024-04-10,4379,4708,4533
Rajasthan,Kota,Ramganjmandi,Soybean,2024-04-10,3968,4436,4205
Rajasthan,Kota,Ramganjmandi,Turmeric,2024-04-14,7101,8076,7640
Rajasthan,Kota,Ramganjmandi,Maize,2024-04-14,1838,2058,1937
Rajasthan,Kota,Ramganjmandi,Sugarcane,2024-04-14,305,316,309
Rajasthan,Kota,Ramganjmandi,Mustard,2024-04-14,4093,4362,4212
Rajasthan,Kota,Ramganjmandi,Soybean,2024-04-14,3734,4265,4033
Rajasthan,Kota,Ramganjmandi,Turmeric,2024-04-18,7276,8057,7659
Rajasthan,Kota,Ramganjmandi,Maize,2024-04-18,1977,2087,2023
Rajasthan,Kota,Ramganjmandi,Sugarcane,2024-04-18,336,362,348
Rajasthan,Kota,Ramganjmandi,Mustard,2024-04-18,4303,4639,4442
Rajasthan,Kota,Ramganjmandi,Soybean,2024-04-18,3726,4232,3941
Rajasthan,Kota,Ramganjmandi,Potato,2024-04-22,998,1240,1133
Rajasthan,Kota,Ramganjmandi,Maize,2024-04-22,1671,1868,1760
Rajasthan,Kota,Ramganjmandi,Mustard,2024-04-22,4066,4645,4346
Rajasthan,Kota,Ramganjmandi,Potato,2024-04-26,862,1353,1091
Rajasthan,Kota,Ramganjmandi,Turmeric,2024-04-26,6622,7368,6954
Rajasthan,Kota,Ramganjmandi,Maize,2024-04-26,1933,2073,2017
Rajasthan,Kota,Ramganjmandi,Sugarcane,2024-04-26,319,340,329
Rajasthan,Kota,Ramganjmandi,Mustard,2024-04-26,3729,4245,3999
Rajasthan,Kota,Ramganjmandi,Soybean,2024-04-26,4245,4717,4467
Rajasthan,Kota,Ramganjmandi,Potato,2024-04-30,803,1252,1031
Rajasthan,Kota,Ramganjmandi,Turmeric,2024-04-30,6961,8583,7806
Rajasthan,Kota,Ramganjmandi,Maize,2024-04-30,1806,1924,1854
Rajasthan,Kota,Ramganjmandi,Sugarcane,2024-04-30,337,362,348
Rajasthan,Kota,Ramganjmandi,Mustard,2024-04-30,4257,4656,4440
Rajasthan,Kota,Ramganjmandi,Soybean,2024-04-30,4183,4755,4494
Rajasthan,Kota,Ramganjmandi,Potato,2024-05-04,906,1184,1059
Rajasthan,Kota,Ramganjmandi,Maize,2024-05-04,1835,1987,1919
Rajasthan,Kota,Ramganjmandi,Sugarcane,2024-05-04,338,352,346
Rajasthan,Kota,Ramganjmandi,Soybean,2024-05-04,3749,4051,3909
Rajasthan,Kota,Ramganjmandi,Potato,2024-05-08,840,1372,1077
Rajasthan,Kota,Ramganjmandi,Turmeric,2024-05-08,7517,8125,7821
Rajasthan,Kota,Ramganjmandi,Maize,2024-05-08,1958,2139,2041
Rajasthan,Kota,Ramganjmandi,Mustard,2024-05-08,4623,5262,4921
Rajasthan,Kota,Ramganjmandi,Soybean,2024-05-08,3814,4078,3951
Rajasthan,Kota,Ramganjmandi,Turmeric,2024-05-12,6674,7942,7194
Rajasthan,Kota,Ramganjmandi,Sugarcane,2024-05-12,307,319,313
Rajasthan,Kota,Ramganjmandi,Turmeric,2024-05-16,6867,7988,7412
Rajasthan,Kota,Ramganjmandi,Maize,2024-05-16,1685,1831,1758
Rajasthan,Kota,Ramganjmandi,Mustard,2024-05-16,4994,5560,5302
Rajasthan,Kota,Ramganjmandi,Soybean,2024-05-16,4186,4623,4402
Rajasthan,Kota,Ramganjmandi,Potato,2024-05-20,966,1315,1122
Rajasthan,Kota,Ramganjmandi,Turmeric,2024-05-20,6366,7841,7094
Rajasthan,Kota,Ramganjmandi,Maize,2024-05-20,1751,1905,1826
Rajasthan,Kota,Ramganjmandi,Sugarcane,2024-05-20,327,341,334
Rajasthan,Kota,Ramganjmandi,Mustard,2024-05-20,5000,5786,5386
Rajasthan,Kota,Ramganjmandi,Soybean,2024-05-20,4208,4545,4407
Rajasthan,Kota,Ramganjmandi,Potato,2024-05-24,926,1275,1110
Rajasthan,Kota,Ramganjmandi,Maize,2024-05-24,1913,2061,1985
Rajasthan,Kota,Ramganjmandi,Mustard,2024-05-24,4856,5391,5138
Rajasthan,Kota,Ramganjmandi,Soybean,2024-05-24,4140,4435,4297
Rajasthan,Kota,Ramganjmandi,Potato,2024-05-28,842,1300,1058
Rajasthan,Kota,Ramganjmandi,Turmeric,2024-05-28,6238,7692,6975
Rajasthan,Kota,Ramganjmandi,Sugarcane,2024-05-28,299,318,308
Rajasthan,Kota,Ramganjmandi,Mustard,2024-05-28,4633,4922,4797
Rajasthan,Kota,Ramganjmandi,Soybean,2024-05-28,4205,4822,4521
Rajasthan,Kota,Ramganjmandi,Potato,2024-06-01,1000,1335,1169
Rajasthan,Kota,Ramganjmandi,Maize,2024-06-01,1811,1978,1908
Rajasthan,Kota,Ramganjmandi,Sugarcane,2024-06-01,344,363,355
Rajasthan,Kota,Ramganjmandi,Mustard,2024-06-01,4820,5408,5084
Rajasthan,Kota,Ramganjmandi,Soybean,2024-06-01,4177,4585,4332
Rajasthan,Kota,Ramganjmandi,Potato,2024-06-05,1060,1284,1153
Rajasthan,Kota,Ramganjmandi,Maize,2024-06-05,1779,1976,1882
Rajasthan,Kota,Ramganjmandi,Mustard,2024-06-05,4968,5624,5305
Rajasthan,Kota,Ramganjmandi,Soybean,2024-06-05,3873,4154,4010
Rajasthan,Kota,Ramganjmandi,Potato,2024-06-09,960,1359,1124
Rajasthan,Kota,Ramganjmandi,Turmeric,2024-06-09,6664,7660,7203
Rajasthan,Kota,Ramganjmandi,Maize,2024-06-09,1885,2058,1975
Rajasthan,Kota,Ramganjmandi,Sugarcane,2024-06-09,342,356,350
Rajasthan,Kota,Ramganjmandi,Mustard,2024-06-09,4886,5330,5077
Rajasthan,Kota,Ramganjmandi,Soybean,2024-06-09,3629,4118,3929
Rajasthan,Kota,Ramganjmandi,Turmeric,2024-06-13,6502,7540,6905
Rajasthan,Kota,Ramganjmandi,Maize,2024-06-13,1670,1869,1773
Rajasthan,Kota,Ramganjmandi,Soybean,2024-06-13,3665,4045,3884
Rajasthan,Kota,Ramganjmandi,Turmeric,2024-06-17,6849,7947,7361
Rajasthan,Kota,Ramganjmandi,Maize,2024-06-17,1891,2071,1965
Rajasthan,Kota,Ramganjmandi,Sugarcane,2024-06-17,312,327,320
Rajasthan,Kota,Ramganjmandi,Mustard,2024-06-17,5212,5697,5426
Rajasthan,Kota,Ramganjmandi,Soybean,2024-06-17,3638,4079,3906
Rajasthan,Kota,Ramganjmandi,Potato,2024-06-21,904,1161,1032
Rajasthan,Kota,Ramganjmandi,Turmeric,2024-06-21,6971,8071,7618
Rajasthan,Kota,Ramganjmandi,Mustard,2024-06-21,4626,5046,4829
Rajasthan,Kota,Ramganjmandi,Soybean,2024-06-21,4119,4560,4305
Rajasthan,Kota,Ramganjmandi,Potato,2024-06-25,1017,1234,1121
Rajasthan,Kota,Ramganjmandi,Turmeric,2024-06-25,6946,8630,7876
Rajasthan,Kota,Ramganjmandi,Maize,2024-06-25,1710,1818,1764
Rajasthan,Kota,Ramganjmandi,Sugarcane,2024-06-25,344,364,352
Rajasthan,Kota,Ramganjmandi,Soybean,2024-06-25,4209,4626,4419
Rajasthan,Kota,Ramganjmandi,Potato,2024-06-29,950,1251,1098
Rajasthan,Kota,Ramganjmandi,Turmeric,2024-06-29,6432,7863,7310
Rajasthan,Kota,Ramganjmandi,Maize,2024-06-29,1793,1941,1871
Rajasthan,Kota,Ramganjmandi,Potato,2024-07-03,832,1348,1087
Rajasthan,Kota,Ramganjmandi,Turmeric,2024-07-03,7677,8371,7974
Rajasthan,Kota,Ramganjmandi,Soybean,2024-07-03,4174,4706,4433
Rajasthan,Kota,Ramganjmandi,Potato,2024-07-07,914,1394,1153
Rajasthan,Kota,Ramganjmandi,Turmeric,2024-07-07,7217,8063,7686
Rajasthan,Kota,Ramganjmandi,Maize,2024-07-07,1812,2052,1933
Rajasthan,Kota,Ramganjmandi,Sugarcane,2024-07-07,307,325,315
Rajasthan,Kota,Ramganjmandi,Mustard,2024-07-07,5205,5603,5403
Rajasthan,Kota,Ramganjmandi,Soybean,2024-07-07,4033,4542,4294
Rajasthan,Kota,Ramganjmandi,Potato,2024-07-11,880,1362,1125
Rajasthan,Kota,Ramganjmandi,Maize,2024-07-11,1880,2025,1949
Rajasthan,Kota,Ramganjmandi,Sugarcane,2024-07-11,321,340,331
Rajasthan,Kota,Ramganjmandi,Mustard,2024-07-11,5215,5974,5587
Rajasthan,Kota,Ramganjmandi,Soybean,2024-07-11,3751,4278,3983
Rajasthan,Kota,Ramganjmandi,Potato,2024-07-15,938,1334,1139
Rajasthan,Kota,Ramganjmandi,Maize,2024-07-15,1745,1904,1828
Rajasthan,Kota,Ramganjmandi,Sugarcane,2024-07-15,299,312,306
Rajasthan,Kota,Ramganjmandi,Mustard,2024-07-15,4703,5172,4955
Rajasthan,Kota,Ramganjmandi,Turmeric,2024-07-19,6401,7647,7025
Rajasthan,Kota,Ramganjmandi,Maize,2024-07-19,1790,1899,1836
Rajasthan,Kota,Ramganjmandi,Sugarcane,2024-07-19,307,320,314
Rajasthan,Kota,Ramganjmandi,Potato,2024-07-23,962,1235,1111
Rajasthan,Kota,Ramganjmandi,Turmeric,2024-07-23,6897,8197,7563
Rajasthan,Kota,Ramganjmandi,Maize,2024-07-23,1875,2119,1966
Rajasthan,Kota,Ramganjmandi,Sugarcane,2024-07-23,347,361,355
Rajasthan,Kota,Ramganjmandi,Mustard,2024-07-23,4826,5576,5205
Rajasthan,Kota,Ramganjmandi,Soybean,2024-07-23,3859,4402,4159
Rajasthan,Kota,Ramganjmandi,Potato,2024-07-27,1021,1340,1173
Rajasthan,Kota,Ramganjmandi,Turmeric,2024-07-27,7425,8717,8096
Rajasthan,Kota,Ramganjmandi,Maize,2024-07-27,1694,1856,1776
Rajasthan,Kota,Ramganjmandi,Sugarcane,2024-07-27,332,347,341
Rajasthan,Kota,Ramganjmandi,Mustard,2024-07-27,5240,5800,5550
Rajasthan,Kota,Ramganjmandi,Soybean,2024-07-27,3697,4105,3868
Rajasthan,Kota,Ramganjmandi,Maize,2024-07-31,1846,2068,1965
Rajasthan,Kota,Ramganjmandi,Sugarcane,2024-07-31,326,349,339
Rajasthan,Kota,Ramganjmandi,Mustard,2024-07-31,4748,5462,5112
Rajasthan,Kota,Ramganjmandi,Soybean,2024-07-31,4308,4755,4483
Rajasthan,Kota,Ramganjmandi,Potato,2024-08-04,1034,1343,1156
Rajasthan,Kota,Ramganjmandi,Turmeric,2024-08-04,6496,8003,7203
Rajasthan,Kota,Ramganjmandi,Maize,2024-08-04,1872,2048,1961
Rajasthan,Kota,Ramganjmandi,Sugarcane,2024-08-04,347,361,355
Rajasthan,Kota,Ramganjmandi,Mustard,2024-08-04,4927,5290,5096
Rajasthan,Kota,Ramganjmandi,Soybean,2024-08-04,3787,4154,3974
Rajasthan,Kota,Ramganjmandi,Turmeric,2024-08-08,6816,7713,7273
Rajasthan,Kota,Ramganjmandi,Maize,2024-08-08,1878,2138,2016
Rajasthan,Kota,Ramganjmandi,Sugarcane,2024-08-08,305,331,318
Rajasthan,Kota,Ramganjmandi,Mustard,2024-08-08,4721,5117,4929
Rajasthan,Kota,Ramganjmandi,Soybean,2024-08-08,3874,4388,4128
Rajasthan,Kota,Ramganjmandi,Potato,2024-08-12,1046,1346,1158
Rajasthan,Kota,Ramganjmandi,Maize,2024-08-12,1853,2068,1947
Rajasthan,Kota,Ramganjmandi,Sugarcane,2024-08-12,298,311,305
Rajasthan,Kota,Ramganjmandi,Mustard,2024-08-12,4891,5417,5160
Rajasthan,Kota,Ramganjmandi,Potato,2024-08-16,984,1247,1086
Rajasthan,Kota,Ramganjmandi,Turmeric,2024-08-16,6276,7639,7006
Rajasthan,Kota,Ramganjmandi,Maize,2024-08-16,1926,2183,2044
Rajasthan,Kota,Ramganjmandi,Sugarcane,2024-08-16,333,347,340
Rajasthan,Kota,Ramganjmandi,Mustard,2024-08-16,5234,5522,5383
Rajasthan,Kota,Ramganjmandi,Soybean,2024-08-16,3890,4184,4040
Rajasthan,Kota,Ramganjmandi,Soybean,2024-08-20,3729,4208,3965
Rajasthan,Kota,Ramganjmandi,Potato,2024-08-24,821,1280,1016
Rajasthan,Kota,Ramganjmandi,Sugarcane,2024-08-24,339,360,348
Rajasthan,Kota,Ramganjmandi,Mustard,2024-08-24,4679,5171,4898
Rajasthan,Kota,Ramganjmandi,Soybean,2024-08-24,4031,4296,4140
Rajasthan,Kota,Ramganjmandi,Potato,2024-08-28,986,1385,1167
Rajasthan,Kota,Ramganjmandi,Turmeric,2024-08-28,6715,8186,7366
Rajasthan,Kota,Ramganjmandi,Maize,2024-08-28,1946,2068,2013
Rajasthan,Kota,Ramganjmandi,Sugarcane,2024-08-28,309,321,315
Rajasthan,Kota,Ramganjmandi,Mustard,2024-08-28,5056,5438,5255
Rajasthan,Kota,Ramganjmandi,Soybean,2024-08-28,3789,4285,4029
Rajasthan,Kota,Ramganjmandi,Potato,2024-09-01,852,1334,1087
Rajasthan,Kota,Ramganjmandi,Turmeric,2024-09-01,6757,7430,7043
Rajasthan,Kota,Ramganjmandi,Maize,2024-09-01,1576,1664,1616
Rajasthan,Kota,Ramganjmandi,Sugarcane,2024-09-01,318,342,328
Rajasthan,Kota,Ramganjmandi,Mustard,2024-09-01,4754,5278,5010
Rajasthan,Kota,Ramganjmandi,Soybean,2024-09-01,3789,4174,3989
Rajasthan,Kota,Ramganjmandi,Turmeric,2024-09-05,7373,8075,7765
Rajasthan,Kota,Ramganjmandi,Maize,2024-09-05,1406,1502,1458
Rajasthan,Kota,Ramganjmandi,Sugarcane,2024-09-05,308,320,313
Rajasthan,Kota,Ramganjmandi,Soybean,2024-09-05,3793,3999,3883
Rajasthan,Kota,Ramganjmandi,Potato,2024-09-09,842,1288,1030
Rajasthan,Kota,Ramganjmandi,Turmeric,2024-09-09,6955,7983,7545
Rajasthan,Kota,Ramganjmandi,Maize,2024-09-09,1400,1561,1471
Rajasthan,Kota,Ramganjmandi,Sugarcane,2024-09-09,339,349,344
Rajasthan,Kota,Ramganjmandi,Mustard,2024-09-09,4797,5373,5096
Rajasthan,Kota,Ramganjmandi,Soybean,2024-09-09,4144,4368,4250
Rajasthan,Kota,Ramganjmandi,Potato,2024-09-13,930,1232,1072
Rajasthan,Kota,Ramganjmandi,Turmeric,2024-09-13,6716,7660,7172
Rajasthan,Kota,Ramganjmandi,Sugarcane,2024-09-13,326,347,336
Rajasthan,Kota,Ramganjmandi,Mustard,2024-09-13,5278,5804,5559
Rajasthan,Kota,Ramganjmandi,Soybean,2024-09-13,4123,4605,4372
Rajasthan,Kota,Ramganjmandi,Potato,2024-09-17,1019,1314,1158
Rajasthan,Kota,Ramganjmandi,Turmeric,2024-09-17,7039,7837,7388
Rajasthan,Kota,Ramganjmandi,Maize,2024-09-17,1554,1710,1623
Rajasthan,Kota,Ramganjmandi,Mustard,2024-09-17,4961,5675,5322
Rajasthan,Kota,Ramganjmandi,Soybean,2024-09-17,3965,4626,4288
Rajasthan,Kota,Ramganjmandi,Maize,2024-09-21,1565,1659,1609
Rajasthan,Kota,Ramganjmandi,Sugarcane,2024-09-21,331,347,339
Rajasthan,Kota,Ramganjmandi,Mustard,2024-09-21,4965,5314,5110
Rajasthan,Kota,Ramganjmandi,Soybean,2024-09-21,4138,4570,4370
Rajasthan,Kota,Ramganjmandi,Potato,2024-09-25,898,1172,1020
Rajasthan,Kota,Ramganjmandi,Turmeric,2024-09-25,6569,7240,6961
Rajasthan,Kota,Ramganjmandi,Maize,2024-09-25,1508,1622,1552
Rajasthan,Kota,Ramganjmandi,Mustard,2024-09-25,4790,5067,4894
Rajasthan,Kota,Ramganjmandi,Turmeric,2024-09-29,7250,8001,7674
Rajasthan,Kota,Ramganjmandi,Maize,2024-09-29,1427,1563,1486
Rajasthan,Kota,Ramganjmandi,Sugarcane,2024-09-29,304,324,314
Rajasthan,Kota,Ramganjmandi,Mustard,2024-09-29,5351,5652,5513
Rajasthan,Kota,Ramganjmandi,Soybean,2024-09-29,4089,4617,4331
Rajasthan,Kota,Ramganjmandi,Potato,2024-10-03,866,1261,1066
Rajasthan,Kota,Ramganjmandi,Maize,2024-10-03,1469,1681,1578
Rajasthan,Kota,Ramganjmandi,Sugarcane,2024-10-03,340,351,346
Rajasthan,Kota,Ramganjmandi,Mustard,2024-10-03,4822,5084,4951
Rajasthan,Kota,Ramganjmandi,Soybean,2024-10-03,3549,3874,3696
Rajasthan,Kota,Ramganjmandi,Turmeric,2024-10-07,6937,8705,7843
Rajasthan,Kota,Ramganjmandi,Maize,2024-10-07,1476,1593,1544
Rajasthan,Kota,Ramganjmandi,Sugarcane,2024-10-07,300,316,308
Rajasthan,Kota,Ramganjmandi,Soybean,2024-10-07,3038,3541,3320
Rajasthan,Kota,Ramganjmandi,Potato,2024-10-11,801,1326,1048
Rajasthan,Kota,Ramganjmandi,Turmeric,2024-10-11,6474,7816,7111
Rajasthan,Kota,Ramganjmandi,Maize,2024-10-11,1471,1620,1536
Rajasthan,Kota,Ramganjmandi,Sugarcane,2024-10-11,343,358,351
Rajasthan,Kota,Ramganjmandi,Soybean,2024-10-11,2973,3416,3213
Rajasthan,Kota,Ramganjmandi,Turmeric,2024-10-15,7312,8543,7838
Rajasthan,Kota,Ramganjmandi,Soybean,2024-10-15,3295,3715,3542
Rajasthan,Kota,Ramganjmandi,Potato,2024-10-19,940,1318,1142
Rajasthan,Kota,Ramganjmandi,Turmeric,2024-10-19,7393,8677,8009
Rajasthan,Kota,Ramganjmandi,Maize,2024-10-19,1568,1685,1618
Rajasthan,Kota,Ramganjmandi,Mustard,2024-10-19,5209,5718,5417
Rajasthan,Kota,Ramganjmandi,Potato,2024-10-23,937,1332,1100
Rajasthan,Kota,Ramganjmandi,Maize,2024-10-23,1433,1563,1492
Rajasthan,Kota,Ramganjmandi,Mustard,2024-10-23,4960,5395,5196
Rajasthan,Kota,Ramganjmandi,Potato,2024-10-27,898,1389,1132
Rajasthan,Kota,Ramganjmandi,Maize,2024-10-27,1441,1633,1543
Rajasthan,Kota,Ramganjmandi,Sugarcane,2024-10-27,337,360,349
Rajasthan,Kota,Ramganjmandi,Mustard,2024-10-27,4539,5100,4820
Rajasthan,Kota,Ramganjmandi,Soybean,2024-10-27,3287,3564,3417
Rajasthan,Kota,Ramganjmandi,Potato,2024-10-31,1041,1297,1187
Rajasthan,Kota,Ramganjmandi,Turmeric,2024-10-31,6860,7820,7360
Rajasthan,Kota,Ramganjmandi,Sugarcane,2024-10-31,301,323,309
Rajasthan,Kota,Ramganjmandi,Mustard,2024-10-31,4839,5257,5095
Rajasthan,Kota,Ramganjmandi,Soybean,2024-10-31,3447,3737,3575
Rajasthan,Kota,Ramganjmandi,Potato,2024-11-04,867,1206,1039
Rajasthan,Kota,Ramganjmandi,Turmeric,2024-11-04,6644,8189,7421
Rajasthan,Kota,Ramganjmandi,Maize,2024-11-04,1746,1885,1816
Rajasthan,Kota,Ramganjmandi,Sugarcane,2024-11-04,257,277,267
Rajasthan,Kota,Ramganjmandi,Mustard,2024-11-04,5338,5639,5524
Rajasthan,Kota,Ramganjmandi,Soybean,2024-11-04,3396,3692,3513
Rajasthan,Kota,Ramganjmandi,Potato,2024-11-08,937,1328,1159
Rajasthan,Kota,Ramganjmandi,Turmeric,2024-11-08,7158,7925,7573
Rajasthan,Kota,Ramganjmandi,Maize,2024-11-08,1832,2025,1943
Rajasthan,Kota,Ramganjmandi,Sugarcane,2024-11-08,244,259,251
Rajasthan,Kota,Ramganjmandi,Mustard,2024-11-08,4594,5103,4824
Rajasthan,Kota,Ramganjmandi,Soybean,2024-11-08,2992,3410,3173
Rajasthan,Kota,Ramganjmandi,Turmeric,2024-11-12,7224,8600,7935
Rajasthan,Kota,Ramganjmandi,Maize,2024-11-12,1722,1811,1767
Rajasthan,Kota,Ramganjmandi,Sugarcane,2024-11-12,250,263,258
Rajasthan,Kota,Ramganjmandi,Mustard,2024-11-12,5238,5774,5535
Rajasthan,Kota,Ramganjmandi,Soybean,2024-11-12,3222,3453,3325
Rajasthan,Kota,Ramganjmandi,Maize,2024-11-16,1704,1884,1787
Rajasthan,Kota,Ramganjmandi,Soybean,2024-11-16,3339,3752,3551
Rajasthan,Kota,Ramganjmandi,Potato,2024-11-20,994,1280,1143
Rajasthan,Kota,Ramganjmandi,Turmeric,2024-11-20,6733,7591,7159
Rajasthan,Kota,Ramganjmandi,Maize,2024-11-20,1667,1849,1773
Rajasthan,Kota,Ramganjmandi,Sugarcane,2024-11-20,281,293,287
Rajasthan,Kota,Ramganjmandi,Potato,2024-11-24,941,1192,1038
Rajasthan,Kota,Ramganjmandi,Sugarcane,2024-11-24,256,269,261
Rajasthan,Kota,Ramganjmandi,Mustard,2024-11-24,4780,4998,4891
Rajasthan,Kota,Ramganjmandi,Soybean,2024-11-24,3561,3812,3692
Rajasthan,Kota,Ramganjmandi,Sugarcane,2024-11-28,274,290,284
Rajasthan,Kota,Ramganjmandi,Mustard,2024-11-28,5364,5853,5576
Rajasthan,Kota,Ramganjmandi,Potato,2024-12-02,1047,1302,1174
Rajasthan,Kota,Ramganjmandi,Turmeric,2024-12-02,6972,8077,7519
Rajasthan,Kota,Ramganjmandi,Maize,2024-12-02,1752,1858,1807
Rajasthan,Kota,Ramganjmandi,Sugarcane,2024-12-02,274,286,281
Rajasthan,Kota,Ramganjmandi,Mustard,2024-12-02,5193,5521,5355
Rajasthan,Kota,Ramganjmandi,Potato,2024-12-06,863,1148,1024
Rajasthan,Kota,Ramganjmandi,Maize,2024-12-06,1911,2117,2015
Rajasthan,Kota,Ramganjmandi,Mustard,2024-12-06,5256,5798,5511
Rajasthan,Kota,Ramganjmandi,Soybean,2024-12-06,4389,4691,4531
Rajasthan,Kota,Ramganjmandi,Potato,2024-12-10,812,1255,1055
Rajasthan,Kota,Ramganjmandi,Turmeric,2024-12-10,6705,8254,7501
Rajasthan,Kota,Ramganjmandi,Maize,2024-12-10,1794,2052,1925
Rajasthan,Kota,Ramganjmandi,Sugarcane,2024-12-10,274,289,282
Rajasthan,Kota,Ramganjmandi,Mustard,2024-12-10,5087,5372,5221
Rajasthan,Kota,Ramganjmandi,Soybean,2024-12-10,3889,4199,4046
Rajasthan,Kota,Ramganjmandi,Turmeric,2024-12-14,7000,8098,7503
Rajasthan,Kota,Ramganjmandi,Maize,2024-12-14,1953,2121,2045
Rajasthan,Kota,Ramganjmandi,Sugarcane,2024-12-14,263,279,271
Rajasthan,Kota,Ramganjmandi,Soybean,2024-12-14,4020,4321,4160
Rajasthan,Kota,Ramganjmandi,Turmeric,2024-12-18,7192,8234,7764
Rajasthan,Kota,Ramganjmandi,Maize,2024-12-18,1833,1931,1880
Rajasthan,Kota,Ramganjmandi,Sugarcane,2024-12-18,252,268,258
Rajasthan,Kota,Ramganjmandi,Soybean,2024-12-18,3751,4066,3944
Rajasthan,Kota,Ramganjmandi,Potato,2024-12-22,963,1266,1118
Rajasthan,Kota,Ramganjmandi,Turmeric,2024-12-22,6759,8341,7604
Rajasthan,Kota,Ramganjmandi,Sugarcane,2024-12-22,246,259,253
Rajasthan,Kota,Ramganjmandi,Mustard,2024-12-22,4640,4991,4834
Rajasthan,Kota,Ramganjmandi,Soybean,2024-12-22,3825,4140,3982
Rajasthan,Kota,Ramganjmandi,Turmeric,2024-12-26,7554,8723,8087
Rajasthan,Kota,Ramganjmandi,Maize,2024-12-26,1896,2088,1999
Rajasthan,Kota,Ramganjmandi,Sugarcane,2024-12-26,263,274,268
Rajasthan,Kota,Ramganjmandi,Soybean,2024-12-26,4022,4460,4236
Rajasthan,Kota,Ramganjmandi,Potato,2024-12-30,988,1298,1162
Rajasthan,Kota,Ramganjmandi,Turmeric,2024-12-30,6776,7535,7237
Rajasthan,Kota,Ramganjmandi,Maize,2024-12-30,1932,2135,2047
Rajasthan,Kota,Ramganjmandi,Sugarcane,2024-12-30,258,273,264
Rajasthan,Kota,Ramganjmandi,Mustard,2024-12-30,5310,5852,5573
Bihar,Patna,Patna Mandi,Banana,2024-01-01,1019,1244,1117
Bihar,Patna,Patna Mandi,Paddy(Dhan),2024-01-01,2073,2301,2201
Bihar,Patna,Patna Mandi,Soybean,2024-01-01,3787,4050,3919
Bihar,Patna,Patna Mandi,Gram(Chana),2024-01-01,4708,5184,4951
Bihar,Patna,Patna Mandi,Cotton,2024-01-01,4908,5487,5206
Bihar,Patna,Patna Mandi,Bajra,2024-01-01,1976,2243,2121
Bihar,Patna,Patna Mandi,Turmeric,2024-01-01,7523,8672,7991
Bihar,Patna,Patna Mandi,Banana,2024-01-05,977,1264,1118
Bihar,Patna,Patna Mandi,Soybean,2024-01-05,4278,4687,4485
Bihar,Patna,Patna Mandi,Gram(Chana),2024-01-05,5025,5594,5307
Bihar,Patna,Patna Mandi,Cotton,2024-01-05,4998,5429,5209
Bihar,Patna,Patna Mandi,Bajra,2024-01-05,2058,2238,2139
Bihar,Patna,Patna Mandi,Tomato,2024-01-05,677,1371,1021
Bihar,Patna,Patna Mandi,Turmeric,2024-01-05,6504,7417,6946
Bihar,Patna,Patna Mandi,Banana,2024-01-09,941,1179,1077
Bihar,Patna,Patna Mandi,Paddy(Dhan),2024-01-09,1933,2172,2052
Bihar,Patna,Patna Mandi,Soybean,2024-01-09,3861,4215,4047
Bihar,Patna,Patna Mandi,Gram(Chana),2024-01-09,4660,5087,4872
Bihar,Patna,Patna Mandi,Cotton,2024-01-09,5237,6229,5750
Bihar,Patna,Patna Mandi,Bajra,2024-01-09,1944,2161,2063
Bihar,Patna,Patna Mandi,Tomato,2024-01-09,614,1290,1002
Bihar,Patna,Patna Mandi,Banana,2024-01-13,1075,1402,1229
Bihar,Patna,Patna Mandi,Paddy(Dhan),2024-01-13,1885,2033,1953
Bihar,Patna,Patna Mandi,Gram(Chana),2024-01-13,4876,5344,5065
Bihar,Patna,Patna Mandi,Cotton,2024-01-13,5604,6375,5894
Bihar,Patna,Patna Mandi,Bajra,2024-01-13,2053,2191,2120
Bihar,Patna,Patna Mandi,Tomato,2024-01-13,889,1367,1127
Bihar,Patna,Patna Mandi,Turmeric,2024-01-13,6483,7912,7194
Bihar,Patna,Patna Mandi,Banana,2024-01-17,1073,1390,1237
Bihar,Patna,Patna Mandi,Paddy(Dhan),2024-01-17,1968,2173,2059
Bihar,Patna,Patna Mandi,Soybean,2024-01-17,3795,4067,3903
Bihar,Patna,Patna Mandi,Bajra,2024-01-17,1952,2133,2054
Bihar,Patna,Patna Mandi,Tomato,2024-01-17,713,1247,1024
Bihar,Patna,Patna Mandi,Turmeric,2024-01-17,6154,7696,6944
Bihar,Patna,Patna Mandi,Banana,2024-01-21,1032,1257,1141
Bihar,Patna,Patna Mandi,Soybean,2024-01-21,3704,4160,3920
Bihar,Patna,Patna Mandi,Cotton,2024-01-21,5248,6205,5740
Bihar,Patna,Patna Mandi,Bajra,2024-01-21,1982,2212,2088
Bihar,Patna,Patna Mandi,Tomato,2024-01-21,855,1238,1032
Bihar,Patna,Patna Mandi,Banana,2024-01-25,954,1192,1083
Bihar,Patna,Patna Mandi,Paddy(Dhan),2024-01-25,2117,2264,2176
Bihar,Patna,Patna Mandi,Soybean,2024-01-25,3749,4071,3930
Bihar,Patna,Patna Mandi,Cotton,2024-01-25,5260,5914,5558
Bihar,Patna,Patna Mandi,Bajra,2024-01-25,2129,2421,2264
Bihar,Patna,Patna Mandi,Turmeric,2024-01-25,6913,8277,7552
Bihar,Patna,Patna Mandi,Paddy(Dhan),2024-01-29,2034,2162,2093
Bihar,Patna,Patna Mandi,Soybean,2024-01-29,3709,4247,4026
Bihar,Patna,Patna Mandi,Gram(Chana),2024-01-29,4798,5301,5018
Bihar,Patna,Patna Mandi,Bajra,2024-01-29,1996,2237,2100
Bihar,Patna,Patna Mandi,Tomato,2024-01-29,719,1456,1036
Bihar,Patna,Patna Mandi,Turmeric,2024-01-29,7525,8703,7993
Bihar,Patna,Patna Mandi,Banana,2024-02-02,930,1155,1069
Bihar,Patna,Patna Mandi,Paddy(Dhan),2024-02-02,2012,2233,2136
Bihar,Patna,Patna Mandi,Soybean,2024-02-02,3832,4389,4170
Bihar,Patna,Patna Mandi,Gram(Chana),2024-02-02,4431,4947,4743
Bihar,Patna,Patna Mandi,Cotton,2024-02-02,6627,7582,7076
Bihar,Patna,Patna Mandi,Bajra,2024-02-02,1963,2228,2081
Bihar,Patna,Patna Mandi,Tomato,2024-02-02,827,1267,1053
Bihar,Patna,Patna Mandi,Turmeric,2024-02-02,5936,6931,6334
Bihar,Patna,Patna Mandi,Paddy(Dhan),2024-02-06,2007,2268,2144
Bihar,Patna,Patna Mandi,Soybean,2024-02-06,4170,4741,4493
Bihar,Patna,Patna Mandi,Gram(Chana),2024-02-06,4803,5283,4999
Bihar,Patna,Patna Mandi,Bajra,2024-02-06,1840,2081,1963
Bihar,Patna,Patna Mandi,Tomato,2024-02-06,831,1220,1028
Bihar,Patna,Patna Mandi,Turmeric,2024-02-06,5921,6905,6443
Bihar,Patna,Patna Mandi,Banana,2024-02-10,1062,1301,1188
Bihar,Patna,Patna Mandi,Paddy(Dhan),2024-02-10,1868,1968,1916
Bihar,Patna,Patna Mandi,Soybean,2024-02-10,3893,4156,3998
Bihar,Patna,Patna Mandi,Cotton,2024-02-10,6464,7079,6823
Bihar,Patna,Patna Mandi,Bajra,2024-02-10,2075,2244,2145
Bihar,Patna,Patna Mandi,Tomato,2024-02-10,953,1319,1150
Bihar,Patna,Patna Mandi,Turmeric,2024-02-10,5600,6199,5825
Bihar,Patna,Patna Mandi,Banana,2024-02-14,983,1190,1074
Bihar,Patna,Patna Mandi,Paddy(Dhan),2024-02-14,2069,2161,2112
Bihar,Patna,Patna Mandi,Bajra,2024-02-14,2124,2240,2189
Bihar,Patna,Patna Mandi,Tomato,2024-02-14,732,1318,1011
Bihar,Patna,Patna Mandi,Banana,2024-02-18,978,1267,1134
Bihar,Patna,Patna Mandi,Gram(Chana),2024-02-18,4425,4908,4656
Bihar,Patna,Patna Mandi,Cotton,2024-02-18,6807,7261,7026
Bihar,Patna,Patna Mandi,Bajra,2024-02-18,2140,2307,2210
Bihar,Patna,Patna Mandi,Tomato,2024-02-18,759,1345,1007
Bihar,Patna,Patna Mandi,Turmeric,2024-02-18,5381,6001,5747
Bihar,Patna,Patna Mandi,Paddy(Dhan),2024-02-22,2056,2254,2159
Bihar,Patna,Patna Mandi,Soybean,2024-02-22,3866,4128,4000
Bihar,Patna,Patna Mandi,Gram(Chana),2024-02-22,5009,5633,5336
Bihar,Patna,Patna Mandi,Bajra,2024-02-22,1947,2195,2082
Bihar,Patna,Patna Mandi,Tomato,2024-02-22,903,1435,1140
Bihar,Patna,Patna Mandi,Turmeric,2024-02-22,5981,7063,6451
Bihar,Patna,Patna Mandi,Paddy(Dhan),2024-02-26,1873,2052,1962
Bihar,Patna,Patna Mandi,Gram(Chana),2024-02-26,4762,5389,5017
Bihar,Patna,Patna Mandi,Cotton,2024-02-26,5898,6730,6347
Bihar,Patna,Patna Mandi,Bajra,2024-02-26,2093,2320,2230
Bihar,Patna,Patna Mandi,Tomato,2024-02-26,737,1272,1003
Bihar,Patna,Patna Mandi,Turmeric,2024-02-26,5384,6504,5970
Bihar,Patna,Patna Mandi,Banana,2024-03-01,973,1279,1150
Bihar,Patna,Patna Mandi,Paddy(Dhan),2024-03-01,1818,1994,1901
Bihar,Patna,Patna Mandi,Soybean,2024-03-01,3661,4152,3930
Bihar,Patna,Patna Mandi,Gram(Chana),2024-03-01,3641,3983,3825
Bihar,Patna,Patna Mandi,Cotton,2024-03-01,6658,7701,7107
Bihar,Patna,Patna Mandi,Tomato,2024-03-01,782,1541,1202
Bihar,Patna,Patna Mandi,Turmeric,2024-03-01,6000,6889,6440
Bihar,Patna,Patna Mandi,Banana,2024-03-05,1011,1206,1124
Bihar,Patna,Patna Mandi,Paddy(Dhan),2024-03-05,1947,2220,2085
Bihar,Patna,Patna Mandi,Soybean,2024-03-05,4204,4683,4432
Bihar,Patna,Patna Mandi,Gram(Chana),2024-03-05,3947,4444,4173
Bihar,Patna,Patna Mandi,Cotton,2024-03-05,6767,7562,7203
Bihar,Patna,Patna Mandi,Bajra,2024-03-05,2041,2290,2191
Bihar,Patna,Patna Mandi,Turmeric,2024-03-05,5907,7073,6458
Bihar,Patna,Patna Mandi,Banana,2024-03-09,1086,1325,1191
Bihar,Patna,Patna Mandi,Paddy(Dhan),2024-03-09,1883,2000,1927
Bihar,Patna,Patna Mandi,Gram(Chana),2024-03-09,3656,3913,3776
Bihar,Patna,Patna Mandi,Cotton,2024-03-09,6084,6981,6471
Bihar,Patna,Patna Mandi,Tomato,2024-03-09,836,1603,1202
Bihar,Patna,Patna Mandi,Turmeric,2024-03-09,6213,6963,6615
Bihar,Patna,Patna Mandi,Banana,2024-03-13,1010,1262,1129
Bihar,Patna,Patna Mandi,Paddy(Dhan),2024-03-13,2128,2282,2214
Bihar,Patna,Patna Mandi,Soybean,2024-03-13,3846,4252,4049
Bihar,Patna,Patna Mandi,Gram(Chana),2024-03-13,4074,4754,4423
Bihar,Patna,Patna Mandi,Tomato,2024-03-13,1060,1364,1220
Bihar,Patna,Patna Mandi,Turmeric,2024-03-13,5915,6992,6482
Bihar,Patna,Patna Mandi,Banana,2024-03-17,1048,1398,1221
Bihar,Patna,Patna Mandi,Paddy(Dhan),2024-03-17,2017,2275,2137
Bihar,Patna,Patna Mandi,Soybean,2024-03-17,3638,4222,3932
Bihar,Patna,Patna Mandi,Gram(Chana),2024-03-17,4116,4482,4315
Bihar,Patna,Patna Mandi,Cotton,2024-03-17,6069,7016,6568
Bihar,Patna,Patna Mandi,Bajra,2024-03-17,1888,2107,1999
Bihar,Patna,Patna Mandi,Tomato,2024-03-17,881,1744,1320
Bihar,Patna,Patna Mandi,Turmeric,2024-03-17,5608,6707,6119
Bihar,Patna,Patna Mandi,Banana,2024-03-21,1014,1274,1141
Bihar,Patna,Patna Mandi,Gram(Chana),2024-03-21,3600,3944,3807
Bihar,Patna,Patna Mandi,Cotton,2024-03-21,5960,6790,6413
Bihar,Patna,Patna Mandi,Bajra,2024-03-21,1995,2137,2073
Bihar,Patna,Patna Mandi,Turmeric,2024-03-21,5032,6400,5746
Bihar,Patna,Patna Mandi,Banana,2024-03-25,1020,1334,1141
Bihar,Patna,Patna Mandi,Soybean,2024-03-25,3760,4125,3950
Bihar,Patna,Patna Mandi,Cotton,2024-03-25,6783,7198,7003
Bihar,Patna,Patna Mandi,Tomato,2024-03-25,1050,1662,1363
Bihar,Patna,Patna Mandi,Banana,2024-03-29,949,1214,1100
Bihar,Patna,Patna Mandi,Soybean,2024-03-29,4187,4487,4323
Bihar,Patna,Patna Mandi,Cotton,2024-03-29,6622,7079,6873
Bihar,Patna,Patna Mandi,Bajra,2024-03-29,1949,2153,2034
Bihar,Patna,Patna Mandi,Banana,2024-04-02,1104,1406,1231
Bihar,Patna,Patna Mandi,Paddy(Dhan),2024-04-02,2077,2251,2162
Bihar,Patna,Patna Mandi,Soybean,2024-04-02,3686,4084,3899
Bihar,Patna,Patna Mandi,Gram(Chana),2024-04-02,3987,4196,4095
Bihar,Patna,Patna Mandi,Bajra,2024-04-02,1846,2035,1962
Bihar,Patna,Patna Mandi,Soybean,2024-04-06,3791,4448,4154
Bihar,Patna,Patna Mandi,Cotton,2024-04-06,6451,7004,6714
Bihar,Patna,Patna Mandi,Bajra,2024-04-06,2180,2356,2251
Bihar,Patna,Patna Mandi,Tomato,2024-04-06,1154,1734,1403
Bihar,Patna,Patna Mandi,Turmeric,2024-04-06,7626,8460,7993
Bihar,Patna,Patna Mandi,Banana,2024-04-10,964,1171,1090
Bihar,Patna,Patna Mandi,Paddy(Dhan),2024-04-10,2063,2168,2109
Bihar,Patna,Patna Mandi,Gram(Chana),2024-04-10,3680,4051,3865
Bihar,Patna,Patna Mandi,Bajra,2024-04-10,2073,2268,2172
Bihar,Patna,Patna Mandi,Tomato,2024-04-10,1025,1507,1273
Bihar,Patna,Patna Mandi,Turmeric,2024-04-10,6658,7560,7121
Bihar,Patna,Patna Mandi,Banana,2024-04-14,1059,1214,1138
Bihar,Patna,Patna Mandi,Soybean,2024-04-14,4007,4367,4229
Bihar,Patna,Patna Mandi,Cotton,2024-04-14,6914,7634,7304
Bihar,Patna,Patna Mandi,Bajra,2024-04-14,1990,2159,2075
Bihar,Patna,Patna Mandi,Turmeric,2024-04-14,6938,7754,7308
Bihar,Patna,Patna Mandi,Banana,2024-04-18,1043,1344,1214
Bihar,Patna,Patna Mandi,Paddy(Dhan),2024-04-18,1840,1938,1899
Bihar,Patna,Patna Mandi,Gram(Chana),2024-04-18,3869,4095,3987
Bihar,Patna,Patna Mandi,Cotton,2024-04-18,5781,6831,6372
Bihar,Patna,Patna Mandi,Bajra,2024-04-18,1961,2150,2038
Bihar,Patna,Patna Mandi,Turmeric,2024-04-18,6762,7412,7094
Bihar,Patna,Patna Mandi,Banana,2024-04-22,1038,1222,1128
Bihar,Patna,Patna Mandi,Paddy(Dhan),2024-04-22,2113,2229,2165
Bihar,Patna,Patna Mandi,Soybean,2024-04-22,3973,4478,4280
Bihar,Patna,Patna Mandi,Gram(Chana),2024-04-22,3860,4099,3980
Bihar,Patna,Patna Mandi,Cotton,2024-04-22,6161,6939,6471
Bihar,Patna,Patna Mandi,Bajra,2024-04-22,1965,2128,2044
Bihar,Patna,Patna Mandi,Turmeric,2024-04-22,7311,8128,7715
Bihar,Patna,Patna Mandi,Banana,2024-04-26,1094,1352,1194
Bihar,Patna,Patna Mandi,Paddy(Dhan),2024-04-26,1981,2123,2051
Bihar,Patna,Patna Mandi,Soybean,2024-04-26,4127,4517,4339
Bihar,Patna,Patna Mandi,Gram(Chana),2024-04-26,3763,4107,3931
Bihar,Patna,Patna Mandi,Cotton,2024-04-26,5963,6703,6335
Bihar,Patna,Patna Mandi,Bajra,2024-04-26,1922,2106,2006
Bihar,Patna,Patna Mandi,Tomato,2024-04-26,902,1570,1282
Bihar,Patna,Patna Mandi,Turmeric,2024-04-26,7328,8177,7824
Bihar,Patna,Patna Mandi,Banana,2024-04-30,1054,1241,1137
Bihar,Patna,Patna Mandi,Paddy(Dhan),2024-04-30,2096,2230,2150
Bihar,Patna,Patna Mandi,Gram(Chana),2024-04-30,3992,4296,4156
Bihar,Patna,Patna Mandi,Cotton,2024-04-30,6321,6918,6591
Bihar,Patna,Patna Mandi,Bajra,2024-04-30,2055,2270,2161
Bihar,Patna,Patna Mandi,Tomato,2024-04-30,908,1551,1225
Bihar,Patna,Patna Mandi,Turmeric,2024-04-30,6837,8270,7575
Bihar,Patna,Patna Mandi,Paddy(Dhan),2024-05-04,1931,2053,1994
Bihar,Patna,Patna Mandi,Soybean,2024-05-04,4065,4567,4340
Bihar,Patna,Patna Mandi,Gram(Chana),2024-05-04,4416,4818,4616
Bihar,Patna,Patna Mandi,Bajra,2024-05-04,2125,2361,2265
Bihar,Patna,Patna Mandi,Tomato,2024-05-04,1037,1629,1294
Bihar,Patna,Patna Mandi,Turmeric,2024-05-04,6318,7586,6929
Bihar,Patna,Patna Mandi,Soybean,2024-05-08,3867,4145,4007
Bihar,Patna,Patna Mandi,Cotton,2024-05-08,6279,7184,6803
Bihar,Patna,Patna Mandi,Bajra,2024-05-08,2082,2329,2191
Bihar,Patna,Patna Mandi,Turmeric,2024-05-08,6578,8018,7388
Bihar,Patna,Patna Mandi,Banana,2024-05-12,996,1302,1142
Bihar,Patna,Patna Mandi,Paddy(Dhan),2024-05-12,2001,2170,2088
Bihar,Patna,Patna Mandi,Bajra,2024-05-12,1868,2024,1965
Bihar,Patna,Patna Mandi,Tomato,2024-05-12,1000,1488,1255
Bihar,Patna,Patna Mandi,Banana,2024-05-16,1010,1172,1090
Bihar,Patna,Patna Mandi,Paddy(Dhan),2024-05-16,2047,2132,2088
Bihar,Patna,Patna Mandi,Soybean,2024-05-16,3951,4563,4250
Bihar,Patna,Patna Mandi,Cotton,2024-05-16,6733,7366,7080
Bihar,Patna,Patna Mandi,Bajra,2024-05-16,1985,2179,2084
Bihar,Patna,Patna Mandi,Tomato,2024-05-16,1020,1752,1397
Bihar,Patna,Patna Mandi,Turmeric,2024-05-16,7434,8400,7992
Bihar,Patna,Patna Mandi,Banana,2024-05-20,1026,1207,1118
Bihar,Patna,Patna Mandi,Paddy(Dhan),2024-05-20,2012,2110,2070
Bihar,Patna,Patna Mandi,Gram(Chana),2024-05-20,5072,5442,5260
Bihar,Patna,Patna Mandi,Cotton,2024-05-20,6550,7001,6780
Bihar,Patna,Patna Mandi,Bajra,2024-05-20,1976,2249,2096
Bihar,Patna,Patna Mandi,Tomato,2024-05-20,905,1832,1314
Bihar,Patna,Patna Mandi,Turmeric,2024-05-20,6549,8083,7154
Bihar,Patna,Patna Mandi,Banana,2024-05-24,1047,1190,1119
Bihar,Patna,Patna Mandi,Soybean,2024-05-24,4175,4805,4523
Bihar,Patna,Patna Mandi,Gram(Chana),2024-05-24,4700,5064,4897
Bihar,Patna,Patna Mandi,Bajra,2024-05-24,2130,2288,2210
Bihar,Patna,Patna Mandi,Tomato,2024-05-24,919,1524,1281
Bihar,Patna,Patna Mandi,Turmeric,2024-05-24,6677,8331,7475
Bihar,Patna,Patna Mandi,Paddy(Dhan),2024-05-28,2075,2247,2140
Bihar,Patna,Patna Mandi,Soybean,2024-05-28,3859,4265,4050
Bihar,Patna,Patna Mandi,Gram(Chana),2024-05-28,4842,5396,5121
Bihar,Patna,Patna Mandi,Bajra,2024-05-28,1886,2009,1943
Bihar,Patna,Patna Mandi,Tomato,2024-05-28,826,1706,1315
Bihar,Patna,Patna Mandi,Turmeric,2024-05-28,7654,8694,8084
Bihar,Patna,Patna Mandi,Banana,2024-06-01,1029,1407,1229
Bihar,Patna,Patna Mandi,Soybean,2024-06-01,4099,4609,4333
Bihar,Patna,Patna Mandi,Bajra,2024-06-01,1918,2028,1973
Bihar,Patna,Patna Mandi,Tomato,2024-06-01,877,1543,1207
Bihar,Patna,Patna Mandi,Turmeric,2024-06-01,7227,7853,7523
Bihar,Patna,Patna Mandi,Soybean,2024-06-05,4162,4468,4321
Bihar,Patna,Patna Mandi,Gram(Chana),2024-06-05,4496,4832,4643
Bihar,Patna,Patna Mandi,Bajra,2024-06-05,1928,2112,2031
Bihar,Patna,Patna Mandi,Tomato,2024-06-05,1062,1564,1266
Bihar,Patna,Patna Mandi,Turmeric,2024-06-05,6975,8824,7769
Bihar,Patna,Patna Mandi,Banana,2024-06-09,1081,1431,1221
Bihar,Patna,Patna Mandi,Soybean,2024-06-09,4170,4513,4366
Bihar,Patna,Patna Mandi,Gram(Chana),2024-06-09,5034,5703,5389
Bihar,Patna,Patna Mandi,Cotton,2024-06-09,6834,7531,7199
Bihar,Patna,Patna Mandi,Bajra,2024-06-09,1882,2152,2029
Bihar,Patna,Patna Mandi,Tomato,2024-06-09,1046,1600,1336
Bihar,Patna,Patna Mandi,Turmeric,2024-06-09,6851,7643,7325
Bihar,Patna,Patna Mandi,Paddy(Dhan),2024-06-13,1851,2005,1919
Bihar,Patna,Patna Mandi,Soybean,2024-06-13,4207,4598,4432
Bihar,Patna,Patna Mandi,Gram(Chana),2024-06-13,4492,5134,4843
Bihar,Patna,Patna Mandi,Cotton,2024-06-13,6100,6804,6417
Bihar,Patna,Patna Mandi,Tomato,2024-06-13,1141,1625,1356
Bihar,Patna,Patna Mandi,Turmeric,2024-06-13,6827,8055,7472
Bihar,Patna,Patna Mandi,Banana,2024-06-17,945,1183,1073
Bihar,Patna,Patna Mandi,Paddy(Dhan),2024-06-17,1902,2061,1977
Bihar,Patna,Patna Mandi,Soybean,2024-06-17,3700,4210,3967
Bihar,Patna,Patna Mandi,Gram(Chana),2024-06-17,5055,5642,5348
Bihar,Patna,Patna Mandi,Cotton,2024-06-17,6792,7225,7009
Bihar,Patna,Patna Mandi,Tomato,2024-06-17,1106,1578,1360
Bihar,Patna,Patna Mandi,Turmeric,2024-06-17,6645,7896,7397
Bihar,Patna,Patna Mandi,Banana,2024-06-21,1012,1353,1205
Bihar,Patna,Patna Mandi,Gram(Chana),2024-06-21,5136,5599,5390
Bihar,Patna,Patna Mandi,Cotton,2024-06-21,6786,7534,7078
Bihar,Patna,Patna Mandi,Bajra,2024-06-21,1997,2260,2135
Bihar,Patna,Patna Mandi,Tomato,2024-06-21,934,1593,1234
Bihar,Patna,Patna Mandi,Turmeric,2024-06-21,6608,7508,7051
Bihar,Patna,Patna Mandi,Banana,2024-06-25,1100,1393,1239
Bihar,Patna,Patna Mandi,Paddy(Dhan),2024-06-25,1988,2229,2113
Bihar,Patna,Patna Mandi,Soybean,2024-06-25,4020,4533,4271
Bihar,Patna,Patna Mandi,Gram(Chana),2024-06-25,4829,5312,5049
Bihar,Patna,Patna Mandi,Bajra,2024-06-25,1976,2099,2026
Bihar,Patna,Patna Mandi,Tomato,2024-06-25,1102,1520,1323
Bihar,Patna,Patna Mandi,Turmeric,2024-06-25,6912,7825,7397
Bihar,Patna,Patna Mandi,Paddy(Dhan),2024-06-29,1949,2104,2019
Bihar,Patna,Patna Mandi,Soybean,2024-06-29,3710,4113,3916
Bihar,Patna,Patna Mandi,Gram(Chana),2024-06-29,4863,5213,5013
Bihar,Patna,Patna Mandi,Cotton,2024-06-29,6187,7187,6707
Bihar,Patna,Patna Mandi,Bajra,2024-06-29,2095,2239,2169
Bihar,Patna,Patna Mandi,Tomato,2024-06-29,850,1568,1288
Bihar,Patna,Patna Mandi,Turmeric,2024-06-29,6881,7943,7499
Bihar,Patna,Patna Mandi,Banana,2024-07-03,952,1162,1079
Bihar,Patna,Patna Mandi,Soybean,2024-07-03,3858,4236,4023
Bihar,Patna,Patna Mandi,Gram(Chana),2024-07-03,4847,5306,5059
Bihar,Patna,Patna Mandi,Cotton,2024-07-03,6877,7471,7164
Bihar,Patna,Patna Mandi,Bajra,2024-07-03,1884,2084,1975
Bihar,Patna,Patna Mandi,Tomato,2024-07-03,1027,1580,1339
Bihar,Patna,Patna Mandi,Turmeric,2024-07-03,6769,8315,7566
Bihar,Patna,Patna Mandi,Banana,2024-07-07,986,1158,1092
Bihar,Patna,Patna Mandi,Paddy(Dhan),2024-07-07,2051,2195,2119
Bihar,Patna,Patna Mandi,Soybean,2024-07-07,4117,4526,4330
Bihar,Patna,Patna Mandi,Gram(Chana),2024-07-07,4558,5181,4869
Bihar,Patna,Patna Mandi,Cotton,2024-07-07,5822,6660,6260
Bihar,Patna,Patna Mandi,Tomato,2024-07-07,997,1668,1280
Bihar,Patna,Patna Mandi,Turmeric,2024-07-07,7108,8494,7663
Bihar,Patna,Patna Mandi,Banana,2024-07-11,1073,1234,1144
Bihar,Patna,Patna Mandi,Paddy(Dhan),2024-07-11,1850,2054,1952
Bihar,Patna,Patna Mandi,Cotton,2024-07-11,7093,7604,7316
Bihar,Patna,Patna Mandi,Bajra,2024-07-11,2073,2211,2143
Bihar,Patna,Patna Mandi,Tomato,2024-07-11,1133,1705,1382
Bihar,Patna,Patna Mandi,Turmeric,2024-07-11,6569,7720,7117
Bihar,Patna,Patna Mandi,Banana,2024-07-15,1041,1303,1176
Bihar,Patna,Patna Mandi,Soybean,2024-07-15,4292,4618,4462
Bihar,Patna,Patna Mandi,Gram(Chana),2024-07-15,4912,5355,5122
Bihar,Patna,Patna Mandi,Cotton,2024-07-15,6286,7146,6713
Bihar,Patna,Patna Mandi,Bajra,2024-07-15,2078,2234,2150
Bihar,Patna,Patna Mandi,Tomato,2024-07-15,824,1750,1372
Bihar,Patna,Patna Mandi,Turmeric,2024-07-15,7435,8608,7957
Bihar,Patna,Patna Mandi,Banana,2024-07-19,1014,1218,1115
Bihar,Patna,Patna Mandi,Paddy(Dhan),2024-07-19,2011,2138,2085
Bihar,Patna,Patna Mandi,Soybean,2024-07-19,4084,4483,4258
Bihar,Patna,Patna Mandi,Cotton,2024-07-19,6426,7022,6725
Bihar,Patna,Patna Mandi,Bajra,2024-07-19,1891,2062,1974
Bihar,Patna,Patna Mandi,Tomato,2024-07-19,942,1424,1203
Bihar,Patna,Patna Mandi,Turmeric,2024-07-19,6802,7497,7155
Bihar,Patna,Patna Mandi,Paddy(Dhan),2024-07-23,1925,2071,1992
Bihar,Patna,Patna Mandi,Soybean,2024-07-23,3852,4186,4008
Bihar,Patna,Patna Mandi,Gram(Chana),2024-07-23,4365,4890,4676
Bihar,Patna,Patna Mandi,Cotton,2024-07-23,6437,7177,6791
Bihar,Patna,Patna Mandi,Banana,2024-07-27,1117,1314,1223
Bihar,Patna,Patna Mandi,Paddy(Dhan),2024-07-27,2008,2094,2056
Bihar,Patna,Patna Mandi,Gram(Chana),2024-07-27,4298,5022,4679
Bihar,Patna,Patna Mandi,Bajra,2024-07-27,1940,2092,2015
Bihar,Patna,Patna Mandi,Tomato,2024-07-27,1107,1457,1285
Bihar,Patna,Patna Mandi,Turmeric,2024-07-27,7077,8108,7672
Bihar,Patna,Patna Mandi,Banana,2024-07-31,1123,1386,1234
Bihar,Patna,Patna Mandi,Paddy(Dhan),2024-07-31,2054,2281,2189
Bihar,Patna,Patna Mandi,Cotton,2024-07-31,6594,7419,6929
Bihar,Patna,Patna Mandi,Bajra,2024-07-31,2152,2331,2227
Bihar,Patna,Patna Mandi,Tomato,2024-07-31,1142,1602,1349
Bihar,Patna,Patna Mandi,Turmeric,2024-07-31,6881,8179,7421
Bihar,Patna,Patna Mandi,Banana,2024-08-04,1070,1330,1196
Bihar,Patna,Patna Mandi,Paddy(Dhan),2024-08-04,2106,2259,2173
Bihar,Patna,Patna Mandi,Soybean,2024-08-04,3932,4422,4207
Bihar,Patna,Patna Mandi,Gram(Chana),2024-08-04,5113,5506,5328
Bihar,Patna,Patna Mandi,Cotton,2024-08-04,6140,6996,6521
Bihar,Patna,Patna Mandi,Bajra,2024-08-04,2172,2291,2223
Bihar,Patna,Patna Mandi,Turmeric,2024-08-04,6547,7642,7207
Bihar,Patna,Patna Mandi,Banana,2024-08-08,1115,1353,1230
Bihar,Patna,Patna Mandi,Paddy(Dhan),2024-08-08,2076,2245,2160
Bihar,Patna,Patna Mandi,Gram(Chana),2024-08-08,4766,5066,4928
Bihar,Patna,Patna Mandi,Cotton,2024-08-08,6266,7365,6778
Bihar,Patna,Patna Mandi,Bajra,2024-08-08,1898,2008,1940
Bihar,Patna,Patna Mandi,Turmeric,2024-08-08,7379,8248,7776
Bihar,Patna,Patna Mandi,Banana,2024-08-12,1142,1338,1231
Bihar,Patna,Patna Mandi,Paddy(Dhan),2024-08-12,2096,2292,2175
Bihar,Patna,Patna Mandi,Gram(Chana),2024-08-12,5050,5444,5263
Bihar,Patna,Patna Mandi,Cotton,2024-08-12,6127,6945,6571
Bihar,Patna,Patna Mandi,Bajra,2024-08-12,1901,2028,1962
Bihar,Patna,Patna Mandi,Tomato,2024-08-12,1016,1474,1237
Bihar,Patna,Patna Mandi,Turmeric,2024-08-12,6630,8327,7459
Bihar,Patna,Patna Mandi,Paddy(Dhan),2024-08-16,2125,2251,2185
Bihar,Patna,Patna Mandi,Soybean,2024-08-16,3908,4519,4207
Bihar,Patna,Patna Mandi,Gram(Chana),2024-08-16,4987,5784,5370
Bihar,Patna,Patna Mandi,Tomato,2024-08-16,1010,1741,1386
Bihar,Patna,Patna Mandi,Turmeric,2024-08-16,6771,8021,7560
Bihar,Patna,Patna Mandi,Banana,2024-08-20,1094,1254,1170
Bihar,Patna,Patna Mandi,Soybean,2024-08-20,3900,4188,4058
Bihar,Patna,Patna Mandi,Gram(Chana),2024-08-20,4756,5300,5041
Bihar,Patna,Patna Mandi,Cotton,2024-08-20,6716,7163,6935
Bihar,Patna,Patna Mandi,Tomato,2024-08-20,1034,1415,1204
Bihar,Patna,Patna Mandi,Turmeric,2024-08-20,7358,8373,7858
Bihar,Patna,Patna Mandi,Banana,2024-08-24,1076,1358,1238
Bihar,Patna,Patna Mandi,Paddy(Dhan),2024-08-24,2065,2184,2132
Bihar,Patna,Patna Mandi,Gram(Chana),2024-08-24,5033,5574,5333
Bihar,Patna,Patna Mandi,Cotton,2024-08-24,6322,6908,6600
Bihar,Patna,Patna Mandi,Bajra,2024-08-24,2090,2193,2141
Bihar,Patna,Patna Mandi,Tomato,2024-08-24,844,1566,1226
Bihar,Patna,Patna Mandi,Turmeric,2024-08-24,7634,8457,8021
Bihar,Patna,Patna Mandi,Banana,2024-08-28,1153,1331,1220
Bihar,Patna,Patna Mandi,Paddy(Dhan),2024-08-28,2032,2235,2143
Bihar,Patna,Patna Mandi,Soybean,2024-08-28,3911,4474,4183
Bihar,Patna,Patna Mandi,Bajra,2024-08-28,2038,2161,2103
Bihar,Patna,Patna Mandi,Tomato,2024-08-28,820,1647,1259
Bihar,Patna,Patna Mandi,Turmeric,2024-08-28,6893,8082,7579
Bihar,Patna,Patna Mandi,Banana,2024-09-01,997,1134,1063
Bihar,Patna,Patna Mandi,Paddy(Dhan),2024-09-01,2081,2205,2151
Bihar,Patna,Patna Mandi,Gram(Chana),2024-09-01,4624,5150,4871
Bihar,Patna,Patna Mandi,Cotton,2024-09-01,5944,6772,6341
Bihar,Patna,Patna Mandi,Bajra,2024-09-01,1651,1795,1729
Bihar,Patna,Patna Mandi,Tomato,2024-09-01,1096,1768,1359
Bihar,Patna,Patna Mandi,Banana,2024-09-05,1005,1215,1117
Bihar,Patna,Patna Mandi,Paddy(Dhan),2024-09-05,2094,2267,2160
Bihar,Patna,Patna Mandi,Soybean,2024-09-05,4017,4552,4276
Bihar,Patna,Patna Mandi,Gram(Chana),2024-09-05,4899,5589,5254
Bihar,Patna,Patna Mandi,Cotton,2024-09-05,6688,7094,6906
Bihar,Patna,Patna Mandi,Tomato,2024-09-05,892,1473,1198
Bihar,Patna,Patna Mandi,Turmeric,2024-09-05,6450,7737,7090
Bihar,Patna,Patna Mandi,Banana,2024-09-09,953,1278,1090
Bihar,Patna,Patna Mandi,Paddy(Dhan),2024-09-09,2115,2296,2201
Bihar,Patna,Patna Mandi,Gram(Chana),2024-09-09,4590,4928,4767
Bihar,Patna,Patna Mandi,Tomato,2024-09-09,1019,1451,1287
Bihar,Patna,Patna Mandi,Turmeric,2024-09-09,6895,8248,7479
Bihar,Patna,Patna Mandi,Banana,2024-09-13,974,1279,1091
Bihar,Patna,Patna Mandi,Paddy(Dhan),2024-09-13,2046,2265,2149
Bihar,Patna,Patna Mandi,Soybean,2024-09-13,4267,4593,4458
Bihar,Patna,Patna Mandi,Gram(Chana),2024-09-13,4490,4790,4670
Bihar,Patna,Patna Mandi,Cotton,2024-09-13,6295,6823,6544
Bihar,Patna,Patna Mandi,Bajra,2024-09-13,1605,1779,1692
Bihar,Patna,Patna Mandi,Tomato,2024-09-13,1093,1648,1328
Bihar,Patna,Patna Mandi,Turmeric,2024-09-13,7061,8316,7724
Bihar,Patna,Patna Mandi,Paddy(Dhan),2024-09-17,1863,1993,1934
Bihar,Patna,Patna Mandi,Soybean,2024-09-17,4108,4392,4248
Bihar,Patna,Patna Mandi,Bajra,2024-09-17,1622,1730,1674
Bihar,Patna,Patna Mandi,Tomato,2024-09-17,1182,1606,1384
Bihar,Patna,Patna Mandi,Banana,2024-09-21,1137,1273,1202
Bihar,Patna,Patna Mandi,Soybean,2024-09-21,4004,4380,4204
Bihar,Patna,Patna Mandi,Gram(Chana),2024-09-21,4713,5405,5024
Bihar,Patna,Patna Mandi,Cotton,2024-09-21,6419,7364,6891
Bihar,Patna,Patna Mandi,Tomato,2024-09-21,864,1520,1223
Bihar,Patna,Patna Mandi,Turmeric,2024-09-21,6701,7564,7136
Bihar,Patna,Patna Mandi,Paddy(Dhan),2024-09-25,1920,2100,2000
Bihar,Patna,Patna Mandi,Soybean,2024-09-25,4257,4526,4368
Bihar,Patna,Patna Mandi,Gram(Chana),2024-09-25,4918,5577,5268
Bihar,Patna,Patna Mandi,Cotton,2024-09-25,6434,7207,6795
Bihar,Patna,Patna Mandi,Bajra,2024-09-25,1591,1765,1688
Bihar,Patna,Patna Mandi,Turmeric,2024-09-25,6352,8007,7137
Bihar,Patna,Patna Mandi,Banana,2024-09-29,1081,1293,1183
Bihar,Patna,Patna Mandi,Paddy(Dhan),2024-09-29,1931,2120,2013
Bihar,Patna,Patna Mandi,Soybean,2024-09-29,3914,4333,4111
Bihar,Patna,Patna Mandi,Gram(Chana),2024-09-29,4920,5670,5274
Bihar,Patna,Patna Mandi,Bajra,2024-09-29,1655,1817,1731
Bihar,Patna,Patna Mandi,Tomato,2024-09-29,932,1555,1251
Bihar,Patna,Patna Mandi,Turmeric,2024-09-29,7133,8593,7799
Bihar,Patna,Patna Mandi,Banana,2024-10-03,999,1249,1137
Bihar,Patna,Patna Mandi,Paddy(Dhan),2024-10-03,1721,1869,1784
Bihar,Patna,Patna Mandi,Soybean,2024-10-03,3098,3298,3211
Bihar,Patna,Patna Mandi,Gram(Chana),2024-10-03,4340,4914,4620
Bihar,Patna,Patna Mandi,Cotton,2024-10-03,6555,7709,7042
Bihar,Patna,Patna Mandi,Bajra,2024-10-03,1537,1663,1607
Bihar,Patna,Patna Mandi,Tomato,2024-10-03,1084,1603,1332
Bihar,Patna,Patna Mandi,Soybean,2024-10-07,3213,3448,3328
Bihar,Patna,Patna Mandi,Gram(Chana),2024-10-07,5159,5563,5350
Bihar,Patna,Patna Mandi,Bajra,2024-10-07,1568,1701,1633
Bihar,Patna,Patna Mandi,Tomato,2024-10-07,983,1690,1328
Bihar,Patna,Patna Mandi,Turmeric,2024-10-07,7013,8706,7800
Bihar,Patna,Patna Mandi,Banana,2024-10-11,976,1242,1091
Bihar,Patna,Patna Mandi,Paddy(Dhan),2024-10-11,1613,1741,1670
Bihar,Patna,Patna Mandi,Soybean,2024-10-11,3527,3806,3698
Bihar,Patna,Patna Mandi,Gram(Chana),2024-10-11,5049,5421,5260
Bihar,Patna,Patna Mandi,Bajra,2024-10-11,1615,1738,1669
Bihar,Patna,Patna Mandi,Tomato,2024-10-11,982,1746,1349
Bihar,Patna,Patna Mandi,Banana,2024-10-15,999,1258,1121
Bihar,Patna,Patna Mandi,Soybean,2024-10-15,3076,3267,3178
Bihar,Patna,Patna Mandi,Gram(Chana),2024-10-15,5162,5547,5334
Bihar,Patna,Patna Mandi,Cotton,2024-10-15,6788,7481,7077
Bihar,Patna,Patna Mandi,Tomato,2024-10-15,1136,1594,1378
Bihar,Patna,Patna Mandi,Turmeric,2024-10-15,6841,7844,7364
Bihar,Patna,Patna Mandi,Banana,2024-10-19,1015,1261,1118
Bihar,Patna,Patna Mandi,Soybean,2024-10-19,3491,3892,3688
Bihar,Patna,Patna Mandi,Gram(Chana),2024-10-19,4726,5373,5016
Bihar,Patna,Patna Mandi,Cotton,2024-10-19,6214,6985,6604
Bihar,Patna,Patna Mandi,Bajra,2024-10-19,1569,1700,1641
Bihar,Patna,Patna Mandi,Tomato,2024-10-19,1053,1839,1355
Bihar,Patna,Patna Mandi,Turmeric,2024-10-19,6811,8768,7725
Bihar,Patna,Patna Mandi,Paddy(Dhan),2024-10-23,1598,1742,1656
Bihar,Patna,Patna Mandi,Gram(Chana),2024-10-23,4522,5283,4914
Bihar,Patna,Patna Mandi,Cotton,2024-10-23,6151,6787,6486
Bihar,Patna,Patna Mandi,Bajra,2024-10-23,1730,1888,1828
Bihar,Patna,Patna Mandi,Banana,2024-10-27,960,1209,1067
Bihar,Patna,Patna Mandi,Paddy(Dhan),2024-10-27,1589,1715,1657
Bihar,Patna,Patna Mandi,Soybean,2024-10-27,3263,3475,3359
Bihar,Patna,Patna Mandi,Gram(Chana),2024-10-27,4722,5118,4939
Bihar,Patna,Patna Mandi,Cotton,2024-10-27,5876,6719,6378
Bihar,Patna,Patna Mandi,Turmeric,2024-10-27,7507,8620,7998
Bihar,Patna,Patna Mandi,Banana,2024-10-31,1072,1328,1186
Bihar,Patna,Patna Mandi,Paddy(Dhan),2024-10-31,1622,1691,1658
Bihar,Patna,Patna Mandi,Gram(Chana),2024-10-31,4383,4965,4640
Bihar,Patna,Patna Mandi,Cotton,2024-10-31,6116,6673,6340
Bihar,Patna,Patna Mandi,Bajra,2024-10-31,1607,1803,1691
Bihar,Patna,Patna Mandi,Tomato,2024-10-31,931,1662,1315
Bihar,Patna,Patna Mandi,Turmeric,2024-10-31,7254,8518,7987
Bihar,Patna,Patna Mandi,Banana,2024-11-04,1160,1313,1231
Bihar,Patna,Patna Mandi,Paddy(Dhan),2024-11-04,1722,1808,1769
Bihar,Patna,Patna Mandi,Soybean,2024-11-04,3309,3762,3533
Bihar,Patna,Patna Mandi,Gram(Chana),2024-11-04,5069,5534,5251
Bihar,Patna,Patna Mandi,Cotton,2024-11-04,5160,5569,5367
Bihar,Patna,Patna Mandi,Bajra,2024-11-04,2089,2244,2165
Bihar,Patna,Patna Mandi,Tomato,2024-11-04,739,1342,1066
Bihar,Patna,Patna Mandi,Banana,2024-11-08,986,1343,1146
Bihar,Patna,Patna Mandi,Soybean,2024-11-08,3189,3399,3308
Bihar,Patna,Patna Mandi,Gram(Chana),2024-11-08,5033,5381,5206
Bihar,Patna,Patna Mandi,Cotton,2024-11-08,5473,6122,5854
Bihar,Patna,Patna Mandi,Bajra,2024-11-08,1875,2033,1966
Bihar,Patna,Patna Mandi,Turmeric,2024-11-08,7498,8428,7968
Bihar,Patna,Patna Mandi,Paddy(Dhan),2024-11-12,1706,1891,1781
Bihar,Patna,Patna Mandi,Soybean,2024-11-12,3309,3823,3546
Bihar,Patna,Patna Mandi,Gram(Chana),2024-11-12,5029,5415,5224
Bihar,Patna,Patna Mandi,Cotton,2024-11-12,5229,6044,5554
Bihar,Patna,Patna Mandi,Tomato,2024-11-12,896,1316,1070
Bihar,Patna,Patna Mandi,Turmeric,2024-11-12,7143,8613,7874
Bihar,Patna,Patna Mandi,Banana,2024-11-16,1000,1158,1080
Bihar,Patna,Patna Mandi,Soybean,2024-11-16,3335,3651,3512
Bihar,Patna,Patna Mandi,Gram(Chana),2024-11-16,4527,4866,4720
Bihar,Patna,Patna Mandi,Cotton,2024-11-16,5626,6155,5886
Bihar,Patna,Patna Mandi,Bajra,2024-11-16,1991,2245,2112
Bihar,Patna,Patna Mandi,Turmeric,2024-11-16,6845,7837,7358
Bihar,Patna,Patna Mandi,Soybean,2024-11-20,3547,3795,3661
Bihar,Patna,Patna Mandi,Cotton,2024-11-20,5292,5628,5492
Bihar,Patna,Patna Mandi,Bajra,2024-11-20,2011,2168,2085
Bihar,Patna,Patna Mandi,Tomato,2024-11-20,791,1364,1101
Bihar,Patna,Patna Mandi,Turmeric,2024-11-20,6692,8431,7439
Bihar,Patna,Patna Mandi,Banana,2024-11-24,1024,1247,1140
Bihar,Patna,Patna Mandi,Soybean,2024-11-24,3511,3889,3703
Bihar,Patna,Patna Mandi,Gram(Chana),2024-11-24,4650,5397,4966
Bihar,Patna,Patna Mandi,Bajra,2024-11-24,2065,2199,2136
Bihar,Patna,Patna Mandi,Tomato,2024-11-24,803,1515,1148
Bihar,Patna,Patna Mandi,Turmeric,2024-11-24,7273,8174,7749
Bihar,Patna,Patna Mandi,Banana,2024-11-28,1010,1313,1177
Bihar,Patna,Patna Mandi,Paddy(Dhan),2024-11-28,1698,1809,1753
Bihar,Patna,Patna Mandi,Cotton,2024-11-28,5682,6311,6007
Bihar,Patna,Patna Mandi,Bajra,2024-11-28,2172,2363,2268
Bihar,Patna,Patna Mandi,Tomato,2024-11-28,686,1376,1028
Bihar,Patna,Patna Mandi,Turmeric,2024-11-28,6527,7571,7041
Bihar,Patna,Patna Mandi,Banana,2024-12-02,973,1157,1056
Bihar,Patna,Patna Mandi,Soybean,2024-12-02,3913,4191,4046
Bihar,Patna,Patna Mandi,Gram(Chana),2024-12-02,5097,5524,5323
Bihar,Patna,Patna Mandi,Cotton,2024-12-02,5053,5568,5355
Bihar,Patna,Patna Mandi,Bajra,2024-12-02,1884,2002,1940
Bihar,Patna,Patna Mandi,Turmeric,2024-12-02,7294,8091,7643
Bihar,Patna,Patna Mandi,Banana,2024-12-06,1110,1320,1236
Bihar,Patna,Patna Mandi,Paddy(Dhan),2024-12-06,1628,1768,1685
Bihar,Patna,Patna Mandi,Soybean,2024-12-06,3727,4241,3963
Bihar,Patna,Patna Mandi,Gram(Chana),2024-12-06,4589,5113,4853
Bihar,Patna,Patna Mandi,Bajra,2024-12-06,2063,2312,2171
Bihar,Patna,Patna Mandi,Turmeric,2024-12-06,6814,7622,7177
Bihar,Patna,Patna Mandi,Banana,2024-12-10,966,1282,1150
Bihar,Patna,Patna Mandi,Paddy(Dhan),2024-12-10,1614,1747,1690
Bihar,Patna,Patna Mandi,Soybean,2024-12-10,4139,4671,4433
Bihar,Patna,Patna Mandi,Gram(Chana),2024-12-10,4750,5378,5016
Bihar,Patna,Patna Mandi,Cotton,2024-12-10,4975,5770,5307
Bihar,Patna,Patna Mandi,Tomato,2024-12-10,758,1288,981
Bihar,Patna,Patna Mandi,Turmeric,2024-12-10,7028,8624,7804
Bihar,Patna,Patna Mandi,Soybean,2024-12-14,4103,4379,4246
Bihar,Patna,Patna Mandi,Gram(Chana),2024-12-14,5106,5530,5345
Bihar,Patna,Patna Mandi,Bajra,2024-12-14,1885,2138,2013
Bihar,Patna,Patna Mandi,Tomato,2024-12-14,750,1333,1014
Bihar,Patna,Patna Mandi,Banana,2024-12-18,1082,1353,1221
Bihar,Patna,Patna Mandi,Paddy(Dhan),2024-12-18,1487,1651,1567
Bihar,Patna,Patna Mandi,Soybean,2024-12-18,4082,4494,4309
Bihar,Patna,Patna Mandi,Cotton,2024-12-18,5613,6184,5895
Bihar,Patna,Patna Mandi,Bajra,2024-12-18,1983,2244,2124
Bihar,Patna,Patna Mandi,Tomato,2024-12-18,832,1169,1021
Bihar,Patna,Patna Mandi,Turmeric,2024-12-18,7014,7940,7505
Bihar,Patna,Patna Mandi,Banana,2024-12-22,1035,1226,1132
Bihar,Patna,Patna Mandi,Paddy(Dhan),2024-12-22,1503,1632,1575
Bihar,Patna,Patna Mandi,Gram(Chana),2024-12-22,4715,5390,5039
Bihar,Patna,Patna Mandi,Cotton,2024-12-22,5060,6047,5548
Bihar,Patna,Patna Mandi,Tomato,2024-12-22,841,1215,1051
Bihar,Patna,Patna Mandi,Turmeric,2024-12-22,6431,8044,7291
Bihar,Patna,Patna Mandi,Banana,2024-12-26,1008,1384,1181
Bihar,Patna,Patna Mandi,Paddy(Dhan),2024-12-26,1490,1649,1582
Bihar,Patna,Patna Mandi,Soybean,2024-12-26,4113,4630,4430
Bihar,Patna,Patna Mandi,Gram(Chana),2024-12-26,4669,5351,5002
Bihar,Patna,Patna Mandi,Cotton,2024-12-26,5588,6062,5833
Bihar,Patna,Patna Mandi,Bajra,2024-12-26,2129,2330,2232
Bihar,Patna,Patna Mandi,Tomato,2024-12-26,740,1251,990
Bihar,Patna,Patna Mandi,Paddy(Dhan),2024-12-30,1736,1914,1810
Bihar,Patna,Patna Mandi,Soybean,2024-12-30,4045,4308,4198
Bihar,Patna,Patna Mandi,Gram(Chana),2024-12-30,4333,4923,4659
Bihar,Patna,Patna Mandi,Cotton,2024-12-30,4975,5664,5325
Bihar,Patna,Patna Mandi,Bajra,2024-12-30,1828,2000,1933
Bihar,Patna,Patna Mandi,Tomato,2024-12-30,643,1337,1019
Bihar,Patna,Patna Mandi,Turmeric,2024-12-30,6710,7603,7107
Bihar,Muzaffarpur,Sakra Mandi,Wheat,2024-01-01,1923,2065,1999
Bihar,Muzaffarpur,Sakra Mandi,Banana,2024-01-01,937,1307,1124
Bihar,Muzaffarpur,Sakra Mandi,Bajra,2024-01-01,2155,2391,2251
Bihar,Muzaffarpur,Sakra Mandi,Mustard,2024-01-01,5052,5756,5380
Bihar,Muzaffarpur,Sakra Mandi,Wheat,2024-01-05,2166,2256,2216
Bihar,Muzaffarpur,Sakra Mandi,Banana,2024-01-05,1112,1273,1181
Bihar,Muzaffarpur,Sakra Mandi,Mango,2024-01-05,2447,3732,3163
Bihar,Muzaffarpur,Sakra Mandi,Gram(Chana),2024-01-05,4732,5402,5127
Bihar,Muzaffarpur,Sakra Mandi,Soybean,2024-01-05,4210,4569,4390
Bihar,Muzaffarpur,Sakra Mandi,Bajra,2024-01-05,1934,2044,1988
Bihar,Muzaffarpur,Sakra Mandi,Mustard,2024-01-05,4878,5328,5060
Bihar,Muzaffarpur,Sakra Mandi,Chilli,2024-01-09,9665,12113,10950
Bihar,Muzaffarpur,Sakra Mandi,Wheat,2024-01-09,2146,2275,2209
Bihar,Muzaffarpur,Sakra Mandi,Soybean,2024-01-09,3833,4164,4005
Bihar,Muzaffarpur,Sakra Mandi,Bajra,2024-01-09,2018,2253,2123
Bihar,Muzaffarpur,Sakra Mandi,Potato,2024-01-09,690,1058,855
Bihar,Muzaffarpur,Sakra Mandi,Mustard,2024-01-09,4649,5091,4898
Bihar,Muzaffarpur,Sakra Mandi,Chilli,2024-01-13,11170,13558,12118
Bihar,Muzaffarpur,Sakra Mandi,Wheat,2024-01-13,1988,2107,2049
Bihar,Muzaffarpur,Sakra Mandi,Banana,2024-01-13,1040,1282,1174
Bihar,Muzaffarpur,Sakra Mandi,Mango,2024-01-13,2772,3847,3284
Bihar,Muzaffarpur,Sakra Mandi,Gram(Chana),2024-01-13,4749,5139,4893
Bihar,Muzaffarpur,Sakra Mandi,Soybean,2024-01-13,3696,4188,3957
Bihar,Muzaffarpur,Sakra Mandi,Bajra,2024-01-13,1908,2143,2031
Bihar,Muzaffarpur,Sakra Mandi,Potato,2024-01-13,774,1074,925
Bihar,Muzaffarpur,Sakra Mandi,Chilli,2024-01-17,10396,13014,11558
Bihar,Muzaffarpur,Sakra Mandi,Banana,2024-01-17,1046,1169,1104
Bihar,Muzaffarpur,Sakra Mandi,Mango,2024-01-17,2524,3969,3218
Bihar,Muzaffarpur,Sakra Mandi,Gram(Chana),2024-01-17,4970,5428,5203
Bihar,Muzaffarpur,Sakra Mandi,Soybean,2024-01-17,4122,4678,4347
Bihar,Muzaffarpur,Sakra Mandi,Bajra,2024-01-17,1991,2237,2099
Bihar,Muzaffarpur,Sakra Mandi,Potato,2024-01-17,805,1104,964
Bihar,Muzaffarpur,Sakra Mandi,Mustard,2024-01-17,5213,5881,5566
Bihar,Muzaffarpur,Sakra Mandi,Chilli,2024-01-21,10629,12765,11688
Bihar,Muzaffarpur,Sakra Mandi,Wheat,2024-01-21,2006,2143,2064
Bihar,Muzaffarpur,Sakra Mandi,Mango,2024-01-21,2835,3690,3287
Bihar,Muzaffarpur,Sakra Mandi,Gram(Chana),2024-01-21,5080,5524,5280
Bihar,Muzaffarpur,Sakra Mandi,Soybean,2024-01-21,3998,4327,4133
Bihar,Muzaffarpur,Sakra Mandi,Bajra,2024-01-21,1874,2045,1964
Bihar,Muzaffarpur,Sakra Mandi,Mustard,2024-01-21,4705,5021,4869
Bihar,Muzaffarpur,Sakra Mandi,Chilli,2024-01-25,10319,11905,11134
Bihar,Muzaffarpur,Sakra Mandi,Wheat,2024-01-25,2170,2292,2240
Bihar,Muzaffarpur,Sakra Mandi,Banana,2024-01-25,989,1169,1079
Bihar,Muzaffarpur,Sakra Mandi,Mango,2024-01-25,2644,3446,3103
Bihar,Muzaffarpur,Sakra Mandi,Gram(Chana),2024-01-25,4444,4911,4722
Bihar,Muzaffarpur,Sakra Mandi,Soybean,2024-01-25,3967,4426,4226
Bihar,Muzaffarpur,Sakra Mandi,Banana,2024-01-29,959,1209,1069
Bihar,Muzaffarpur,Sakra Mandi,Mango,2024-01-29,3044,3601,3326
Bihar,Muzaffarpur,Sakra Mandi,Soybean,2024-01-29,4209,4566,4387
Bihar,Muzaffarpur,Sakra Mandi,Potato,2024-01-29,833,1104,972
Bihar,Muzaffarpur,Sakra Mandi,Mustard,2024-01-29,4592,5159,4820
Bihar,Muzaffarpur,Sakra Mandi,Chilli,2024-02-02,10580,14051,12104
Bihar,Muzaffarpur,Sakra Mandi,Wheat,2024-02-02,2138,2286,2212
Bihar,Muzaffarpur,Sakra Mandi,Banana,2024-02-02,953,1254,1101
Bihar,Muzaffarpur,Sakra Mandi,Mango,2024-02-02,2933,3808,3375
Bihar,Muzaffarpur,Sakra Mandi,Gram(Chana),2024-02-02,5187,5557,5374
Bihar,Muzaffarpur,Sakra Mandi,Soybean,2024-02-02,4285,4702,4525
Bihar,Muzaffarpur,Sakra Mandi,Bajra,2024-02-02,2063,2306,2180
Bihar,Muzaffarpur,Sakra Mandi,Chilli,2024-02-06,9639,12729,11215
Bihar,Muzaffarpur,Sakra Mandi,Banana,2024-02-06,1033,1354,1172
Bihar,Muzaffarpur,Sakra Mandi,Mango,2024-02-06,3185,3665,3424
Bihar,Muzaffarpur,Sakra Mandi,Gram(Chana),2024-02-06,4875,5317,5094
Bihar,Muzaffarpur,Sakra Mandi,Bajra,2024-02-06,2110,2325,2220
Bihar,Muzaffarpur,Sakra Mandi,Potato,2024-02-06,801,974,896
Bihar,Muzaffarpur,Sakra Mandi,Mustard,2024-02-06,4944,5341,5122
Bihar,Muzaffarpur,Sakra Mandi,Chilli,2024-02-10,10303,11944,11198
Bihar,Muzaffarpur,Sakra Mandi,Wheat,2024-02-10,2078,2281,2179
Bihar,Muzaffarpur,Sakra Mandi,Banana,2024-02-10,1058,1377,1230
Bihar,Muzaffarpur,Sakra Mandi,Mango,2024-02-10,2617,3431,3023
Bihar,Muzaffarpur,Sakra Mandi,Gram(Chana),2024-02-10,5037,5725,5398
Bihar,Muzaffarpur,Sakra Mandi,Soybean,2024-02-10,4230,4595,4398
Bihar,Muzaffarpur,Sakra Mandi,Bajra,2024-02-10,1923,2131,2032
Bihar,Muzaffarpur,Sakra Mandi,Mustard,2024-02-10,4604,5054,4846
Bihar,Muzaffarpur,Sakra Mandi,Chilli,2024-02-14,10295,12939,11466
Bihar,Muzaffarpur,Sakra Mandi,Wheat,2024-02-14,1919,2043,1980
Bihar,Muzaffarpur,Sakra Mandi,Mango,2024-02-14,2918,3766,3371
Bihar,Muzaffarpur,Sakra Mandi,Soybean,2024-02-14,3617,4087,3866
Bihar,Muzaffarpur,Sakra Mandi,Bajra,2024-02-14,1931,2064,2001
Bihar,Muzaffarpur,Sakra Mandi,Mustard,2024-02-14,5045,5512,5291
Bihar,Muzaffarpur,Sakra Mandi,Wheat,2024-02-18,2144,2243,2204
Bihar,Muzaffarpur,Sakra Mandi,Gram(Chana),2024-02-18,4508,5244,4880
Bihar,Muzaffarpur,Sakra Mandi,Soybean,2024-02-18,3936,4527,4239
Bihar,Muzaffarpur,Sakra Mandi,Bajra,2024-02-18,1883,2019,1959
Bihar,Muzaffarpur,Sakra Mandi,Mustard,2024-02-18,5148,5637,5336
Bihar,Muzaffarpur,Sakra Mandi,Chilli,2024-02-22,11456,13084,12128
Bihar,Muzaffarpur,Sakra Mandi,Mango,2024-02-22,2453,3520,2979
Bihar,Muzaffarpur,Sakra Mandi,Gram(Chana),2024-02-22,5164,5650,5393
Bihar,Muzaffarpur,Sakra Mandi,Soybean,2024-02-22,3878,4175,4030
Bihar,Muzaffarpur,Sakra Mandi,Bajra,2024-02-22,2030,2206,2136
Bihar,Muzaffarpur,Sakra Mandi,Potato,2024-02-22,672,1034,874
Bihar,Muzaffarpur,Sakra Mandi,Mustard,2024-02-22,4605,5024,4798
Bihar,Muzaffarpur,Sakra Mandi,Wheat,2024-02-26,2016,2143,2087
Bihar,Muzaffarpur,Sakra Mandi,Banana,2024-02-26,1065,1329,1182
Bihar,Muzaffarpur,Sakra Mandi,Gram(Chana),2024-02-26,4473,4844,4694
Bihar,Muzaffarpur,Sakra Mandi,Soybean,2024-02-26,3835,4375,4075
Bihar,Muzaffarpur,Sakra Mandi,Bajra,2024-02-26,2091,2308,2194
Bihar,Muzaffarpur,Sakra Mandi,Mustard,2024-02-26,4738,4999,4883
Bihar,Muzaffarpur,Sakra Mandi,Banana,2024-03-01,1074,1243,1164
Bihar,Muzaffarpur,Sakra Mandi,Gram(Chana),2024-03-01,4074,4780,4413
Bihar,Muzaffarpur,Sakra Mandi,Soybean,2024-03-01,4252,4789,4532
Bihar,Muzaffarpur,Sakra Mandi,Bajra,2024-03-01,1977,2159,2072
Bihar,Muzaffarpur,Sakra Mandi,Potato,2024-03-01,768,973,874
Bihar,Muzaffarpur,Sakra Mandi,Mustard,2024-03-01,4232,4749,4457
Bihar,Muzaffarpur,Sakra Mandi,Wheat,2024-03-05,1603,1713,1657
Bihar,Muzaffarpur,Sakra Mandi,Mango,2024-03-05,2597,3223,2969
Bihar,Muzaffarpur,Sakra Mandi,Soybean,2024-03-05,3851,4449,4166
Bihar,Muzaffarpur,Sakra Mandi,Bajra,2024-03-05,1970,2157,2043
Bihar,Muzaffarpur,Sakra Mandi,Mustard,2024-03-05,3984,4229,4103
Bihar,Muzaffarpur,Sakra Mandi,Chilli,2024-03-09,10338,12173,11186
Bihar,Muzaffarpur,Sakra Mandi,Wheat,2024-03-09,1691,1787,1746
Bihar,Muzaffarpur,Sakra Mandi,Bajra,2024-03-09,2057,2323,2174
Bihar,Muzaffarpur,Sakra Mandi,Mustard,2024-03-09,4150,4473,4305
Bihar,Muzaffarpur,Sakra Mandi,Chilli,2024-03-13,9729,12320,11278
Bihar,Muzaffarpur,Sakra Mandi,Wheat,2024-03-13,1600,1720,1672
Bihar,Muzaffarpur,Sakra Mandi,Banana,2024-03-13,938,1309,1121
Bihar,Muzaffarpur,Sakra Mandi,Mango,2024-03-13,2959,3723,3296
Bihar,Muzaffarpur,Sakra Mandi,Gram(Chana),2024-03-13,3678,3898,3778
Bihar,Muzaffarpur,Sakra Mandi,Bajra,2024-03-13,2068,2233,2162
Bihar,Muzaffarpur,Sakra Mandi,Chilli,2024-03-17,9846,12108,10989
Bihar,Muzaffarpur,Sakra Mandi,Wheat,2024-03-17,1637,1772,1701
Bihar,Muzaffarpur,Sakra Mandi,Mango,2024-03-17,2433,3602,2986
Bihar,Muzaffarpur,Sakra Mandi,Gram(Chana),2024-03-17,3676,3932,3810
Bihar,Muzaffarpur,Sakra Mandi,Soybean,2024-03-17,3799,4144,3962
Bihar,Muzaffarpur,Sakra Mandi,Bajra,2024-03-17,2104,2271,2183
Bihar,Muzaffarpur,Sakra Mandi,Chilli,2024-03-21,9244,12436,10650
Bihar,Muzaffarpur,Sakra Mandi,Wheat,2024-03-21,1766,1958,1864
Bihar,Muzaffarpur,Sakra Mandi,Banana,2024-03-21,1029,1361,1161
Bihar,Muzaffarpur,Sakra Mandi,Soybean,2024-03-21,3554,4055,3866
Bihar,Muzaffarpur,Sakra Mandi,Bajra,2024-03-21,2118,2304,2209
Bihar,Muzaffarpur,Sakra Mandi,Potato,2024-03-21,798,1057,940
Bihar,Muzaffarpur,Sakra Mandi,Mustard,2024-03-21,4157,4633,4388
Bihar,Muzaffarpur,Sakra Mandi,Wheat,2024-03-25,1833,1947,1876
Bihar,Muzaffarpur,Sakra Mandi,Banana,2024-03-25,986,1356,1218
Bihar,Muzaffarpur,Sakra Mandi,Mango,2024-03-25,2492,3612,3092
Bihar,Muzaffarpur,Sakra Mandi,Gram(Chana),2024-03-25,4063,4682,4342
Bihar,Muzaffarpur,Sakra Mandi,Soybean,2024-03-25,3976,4480,4240
Bihar,Muzaffarpur,Sakra Mandi,Bajra,2024-03-25,2059,2203,2139
Bihar,Muzaffarpur,Sakra Mandi,Mustard,2024-03-25,3804,4250,4007
Bihar,Muzaffarpur,Sakra Mandi,Chilli,2024-03-29,10646,13702,12238
Bihar,Muzaffarpur,Sakra Mandi,Wheat,2024-03-29,1745,1819,1779
Bihar,Muzaffarpur,Sakra Mandi,Mango,2024-03-29,2771,3390,3029
Bihar,Muzaffarpur,Sakra Mandi,Gram(Chana),2024-03-29,4107,4437,4291
Bihar,Muzaffarpur,Sakra Mandi,Soybean,2024-03-29,3677,4069,3873
Bihar,Muzaffarpur,Sakra Mandi,Bajra,2024-03-29,1955,2126,2041
Bihar,Muzaffarpur,Sakra Mandi,Potato,2024-03-29,736,967,866
Bihar,Muzaffarpur,Sakra Mandi,Mustard,2024-03-29,3948,4513,4256
Bihar,Muzaffarpur,Sakra Mandi,Chilli,2024-04-02,13381,15868,14633
Bihar,Muzaffarpur,Sakra Mandi,Wheat,2024-04-02,1694,1853,1765
Bihar,Muzaffarpur,Sakra Mandi,Banana,2024-04-02,1019,1191,1095
Bihar,Muzaffarpur,Sakra Mandi,Bajra,2024-04-02,2013,2200,2102
Bihar,Muzaffarpur,Sakra Mandi,Potato,2024-04-02,779,1231,1026
Bihar,Muzaffarpur,Sakra Mandi,Chilli,2024-04-06,11406,14534,12926
Bihar,Muzaffarpur,Sakra Mandi,Wheat,2024-04-06,1746,1932,1827
Bihar,Muzaffarpur,Sakra Mandi,Banana,2024-04-06,987,1188,1093
Bihar,Muzaffarpur,Sakra Mandi,Mango,2024-04-06,2412,3035,2682
Bihar,Muzaffarpur,Sakra Mandi,Gram(Chana),2024-04-06,4147,4632,4415
Bihar,Muzaffarpur,Sakra Mandi,Soybean,2024-04-06,4073,4296,4176
Bihar,Muzaffarpur,Sakra Mandi,Bajra,2024-04-06,2072,2271,2161
Bihar,Muzaffarpur,Sakra Mandi,Potato,2024-04-06,1000,1423,1176
Bihar,Muzaffarpur,Sakra Mandi,Mustard,2024-04-06,3984,4347,4160
Bihar,Muzaffarpur,Sakra Mandi,Chilli,2024-04-10,12404,15363,13811
Bihar,Muzaffarpur,Sakra Mandi,Wheat,2024-04-10,1683,1807,1738
Bihar,Muzaffarpur,Sakra Mandi,Banana,2024-04-10,1010,1172,1074
Bihar,Muzaffarpur,Sakra Mandi,Mango,2024-04-10,2351,3180,2725
Bihar,Muzaffarpur,Sakra Mandi,Soybean,2024-04-10,3739,4112,3940
Bihar,Muzaffarpur,Sakra Mandi,Bajra,2024-04-10,1870,2070,1969
Bihar,Muzaffarpur,Sakra Mandi,Potato,2024-04-10,842,1262,1058
Bihar,Muzaffarpur,Sakra Mandi,Mustard,2024-04-10,3750,4239,3984
Bihar,Muzaffarpur,Sakra Mandi,Chilli,2024-04-14,11647,16042,14271
Bihar,Muzaffarpur,Sakra Mandi,Wheat,2024-04-14,1642,1767,1709
Bihar,Muzaffarpur,Sakra Mandi,Mango,2024-04-14,2226,2891,2557
Bihar,Muzaffarpur,Sakra Mandi,Gram(Chana),2024-04-14,3995,4430,4167
Bihar,Muzaffarpur,Sakra Mandi,Soybean,2024-04-14,4363,4711,4519
Bihar,Muzaffarpur,Sakra Mandi,Bajra,2024-04-14,2097,2234,2177
Bihar,Muzaffarpur,Sakra Mandi,Potato,2024-04-14,934,1239,1097
Bihar,Muzaffarpur,Sakra Mandi,Chilli,2024-04-18,11368,15469,13413
Bihar,Muzaffarpur,Sakra Mandi,Mango,2024-04-18,2335,3063,2723
Bihar,Muzaffarpur,Sakra Mandi,Gram(Chana),2024-04-18,4129,4415,4244
Bihar,Muzaffarpur,Sakra Mandi,Soybean,2024-04-18,3917,4256,4086
Bihar,Muzaffarpur,Sakra Mandi,Mustard,2024-04-18,4195,4409,4310
Bihar,Muzaffarpur,Sakra Mandi,Chilli,2024-04-22,11659,14958,13105
Bihar,Muzaffarpur,Sakra Mandi,Wheat,2024-04-22,1789,1896,1844
Bihar,Muzaffarpur,Sakra Mandi,Banana,2024-04-22,1012,1336,1140
Bihar,Muzaffarpur,Sakra Mandi,Mango,2024-04-22,2139,3056,2683
Bihar,Muzaffarpur,Sakra Mandi,Gram(Chana),2024-04-22,3799,4408,4121
Bihar,Muzaffarpur,Sakra Mandi,Soybean,2024-04-22,4380,4734,4525
Bihar,Muzaffarpur,Sakra Mandi,Potato,2024-04-22,909,1271,1078
Bihar,Muzaffarpur,Sakra Mandi,Chilli,2024-04-26,12481,14964,13675
Bihar,Muzaffarpur,Sakra Mandi,Wheat,2024-04-26,1670,1772,1720
Bihar,Muzaffarpur,Sakra Mandi,Banana,2024-04-26,1128,1300,1204
Bihar,Muzaffarpur,Sakra Mandi,Mango,2024-04-26,2402,2886,2612
Bihar,Muzaffarpur,Sakra Mandi,Bajra,2024-04-26,1947,2130,2033
Bihar,Muzaffarpur,Sakra Mandi,Potato,2024-04-26,754,1234,1045
Bihar,Muzaffarpur,Sakra Mandi,Mustard,2024-04-26,4432,4746,4586
Bihar,Muzaffarpur,Sakra Mandi,Chilli,2024-04-30,13004,15344,14150
Bihar,Muzaffarpur,Sakra Mandi,Mango,2024-04-30,2131,3025,2581
Bihar,Muzaffarpur,Sakra Mandi,Gram(Chana),2024-04-30,3568,3995,3800
Bihar,Muzaffarpur,Sakra Mandi,Soybean,2024-04-30,3833,4136,3990
Bihar,Muzaffarpur,Sakra Mandi,Bajra,2024-04-30,1897,2062,1982
Bihar,Muzaffarpur,Sakra Mandi,Potato,2024-04-30,909,1397,1167
Bihar,Muzaffarpur,Sakra Mandi,Mustard,2024-04-30,4130,4495,4324
Bihar,Muzaffarpur,Sakra Mandi,Chilli,2024-05-04,12263,16436,14188
Bihar,Muzaffarpur,Sakra Mandi,Mango,2024-05-04,2286,2703,2525
Bihar,Muzaffarpur,Sakra Mandi,Gram(Chana),2024-05-04,4636,5154,4919
Bihar,Muzaffarpur,Sakra Mandi,Soybean,2024-05-04,3992,4424,4201
Bihar,Muzaffarpur,Sakra Mandi,Bajra,2024-05-04,2032,2250,2142
Bihar,Muzaffarpur,Sakra Mandi,Mustard,2024-05-04,5333,5724,5569
Bihar,Muzaffarpur,Sakra Mandi,Chilli,2024-05-08,13914,15904,14922
Bihar,Muzaffarpur,Sakra Mandi,Wheat,2024-05-08,1588,1744,1661
Bihar,Muzaffarpur,Sakra Mandi,Banana,2024-05-08,999,1326,1187
Bihar,Muzaffarpur,Sakra Mandi,Mango,2024-05-08,2193,2985,2642
Bihar,Muzaffarpur,Sakra Mandi,Gram(Chana),2024-05-08,4545,4877,4691
Bihar,Muzaffarpur,Sakra Mandi,Soybean,2024-05-08,3832,4283,4048
Bihar,Muzaffarpur,Sakra Mandi,Bajra,2024-05-08,1926,2061,2006
Bihar,Muzaffarpur,Sakra Mandi,Wheat,2024-05-12,1757,1903,1833
Bihar,Muzaffarpur,Sakra Mandi,Mango,2024-05-12,2426,3274,2795
Bihar,Muzaffarpur,Sakra Mandi,Bajra,2024-05-12,1993,2181,2082
Bihar,Muzaffarpur,Sakra Mandi,Mustard,2024-05-12,5211,5564,5398
Bihar,Muzaffarpur,Sakra Mandi,Chilli,2024-05-16,12356,16963,14612
Bihar,Muzaffarpur,Sakra Mandi,Wheat,2024-05-16,1859,1942,1890
Bihar,Muzaffarpur,Sakra Mandi,Banana,2024-05-16,1034,1315,1180
Bihar,Muzaffarpur,Sakra Mandi,Mango,2024-05-16,2373,3035,2715
Bihar,Muzaffarpur,Sakra Mandi,Soybean,2024-05-16,3850,4404,4112
Bihar,Muzaffarpur,Sakra Mandi,Mustard,2024-05-16,5226,5693,5509
Bihar,Muzaffarpur,Sakra Mandi,Wheat,2024-05-20,1583,1676,1633
Bihar,Muzaffarpur,Sakra Mandi,Banana,2024-05-20,1073,1316,1173
Bihar,Muzaffarpur,Sakra Mandi,Mango,2024-05-20,2428,3180,2826
Bihar,Muzaffarpur,Sakra Mandi,Soybean,2024-05-20,4049,4540,4321
Bihar,Muzaffarpur,Sakra Mandi,Potato,2024-05-20,941,1215,1058
Bihar,Muzaffarpur,Sakra Mandi,Mustard,2024-05-20,5273,5728,5534
Bihar,Muzaffarpur,Sakra Mandi,Chilli,2024-05-24,13038,16622,14833
Bihar,Muzaffarpur,Sakra Mandi,Wheat,2024-05-24,1764,1847,1805
Bihar,Muzaffarpur,Sakra Mandi,Banana,2024-05-24,1036,1306,1180
Bihar,Muzaffarpur,Sakra Mandi,Soybean,2024-05-24,3953,4287,4094
Bihar,Muzaffarpur,Sakra Mandi,Potato,2024-05-24,993,1231,1127
Bihar,Muzaffarpur,Sakra Mandi,Mustard,2024-05-24,4914,5287,5127
Bihar,Muzaffarpur,Sakra Mandi,Chilli,2024-05-28,11630,14296,13103
Bihar,Muzaffarpur,Sakra Mandi,Wheat,2024-05-28,1737,1837,1790
Bihar,Muzaffarpur,Sakra Mandi,Banana,2024-05-28,973,1244,1094
Bihar,Muzaffarpur,Sakra Mandi,Mango,2024-05-28,2192,2951,2575
Bihar,Muzaffarpur,Sakra Mandi,Gram(Chana),2024-05-28,4518,4899,4676
Bihar,Muzaffarpur,Sakra Mandi,Mustard,2024-05-28,4953,5353,5169
Bihar,Muzaffarpur,Sakra Mandi,Chilli,2024-06-01,12046,16157,13700
Bihar,Muzaffarpur,Sakra Mandi,Wheat,2024-06-01,2214,2319,2264
Bihar,Muzaffarpur,Sakra Mandi,Banana,2024-06-01,1091,1373,1202
Bihar,Muzaffarpur,Sakra Mandi,Mango,2024-06-01,2180,3320,2779
Bihar,Muzaffarpur,Sakra Mandi,Soybean,2024-06-01,4115,4745,4497
Bihar,Muzaffarpur,Sakra Mandi,Bajra,2024-06-01,1890,2054,1977
Bihar,Muzaffarpur,Sakra Mandi,Potato,2024-06-01,959,1327,1140
Bihar,Muzaffarpur,Sakra Mandi,Mustard,2024-06-01,4864,5179,5018
Bihar,Muzaffarpur,Sakra Mandi,Chilli,2024-06-05,13572,15545,14434
Bihar,Muzaffarpur,Sakra Mandi,Wheat,2024-06-05,1974,2094,2040
Bihar,Muzaffarpur,Sakra Mandi,Soybean,2024-06-05,3788,4140,3920
Bihar,Muzaffarpur,Sakra Mandi,Bajra,2024-06-05,1975,2154,2076
Bihar,Muzaffarpur,Sakra Mandi,Potato,2024-06-05,894,1204,1023
Bihar,Muzaffarpur,Sakra Mandi,Mustard,2024-06-05,4743,5059,4933
Bihar,Muzaffarpur,Sakra Mandi,Chilli,2024-06-09,12234,15359,13854
Bihar,Muzaffarpur,Sakra Mandi,Wheat,2024-06-09,2049,2135,2098
Bihar,Muzaffarpur,Sakra Mandi,Mango,2024-06-09,2155,3279,2724
Bihar,Muzaffarpur,Sakra Mandi,Gram(Chana),2024-06-09,4752,5189,4966
Bihar,Muzaffarpur,Sakra Mandi,Soybean,2024-06-09,3989,4671,4320
Bihar,Muzaffarpur,Sakra Mandi,Bajra,2024-06-09,2119,2350,2237
Bihar,Muzaffarpur,Sakra Mandi,Potato,2024-06-09,921,1234,1095
Bihar,Muzaffarpur,Sakra Mandi,Mustard,2024-06-09,4562,5184,4892
Bihar,Muzaffarpur,Sakra Mandi,Chilli,2024-06-13,12879,15225,14034
Bihar,Muzaffarpur,Sakra Mandi,Wheat,2024-06-13,2154,2290,2217
Bihar,Muzaffarpur,Sakra Mandi,Banana,2024-06-13,950,1240,1085
Bihar,Muzaffarpur,Sakra Mandi,Mango,2024-06-13,2153,2712,2417
Bihar,Muzaffarpur,Sakra Mandi,Soybean,2024-06-13,3716,4108,3899
Bihar,Muzaffarpur,Sakra Mandi,Bajra,2024-06-13,2130,2375,2233
Bihar,Muzaffarpur,Sakra Mandi,Potato,2024-06-13,932,1244,1103
Bihar,Muzaffarpur,Sakra Mandi,Mustard,2024-06-13,5166,5729,5395
Bihar,Muzaffarpur,Sakra Mandi,Chilli,2024-06-17,13009,15227,13974
Bihar,Muzaffarpur,Sakra Mandi,Wheat,2024-06-17,2164,2317,2248
Bihar,Muzaffarpur,Sakra Mandi,Banana,2024-06-17,1100,1264,1186
Bihar,Muzaffarpur,Sakra Mandi,Mango,2024-06-17,2318,2884,2577
Bihar,Muzaffarpur,Sakra Mandi,Gram(Chana),2024-06-17,4736,5303,5034
Bihar,Muzaffarpur,Sakra Mandi,Soybean,2024-06-17,3717,4196,3928
Bihar,Muzaffarpur,Sakra Mandi,Bajra,2024-06-17,2075,2333,2200
Bihar,Muzaffarpur,Sakra Mandi,Potato,2024-06-17,835,1232,1023
Bihar,Muzaffarpur,Sakra Mandi,Chilli,2024-06-21,12033,14195,13014
Bihar,Muzaffarpur,Sakra Mandi,Banana,2024-06-21,1016,1187,1121
Bihar,Muzaffarpur,Sakra Mandi,Mango,2024-06-21,2217,2797,2551
Bihar,Muzaffarpur,Sakra Mandi,Soybean,2024-06-21,3782,4311,4010
Bihar,Muzaffarpur,Sakra Mandi,Bajra,2024-06-21,1975,2098,2024
Bihar,Muzaffarpur,Sakra Mandi,Potato,2024-06-21,962,1401,1181
Bihar,Muzaffarpur,Sakra Mandi,Mustard,2024-06-21,4813,5153,4994
Bihar,Muzaffarpur,Sakra Mandi,Wheat,2024-06-25,2168,2316,2241
Bihar,Muzaffarpur,Sakra Mandi,Banana,2024-06-25,1026,1210,1121
Bihar,Muzaffarpur,Sakra Mandi,Gram(Chana),2024-06-25,4546,5055,4745
Bihar,Muzaffarpur,Sakra Mandi,Soybean,2024-06-25,3676,4183,3944
Bihar,Muzaffarpur,Sakra Mandi,Bajra,2024-06-25,1900,2034,1970
Bihar,Muzaffarpur,Sakra Mandi,Potato,2024-06-25,858,1174,1048
Bihar,Muzaffarpur,Sakra Mandi,Mustard,2024-06-25,5267,5598,5416
Bihar,Muzaffarpur,Sakra Mandi,Chilli,2024-06-29,11317,15122,13511
Bihar,Muzaffarpur,Sakra Mandi,Wheat,2024-06-29,2199,2273,2235
Bihar,Muzaffarpur,Sakra Mandi,Banana,2024-06-29,1002,1309,1176
Bihar,Muzaffarpur,Sakra Mandi,Mango,2024-06-29,2424,3000,2727
Bihar,Muzaffarpur,Sakra Mandi,Gram(Chana),2024-06-29,4441,5058,4763
Bihar,Muzaffarpur,Sakra Mandi,Soybean,2024-06-29,3780,4325,4037
Bihar,Muzaffarpur,Sakra Mandi,Bajra,2024-06-29,1887,2039,1961
Bihar,Muzaffarpur,Sakra Mandi,Mustard,2024-06-29,5348,5773,5507
Bihar,Muzaffarpur,Sakra Mandi,Chilli,2024-07-03,11908,15785,14202
Bihar,Muzaffarpur,Sakra Mandi,Wheat,2024-07-03,2071,2170,2114
Bihar,Muzaffarpur,Sakra Mandi,Banana,2024-07-03,1018,1235,1142
Bihar,Muzaffarpur,Sakra Mandi,Mango,2024-07-03,2796,3393,3103
Bihar,Muzaffarpur,Sakra Mandi,Soybean,2024-07-03,3925,4143,4042
Bihar,Muzaffarpur,Sakra Mandi,Bajra,2024-07-03,2112,2393,2264
Bihar,Muzaffarpur,Sakra Mandi,Potato,2024-07-03,947,1298,1105
Bihar,Muzaffarpur,Sakra Mandi,Mustard,2024-07-03,4985,5461,5209
Bihar,Muzaffarpur,Sakra Mandi,Wheat,2024-07-07,1964,2063,2005
Bihar,Muzaffarpur,Sakra Mandi,Banana,2024-07-07,920,1265,1102
Bihar,Muzaffarpur,Sakra Mandi,Mango,2024-07-07,2453,3428,2973
Bihar,Muzaffarpur,Sakra Mandi,Soybean,2024-07-07,3698,4175,3938
Bihar,Muzaffarpur,Sakra Mandi,Bajra,2024-07-07,1921,2059,1996
Bihar,Muzaffarpur,Sakra Mandi,Chilli,2024-07-11,12691,16959,14761
Bihar,Muzaffarpur,Sakra Mandi,Banana,2024-07-11,963,1247,1084
Bihar,Muzaffarpur,Sakra Mandi,Gram(Chana),2024-07-11,5009,5609,5296
Bihar,Muzaffarpur,Sakra Mandi,Soybean,2024-07-11,3904,4524,4220
Bihar,Muzaffarpur,Sakra Mandi,Bajra,2024-07-11,1889,2117,2021
Bihar,Muzaffarpur,Sakra Mandi,Potato,2024-07-11,968,1294,1129
Bihar,Muzaffarpur,Sakra Mandi,Mustard,2024-07-11,5225,5823,5551
Bihar,Muzaffarpur,Sakra Mandi,Chilli,2024-07-15,12924,15060,13899
Bihar,Muzaffarpur,Sakra Mandi,Banana,2024-07-15,1066,1342,1195
Bihar,Muzaffarpur,Sakra Mandi,Gram(Chana),2024-07-15,4850,5255,5016
Bihar,Muzaffarpur,Sakra Mandi,Bajra,2024-07-15,2029,2290,2152
Bihar,Muzaffarpur,Sakra Mandi,Potato,2024-07-15,870,1266,1071
Bihar,Muzaffarpur,Sakra Mandi,Mustard,2024-07-15,4725,4994,4863
Bihar,Muzaffarpur,Sakra Mandi,Chilli,2024-07-19,12090,17091,14862
Bihar,Muzaffarpur,Sakra Mandi,Wheat,2024-07-19,2202,2292,2239
Bihar,Muzaffarpur,Sakra Mandi,Mango,2024-07-19,2758,3588,3180
Bihar,Muzaffarpur,Sakra Mandi,Gram(Chana),2024-07-19,5211,5544,5375
Bihar,Muzaffarpur,Sakra Mandi,Soybean,2024-07-19,4248,4574,4436
Bihar,Muzaffarpur,Sakra Mandi,Bajra,2024-07-19,1961,2061,2006
Bihar,Muzaffarpur,Sakra Mandi,Potato,2024-07-19,989,1383,1157
Bihar,Muzaffarpur,Sakra Mandi,Mustard,2024-07-19,4705,5155,4960
Bihar,Muzaffarpur,Sakra Mandi,Chilli,2024-07-23,12022,15398,13693
Bihar,Muzaffarpur,Sakra Mandi,Wheat,2024-07-23,1965,2132,2064
Bihar,Muzaffarpur,Sakra Mandi,Banana,2024-07-23,875,1267,1071
Bihar,Muzaffarpur,Sakra Mandi,Mango,2024-07-23,2750,3571,3239
Bihar,Muzaffarpur,Sakra Mandi,Bajra,2024-07-23,2038,2167,2091
Bihar,Muzaffarpur,Sakra Mandi,Potato,2024-07-23,892,1244,1063
Bihar,Muzaffarpur,Sakra Mandi,Mustard,2024-07-23,5251,5618,5431
Bihar,Muzaffarpur,Sakra Mandi,Chilli,2024-07-27,13130,16068,14703
Bihar,Muzaffarpur,Sakra Mandi,Wheat,2024-07-27,1997,2207,2100
Bihar,Muzaffarpur,Sakra Mandi,Banana,2024-07-27,965,1259,1115
Bihar,Muzaffarpur,Sakra Mandi,Mango,2024-07-27,2930,3752,3271
Bihar,Muzaffarpur,Sakra Mandi,Soybean,2024-07-27,4226,4748,4459
Bihar,Muzaffarpur,Sakra Mandi,Bajra,2024-07-27,1863,2105,1985
Bihar,Muzaffarpur,Sakra Mandi,Mustard,2024-07-27,4856,5222,5022
Bihar,Muzaffarpur,Sakra Mandi,Chilli,2024-07-31,11174,14824,12934
Bihar,Muzaffarpur,Sakra Mandi,Wheat,2024-07-31,1996,2143,2061
Bihar,Muzaffarpur,Sakra Mandi,Banana,2024-07-31,980,1214,1086
Bihar,Muzaffarpur,Sakra Mandi,Mango,2024-07-31,2880,4097,3430
Bihar,Muzaffarpur,Sakra Mandi,Bajra,2024-07-31,1921,2076,2011
Bihar,Muzaffarpur,Sakra Mandi,Potato,2024-07-31,882,1267,1115
Bihar,Muzaffarpur,Sakra Mandi,Mustard,2024-07-31,4481,5049,4792
Bihar,Muzaffarpur,Sakra Mandi,Chilli,2024-08-04,11995,15542,13812
Bihar,Muzaffarpur,Sakra Mandi,Wheat,2024-08-04,2114,2242,2184
Bihar,Muzaffarpur,Sakra Mandi,Soybean,2024-08-04,4253,4635,4438
Bihar,Muzaffarpur,Sakra Mandi,Bajra,2024-08-04,1919,2145,2032
Bihar,Muzaffarpur,Sakra Mandi,Potato,2024-08-04,935,1308,1086
Bihar,Muzaffarpur,Sakra Mandi,Mustard,2024-08-04,5076,5383,5215
Bihar,Muzaffarpur,Sakra Mandi,Chilli,2024-08-08,11780,14655,13330
Bihar,Muzaffarpur,Sakra Mandi,Wheat,2024-08-08,2217,2383,2314
Bihar,Muzaffarpur,Sakra Mandi,Banana,2024-08-08,898,1182,1065
Bihar,Muzaffarpur,Sakra Mandi,Gram(Chana),2024-08-08,4901,5452,5144
Bihar,Muzaffarpur,Sakra Mandi,Bajra,2024-08-08,1947,2178,2066
Bihar,Muzaffarpur,Sakra Mandi,Potato,2024-08-08,767,1258,1050
Bihar,Muzaffarpur,Sakra Mandi,Chilli,2024-08-12,12003,15910,13747
Bihar,Muzaffarpur,Sakra Mandi,Wheat,2024-08-12,2164,2252,2213
Bihar,Muzaffarpur,Sakra Mandi,Banana,2024-08-12,976,1181,1088
Bihar,Muzaffarpur,Sakra Mandi,Gram(Chana),2024-08-12,4607,5077,4828
Bihar,Muzaffarpur,Sakra Mandi,Soybean,2024-08-12,3889,4324,4078
Bihar,Muzaffarpur,Sakra Mandi,Bajra,2024-08-12,2011,2220,2115
Bihar,Muzaffarpur,Sakra Mandi,Potato,2024-08-12,802,1306,1043
Bihar,Muzaffarpur,Sakra Mandi,Mustard,2024-08-12,5318,5859,5596
Bihar,Muzaffarpur,Sakra Mandi,Wheat,2024-08-16,2134,2226,2176
Bihar,Muzaffarpur,Sakra Mandi,Mango,2024-08-16,2668,3297,3023
Bihar,Muzaffarpur,Sakra Mandi,Gram(Chana),2024-08-16,4459,4981,4723
Bihar,Muzaffarpur,Sakra Mandi,Soybean,2024-08-16,4211,4541,4375
Bihar,Muzaffarpur,Sakra Mandi,Bajra,2024-08-16,2076,2289,2182
Bihar,Muzaffarpur,Sakra Mandi,Potato,2024-08-16,910,1280,1066
Bihar,Muzaffarpur,Sakra Mandi,Chilli,2024-08-20,12357,14102,13232
Bihar,Muzaffarpur,Sakra Mandi,Wheat,2024-08-20,2035,2187,2119
Bihar,Muzaffarpur,Sakra Mandi,Banana,2024-08-20,1027,1291,1146
Bihar,Muzaffarpur,Sakra Mandi,Mango,2024-08-20,2986,3852,3389
Bihar,Muzaffarpur,Sakra Mandi,Gram(Chana),2024-08-20,5038,5403,5214
Bihar,Muzaffarpur,Sakra Mandi,Soybean,2024-08-20,3776,4224,3979
Bihar,Muzaffarpur,Sakra Mandi,Bajra,2024-08-20,2017,2197,2113
Bihar,Muzaffarpur,Sakra Mandi,Potato,2024-08-20,868,1239,1037
Bihar,Muzaffarpur,Sakra Mandi,Mustard,2024-08-20,4851,5212,5037
Bihar,Muzaffarpur,Sakra Mandi,Chilli,2024-08-24,13829,15835,14939
Bihar,Muzaffarpur,Sakra Mandi,Gram(Chana),2024-08-24,4940,5502,5228
Bihar,Muzaffarpur,Sakra Mandi,Soybean,2024-08-24,3796,4167,3980
Bihar,Muzaffarpur,Sakra Mandi,Bajra,2024-08-24,2035,2255,2166
Bihar,Muzaffarpur,Sakra Mandi,Wheat,2024-08-28,2158,2293,2228
Bihar,Muzaffarpur,Sakra Mandi,Banana,2024-08-28,1082,1311,1196
Bihar,Muzaffarpur,Sakra Mandi,Gram(Chana),2024-08-28,4633,5141,4924
Bihar,Muzaffarpur,Sakra Mandi,Soybean,2024-08-28,4027,4427,4213
Bihar,Muzaffarpur,Sakra Mandi,Potato,2024-08-28,831,1254,1029
Bihar,Muzaffarpur,Sakra Mandi,Mustard,2024-08-28,4808,5197,4986
Bihar,Muzaffarpur,Sakra Mandi,Chilli,2024-09-01,13412,15829,14401
Bihar,Muzaffarpur,Sakra Mandi,Wheat,2024-09-01,2168,2337,2244
Bihar,Muzaffarpur,Sakra Mandi,Banana,2024-09-01,1058,1266,1145
Bihar,Muzaffarpur,Sakra Mandi,Mango,2024-09-01,2774,3545,3124
Bihar,Muzaffarpur,Sakra Mandi,Soybean,2024-09-01,4191,4793,4478
Bihar,Muzaffarpur,Sakra Mandi,Bajra,2024-09-01,1547,1640,1592
Bihar,Muzaffarpur,Sakra Mandi,Mustard,2024-09-01,4643,4926,4786
Bihar,Muzaffarpur,Sakra Mandi,Chilli,2024-09-05,11292,14484,13038
Bihar,Muzaffarpur,Sakra Mandi,Wheat,2024-09-05,1980,2058,2013
Bihar,Muzaffarpur,Sakra Mandi,Banana,2024-09-05,1083,1355,1224
Bihar,Muzaffarpur,Sakra Mandi,Mango,2024-09-05,2694,3278,3053
Bihar,Muzaffarpur,Sakra Mandi,Gram(Chana),2024-09-05,4793,5248,5044
Bihar,Muzaffarpur,Sakra Mandi,Soybean,2024-09-05,3834,4303,4099
Bihar,Muzaffarpur,Sakra Mandi,Bajra,2024-09-05,1598,1810,1715
Bihar,Muzaffarpur,Sakra Mandi,Potato,2024-09-05,796,1213,1052
Bihar,Muzaffarpur,Sakra Mandi,Mustard,2024-09-05,5267,5925,5555
Bihar,Muzaffarpur,Sakra Mandi,Wheat,2024-09-09,1899,2067,1991
Bihar,Muzaffarpur,Sakra Mandi,Banana,2024-09-09,1040,1208,1121
Bihar,Muzaffarpur,Sakra Mandi,Mango,2024-09-09,2669,3661,3177
Bihar,Muzaffarpur,Sakra Mandi,Bajra,2024-09-09,1599,1751,1676
Bihar,Muzaffarpur,Sakra Mandi,Mustard,2024-09-09,5218,5639,5461
Bihar,Muzaffarpur,Sakra Mandi,Chilli,2024-09-13,11154,15947,13587
Bihar,Muzaffarpur,Sakra Mandi,Wheat,2024-09-13,2160,2331,2246
Bihar,Muzaffarpur,Sakra Mandi,Gram(Chana),2024-09-13,4735,5403,5021
Bihar,Muzaffarpur,Sakra Mandi,Bajra,2024-09-13,1738,1873,1814
Bihar,Muzaffarpur,Sakra Mandi,Potato,2024-09-13,829,1330,1050
Bihar,Muzaffarpur,Sakra Mandi,Mustard,2024-09-13,4893,5309,5127
Bihar,Muzaffarpur,Sakra Mandi,Wheat,2024-09-17,2177,2300,2234
Bihar,Muzaffarpur,Sakra Mandi,Banana,2024-09-17,928,1247,1069
Bihar,Muzaffarpur,Sakra Mandi,Mango,2024-09-17,2803,4008,3403
Bihar,Muzaffarpur,Sakra Mandi,Gram(Chana),2024-09-17,4599,5267,4942
Bihar,Muzaffarpur,Sakra Mandi,Soybean,2024-09-17,3863,4266,4062
Bihar,Muzaffarpur,Sakra Mandi,Chilli,2024-09-21,11556,15511,13550
Bihar,Muzaffarpur,Sakra Mandi,Wheat,2024-09-21,2131,2263,2183
Bihar,Muzaffarpur,Sakra Mandi,Banana,2024-09-21,1104,1268,1200
Bihar,Muzaffarpur,Sakra Mandi,Mango,2024-09-21,2588,3327,2954
Bihar,Muzaffarpur,Sakra Mandi,Potato,2024-09-21,875,1364,1100
Bihar,Muzaffarpur,Sakra Mandi,Mustard,2024-09-21,5121,5433,5304
Bihar,Muzaffarpur,Sakra Mandi,Chilli,2024-09-25,11235,14604,12910
Bihar,Muzaffarpur,Sakra Mandi,Wheat,2024-09-25,2179,2312,2230
Bihar,Muzaffarpur,Sakra Mandi,Banana,2024-09-25,1016,1248,1115
Bihar,Muzaffarpur,Sakra Mandi,Mango,2024-09-25,2631,3485,3049
Bihar,Muzaffarpur,Sakra Mandi,Gram(Chana),2024-09-25,4822,5354,5072
Bihar,Muzaffarpur,Sakra Mandi,Soybean,2024-09-25,4072,4517,4299
Bihar,Muzaffarpur,Sakra Mandi,Potato,2024-09-25,941,1271,1122
Bihar,Muzaffarpur,Sakra Mandi,Wheat,2024-09-29,1984,2064,2024
Bihar,Muzaffarpur,Sakra Mandi,Banana,2024-09-29,1002,1259,1140
Bihar,Muzaffarpur,Sakra Mandi,Mango,2024-09-29,3103,3758,3382
Bihar,Muzaffarpur,Sakra Mandi,Gram(Chana),2024-09-29,4969,5349,5152
Bihar,Muzaffarpur,Sakra Mandi,Soybean,2024-09-29,3894,4209,4067
Bihar,Muzaffarpur,Sakra Mandi,Bajra,2024-09-29,1583,1676,1627
Bihar,Muzaffarpur,Sakra Mandi,Mustard,2024-09-29,4905,5500,5216
Bihar,Muzaffarpur,Sakra Mandi,Chilli,2024-10-03,13224,15700,14312
Bihar,Muzaffarpur,Sakra Mandi,Wheat,2024-10-03,1986,2052,2020
Bihar,Muzaffarpur,Sakra Mandi,Banana,2024-10-03,975,1252,1130
Bihar,Muzaffarpur,Sakra Mandi,Mango,2024-10-03,2963,3563,3314
Bihar,Muzaffarpur,Sakra Mandi,Gram(Chana),2024-10-03,5143,5539,5321
Bihar,Muzaffarpur,Sakra Mandi,Soybean,2024-10-03,3106,3293,3194
Bihar,Muzaffarpur,Sakra Mandi,Bajra,2024-10-03,1626,1806,1715
Bihar,Muzaffarpur,Sakra Mandi,Potato,2024-10-03,987,1210,1104
Bihar,Muzaffarpur,Sakra Mandi,Chilli,2024-10-07,11718,15845,14219
Bihar,Muzaffarpur,Sakra Mandi,Wheat,2024-10-07,2222,2329,2269
Bihar,Muzaffarpur,Sakra Mandi,Banana,2024-10-07,976,1212,1108
Bihar,Muzaffarpur,Sakra Mandi,Mango,2024-10-07,2886,3870,3387
Bihar,Muzaffarpur,Sakra Mandi,Soybean,2024-10-07,3231,3679,3451
Bihar,Muzaffarpur,Sakra Mandi,Bajra,2024-10-07,1742,1911,1822
Bihar,Muzaffarpur,Sakra Mandi,Potato,2024-10-07,896,1261,1069
Bihar,Muzaffarpur,Sakra Mandi,Chilli,2024-10-11,12472,14783,13637
Bihar,Muzaffarpur,Sakra Mandi,Wheat,2024-10-11,2117,2215,2170
Bihar,Muzaffarpur,Sakra Mandi,Soybean,2024-10-11,3239,3529,3403
Bihar,Muzaffarpur,Sakra Mandi,Chilli,2024-10-15,12572,15049,13602
Bihar,Muzaffarpur,Sakra Mandi,Wheat,2024-10-15,1960,2073,2025
Bihar,Muzaffarpur,Sakra Mandi,Banana,2024-10-15,932,1172,1062
Bihar,Muzaffarpur,Sakra Mandi,Soybean,2024-10-15,3338,3603,3473
Bihar,Muzaffarpur,Sakra Mandi,Bajra,2024-10-15,1633,1774,1713
Bihar,Muzaffarpur,Sakra Mandi,Potato,2024-10-15,946,1339,1175
Bihar,Muzaffarpur,Sakra Mandi,Mustard,2024-10-15,4748,5229,4987
Bihar,Muzaffarpur,Sakra Mandi,Banana,2024-10-19,911,1179,1058
Bihar,Muzaffarpur,Sakra Mandi,Mango,2024-10-19,2787,3825,3287
Bihar,Muzaffarpur,Sakra Mandi,Gram(Chana),2024-10-19,4543,5059,4849
Bihar,Muzaffarpur,Sakra Mandi,Soybean,2024-10-19,3387,3583,3486
Bihar,Muzaffarpur,Sakra Mandi,Bajra,2024-10-19,1500,1703,1599
Bihar,Muzaffarpur,Sakra Mandi,Potato,2024-10-19,1020,1217,1120
Bihar,Muzaffarpur,Sakra Mandi,Mustard,2024-10-19,5040,5517,5297
Bihar,Muzaffarpur,Sakra Mandi,Chilli,2024-10-23,12309,14993,13473
Bihar,Muzaffarpur,Sakra Mandi,Banana,2024-10-23,1005,1200,1103
Bihar,Muzaffarpur,Sakra Mandi,Mango,2024-10-23,2725,3480,3106
Bihar,Muzaffarpur,Sakra Mandi,Soybean,2024-10-23,3212,3460,3364
Bihar,Muzaffarpur,Sakra Mandi,Potato,2024-10-23,1030,1268,1152
Bihar,Muzaffarpur,Sakra Mandi,Mustard,2024-10-23,4904,5571,5277
Bihar,Muzaffarpur,Sakra Mandi,Chilli,2024-10-27,12718,15224,13690
Bihar,Muzaffarpur,Sakra Mandi,Banana,2024-10-27,1034,1222,1127
Bihar,Muzaffarpur,Sakra Mandi,Mango,2024-10-27,2666,3488,3029
Bihar,Muzaffarpur,Sakra Mandi,Soybean,2024-10-27,3204,3710,3457
Bihar,Muzaffarpur,Sakra Mandi,Bajra,2024-10-27,1751,1939,1832
Bihar,Muzaffarpur,Sakra Mandi,Potato,2024-10-27,811,1167,1025
Bihar,Muzaffarpur,Sakra Mandi,Mustard,2024-10-27,5163,5470,5296
Bihar,Muzaffarpur,Sakra Mandi,Chilli,2024-10-31,12191,15454,13882
Bihar,Muzaffarpur,Sakra Mandi,Banana,2024-10-31,997,1327,1170
Bihar,Muzaffarpur,Sakra Mandi,Gram(Chana),2024-10-31,5082,5480,5260
Bihar,Muzaffarpur,Sakra Mandi,Soybean,2024-10-31,3035,3470,3250
Bihar,Muzaffarpur,Sakra Mandi,Potato,2024-10-31,912,1358,1156
Bihar,Muzaffarpur,Sakra Mandi,Mustard,2024-10-31,5057,5505,5282
Bihar,Muzaffarpur,Sakra Mandi,Chilli,2024-11-04,13505,15357,14590
Bihar,Muzaffarpur,Sakra Mandi,Wheat,2024-11-04,2097,2229,2164
Bihar,Muzaffarpur,Sakra Mandi,Banana,2024-11-04,1036,1229,1134
Bihar,Muzaffarpur,Sakra Mandi,Gram(Chana),2024-11-04,4653,5091,4852
Bihar,Muzaffarpur,Sakra Mandi,Soybean,2024-11-04,3544,3871,3684
Bihar,Muzaffarpur,Sakra Mandi,Bajra,2024-11-04,2160,2322,2232
Bihar,Muzaffarpur,Sakra Mandi,Potato,2024-11-04,851,1130,1012
Bihar,Muzaffarpur,Sakra Mandi,Chilli,2024-11-08,13545,16845,15091
Bihar,Muzaffarpur,Sakra Mandi,Wheat,2024-11-08,2213,2425,2319
Bihar,Muzaffarpur,Sakra Mandi,Banana,2024-11-08,998,1221,1099
Bihar,Muzaffarpur,Sakra Mandi,Mango,2024-11-08,3076,3776,3442
Bihar,Muzaffarpur,Sakra Mandi,Gram(Chana),2024-11-08,5036,5493,5269
Bihar,Muzaffarpur,Sakra Mandi,Soybean,2024-11-08,3446,3669,3534
Bihar,Muzaffarpur,Sakra Mandi,Potato,2024-11-08,834,1308,1082
Bihar,Muzaffarpur,Sakra Mandi,Mustard,2024-11-08,5189,5949,5579
Bihar,Muzaffarpur,Sakra Mandi,Mango,2024-11-12,2660,3694,3147
Bihar,Muzaffarpur,Sakra Mandi,Gram(Chana),2024-11-12,4738,5016,4861
Bihar,Muzaffarpur,Sakra Mandi,Soybean,2024-11-12,3539,3759,3640
Bihar,Muzaffarpur,Sakra Mandi,Bajra,2024-11-12,2054,2231,2138
Bihar,Muzaffarpur,Sakra Mandi,Potato,2024-11-12,891,1356,1109
Bihar,Muzaffarpur,Sakra Mandi,Mustard,2024-11-12,5238,5745,5492
Bihar,Muzaffarpur,Sakra Mandi,Chilli,2024-11-16,12373,15636,13864
Bihar,Muzaffarpur,Sakra Mandi,Banana,2024-11-16,1099,1231,1163
Bihar,Muzaffarpur,Sakra Mandi,Mango,2024-11-16,2313,3609,2955
Bihar,Muzaffarpur,Sakra Mandi,Gram(Chana),2024-11-16,4436,4800,4624
Bihar,Muzaffarpur,Sakra Mandi,Soybean,2024-11-16,3387,3569,3487
Bihar,Muzaffarpur,Sakra Mandi,Bajra,2024-11-16,2188,2304,2249
Bihar,Muzaffarpur,Sakra Mandi,Mustard,2024-11-16,4622,5149,4898
Bihar,Muzaffarpur,Sakra Mandi,Chilli,2024-11-20,13295,16226,14968
Bihar,Muzaffarpur,Sakra Mandi,Wheat,2024-11-20,2015,2134,2074
Bihar,Muzaffarpur,Sakra Mandi,Banana,2024-11-20,1055,1279,1172
Bihar,Muzaffarpur,Sakra Mandi,Mango,2024-11-20,2684,3441,3093
Bihar,Muzaffarpur,Sakra Mandi,Gram(Chana),2024-11-20,4915,5286,5080
Bihar,Muzaffarpur,Sakra Mandi,Soybean,2024-11-20,3339,3795,3546
Bihar,Muzaffarpur,Sakra Mandi,Bajra,2024-11-20,1992,2249,2130
Bihar,Muzaffarpur,Sakra Mandi,Mustard,2024-11-20,5222,5738,5448
Bihar,Muzaffarpur,Sakra Mandi,Chilli,2024-11-24,13697,16286,15100
Bihar,Muzaffarpur,Sakra Mandi,Banana,2024-11-24,1082,1342,1202
Bihar,Muzaffarpur,Sakra Mandi,Mango,2024-11-24,3003,4004,3431
Bihar,Muzaffarpur,Sakra Mandi,Bajra,2024-11-24,1901,2089,2002
Bihar,Muzaffarpur,Sakra Mandi,Chilli,2024-11-28,12378,15777,14327
Bihar,Muzaffarpur,Sakra Mandi,Wheat,2024-11-28,2166,2296,2231
Bihar,Muzaffarpur,Sakra Mandi,Banana,2024-11-28,1070,1231,1153
Bihar,Muzaffarpur,Sakra Mandi,Mango,2024-11-28,2922,3651,3260
Bihar,Muzaffarpur,Sakra Mandi,Gram(Chana),2024-11-28,4686,5324,4972
Bihar,Muzaffarpur,Sakra Mandi,Bajra,2024-11-28,2032,2204,2130
Bihar,Muzaffarpur,Sakra Mandi,Potato,2024-11-28,844,1199,1036
Bihar,Muzaffarpur,Sakra Mandi,Chilli,2024-12-02,13089,15630,14351
Bihar,Muzaffarpur,Sakra Mandi,Wheat,2024-12-02,1953,2060,2017
Bihar,Muzaffarpur,Sakra Mandi,Mango,2024-12-02,2781,3205,2984
Bihar,Muzaffarpur,Sakra Mandi,Gram(Chana),2024-12-02,4980,5291,5138
Bihar,Muzaffarpur,Sakra Mandi,Soybean,2024-12-02,3761,4162,3976
Bihar,Muzaffarpur,Sakra Mandi,Bajra,2024-12-02,2018,2147,2076
Bihar,Muzaffarpur,Sakra Mandi,Potato,2024-12-02,821,1247,1089
Bihar,Muzaffarpur,Sakra Mandi,Mustard,2024-12-02,4720,5139,4915
Bihar,Muzaffarpur,Sakra Mandi,Chilli,2024-12-06,13075,16831,14711
Bihar,Muzaffarpur,Sakra Mandi,Wheat,2024-12-06,2243,2375,2307
Bihar,Muzaffarpur,Sakra Mandi,Banana,2024-12-06,1094,1356,1236
Bihar,Muzaffarpur,Sakra Mandi,Mango,2024-12-06,2733,3688,3186
Bihar,Muzaffarpur,Sakra Mandi,Gram(Chana),2024-12-06,4592,5114,4871
Bihar,Muzaffarpur,Sakra Mandi,Soybean,2024-12-06,3916,4356,4111
Bihar,Muzaffarpur,Sakra Mandi,Bajra,2024-12-06,2100,2224,2177
Bihar,Muzaffarpur,Sakra Mandi,Potato,2024-12-06,1006,1247,1141
Bihar,Muzaffarpur,Sakra Mandi,Mustard,2024-12-06,4859,5275,5038
Bihar,Muzaffarpur,Sakra Mandi,Chilli,2024-12-10,12779,15956,14511
Bihar,Muzaffarpur,Sakra Mandi,Wheat,2024-12-10,2068,2229,2163
Bihar,Muzaffarpur,Sakra Mandi,Soybean,2024-12-10,4164,4611,4392
Bihar,Muzaffarpur,Sakra Mandi,Potato,2024-12-10,925,1156,1040
Bihar,Muzaffarpur,Sakra Mandi,Mustard,2024-12-10,4729,5115,4920
Bihar,Muzaffarpur,Sakra Mandi,Chilli,2024-12-14,13408,16590,14935
Bihar,Muzaffarpur,Sakra Mandi,Wheat,2024-12-14,2141,2336,2219
Bihar,Muzaffarpur,Sakra Mandi,Banana,2024-12-14,978,1197,1074
Bihar,Muzaffarpur,Sakra Mandi,Mango,2024-12-14,2834,4066,3397
Bihar,Muzaffarpur,Sakra Mandi,Gram(Chana),2024-12-14,5043,5472,5271
Bihar,Muzaffarpur,Sakra Mandi,Bajra,2024-12-14,1932,2107,2033
Bihar,Muzaffarpur,Sakra Mandi,Potato,2024-12-14,832,1272,1069
Bihar,Muzaffarpur,Sakra Mandi,Mustard,2024-12-14,4666,5062,4875
Bihar,Muzaffarpur,Sakra Mandi,Wheat,2024-12-18,2134,2274,2206
Bihar,Muzaffarpur,Sakra Mandi,Banana,2024-12-18,887,1210,1058
Bihar,Muzaffarpur,Sakra Mandi,Mango,2024-12-18,2814,3410,3095
Bihar,Muzaffarpur,Sakra Mandi,Gram(Chana),2024-12-18,4671,5424,5026
Bihar,Muzaffarpur,Sakra Mandi,Soybean,2024-12-18,4252,4595,4426
Bihar,Muzaffarpur,Sakra Mandi,Potato,2024-12-18,952,1370,1169
Bihar,Muzaffarpur,Sakra Mandi,Mustard,2024-12-18,5377,5704,5545
Bihar,Muzaffarpur,Sakra Mandi,Chilli,2024-12-22,13025,15355,14311
Bihar,Muzaffarpur,Sakra Mandi,Banana,2024-12-22,1029,1321,1187
Bihar,Muzaffarpur,Sakra Mandi,Gram(Chana),2024-12-22,4542,4894,4719
Bihar,Muzaffarpur,Sakra Mandi,Potato,2024-12-22,758,1277,1022
Bihar,Muzaffarpur,Sakra Mandi,Mustard,2024-12-22,5089,5617,5359
Bihar,Muzaffarpur,Sakra Mandi,Chilli,2024-12-26,11594,16018,14039
Bihar,Muzaffarpur,Sakra Mandi,Wheat,2024-12-26,1938,2115,2019
Bihar,Muzaffarpur,Sakra Mandi,Banana,2024-12-26,1118,1348,1215
Bihar,Muzaffarpur,Sakra Mandi,Gram(Chana),2024-12-26,4428,4841,4645
Bihar,Muzaffarpur,Sakra Mandi,Bajra,2024-12-26,2005,2126,2061
Bihar,Muzaffarpur,Sakra Mandi,Mustard,2024-12-26,4575,5136,4920
Bihar,Muzaffarpur,Sakra Mandi,Chilli,2024-12-30,13518,15986,15017
Bihar,Muzaffarpur,Sakra Mandi,Wheat,2024-12-30,2256,2343,2299
Bihar,Muzaffarpur,Sakra Mandi,Banana,2024-12-30,967,1195,1068
Bihar,Muzaffarpur,Sakra Mandi,Mango,2024-12-30,2895,3864,3377
Bihar,Muzaffarpur,Sakra Mandi,Soybean,2024-12-30,4136,4518,4304
Bihar,Muzaffarpur,Sakra Mandi,Bajra,2024-12-30,2074,2364,2236
Bihar,Muzaffarpur,Sakra Mandi,Potato,2024-12-30,1009,1248,1119
Gujarat,Rajkot,Gondal Mandi,Cotton,2024-01-01,5615,6286,5984
Gujarat,Rajkot,Gondal Mandi,Tomato,2024-01-01,775,1343,1077
Gujarat,Rajkot,Gondal Mandi,Wheat,2024-01-01,2134,2319,2217
Gujarat,Rajkot,Gondal Mandi,Maize,2024-01-01,1823,1927,1881
Gujarat,Rajkot,Gondal Mandi,Cotton,2024-01-05,5412,6207,5747
Gujarat,Rajkot,Gondal Mandi,Mustard,2024-01-05,4522,5005,4795
Gujarat,Rajkot,Gondal Mandi,Banana,2024-01-05,977,1194,1096
Gujarat,Rajkot,Gondal Mandi,Wheat,2024-01-05,2106,2251,2189
Gujarat,Rajkot,Gondal Mandi,Maize,2024-01-05,1825,1937,1895
Gujarat,Rajkot,Gondal Mandi,Mustard,2024-01-09,4625,5150,4937
Gujarat,Rajkot,Gondal Mandi,Banana,2024-01-09,1093,1283,1202
Gujarat,Rajkot,Gondal Mandi,Tomato,2024-01-09,883,1351,1143
Gujarat,Rajkot,Gondal Mandi,Wheat,2024-01-09,2085,2286,2165
Gujarat,Rajkot,Gondal Mandi,Cotton,2024-01-13,5381,6082,5760
Gujarat,Rajkot,Gondal Mandi,Mustard,2024-01-13,4962,5438,5241
Gujarat,Rajkot,Gondal Mandi,Banana,2024-01-13,985,1134,1068
Gujarat,Rajkot,Gondal Mandi,Tomato,2024-01-13,927,1322,1132
Gujarat,Rajkot,Gondal Mandi,Wheat,2024-01-13,2170,2317,2237
Gujarat,Rajkot,Gondal Mandi,Maize,2024-01-13,1814,1961,1898
Gujarat,Rajkot,Gondal Mandi,Cotton,2024-01-17,5231,5944,5573
Gujarat,Rajkot,Gondal Mandi,Banana,2024-01-17,996,1229,1117
Gujarat,Rajkot,Gondal Mandi,Tomato,2024-01-17,794,1451,1083
Gujarat,Rajkot,Gondal Mandi,Wheat,2024-01-17,2126,2203,2168
Gujarat,Rajkot,Gondal Mandi,Mustard,2024-01-21,5168,5754,5485
Gujarat,Rajkot,Gondal Mandi,Banana,2024-01-21,1044,1229,1121
Gujarat,Rajkot,Gondal Mandi,Wheat,2024-01-21,2187,2374,2283
Gujarat,Rajkot,Gondal Mandi,Maize,2024-01-21,1768,1968,1882
Gujarat,Rajkot,Gondal Mandi,Cotton,2024-01-25,5226,5545,5401
Gujarat,Rajkot,Gondal Mandi,Mustard,2024-01-25,5087,5429,5268
Gujarat,Rajkot,Gondal Mandi,Tomato,2024-01-25,912,1254,1080
Gujarat,Rajkot,Gondal Mandi,Wheat,2024-01-25,1993,2081,2034
Gujarat,Rajkot,Gondal Mandi,Maize,2024-01-25,1874,2097,1987
Gujarat,Rajkot,Gondal Mandi,Mustard,2024-01-29,4896,5468,5227
Gujarat,Rajkot,Gondal Mandi,Tomato,2024-01-29,959,1316,1123
Gujarat,Rajkot,Gondal Mandi,Cotton,2024-02-02,6105,6630,6420
Gujarat,Rajkot,Gondal Mandi,Banana,2024-02-02,1075,1403,1198
Gujarat,Rajkot,Gondal Mandi,Tomato,2024-02-02,733,1197,984
Gujarat,Rajkot,Gondal Mandi,Wheat,2024-02-02,1987,2122,2044
Gujarat,Rajkot,Gondal Mandi,Maize,2024-02-02,1710,1947,1828
Gujarat,Rajkot,Gondal Mandi,Cotton,2024-02-06,6734,7158,6953
Gujarat,Rajkot,Gondal Mandi,Mustard,2024-02-06,4998,5516,5260
Gujarat,Rajkot,Gondal Mandi,Banana,2024-02-06,1045,1274,1184
Gujarat,Rajkot,Gondal Mandi,Tomato,2024-02-06,893,1343,1076
Gujarat,Rajkot,Gondal Mandi,Wheat,2024-02-06,2086,2225,2161
Gujarat,Rajkot,Gondal Mandi,Maize,2024-02-06,1719,1884,1790
Gujarat,Rajkot,Gondal Mandi,Mustard,2024-02-10,4841,5539,5212
Gujarat,Rajkot,Gondal Mandi,Banana,2024-02-10,1032,1275,1158
Gujarat,Rajkot,Gondal Mandi,Tomato,2024-02-10,840,1479,1125
Gujarat,Rajkot,Gondal Mandi,Maize,2024-02-10,1747,1903,1826
Gujarat,Rajkot,Gondal Mandi,Cotton,2024-02-14,6232,6995,6636
Gujarat,Rajkot,Gondal Mandi,Mustard,2024-02-14,4992,5280,5119
Gujarat,Rajkot,Gondal Mandi,Banana,2024-02-14,977,1187,1091
Gujarat,Rajkot,Gondal Mandi,Tomato,2024-02-14,794,1218,1053
Gujarat,Rajkot,Gondal Mandi,Wheat,2024-02-14,2141,2273,2216
Gujarat,Rajkot,Gondal Mandi,Maize,2024-02-14,1866,1986,1927
Gujarat,Rajkot,Gondal Mandi,Cotton,2024-02-18,5782,6791,6259
Gujarat,Rajkot,Gondal Mandi,Mustard,2024-02-18,5193,5710,5457
Gujarat,Rajkot,Gondal Mandi,Banana,2024-02-18,1034,1324,1190
Gujarat,Rajkot,Gondal Mandi,Maize,2024-02-18,1742,1950,1846
Gujarat,Rajkot,Gondal Mandi,Cotton,2024-02-22,6317,6897,6644
Gujarat,Rajkot,Gondal Mandi,Mustard,2024-02-22,4970,5367,5154
Gujarat,Rajkot,Gondal Mandi,Banana,2024-02-22,941,1244,1097
Gujarat,Rajkot,Gondal Mandi,Tomato,2024-02-22,821,1501,1131
Gujarat,Rajkot,Gondal Mandi,Maize,2024-02-22,1741,1864,1795
Gujarat,Rajkot,Gondal Mandi,Cotton,2024-02-26,6211,7276,6731
Gujarat,Rajkot,Gondal Mandi,Tomato,2024-02-26,721,1227,982
Gujarat,Rajkot,Gondal Mandi,Wheat,2024-02-26,2117,2326,2234
Gujarat,Rajkot,Gondal Mandi,Maize,2024-02-26,1887,2013,1937
Gujarat,Rajkot,Gondal Mandi,Cotton,2024-03-01,6733,7653,7156
Gujarat,Rajkot,Gondal Mandi,Tomato,2024-03-01,1138,1673,1399
Gujarat,Rajkot,Gondal Mandi,Maize,2024-03-01,1750,1919,1832
Gujarat,Rajkot,Gondal Mandi,Cotton,2024-03-05,6560,7011,6779
Gujarat,Rajkot,Gondal Mandi,Mustard,2024-03-05,3946,4187,4074
Gujarat,Rajkot,Gondal Mandi,Tomato,2024-03-05,891,1633,1286
Gujarat,Rajkot,Gondal Mandi,Wheat,2024-03-05,1815,1937,1885
Gujarat,Rajkot,Gondal Mandi,Cotton,2024-03-09,6889,7562,7151
Gujarat,Rajkot,Gondal Mandi,Tomato,2024-03-09,1029,1519,1292
Gujarat,Rajkot,Gondal Mandi,Wheat,2024-03-09,1754,1816,1786
Gujarat,Rajkot,Gondal Mandi,Maize,2024-03-09,1805,1954,1872
Gujarat,Rajkot,Gondal Mandi,Mustard,2024-03-13,4377,4829,4555
Gujarat,Rajkot,Gondal Mandi,Banana,2024-03-13,960,1196,1088
Gujarat,Rajkot,Gondal Mandi,Wheat,2024-03-13,1638,1730,1688
Gujarat,Rajkot,Gondal Mandi,Cotton,2024-03-17,6329,7349,6723
Gujarat,Rajkot,Gondal Mandi,Mustard,2024-03-17,3839,4199,4013
Gujarat,Rajkot,Gondal Mandi,Wheat,2024-03-17,1590,1714,1654
Gujarat,Rajkot,Gondal Mandi,Cotton,2024-03-21,6795,7807,7332
Gujarat,Rajkot,Gondal Mandi,Mustard,2024-03-21,4199,4771,4454
Gujarat,Rajkot,Gondal Mandi,Banana,2024-03-21,967,1156,1078
Gujarat,Rajkot,Gondal Mandi,Tomato,2024-03-21,872,1588,1263
Gujarat,Rajkot,Gondal Mandi,Maize,2024-03-21,1801,1909,1866
Gujarat,Rajkot,Gondal Mandi,Cotton,2024-03-25,6139,6994,6530
Gujarat,Rajkot,Gondal Mandi,Mustard,2024-03-25,3965,4331,4152
Gujarat,Rajkot,Gondal Mandi,Banana,2024-03-25,1028,1405,1215
Gujarat,Rajkot,Gondal Mandi,Tomato,2024-03-25,850,1629,1269
Gujarat,Rajkot,Gondal Mandi,Wheat,2024-03-25,1569,1704,1635
Gujarat,Rajkot,Gondal Mandi,Maize,2024-03-25,1879,2140,2014
Gujarat,Rajkot,Gondal Mandi,Mustard,2024-03-29,4312,4806,4562
Gujarat,Rajkot,Gondal Mandi,Banana,2024-03-29,1045,1225,1141
Gujarat,Rajkot,Gondal Mandi,Wheat,2024-03-29,1648,1813,1728
Gujarat,Rajkot,Gondal Mandi,Maize,2024-03-29,1683,1818,1753
Gujarat,Rajkot,Gondal Mandi,Cotton,2024-04-02,6436,7076,6718
Gujarat,Rajkot,Gondal Mandi,Mustard,2024-04-02,4100,4444,4276
Gujarat,Rajkot,Gondal Mandi,Banana,2024-04-02,947,1276,1104
Gujarat,Rajkot,Gondal Mandi,Wheat,2024-04-02,1726,1836,1782
Gujarat,Rajkot,Gondal Mandi,Maize,2024-04-02,1868,2042,1954
Gujarat,Rajkot,Gondal Mandi,Banana,2024-04-06,1049,1297,1157
Gujarat,Rajkot,Gondal Mandi,Tomato,2024-04-06,992,1624,1307
Gujarat,Rajkot,Gondal Mandi,Maize,2024-04-06,1729,1886,1807
Gujarat,Rajkot,Gondal Mandi,Cotton,2024-04-10,6692,7293,6991
Gujarat,Rajkot,Gondal Mandi,Banana,2024-04-10,1093,1327,1225
Gujarat,Rajkot,Gondal Mandi,Tomato,2024-04-10,920,1543,1284
Gujarat,Rajkot,Gondal Mandi,Wheat,2024-04-10,1774,1939,1850
Gujarat,Rajkot,Gondal Mandi,Mustard,2024-04-14,4162,4503,4372
Gujarat,Rajkot,Gondal Mandi,Tomato,2024-04-14,1054,1570,1311
Gujarat,Rajkot,Gondal Mandi,Maize,2024-04-14,1902,2008,1961
Gujarat,Rajkot,Gondal Mandi,Mustard,2024-04-18,4285,4632,4472
Gujarat,Rajkot,Gondal Mandi,Banana,2024-04-18,976,1185,1091
Gujarat,Rajkot,Gondal Mandi,Tomato,2024-04-18,1153,1699,1399
Gujarat,Rajkot,Gondal Mandi,Wheat,2024-04-18,1593,1738,1669
Gujarat,Rajkot,Gondal Mandi,Maize,2024-04-18,1678,1882,1775
Gujarat,Rajkot,Gondal Mandi,Cotton,2024-04-22,6728,7447,7061
Gujarat,Rajkot,Gondal Mandi,Mustard,2024-04-22,3883,4141,4035
Gujarat,Rajkot,Gondal Mandi,Banana,2024-04-22,1043,1256,1143
Gujarat,Rajkot,Gondal Mandi,Wheat,2024-04-22,1761,1843,1799
Gujarat,Rajkot,Gondal Mandi,Maize,2024-04-22,1708,1830,1772
Gujarat,Rajkot,Gondal Mandi,Mustard,2024-04-26,4130,4635,4428
Gujarat,Rajkot,Gondal Mandi,Banana,2024-04-26,952,1213,1094
Gujarat,Rajkot,Gondal Mandi,Tomato,2024-04-26,923,1518,1238
Gujarat,Rajkot,Gondal Mandi,Wheat,2024-04-26,1836,1939,1878
Gujarat,Rajkot,Gondal Mandi,Maize,2024-04-26,1894,2026,1975
Gujarat,Rajkot,Gondal Mandi,Cotton,2024-04-30,6516,7263,6894
Gujarat,Rajkot,Gondal Mandi,Tomato,2024-04-30,1068,1588,1284
Gujarat,Rajkot,Gondal Mandi,Wheat,2024-04-30,1784,1874,1834
Gujarat,Rajkot,Gondal Mandi,Cotton,2024-05-04,6478,7111,6852
Gujarat,Rajkot,Gondal Mandi,Banana,2024-05-04,1076,1269,1173
Gujarat,Rajkot,Gondal Mandi,Wheat,2024-05-04,1766,1870,1813
Gujarat,Rajkot,Gondal Mandi,Mustard,2024-05-08,4902,5501,5245
Gujarat,Rajkot,Gondal Mandi,Banana,2024-05-08,917,1202,1061
Gujarat,Rajkot,Gondal Mandi,Tomato,2024-05-08,965,1520,1230
Gujarat,Rajkot,Gondal Mandi,Wheat,2024-05-08,1545,1689,1624
Gujarat,Rajkot,Gondal Mandi,Maize,2024-05-08,1846,2056,1941
Gujarat,Rajkot,Gondal Mandi,Cotton,2024-05-12,6332,7043,6678
Gujarat,Rajkot,Gondal Mandi,Mustard,2024-05-12,5014,5299,5146
Gujarat,Rajkot,Gondal Mandi,Banana,2024-05-12,989,1135,1077
Gujarat,Rajkot,Gondal Mandi,Tomato,2024-05-12,953,1560,1236
Gujarat,Rajkot,Gondal Mandi,Wheat,2024-05-12,1777,1932,1859
Gujarat,Rajkot,Gondal Mandi,Maize,2024-05-12,1708,1799,1764
Gujarat,Rajkot,Gondal Mandi,Cotton,2024-05-16,6334,7389,6856
Gujarat,Rajkot,Gondal Mandi,Mustard,2024-05-16,4888,5537,5230
Gujarat,Rajkot,Gondal Mandi,Wheat,2024-05-16,1803,1911,1848
Gujarat,Rajkot,Gondal Mandi,Cotton,2024-05-20,6678,7571,7059
Gujarat,Rajkot,Gondal Mandi,Banana,2024-05-20,1007,1267,1145
Gujarat,Rajkot,Gondal Mandi,Tomato,2024-05-20,962,1415,1204
Gujarat,Rajkot,Gondal Mandi,Wheat,2024-05-20,1673,1781,1721
Gujarat,Rajkot,Gondal Mandi,Maize,2024-05-20,1732,1902,1826
Gujarat,Rajkot,Gondal Mandi,Mustard,2024-05-24,5257,5817,5538
Gujarat,Rajkot,Gondal Mandi,Tomato,2024-05-24,1093,1618,1346
Gujarat,Rajkot,Gondal Mandi,Cotton,2024-05-28,6200,6944,6607
Gujarat,Rajkot,Gondal Mandi,Tomato,2024-05-28,1062,1491,1287
Gujarat,Rajkot,Gondal Mandi,Wheat,2024-05-28,1679,1748,1719
Gujarat,Rajkot,Gondal Mandi,Maize,2024-05-28,1846,1975,1912
Gujarat,Rajkot,Gondal Mandi,Cotton,2024-06-01,6660,7158,6846
Gujarat,Rajkot,Gondal Mandi,Mustard,2024-06-01,4933,5345,5130
Gujarat,Rajkot,Gondal Mandi,Tomato,2024-06-01,931,1490,1247
Gujarat,Rajkot,Gondal Mandi,Wheat,2024-06-01,1930,2060,2001
Gujarat,Rajkot,Gondal Mandi,Mustard,2024-06-05,5471,5769,5602
Gujarat,Rajkot,Gondal Mandi,Banana,2024-06-05,1072,1243,1144
Gujarat,Rajkot,Gondal Mandi,Tomato,2024-06-05,957,1600,1284
Gujarat,Rajkot,Gondal Mandi,Wheat,2024-06-05,2147,2256,2210
Gujarat,Rajkot,Gondal Mandi,Maize,2024-06-05,1699,1842,1758
Gujarat,Rajkot,Gondal Mandi,Cotton,2024-06-09,6515,7350,6967
Gujarat,Rajkot,Gondal Mandi,Banana,2024-06-09,1021,1315,1181
Gujarat,Rajkot,Gondal Mandi,Tomato,2024-06-09,809,1654,1231
Gujarat,Rajkot,Gondal Mandi,Wheat,2024-06-09,1987,2113,2046
Gujarat,Rajkot,Gondal Mandi,Maize,2024-06-09,1817,2082,1944
Gujarat,Rajkot,Gondal Mandi,Cotton,2024-06-13,6317,6895,6654
Gujarat,Rajkot,Gondal Mandi,Mustard,2024-06-13,4762,4977,4873
Gujarat,Rajkot,Gondal Mandi,Tomato,2024-06-13,1145,1570,1364
Gujarat,Rajkot,Gondal Mandi,Wheat,2024-06-13,2070,2189,2118
Gujarat,Rajkot,Gondal Mandi,Maize,2024-06-13,1952,2112,2023
Gujarat,Rajkot,Gondal Mandi,Mustard,2024-06-17,4554,5100,4872
Gujarat,Rajkot,Gondal Mandi,Banana,2024-06-17,1105,1302,1198
Gujarat,Rajkot,Gondal Mandi,Tomato,2024-06-17,941,1683,1306
Gujarat,Rajkot,Gondal Mandi,Wheat,2024-06-17,1959,2037,1996
Gujarat,Rajkot,Gondal Mandi,Cotton,2024-06-21,5787,6770,6296
Gujarat,Rajkot,Gondal Mandi,Banana,2024-06-21,1046,1261,1136
Gujarat,Rajkot,Gondal Mandi,Tomato,2024-06-21,932,1694,1339
Gujarat,Rajkot,Gondal Mandi,Wheat,2024-06-21,2041,2262,2151
Gujarat,Rajkot,Gondal Mandi,Cotton,2024-06-25,5957,6792,6345
Gujarat,Rajkot,Gondal Mandi,Mustard,2024-06-25,5134,5754,5495
Gujarat,Rajkot,Gondal Mandi,Banana,2024-06-25,1027,1271,1163
Gujarat,Rajkot,Gondal Mandi,Wheat,2024-06-25,2174,2287,2223
Gujarat,Rajkot,Gondal Mandi,Mustard,2024-06-29,4909,5296,5113
Gujarat,Rajkot,Gondal Mandi,Banana,2024-06-29,1053,1235,1156
Gujarat,Rajkot,Gondal Mandi,Wheat,2024-06-29,1929,2040,1980
Gujarat,Rajkot,Gondal Mandi,Maize,2024-06-29,1693,1879,1771
Gujarat,Rajkot,Gondal Mandi,Cotton,2024-07-03,6354,7191,6855
Gujarat,Rajkot,Gondal Mandi,Mustard,2024-07-03,4646,5118,4831
Gujarat,Rajkot,Gondal Mandi,Banana,2024-07-03,992,1258,1141
Gujarat,Rajkot,Gondal Mandi,Tomato,2024-07-03,889,1780,1364
Gujarat,Rajkot,Gondal Mandi,Wheat,2024-07-03,2184,2313,2243
Gujarat,Rajkot,Gondal Mandi,Maize,2024-07-03,1966,2103,2037
Gujarat,Rajkot,Gondal Mandi,Cotton,2024-07-07,6287,7125,6661
Gujarat,Rajkot,Gondal Mandi,Mustard,2024-07-07,4991,5275,5116
Gujarat,Rajkot,Gondal Mandi,Banana,2024-07-07,951,1255,1104
Gujarat,Rajkot,Gondal Mandi,Tomato,2024-07-07,980,1764,1339
Gujarat,Rajkot,Gondal Mandi,Wheat,2024-07-07,2152,2348,2249
Gujarat,Rajkot,Gondal Mandi,Maize,2024-07-07,1917,2111,2026
Gujarat,Rajkot,Gondal Mandi,Cotton,2024-07-11,6467,7136,6740
Gujarat,Rajkot,Gondal Mandi,Mustard,2024-07-11,5000,5369,5225
Gujarat,Rajkot,Gondal Mandi,Banana,2024-07-11,991,1252,1128
Gujarat,Rajkot,Gondal Mandi,Tomato,2024-07-11,1088,1605,1357
Gujarat,Rajkot,Gondal Mandi,Wheat,2024-07-11,2056,2251,2136
Gujarat,Rajkot,Gondal Mandi,Cotton,2024-07-15,6180,6819,6429
Gujarat,Rajkot,Gondal Mandi,Tomato,2024-07-15,865,1550,1226
Gujarat,Rajkot,Gondal Mandi,Wheat,2024-07-15,1946,2052,1999
Gujarat,Rajkot,Gondal Mandi,Maize,2024-07-15,1724,1849,1788
Gujarat,Rajkot,Gondal Mandi,Mustard,2024-07-19,4866,5087,4972
Gujarat,Rajkot,Gondal Mandi,Banana,2024-07-19,957,1183,1057
Gujarat,Rajkot,Gondal Mandi,Tomato,2024-07-19,983,1497,1245
Gujarat,Rajkot,Gondal Mandi,Wheat,2024-07-19,2082,2193,2138
Gujarat,Rajkot,Gondal Mandi,Cotton,2024-07-23,6690,7260,7008
Gujarat,Rajkot,Gondal Mandi,Mustard,2024-07-23,4753,5280,4977
Gujarat,Rajkot,Gondal Mandi,Tomato,2024-07-23,919,1785,1282
Gujarat,Rajkot,Gondal Mandi,Wheat,2024-07-23,2168,2348,2260
Gujarat,Rajkot,Gondal Mandi,Maize,2024-07-23,1850,2093,1969
Gujarat,Rajkot,Gondal Mandi,Banana,2024-07-27,1042,1311,1147
Gujarat,Rajkot,Gondal Mandi,Wheat,2024-07-27,2199,2371,2300
Gujarat,Rajkot,Gondal Mandi,Maize,2024-07-27,1916,2111,2019
Gujarat,Rajkot,Gondal Mandi,Cotton,2024-07-31,6553,7048,6789
Gujarat,Rajkot,Gondal Mandi,Mustard,2024-07-31,5144,5434,5314
Gujarat,Rajkot,Gondal Mandi,Banana,2024-07-31,957,1353,1141
Gujarat,Rajkot,Gondal Mandi,Tomato,2024-07-31,998,1463,1216
Gujarat,Rajkot,Gondal Mandi,Wheat,2024-07-31,2016,2216,2126
Gujarat,Rajkot,Gondal Mandi,Cotton,2024-08-04,6527,7535,7059
Gujarat,Rajkot,Gondal Mandi,Mustard,2024-08-04,4776,5239,4998
Gujarat,Rajkot,Gondal Mandi,Tomato,2024-08-04,938,1560,1269
Gujarat,Rajkot,Gondal Mandi,Cotton,2024-08-08,7132,7565,7337
Gujarat,Rajkot,Gondal Mandi,Mustard,2024-08-08,4537,5128,4804
Gujarat,Rajkot,Gondal Mandi,Banana,2024-08-08,952,1176,1059
Gujarat,Rajkot,Gondal Mandi,Tomato,2024-08-08,938,1476,1201
Gujarat,Rajkot,Gondal Mandi,Maize,2024-08-08,1882,2064,1969
Gujarat,Rajkot,Gondal Mandi,Cotton,2024-08-12,6761,7480,7116
Gujarat,Rajkot,Gondal Mandi,Mustard,2024-08-12,4820,5083,4953
Gujarat,Rajkot,Gondal Mandi,Banana,2024-08-12,1033,1237,1152
Gujarat,Rajkot,Gondal Mandi,Wheat,2024-08-12,1946,2063,2002
Gujarat,Rajkot,Gondal Mandi,Maize,2024-08-12,1738,1947,1851
Gujarat,Rajkot,Gondal Mandi,Cotton,2024-08-16,5906,6784,6331
Gujarat,Rajkot,Gondal Mandi,Mustard,2024-08-16,4860,5154,4999
Gujarat,Rajkot,Gondal Mandi,Banana,2024-08-16,1084,1253,1156
Gujarat,Rajkot,Gondal Mandi,Tomato,2024-08-16,1036,1679,1337
Gujarat,Rajkot,Gondal Mandi,Wheat,2024-08-16,1967,2064,2015
Gujarat,Rajkot,Gondal Mandi,Maize,2024-08-16,1675,1842,1751
Gujarat,Rajkot,Gondal Mandi,Cotton,2024-08-20,6919,7707,7260
Gujarat,Rajkot,Gondal Mandi,Mustard,2024-08-20,4689,4996,4857
Gujarat,Rajkot,Gondal Mandi,Banana,2024-08-20,1034,1357,1178
Gujarat,Rajkot,Gondal Mandi,Tomato,2024-08-20,1035,1539,1338
Gujarat,Rajkot,Gondal Mandi,Cotton,2024-08-24,6603,7082,6839
Gujarat,Rajkot,Gondal Mandi,Mustard,2024-08-24,5212,5682,5458
Gujarat,Rajkot,Gondal Mandi,Banana,2024-08-24,964,1252,1095
Gujarat,Rajkot,Gondal Mandi,Tomato,2024-08-24,1076,1761,1386
Gujarat,Rajkot,Gondal Mandi,Wheat,2024-08-24,2086,2286,2188
Gujarat,Rajkot,Gondal Mandi,Maize,2024-08-24,1901,2049,1971
Gujarat,Rajkot,Gondal Mandi,Cotton,2024-08-28,6868,7371,7066
Gujarat,Rajkot,Gondal Mandi,Banana,2024-08-28,967,1251,1109
Gujarat,Rajkot,Gondal Mandi,Tomato,2024-08-28,815,1552,1251
Gujarat,Rajkot,Gondal Mandi,Cotton,2024-09-01,6332,6826,6541
Gujarat,Rajkot,Gondal Mandi,Mustard,2024-09-01,4857,5206,5051
Gujarat,Rajkot,Gondal Mandi,Banana,2024-09-01,1026,1391,1219
Gujarat,Rajkot,Gondal Mandi,Tomato,2024-09-01,1057,1537,1286
Gujarat,Rajkot,Gondal Mandi,Wheat,2024-09-01,2112,2238,2175
Gujarat,Rajkot,Gondal Mandi,Maize,2024-09-01,1454,1524,1490
Gujarat,Rajkot,Gondal Mandi,Mustard,2024-09-05,4675,5215,4971
Gujarat,Rajkot,Gondal Mandi,Banana,2024-09-05,1040,1238,1161
Gujarat,Rajkot,Gondal Mandi,Tomato,2024-09-05,965,1528,1269
Gujarat,Rajkot,Gondal Mandi,Wheat,2024-09-05,2103,2224,2169
Gujarat,Rajkot,Gondal Mandi,Mustard,2024-09-09,4572,5193,4884
Gujarat,Rajkot,Gondal Mandi,Banana,2024-09-09,1125,1343,1219
Gujarat,Rajkot,Gondal Mandi,Tomato,2024-09-09,969,1735,1321
Gujarat,Rajkot,Gondal Mandi,Mustard,2024-09-13,4938,5328,5120
Gujarat,Rajkot,Gondal Mandi,Banana,2024-09-13,1118,1275,1196
Gujarat,Rajkot,Gondal Mandi,Tomato,2024-09-13,992,1634,1293
Gujarat,Rajkot,Gondal Mandi,Maize,2024-09-13,1577,1780,1681
Gujarat,Rajkot,Gondal Mandi,Cotton,2024-09-17,5939,6728,6308
Gujarat,Rajkot,Gondal Mandi,Mustard,2024-09-17,5281,5659,5452
Gujarat,Rajkot,Gondal Mandi,Tomato,2024-09-17,1192,1509,1348
Gujarat,Rajkot,Gondal Mandi,Maize,2024-09-17,1537,1642,1589
Gujarat,Rajkot,Gondal Mandi,Cotton,2024-09-21,6089,6801,6493
Gujarat,Rajkot,Gondal Mandi,Banana,2024-09-21,998,1355,1175
Gujarat,Rajkot,Gondal Mandi,Tomato,2024-09-21,845,1591,1243
Gujarat,Rajkot,Gondal Mandi,Wheat,2024-09-21,2057,2222,2142
Gujarat,Rajkot,Gondal Mandi,Mustard,2024-09-25,4895,5483,5161
Gujarat,Rajkot,Gondal Mandi,Banana,2024-09-25,1061,1224,1132
Gujarat,Rajkot,Gondal Mandi,Tomato,2024-09-25,1106,1651,1395
Gujarat,Rajkot,Gondal Mandi,Wheat,2024-09-25,1921,2125,2037
Gujarat,Rajkot,Gondal Mandi,Maize,2024-09-25,1583,1730,1655
Gujarat,Rajkot,Gondal Mandi,Cotton,2024-09-29,6725,7730,7147
Gujarat,Rajkot,Gondal Mandi,Mustard,2024-09-29,5187,5952,5566
Gujarat,Rajkot,Gondal Mandi,Tomato,2024-09-29,787,1590,1259
Gujarat,Rajkot,Gondal Mandi,Wheat,2024-09-29,1920,2053,1982
Gujarat,Rajkot,Gondal Mandi,Cotton,2024-10-03,6478,7212,6927
Gujarat,Rajkot,Gondal Mandi,Tomato,2024-10-03,1026,1768,1398
Gujarat,Rajkot,Gondal Mandi,Wheat,2024-10-03,2064,2228,2137
Gujarat,Rajkot,Gondal Mandi,Cotton,2024-10-07,6781,7614,7228
Gujarat,Rajkot,Gondal Mandi,Tomato,2024-10-07,919,1786,1401
Gujarat,Rajkot,Gondal Mandi,Wheat,2024-10-07,2147,2256,2191
Gujarat,Rajkot,Gondal Mandi,Maize,2024-10-07,1464,1640,1565
Gujarat,Rajkot,Gondal Mandi,Cotton,2024-10-11,6907,7528,7201
Gujarat,Rajkot,Gondal Mandi,Mustard,2024-10-11,4988,5546,5221
Gujarat,Rajkot,Gondal Mandi,Banana,2024-10-11,1040,1312,1171
Gujarat,Rajkot,Gondal Mandi,Tomato,2024-10-11,1038,1705,1322
Gujarat,Rajkot,Gondal Mandi,Wheat,2024-10-11,2145,2249,2198
Gujarat,Rajkot,Gondal Mandi,Cotton,2024-10-15,6510,7537,7061
Gujarat,Rajkot,Gondal Mandi,Banana,2024-10-15,923,1286,1118
Gujarat,Rajkot,Gondal Mandi,Wheat,2024-10-15,1983,2075,2027
Gujarat,Rajkot,Gondal Mandi,Maize,2024-10-15,1588,1737,1665
Gujarat,Rajkot,Gondal Mandi,Cotton,2024-10-19,6536,7383,6895
Gujarat,Rajkot,Gondal Mandi,Mustard,2024-10-19,5094,5720,5395
Gujarat,Rajkot,Gondal Mandi,Tomato,2024-10-19,823,1710,1258
Gujarat,Rajkot,Gondal Mandi,Wheat,2024-10-19,2102,2228,2167
Gujarat,Rajkot,Gondal Mandi,Maize,2024-10-19,1490,1672,1579
Gujarat,Rajkot,Gondal Mandi,Mustard,2024-10-23,4938,5232,5087
Gujarat,Rajkot,Gondal Mandi,Banana,2024-10-23,1029,1361,1192
Gujarat,Rajkot,Gondal Mandi,Tomato,2024-10-23,1054,1542,1319
Gujarat,Rajkot,Gondal Mandi,Wheat,2024-10-23,2055,2143,2096
Gujarat,Rajkot,Gondal Mandi,Maize,2024-10-23,1417,1503,1464
Gujarat,Rajkot,Gondal Mandi,Cotton,2024-10-27,6879,7474,7181
Gujarat,Rajkot,Gondal Mandi,Mustard,2024-10-27,4657,5051,4835
Gujarat,Rajkot,Gondal Mandi,Banana,2024-10-27,977,1257,1127
Gujarat,Rajkot,Gondal Mandi,Tomato,2024-10-27,976,1667,1322
Gujarat,Rajkot,Gondal Mandi,Wheat,2024-10-27,2181,2438,2312
Gujarat,Rajkot,Gondal Mandi,Maize,2024-10-27,1590,1711,1649
Gujarat,Rajkot,Gondal Mandi,Mustard,2024-10-31,4738,5310,4966
Gujarat,Rajkot,Gondal Mandi,Tomato,2024-10-31,788,1844,1347
Gujarat,Rajkot,Gondal Mandi,Maize,2024-10-31,1399,1541,1477
Gujarat,Rajkot,Gondal Mandi,Cotton,2024-11-04,5088,5607,5351
Gujarat,Rajkot,Gondal Mandi,Mustard,2024-11-04,4663,5008,4848
Gujarat,Rajkot,Gondal Mandi,Banana,2024-11-04,953,1211,1070
Gujarat,Rajkot,Gondal Mandi,Tomato,2024-11-04,774,1235,997
Gujarat,Rajkot,Gondal Mandi,Wheat,2024-11-04,2056,2189,2129
Gujarat,Rajkot,Gondal Mandi,Maize,2024-11-04,1977,2114,2032
Gujarat,Rajkot,Gondal Mandi,Cotton,2024-11-08,5111,5941,5519
Gujarat,Rajkot,Gondal Mandi,Mustard,2024-11-08,4583,5005,4791
Gujarat,Rajkot,Gondal Mandi,Banana,2024-11-08,1067,1366,1220
Gujarat,Rajkot,Gondal Mandi,Tomato,2024-11-08,779,1299,990
Gujarat,Rajkot,Gondal Mandi,Wheat,2024-11-08,2008,2081,2045
Gujarat,Rajkot,Gondal Mandi,Maize,2024-11-08,1922,2066,1998
Gujarat,Rajkot,Gondal Mandi,Cotton,2024-11-12,5565,6028,5766
Gujarat,Rajkot,Gondal Mandi,Mustard,2024-11-12,5024,5364,5196
Gujarat,Rajkot,Gondal Mandi,Banana,2024-11-12,1069,1415,1219
Gujarat,Rajkot,Gondal Mandi,Tomato,2024-11-12,841,1425,1123
Gujarat,Rajkot,Gondal Mandi,Maize,2024-11-12,1703,1916,1815
Gujarat,Rajkot,Gondal Mandi,Mustard,2024-11-16,4734,5148,4918
Gujarat,Rajkot,Gondal Mandi,Banana,2024-11-16,1097,1338,1211
Gujarat,Rajkot,Gondal Mandi,Tomato,2024-11-16,739,1189,984
Gujarat,Rajkot,Gondal Mandi,Wheat,2024-11-16,1969,2094,2029
Gujarat,Rajkot,Gondal Mandi,Maize,2024-11-16,1802,2024,1908
Gujarat,Rajkot,Gondal Mandi,Cotton,2024-11-20,5487,6138,5820
Gujarat,Rajkot,Gondal Mandi,Mustard,2024-11-20,4876,5180,5027
Gujarat,Rajkot,Gondal Mandi,Banana,2024-11-20,1009,1346,1150
Gujarat,Rajkot,Gondal Mandi,Tomato,2024-11-20,795,1254,997
Gujarat,Rajkot,Gondal Mandi,Maize,2024-11-20,1692,1862,1774
Gujarat,Rajkot,Gondal Mandi,Cotton,2024-11-24,5569,6108,5822
Gujarat,Rajkot,Gondal Mandi,Mustard,2024-11-24,5132,5461,5316
Gujarat,Rajkot,Gondal Mandi,Banana,2024-11-24,1027,1214,1114
Gujarat,Rajkot,Gondal Mandi,Tomato,2024-11-24,761,1299,1071
Gujarat,Rajkot,Gondal Mandi,Maize,2024-11-24,1736,1957,1850
Gujarat,Rajkot,Gondal Mandi,Cotton,2024-11-28,5112,6122,5630
Gujarat,Rajkot,Gondal Mandi,Mustard,2024-11-28,5215,5770,5546
Gujarat,Rajkot,Gondal Mandi,Banana,2024-11-28,1050,1347,1188
Gujarat,Rajkot,Gondal Mandi,Tomato,2024-11-28,824,1382,1055
Gujarat,Rajkot,Gondal Mandi,Wheat,2024-11-28,2260,2402,2321
Gujarat,Rajkot,Gondal Mandi,Maize,2024-11-28,1888,2081,1985
Gujarat,Rajkot,Gondal Mandi,Cotton,2024-12-02,5584,6311,5926
Gujarat,Rajkot,Gondal Mandi,Mustard,2024-12-02,5379,5752,5558
Gujarat,Rajkot,Gondal Mandi,Banana,2024-12-02,1025,1244,1163
Gujarat,Rajkot,Gondal Mandi,Tomato,2024-12-02,845,1468,1133
Gujarat,Rajkot,Gondal Mandi,Wheat,2024-12-02,2229,2350,2295
Gujarat,Rajkot,Gondal Mandi,Maize,2024-12-02,1867,2120,2017
Gujarat,Rajkot,Gondal Mandi,Cotton,2024-12-06,5509,6338,5992
Gujarat,Rajkot,Gondal Mandi,Mustard,2024-12-06,5427,5755,5594
Gujarat,Rajkot,Gondal Mandi,Banana,2024-12-06,1094,1302,1211
Gujarat,Rajkot,Gondal Mandi,Tomato,2024-12-06,622,1281,990
Gujarat,Rajkot,Gondal Mandi,Wheat,2024-12-06,2118,2291,2197
Gujarat,Rajkot,Gondal Mandi,Maize,2024-12-06,1823,2057,1949
Gujarat,Rajkot,Gondal Mandi,Cotton,2024-12-10,4977,5519,5200
Gujarat,Rajkot,Gondal Mandi,Mustard,2024-12-10,4950,5230,5056
Gujarat,Rajkot,Gondal Mandi,Banana,2024-12-10,1027,1288,1160
Gujarat,Rajkot,Gondal Mandi,Tomato,2024-12-10,811,1467,1106
Gujarat,Rajkot,Gondal Mandi,Wheat,2024-12-10,2013,2193,2123
Gujarat,Rajkot,Gondal Mandi,Maize,2024-12-10,1780,1892,1838
Gujarat,Rajkot,Gondal Mandi,Cotton,2024-12-14,5135,5728,5467
Gujarat,Rajkot,Gondal Mandi,Banana,2024-12-14,1125,1314,1213
Gujarat,Rajkot,Gondal Mandi,Tomato,2024-12-14,811,1227,1022
Gujarat,Rajkot,Gondal Mandi,Wheat,2024-12-14,2090,2261,2162
Gujarat,Rajkot,Gondal Mandi,Banana,2024-12-18,1043,1182,1119
Gujarat,Rajkot,Gondal Mandi,Wheat,2024-12-18,2007,2135,2070
Gujarat,Rajkot,Gondal Mandi,Maize,2024-12-18,1708,1860,1781
Gujarat,Rajkot,Gondal Mandi,Cotton,2024-12-22,4911,5582,5191
Gujarat,Rajkot,Gondal Mandi,Mustard,2024-12-22,4646,4955,4818
Gujarat,Rajkot,Gondal Mandi,Banana,2024-12-22,976,1209,1078
Gujarat,Rajkot,Gondal Mandi,Tomato,2024-12-22,670,1288,995
Gujarat,Rajkot,Gondal Mandi,Cotton,2024-12-26,4890,5757,5329
Gujarat,Rajkot,Gondal Mandi,Mustard,2024-12-26,4666,5157,4933
Gujarat,Rajkot,Gondal Mandi,Banana,2024-12-26,908,1265,1086
Gujarat,Rajkot,Gondal Mandi,Tomato,2024-12-26,783,1184,1029
Gujarat,Rajkot,Gondal Mandi,Wheat,2024-12-26,2196,2314,2253
Gujarat,Rajkot,Gondal Mandi,Maize,2024-12-26,1924,2096,2019
Gujarat,Rajkot,Gondal Mandi,Cotton,2024-12-30,5240,5991,5606
Gujarat,Rajkot,Gondal Mandi,Banana,2024-12-30,1006,1436,1213
Gujarat,Rajkot,Gondal Mandi,Tomato,2024-12-30,821,1371,1079
Gujarat,Rajkot,Gondal Mandi,Wheat,2024-12-30,2197,2327,2265
Gujarat,Rajkot,Gondal Mandi,Maize,2024-12-30,1654,1852,1758
Gujarat,Anand,Petlad Mandi,Chilli,2024-01-01,10394,13242,11785
Gujarat,Anand,Petlad Mandi,Groundnut,2024-01-01,5731,6221,6016
Gujarat,Anand,Petlad Mandi,Paddy(Dhan),2024-01-01,1979,2062,2025
Gujarat,Anand,Petlad Mandi,Maize,2024-01-01,1753,1902,1823
Gujarat,Anand,Petlad Mandi,Turmeric,2024-01-01,6343,7517,6975
Gujarat,Anand,Petlad Mandi,Tomato,2024-01-01,682,1379,1034
Gujarat,Anand,Petlad Mandi,Onion,2024-01-01,1099,1658,1398
Gujarat,Anand,Petlad Mandi,Wheat,2024-01-05,1913,2098,1999
Gujarat,Anand,Petlad Mandi,Mango,2024-01-05,2793,3761,3211
Gujarat,Anand,Petlad Mandi,Chilli,2024-01-05,10465,12417,11427
Gujarat,Anand,Petlad Mandi,Groundnut,2024-01-05,5296,6004,5607
Gujarat,Anand,Petlad Mandi,Paddy(Dhan),2024-01-05,1952,2065,1999
Gujarat,Anand,Petlad Mandi,Turmeric,2024-01-05,7084,8454,7687
Gujarat,Anand,Petlad Mandi,Tomato,2024-01-05,786,1223,1009
Gujarat,Anand,Petlad Mandi,Wheat,2024-01-09,2096,2189,2149
Gujarat,Anand,Petlad Mandi,Mango,2024-01-09,2732,3511,3142
Gujarat,Anand,Petlad Mandi,Chilli,2024-01-09,9958,12667,11578
Gujarat,Anand,Petlad Mandi,Groundnut,2024-01-09,5428,6051,5775
Gujarat,Anand,Petlad Mandi,Turmeric,2024-01-09,6907,7632,7304
Gujarat,Anand,Petlad Mandi,Tomato,2024-01-09,805,1205,995
Gujarat,Anand,Petlad Mandi,Onion,2024-01-09,1069,2037,1572
Gujarat,Anand,Petlad Mandi,Wheat,2024-01-13,1957,2069,2019
Gujarat,Anand,Petlad Mandi,Mango,2024-01-13,2894,4020,3431
Gujarat,Anand,Petlad Mandi,Groundnut,2024-01-13,5467,6097,5761
Gujarat,Anand,Petlad Mandi,Paddy(Dhan),2024-01-13,1882,2060,1980
Gujarat,Anand,Petlad Mandi,Maize,2024-01-13,1737,1908,1809
Gujarat,Anand,Petlad Mandi,Turmeric,2024-01-13,6602,8020,7388
Gujarat,Anand,Petlad Mandi,Tomato,2024-01-13,692,1394,1050
Gujarat,Anand,Petlad Mandi,Onion,2024-01-13,1307,1979,1619
Gujarat,Anand,Petlad Mandi,Wheat,2024-01-17,1959,2100,2020
Gujarat,Anand,Petlad Mandi,Mango,2024-01-17,2560,3653,3060
Gujarat,Anand,Petlad Mandi,Groundnut,2024-01-17,5190,6064,5588
Gujarat,Anand,Petlad Mandi,Paddy(Dhan),2024-01-17,1851,2024,1959
Gujarat,Anand,Petlad Mandi,Turmeric,2024-01-17,6558,7421,6968
Gujarat,Anand,Petlad Mandi,Tomato,2024-01-17,920,1276,1090
Gujarat,Anand,Petlad Mandi,Onion,2024-01-17,1275,1734,1504
Gujarat,Anand,Petlad Mandi,Mango,2024-01-21,2805,3878,3217
Gujarat,Anand,Petlad Mandi,Chilli,2024-01-21,10508,13257,11768
Gujarat,Anand,Petlad Mandi,Groundnut,2024-01-21,5107,5694,5449
Gujarat,Anand,Petlad Mandi,Turmeric,2024-01-21,6717,7934,7344
Gujarat,Anand,Petlad Mandi,Tomato,2024-01-21,871,1209,1012
Gujarat,Anand,Petlad Mandi,Onion,2024-01-21,1162,1667,1387
Gujarat,Anand,Petlad Mandi,Wheat,2024-01-25,2008,2206,2124
Gujarat,Anand,Petlad Mandi,Mango,2024-01-25,2987,3713,3339
Gujarat,Anand,Petlad Mandi,Groundnut,2024-01-25,4996,5716,5358
Gujarat,Anand,Petlad Mandi,Turmeric,2024-01-25,6354,7729,6990
Gujarat,Anand,Petlad Mandi,Tomato,2024-01-25,673,1239,1008
Gujarat,Anand,Petlad Mandi,Onion,2024-01-25,1350,1768,1612
Gujarat,Anand,Petlad Mandi,Wheat,2024-01-29,2009,2093,2061
Gujarat,Anand,Petlad Mandi,Mango,2024-01-29,2724,3249,2965
Gujarat,Anand,Petlad Mandi,Chilli,2024-01-29,10863,13813,12181
Gujarat,Anand,Petlad Mandi,Groundnut,2024-01-29,5742,6299,6027
Gujarat,Anand,Petlad Mandi,Paddy(Dhan),2024-01-29,1842,2070,1940
Gujarat,Anand,Petlad Mandi,Maize,2024-01-29,1789,1928,1858
Gujarat,Anand,Petlad Mandi,Turmeric,2024-01-29,6481,7660,7166
Gujarat,Anand,Petlad Mandi,Tomato,2024-01-29,788,1514,1098
Gujarat,Anand,Petlad Mandi,Onion,2024-01-29,1128,1845,1473
Gujarat,Anand,Petlad Mandi,Wheat,2024-02-02,2142,2287,2206
Gujarat,Anand,Petlad Mandi,Mango,2024-02-02,2884,3570,3151
Gujarat,Anand,Petlad Mandi,Chilli,2024-02-02,9474,11882,10802
Gujarat,Anand,Petlad Mandi,Groundnut,2024-02-02,5692,6467,6101
Gujarat,Anand,Petlad Mandi,Maize,2024-02-02,1900,2041,1976
Gujarat,Anand,Petlad Mandi,Turmeric,2024-02-02,5871,7138,6342
Gujarat,Anand,Petlad Mandi,Tomato,2024-02-02,820,1485,1110
Gujarat,Anand,Petlad Mandi,Wheat,2024-02-06,2166,2376,2262
Gujarat,Anand,Petlad Mandi,Chilli,2024-02-06,9748,13264,11398
Gujarat,Anand,Petlad Mandi,Maize,2024-02-06,1838,2040,1965
Gujarat,Anand,Petlad Mandi,Turmeric,2024-02-06,6231,7055,6628
Gujarat,Anand,Petlad Mandi,Tomato,2024-02-06,774,1235,1001
Gujarat,Anand,Petlad Mandi,Onion,2024-02-06,1091,1692,1386
Gujarat,Anand,Petlad Mandi,Mango,2024-02-10,2647,3308,2983
Gujarat,Anand,Petlad Mandi,Chilli,2024-02-10,10823,12406,11492
Gujarat,Anand,Petlad Mandi,Groundnut,2024-02-10,5116,6027,5573
Gujarat,Anand,Petlad Mandi,Paddy(Dhan),2024-02-10,2030,2178,2117
Gujarat,Anand,Petlad Mandi,Turmeric,2024-02-10,6238,6926,6571
Gujarat,Anand,Petlad Mandi,Tomato,2024-02-10,702,1409,1107
Gujarat,Anand,Petlad Mandi,Onion,2024-02-10,1132,1813,1473
Gujarat,Anand,Petlad Mandi,Wheat,2024-02-14,2159,2280,2208
Gujarat,Anand,Petlad Mandi,Chilli,2024-02-14,10876,12826,11856
Gujarat,Anand,Petlad Mandi,Groundnut,2024-02-14,5009,5726,5409
Gujarat,Anand,Petlad Mandi,Maize,2024-02-14,1754,1904,1842
Gujarat,Anand,Petlad Mandi,Turmeric,2024-02-14,6027,7095,6588
Gujarat,Anand,Petlad Mandi,Tomato,2024-02-14,850,1312,1091
Gujarat,Anand,Petlad Mandi,Onion,2024-02-14,1363,1720,1574
Gujarat,Anand,Petlad Mandi,Mango,2024-02-18,2677,3909,3309
Gujarat,Anand,Petlad Mandi,Chilli,2024-02-18,10717,13675,12204
Gujarat,Anand,Petlad Mandi,Groundnut,2024-02-18,5303,5650,5462
Gujarat,Anand,Petlad Mandi,Maize,2024-02-18,1717,1872,1788
Gujarat,Anand,Petlad Mandi,Turmeric,2024-02-18,5871,6824,6288
Gujarat,Anand,Petlad Mandi,Tomato,2024-02-18,737,1345,1070
Gujarat,Anand,Petlad Mandi,Wheat,2024-02-22,2218,2417,2319
Gujarat,Anand,Petlad Mandi,Mango,2024-02-22,2731,3609,3256
Gujarat,Anand,Petlad Mandi,Chilli,2024-02-22,9660,11745,10638
Gujarat,Anand,Petlad Mandi,Paddy(Dhan),2024-02-22,2126,2301,2211
Gujarat,Anand,Petlad Mandi,Maize,2024-02-22,1794,2024,1904
Gujarat,Anand,Petlad Mandi,Tomato,2024-02-22,846,1322,1045
Gujarat,Anand,Petlad Mandi,Onion,2024-02-22,1261,1724,1484
Gujarat,Anand,Petlad Mandi,Wheat,2024-02-26,2059,2228,2136
Gujarat,Anand,Petlad Mandi,Mango,2024-02-26,2438,3688,3056
Gujarat,Anand,Petlad Mandi,Chilli,2024-02-26,9790,12254,10911
Gujarat,Anand,Petlad Mandi,Groundnut,2024-02-26,5252,6117,5634
Gujarat,Anand,Petlad Mandi,Paddy(Dhan),2024-02-26,1861,2048,1965
Gujarat,Anand,Petlad Mandi,Maize,2024-02-26,1777,1941,1845
Gujarat,Anand,Petlad Mandi,Tomato,2024-02-26,701,1275,985
Gujarat,Anand,Petlad Mandi,Onion,2024-02-26,1350,1767,1550
Gujarat,Anand,Petlad Mandi,Wheat,2024-03-01,1776,1969,1868
Gujarat,Anand,Petlad Mandi,Mango,2024-03-01,2954,3694,3378
Gujarat,Anand,Petlad Mandi,Chilli,2024-03-01,10520,12228,11444
Gujarat,Anand,Petlad Mandi,Groundnut,2024-03-01,5315,6107,5758
Gujarat,Anand,Petlad Mandi,Paddy(Dhan),2024-03-01,2107,2257,2190
Gujarat,Anand,Petlad Mandi,Maize,2024-03-01,1702,1903,1791
Gujarat,Anand,Petlad Mandi,Turmeric,2024-03-01,5467,5989,5706
Gujarat,Anand,Petlad Mandi,Onion,2024-03-01,965,1408,1235
Gujarat,Anand,Petlad Mandi,Chilli,2024-03-05,10243,12769,11709
Gujarat,Anand,Petlad Mandi,Maize,2024-03-05,1710,1890,1791
Gujarat,Anand,Petlad Mandi,Turmeric,2024-03-05,5727,6486,6056
Gujarat,Anand,Petlad Mandi,Tomato,2024-03-05,1145,1603,1363
Gujarat,Anand,Petlad Mandi,Wheat,2024-03-09,1573,1705,1623
Gujarat,Anand,Petlad Mandi,Groundnut,2024-03-09,5209,5999,5643
Gujarat,Anand,Petlad Mandi,Paddy(Dhan),2024-03-09,2083,2165,2128
Gujarat,Anand,Petlad Mandi,Maize,2024-03-09,1710,1819,1758
Gujarat,Anand,Petlad Mandi,Turmeric,2024-03-09,5945,6579,6239
Gujarat,Anand,Petlad Mandi,Tomato,2024-03-09,1138,1659,1391
Gujarat,Anand,Petlad Mandi,Onion,2024-03-09,1096,1394,1259
Gujarat,Anand,Petlad Mandi,Wheat,2024-03-13,1600,1700,1656
Gujarat,Anand,Petlad Mandi,Mango,2024-03-13,2370,3672,2982
Gujarat,Anand,Petlad Mandi,Chilli,2024-03-13,9906,11578,10753
Gujarat,Anand,Petlad Mandi,Paddy(Dhan),2024-03-13,1858,1946,1898
Gujarat,Anand,Petlad Mandi,Maize,2024-03-13,1985,2112,2051
Gujarat,Anand,Petlad Mandi,Turmeric,2024-03-13,5135,6258,5670
Gujarat,Anand,Petlad Mandi,Tomato,2024-03-13,1056,1652,1396
Gujarat,Anand,Petlad Mandi,Onion,2024-03-13,989,1553,1307
Gujarat,Anand,Petlad Mandi,Mango,2024-03-17,2644,3696,3203
Gujarat,Anand,Petlad Mandi,Chilli,2024-03-17,9931,12323,11310
Gujarat,Anand,Petlad Mandi,Groundnut,2024-03-17,5469,6152,5803
Gujarat,Anand,Petlad Mandi,Paddy(Dhan),2024-03-17,1917,2029,1968
Gujarat,Anand,Petlad Mandi,Turmeric,2024-03-17,5179,6558,5913
Gujarat,Anand,Petlad Mandi,Onion,2024-03-17,992,1424,1218
Gujarat,Anand,Petlad Mandi,Chilli,2024-03-21,9098,11989,10875
Gujarat,Anand,Petlad Mandi,Groundnut,2024-03-21,5537,5875,5687
Gujarat,Anand,Petlad Mandi,Paddy(Dhan),2024-03-21,1957,2156,2062
Gujarat,Anand,Petlad Mandi,Maize,2024-03-21,1831,1974,1899
Gujarat,Anand,Petlad Mandi,Turmeric,2024-03-21,5342,6493,6016
Gujarat,Anand,Petlad Mandi,Tomato,2024-03-21,1096,1552,1284
Gujarat,Anand,Petlad Mandi,Onion,2024-03-21,968,1429,1197
Gujarat,Anand,Petlad Mandi,Wheat,2024-03-25,1682,1794,1741
Gujarat,Anand,Petlad Mandi,Mango,2024-03-25,2980,3523,3212
Gujarat,Anand,Petlad Mandi,Chilli,2024-03-25,10566,13516,12025
Gujarat,Anand,Petlad Mandi,Groundnut,2024-03-25,5792,6309,6039
Gujarat,Anand,Petlad Mandi,Maize,2024-03-25,1948,2113,2030
Gujarat,Anand,Petlad Mandi,Tomato,2024-03-25,1159,1553,1362
Gujarat,Anand,Petlad Mandi,Onion,2024-03-25,975,1708,1301
Gujarat,Anand,Petlad Mandi,Wheat,2024-03-29,1738,1837,1789
Gujarat,Anand,Petlad Mandi,Chilli,2024-03-29,11002,12818,11836
Gujarat,Anand,Petlad Mandi,Groundnut,2024-03-29,5162,5684,5382
Gujarat,Anand,Petlad Mandi,Paddy(Dhan),2024-03-29,2073,2243,2167
Gujarat,Anand,Petlad Mandi,Maize,2024-03-29,1804,1986,1890
Gujarat,Anand,Petlad Mandi,Turmeric,2024-03-29,5341,6017,5709
Gujarat,Anand,Petlad Mandi,Onion,2024-03-29,1066,1460,1262
Gujarat,Anand,Petlad Mandi,Chilli,2024-04-02,12940,16894,14926
Gujarat,Anand,Petlad Mandi,Groundnut,2024-04-02,5271,5936,5591
Gujarat,Anand,Petlad Mandi,Maize,2024-04-02,1856,2025,1949
Gujarat,Anand,Petlad Mandi,Turmeric,2024-04-02,7109,8836,8002
Gujarat,Anand,Petlad Mandi,Tomato,2024-04-02,1126,1709,1381
Gujarat,Anand,Petlad Mandi,Onion,2024-04-02,1077,1414,1266
Gujarat,Anand,Petlad Mandi,Wheat,2024-04-06,1725,1813,1770
Gujarat,Anand,Petlad Mandi,Mango,2024-04-06,2376,2962,2669
Gujarat,Anand,Petlad Mandi,Chilli,2024-04-06,13444,17253,15074
Gujarat,Anand,Petlad Mandi,Groundnut,2024-04-06,5931,6539,6220
Gujarat,Anand,Petlad Mandi,Paddy(Dhan),2024-04-06,2090,2231,2147
Gujarat,Anand,Petlad Mandi,Maize,2024-04-06,1673,1894,1809
Gujarat,Anand,Petlad Mandi,Onion,2024-04-06,943,1639,1257
Gujarat,Anand,Petlad Mandi,Wheat,2024-04-10,1694,1838,1762
Gujarat,Anand,Petlad Mandi,Mango,2024-04-10,2179,2711,2470
Gujarat,Anand,Petlad Mandi,Chilli,2024-04-10,13510,15245,14327
Gujarat,Anand,Petlad Mandi,Groundnut,2024-04-10,5353,6044,5751
Gujarat,Anand,Petlad Mandi,Paddy(Dhan),2024-04-10,2068,2174,2119
Gujarat,Anand,Petlad Mandi,Maize,2024-04-10,1944,2062,2003
Gujarat,Anand,Petlad Mandi,Tomato,2024-04-10,1003,1966,1399
Gujarat,Anand,Petlad Mandi,Onion,2024-04-10,943,1344,1134
Gujarat,Anand,Petlad Mandi,Wheat,2024-04-14,1762,1906,1827
Gujarat,Anand,Petlad Mandi,Chilli,2024-04-14,13861,15894,14937
Gujarat,Anand,Petlad Mandi,Groundnut,2024-04-14,5695,6191,5958
Gujarat,Anand,Petlad Mandi,Maize,2024-04-14,1866,1969,1909
Gujarat,Anand,Petlad Mandi,Turmeric,2024-04-14,7231,8802,7899
Gujarat,Anand,Petlad Mandi,Wheat,2024-04-18,1680,1794,1738
Gujarat,Anand,Petlad Mandi,Chilli,2024-04-18,11824,15756,13906
Gujarat,Anand,Petlad Mandi,Paddy(Dhan),2024-04-18,2055,2243,2172
Gujarat,Anand,Petlad Mandi,Maize,2024-04-18,1874,2031,1938
Gujarat,Anand,Petlad Mandi,Turmeric,2024-04-18,7090,8559,7901
Gujarat,Anand,Petlad Mandi,Tomato,2024-04-18,947,1721,1320
Gujarat,Anand,Petlad Mandi,Onion,2024-04-18,821,1335,1137
Gujarat,Anand,Petlad Mandi,Groundnut,2024-04-22,5005,5832,5420
Gujarat,Anand,Petlad Mandi,Maize,2024-04-22,1894,2152,2009
Gujarat,Anand,Petlad Mandi,Turmeric,2024-04-22,7358,8436,7809
Gujarat,Anand,Petlad Mandi,Tomato,2024-04-22,1007,1606,1349
Gujarat,Anand,Petlad Mandi,Wheat,2024-04-26,1834,1978,1895
Gujarat,Anand,Petlad Mandi,Chilli,2024-04-26,12065,15733,13665
Gujarat,Anand,Petlad Mandi,Paddy(Dhan),2024-04-26,2030,2255,2146
Gujarat,Anand,Petlad Mandi,Maize,2024-04-26,1909,2088,2003
Gujarat,Anand,Petlad Mandi,Turmeric,2024-04-26,7305,8438,7927
Gujarat,Anand,Petlad Mandi,Tomato,2024-04-26,875,1644,1217
Gujarat,Anand,Petlad Mandi,Onion,2024-04-26,1023,1367,1193
Gujarat,Anand,Petlad Mandi,Wheat,2024-04-30,1782,1900,1854
Gujarat,Anand,Petlad Mandi,Chilli,2024-04-30,12698,15228,14190
Gujarat,Anand,Petlad Mandi,Groundnut,2024-04-30,6020,6464,6237
Gujarat,Anand,Petlad Mandi,Turmeric,2024-04-30,7137,7868,7484
Gujarat,Anand,Petlad Mandi,Tomato,2024-04-30,865,1640,1346
Gujarat,Anand,Petlad Mandi,Onion,2024-04-30,967,1391,1200
Gujarat,Anand,Petlad Mandi,Wheat,2024-05-04,1829,1932,1876
Gujarat,Anand,Petlad Mandi,Mango,2024-05-04,2387,2849,2608
Gujarat,Anand,Petlad Mandi,Chilli,2024-05-04,12669,15289,14056
Gujarat,Anand,Petlad Mandi,Groundnut,2024-05-04,5246,5636,5464
Gujarat,Anand,Petlad Mandi,Paddy(Dhan),2024-05-04,2063,2174,2126
Gujarat,Anand,Petlad Mandi,Maize,2024-05-04,1898,2128,2018
Gujarat,Anand,Petlad Mandi,Turmeric,2024-05-04,7094,8779,7811
Gujarat,Anand,Petlad Mandi,Tomato,2024-05-04,998,1467,1227
Gujarat,Anand,Petlad Mandi,Onion,2024-05-04,1257,2006,1601
Gujarat,Anand,Petlad Mandi,Chilli,2024-05-08,11323,13988,12914
Gujarat,Anand,Petlad Mandi,Groundnut,2024-05-08,5299,5682,5525
Gujarat,Anand,Petlad Mandi,Paddy(Dhan),2024-05-08,1855,1963,1914
Gujarat,Anand,Petlad Mandi,Maize,2024-05-08,1937,2084,2013
Gujarat,Anand,Petlad Mandi,Turmeric,2024-05-08,6363,7649,6977
Gujarat,Anand,Petlad Mandi,Onion,2024-05-08,1216,1817,1539
Gujarat,Anand,Petlad Mandi,Mango,2024-05-12,2184,3061,2592
Gujarat,Anand,Petlad Mandi,Groundnut,2024-05-12,5740,6386,6137
Gujarat,Anand,Petlad Mandi,Paddy(Dhan),2024-05-12,1896,2016,1951
Gujarat,Anand,Petlad Mandi,Maize,2024-05-12,1778,1930,1844
Gujarat,Anand,Petlad Mandi,Wheat,2024-05-16,1667,1735,1693
Gujarat,Anand,Petlad Mandi,Mango,2024-05-16,2437,2898,2651
Gujarat,Anand,Petlad Mandi,Chilli,2024-05-16,13432,16902,15112
Gujarat,Anand,Petlad Mandi,Paddy(Dhan),2024-05-16,1885,2056,1962
Gujarat,Anand,Petlad Mandi,Turmeric,2024-05-16,7048,8730,7928
Gujarat,Anand,Petlad Mandi,Tomato,2024-05-16,1009,1389,1208
Gujarat,Anand,Petlad Mandi,Wheat,2024-05-20,1822,1942,1888
Gujarat,Anand,Petlad Mandi,Mango,2024-05-20,2242,2688,2449
Gujarat,Anand,Petlad Mandi,Chilli,2024-05-20,12333,14364,13203
Gujarat,Anand,Petlad Mandi,Groundnut,2024-05-20,5654,6233,5939
Gujarat,Anand,Petlad Mandi,Paddy(Dhan),2024-05-20,1961,2044,1998
Gujarat,Anand,Petlad Mandi,Maize,2024-05-20,1789,2001,1880
Gujarat,Anand,Petlad Mandi,Turmeric,2024-05-20,6785,8859,7795
Gujarat,Anand,Petlad Mandi,Onion,2024-05-20,1284,1658,1484
Gujarat,Anand,Petlad Mandi,Wheat,2024-05-24,1641,1744,1683
Gujarat,Anand,Petlad Mandi,Mango,2024-05-24,2217,2974,2535
Gujarat,Anand,Petlad Mandi,Groundnut,2024-05-24,5347,5883,5593
Gujarat,Anand,Petlad Mandi,Paddy(Dhan),2024-05-24,2060,2168,2107
Gujarat,Anand,Petlad Mandi,Maize,2024-05-24,1713,1890,1785
Gujarat,Anand,Petlad Mandi,Turmeric,2024-05-24,7591,8424,7911
Gujarat,Anand,Petlad Mandi,Tomato,2024-05-24,946,1556,1236
Gujarat,Anand,Petlad Mandi,Onion,2024-05-24,1247,1864,1543
Gujarat,Anand,Petlad Mandi,Wheat,2024-05-28,1613,1718,1661
Gujarat,Anand,Petlad Mandi,Chilli,2024-05-28,12322,15167,13703
Gujarat,Anand,Petlad Mandi,Groundnut,2024-05-28,5624,6373,6030
Gujarat,Anand,Petlad Mandi,Paddy(Dhan),2024-05-28,1925,2078,2009
Gujarat,Anand,Petlad Mandi,Turmeric,2024-05-28,7153,8414,7768
Gujarat,Anand,Petlad Mandi,Tomato,2024-05-28,881,1808,1351
Gujarat,Anand,Petlad Mandi,Onion,2024-05-28,1233,1779,1542
Gujarat,Anand,Petlad Mandi,Wheat,2024-06-01,2163,2248,2200
Gujarat,Anand,Petlad Mandi,Groundnut,2024-06-01,5019,5892,5523
Gujarat,Anand,Petlad Mandi,Maize,2024-06-01,1944,2091,2019
Gujarat,Anand,Petlad Mandi,Tomato,2024-06-01,1052,1560,1310
Gujarat,Anand,Petlad Mandi,Onion,2024-06-01,1263,1825,1545
Gujarat,Anand,Petlad Mandi,Wheat,2024-06-05,2207,2370,2274
Gujarat,Anand,Petlad Mandi,Mango,2024-06-05,2242,2806,2557
Gujarat,Anand,Petlad Mandi,Chilli,2024-06-05,11484,14419,13099
Gujarat,Anand,Petlad Mandi,Paddy(Dhan),2024-06-05,1989,2091,2042
Gujarat,Anand,Petlad Mandi,Maize,2024-06-05,1860,2048,1950
Gujarat,Anand,Petlad Mandi,Tomato,2024-06-05,992,1710,1383
Gujarat,Anand,Petlad Mandi,Onion,2024-06-05,1249,1838,1558
Gujarat,Anand,Petlad Mandi,Wheat,2024-06-09,2158,2297,2236
Gujarat,Anand,Petlad Mandi,Mango,2024-06-09,2267,3152,2705
Gujarat,Anand,Petlad Mandi,Chilli,2024-06-09,12677,16733,14536
Gujarat,Anand,Petlad Mandi,Paddy(Dhan),2024-06-09,2051,2261,2173
Gujarat,Anand,Petlad Mandi,Maize,2024-06-09,1796,2016,1918
Gujarat,Anand,Petlad Mandi,Turmeric,2024-06-09,7038,8786,7888
Gujarat,Anand,Petlad Mandi,Tomato,2024-06-09,960,1797,1370
Gujarat,Anand,Petlad Mandi,Wheat,2024-06-13,2242,2346,2299
Gujarat,Anand,Petlad Mandi,Mango,2024-06-13,2285,3072,2675
Gujarat,Anand,Petlad Mandi,Paddy(Dhan),2024-06-13,2078,2232,2161
Gujarat,Anand,Petlad Mandi,Maize,2024-06-13,1809,1937,1869
Gujarat,Anand,Petlad Mandi,Turmeric,2024-06-13,7106,8387,7591
Gujarat,Anand,Petlad Mandi,Onion,2024-06-13,1285,1630,1463
Gujarat,Anand,Petlad Mandi,Mango,2024-06-17,2576,2933,2753
Gujarat,Anand,Petlad Mandi,Chilli,2024-06-17,11939,14541,13371
Gujarat,Anand,Petlad Mandi,Groundnut,2024-06-17,5483,6234,5811
Gujarat,Anand,Petlad Mandi,Paddy(Dhan),2024-06-17,1993,2112,2065
Gujarat,Anand,Petlad Mandi,Turmeric,2024-06-17,7236,8118,7763
Gujarat,Anand,Petlad Mandi,Onion,2024-06-17,961,1702,1424
Gujarat,Anand,Petlad Mandi,Wheat,2024-06-21,2037,2197,2123
Gujarat,Anand,Petlad Mandi,Paddy(Dhan),2024-06-21,1913,2105,2008
Gujarat,Anand,Petlad Mandi,Maize,2024-06-21,1817,1944,1881
Gujarat,Anand,Petlad Mandi,Tomato,2024-06-21,969,1560,1256
Gujarat,Anand,Petlad Mandi,Onion,2024-06-21,1369,1841,1616
Gujarat,Anand,Petlad Mandi,Wheat,2024-06-25,2064,2241,2139
Gujarat,Anand,Petlad Mandi,Mango,2024-06-25,2241,2971,2588
Gujarat,Anand,Petlad Mandi,Groundnut,2024-06-25,5078,5723,5439
Gujarat,Anand,Petlad Mandi,Paddy(Dhan),2024-06-25,1888,2070,1963
Gujarat,Anand,Petlad Mandi,Maize,2024-06-25,1810,1936,1873
Gujarat,Anand,Petlad Mandi,Onion,2024-06-25,1082,1893,1493
Gujarat,Anand,Petlad Mandi,Wheat,2024-06-29,2000,2141,2071
Gujarat,Anand,Petlad Mandi,Mango,2024-06-29,2002,2809,2447
Gujarat,Anand,Petlad Mandi,Chilli,2024-06-29,11900,15589,13929
Gujarat,Anand,Petlad Mandi,Groundnut,2024-06-29,5203,5628,5409
Gujarat,Anand,Petlad Mandi,Paddy(Dhan),2024-06-29,2092,2218,2157
Gujarat,Anand,Petlad Mandi,Maize,2024-06-29,1965,2066,2021
Gujarat,Anand,Petlad Mandi,Turmeric,2024-06-29,6658,8063,7447
Gujarat,Anand,Petlad Mandi,Tomato,2024-06-29,891,1643,1291
Gujarat,Anand,Petlad Mandi,Onion,2024-06-29,1176,1826,1468
Gujarat,Anand,Petlad Mandi,Wheat,2024-07-03,1926,2072,1985
Gujarat,Anand,Petlad Mandi,Mango,2024-07-03,2779,3482,3186
Gujarat,Anand,Petlad Mandi,Chilli,2024-07-03,12648,14807,13729
Gujarat,Anand,Petlad Mandi,Groundnut,2024-07-03,5581,6222,5907
Gujarat,Anand,Petlad Mandi,Maize,2024-07-03,1812,1990,1904
Gujarat,Anand,Petlad Mandi,Turmeric,2024-07-03,6627,8062,7513
Gujarat,Anand,Petlad Mandi,Tomato,2024-07-03,893,1717,1280
Gujarat,Anand,Petlad Mandi,Onion,2024-07-03,1157,1576,1396
Gujarat,Anand,Petlad Mandi,Wheat,2024-07-07,1986,2111,2043
Gujarat,Anand,Petlad Mandi,Mango,2024-07-07,2600,3420,3102
Gujarat,Anand,Petlad Mandi,Chilli,2024-07-07,13012,14910,13938
Gujarat,Anand,Petlad Mandi,Groundnut,2024-07-07,5386,6284,5845
Gujarat,Anand,Petlad Mandi,Paddy(Dhan),2024-07-07,1826,2024,1941
Gujarat,Anand,Petlad Mandi,Maize,2024-07-07,1852,1984,1919
Gujarat,Anand,Petlad Mandi,Turmeric,2024-07-07,6463,7377,6944
Gujarat,Anand,Petlad Mandi,Onion,2024-07-07,1087,1800,1514
Gujarat,Anand,Petlad Mandi,Mango,2024-07-11,2685,3271,2979
Gujarat,Anand,Petlad Mandi,Groundnut,2024-07-11,5755,6225,5969
Gujarat,Anand,Petlad Mandi,Paddy(Dhan),2024-07-11,1856,1987,1911
Gujarat,Anand,Petlad Mandi,Maize,2024-07-11,1911,2134,2039
Gujarat,Anand,Petlad Mandi,Turmeric,2024-07-11,6622,7390,7011
Gujarat,Anand,Petlad Mandi,Tomato,2024-07-11,1112,1484,1294
Gujarat,Anand,Petlad Mandi,Onion,2024-07-11,1331,1961,1575
Gujarat,Anand,Petlad Mandi,Wheat,2024-07-15,2002,2206,2094
Gujarat,Anand,Petlad Mandi,Mango,2024-07-15,2562,3496,3056
Gujarat,Anand,Petlad Mandi,Chilli,2024-07-15,13343,16559,14914
Gujarat,Anand,Petlad Mandi,Groundnut,2024-07-15,5388,5725,5560
Gujarat,Anand,Petlad Mandi,Paddy(Dhan),2024-07-15,1979,2095,2051
Gujarat,Anand,Petlad Mandi,Maize,2024-07-15,1718,1907,1811
Gujarat,Anand,Petlad Mandi,Turmeric,2024-07-15,6473,7623,7130
Gujarat,Anand,Petlad Mandi,Tomato,2024-07-15,1040,1535,1323
Gujarat,Anand,Petlad Mandi,Onion,2024-07-15,1324,1952,1604
Gujarat,Anand,Petlad Mandi,Wheat,2024-07-19,1929,2026,1986
Gujarat,Anand,Petlad Mandi,Mango,2024-07-19,2786,3289,3055
Gujarat,Anand,Petlad Mandi,Chilli,2024-07-19,12445,15689,13794
Gujarat,Anand,Petlad Mandi,Groundnut,2024-07-19,5288,5772,5517
Gujarat,Anand,Petlad Mandi,Maize,2024-07-19,1924,2085,1999
Gujarat,Anand,Petlad Mandi,Turmeric,2024-07-19,6441,8000,7221
Gujarat,Anand,Petlad Mandi,Wheat,2024-07-23,2144,2325,2218
Gujarat,Anand,Petlad Mandi,Mango,2024-07-23,2733,3305,2980
Gujarat,Anand,Petlad Mandi,Chilli,2024-07-23,12805,16702,15101
Gujarat,Anand,Petlad Mandi,Groundnut,2024-07-23,5553,6273,5914
Gujarat,Anand,Petlad Mandi,Paddy(Dhan),2024-07-23,1897,2097,1971
Gujarat,Anand,Petlad Mandi,Turmeric,2024-07-23,6853,7949,7324
Gujarat,Anand,Petlad Mandi,Tomato,2024-07-23,827,1762,1305
Gujarat,Anand,Petlad Mandi,Onion,2024-07-23,1186,1639,1422
Gujarat,Anand,Petlad Mandi,Wheat,2024-07-27,2086,2259,2165
Gujarat,Anand,Petlad Mandi,Mango,2024-07-27,2723,3326,3042
Gujarat,Anand,Petlad Mandi,Chilli,2024-07-27,13056,14803,14030
Gujarat,Anand,Petlad Mandi,Groundnut,2024-07-27,5457,6021,5804
Gujarat,Anand,Petlad Mandi,Paddy(Dhan),2024-07-27,2030,2187,2118
Gujarat,Anand,Petlad Mandi,Maize,2024-07-27,1739,1888,1823
Gujarat,Anand,Petlad Mandi,Turmeric,2024-07-27,6863,7905,7318
Gujarat,Anand,Petlad Mandi,Tomato,2024-07-27,1046,1638,1307
Gujarat,Anand,Petlad Mandi,Onion,2024-07-27,1113,2003,1584
Gujarat,Anand,Petlad Mandi,Wheat,2024-07-31,2134,2264,2196
Gujarat,Anand,Petlad Mandi,Mango,2024-07-31,2553,3565,3075
Gujarat,Anand,Petlad Mandi,Chilli,2024-07-31,13674,15583,14658
Gujarat,Anand,Petlad Mandi,Groundnut,2024-07-31,5411,6177,5813
Gujarat,Anand,Petlad Mandi,Maize,2024-07-31,1914,2052,1977
Gujarat,Anand,Petlad Mandi,Turmeric,2024-07-31,7277,9061,8085
Gujarat,Anand,Petlad Mandi,Tomato,2024-07-31,1023,1531,1246
Gujarat,Anand,Petlad Mandi,Onion,2024-07-31,1390,1703,1547
Gujarat,Anand,Petlad Mandi,Mango,2024-08-04,2845,4021,3378
Gujarat,Anand,Petlad Mandi,Chilli,2024-08-04,12250,14803,13563
Gujarat,Anand,Petlad Mandi,Groundnut,2024-08-04,5169,5571,5359
Gujarat,Anand,Petlad Mandi,Paddy(Dhan),2024-08-04,1978,2100,2044
Gujarat,Anand,Petlad Mandi,Maize,2024-08-04,1702,1927,1795
Gujarat,Anand,Petlad Mandi,Turmeric,2024-08-04,7315,8441,8016
Gujarat,Anand,Petlad Mandi,Wheat,2024-08-08,2214,2328,2280
Gujarat,Anand,Petlad Mandi,Chilli,2024-08-08,12447,17375,14795
Gujarat,Anand,Petlad Mandi,Groundnut,2024-08-08,5446,6288,5847
Gujarat,Anand,Petlad Mandi,Paddy(Dhan),2024-08-08,2130,2236,2176
Gujarat,Anand,Petlad Mandi,Maize,2024-08-08,1683,1887,1800
Gujarat,Anand,Petlad Mandi,Turmeric,2024-08-08,7206,8003,7600
Gujarat,Anand,Petlad Mandi,Tomato,2024-08-08,978,1863,1403
Gujarat,Anand,Petlad Mandi,Wheat,2024-08-12,1940,2076,2016
Gujarat,Anand,Petlad Mandi,Mango,2024-08-12,2973,3619,3293
Gujarat,Anand,Petlad Mandi,Chilli,2024-08-12,11694,14278,12971
Gujarat,Anand,Petlad Mandi,Groundnut,2024-08-12,5568,6244,5936
Gujarat,Anand,Petlad Mandi,Maize,2024-08-12,1921,2091,2003
Gujarat,Anand,Petlad Mandi,Turmeric,2024-08-12,6212,7555,6969
Gujarat,Anand,Petlad Mandi,Tomato,2024-08-12,872,1619,1296
Gujarat,Anand,Petlad Mandi,Onion,2024-08-12,1422,1816,1593
Gujarat,Anand,Petlad Mandi,Mango,2024-08-16,2620,3478,3019
Gujarat,Anand,Petlad Mandi,Chilli,2024-08-16,12507,14978,13908
Gujarat,Anand,Petlad Mandi,Groundnut,2024-08-16,5355,6232,5762
Gujarat,Anand,Petlad Mandi,Paddy(Dhan),2024-08-16,2102,2242,2165
Gujarat,Anand,Petlad Mandi,Tomato,2024-08-16,1036,1503,1269
Gujarat,Anand,Petlad Mandi,Wheat,2024-08-20,1940,2084,2018
Gujarat,Anand,Petlad Mandi,Chilli,2024-08-20,13419,16648,15047
Gujarat,Anand,Petlad Mandi,Paddy(Dhan),2024-08-20,2107,2207,2163
Gujarat,Anand,Petlad Mandi,Maize,2024-08-20,1713,1922,1817
Gujarat,Anand,Petlad Mandi,Turmeric,2024-08-20,7212,8350,7855
Gujarat,Anand,Petlad Mandi,Tomato,2024-08-20,1016,1558,1287
Gujarat,Anand,Petlad Mandi,Onion,2024-08-20,1318,1761,1534
Gujarat,Anand,Petlad Mandi,Wheat,2024-08-24,2203,2370,2268
Gujarat,Anand,Petlad Mandi,Mango,2024-08-24,2547,3413,2972
Gujarat,Anand,Petlad Mandi,Chilli,2024-08-24,11875,15547,13857
Gujarat,Anand,Petlad Mandi,Groundnut,2024-08-24,5514,6362,5984
Gujarat,Anand,Petlad Mandi,Maize,2024-08-24,1838,2098,1958
Gujarat,Anand,Petlad Mandi,Turmeric,2024-08-24,6488,7898,7105
Gujarat,Anand,Petlad Mandi,Tomato,2024-08-24,1023,1875,1351
Gujarat,Anand,Petlad Mandi,Onion,2024-08-24,1267,1717,1477
Gujarat,Anand,Petlad Mandi,Mango,2024-08-28,2837,3657,3337
Gujarat,Anand,Petlad Mandi,Chilli,2024-08-28,12051,14928,13639
Gujarat,Anand,Petlad Mandi,Groundnut,2024-08-28,4942,5764,5393
Gujarat,Anand,Petlad Mandi,Paddy(Dhan),2024-08-28,1996,2217,2105
Gujarat,Anand,Petlad Mandi,Turmeric,2024-08-28,6926,7686,7238
Gujarat,Anand,Petlad Mandi,Tomato,2024-08-28,959,1789,1353
Gujarat,Anand,Petlad Mandi,Onion,2024-08-28,1208,1680,1435
Gujarat,Anand,Petlad Mandi,Wheat,2024-09-01,2148,2235,2191
Gujarat,Anand,Petlad Mandi,Mango,2024-09-01,2996,3751,3336
Gujarat,Anand,Petlad Mandi,Chilli,2024-09-01,12414,16625,14621
Gujarat,Anand,Petlad Mandi,Groundnut,2024-09-01,5572,5988,5793
Gujarat,Anand,Petlad Mandi,Paddy(Dhan),2024-09-01,2086,2311,2190
Gujarat,Anand,Petlad Mandi,Maize,2024-09-01,1414,1520,1464
Gujarat,Anand,Petlad Mandi,Turmeric,2024-09-01,7642,8476,8006
Gujarat,Anand,Petlad Mandi,Tomato,2024-09-01,1061,1592,1314
Gujarat,Anand,Petlad Mandi,Onion,2024-09-01,1285,1587,1432
Gujarat,Anand,Petlad Mandi,Mango,2024-09-05,2590,3790,3246
Gujarat,Anand,Petlad Mandi,Chilli,2024-09-05,11878,15055,13472
Gujarat,Anand,Petlad Mandi,Maize,2024-09-05,1601,1696,1644
Gujarat,Anand,Petlad Mandi,Turmeric,2024-09-05,6237,7896,7030
Gujarat,Anand,Petlad Mandi,Onion,2024-09-05,1240,1937,1532
Gujarat,Anand,Petlad Mandi,Mango,2024-09-09,3115,3895,3416
Gujarat,Anand,Petlad Mandi,Paddy(Dhan),2024-09-09,1870,2025,1947
Gujarat,Anand,Petlad Mandi,Turmeric,2024-09-09,6183,7605,7040
Gujarat,Anand,Petlad Mandi,Tomato,2024-09-09,1037,1606,1296
Gujarat,Anand,Petlad Mandi,Onion,2024-09-09,1225,1571,1437
Gujarat,Anand,Petlad Mandi,Mango,2024-09-13,2647,3689,3074
Gujarat,Anand,Petlad Mandi,Chilli,2024-09-13,13090,17870,15030
Gujarat,Anand,Petlad Mandi,Groundnut,2024-09-13,5291,5865,5581
Gujarat,Anand,Petlad Mandi,Paddy(Dhan),2024-09-13,2070,2223,2131
Gujarat,Anand,Petlad Mandi,Maize,2024-09-13,1609,1704,1656
Gujarat,Anand,Petlad Mandi,Turmeric,2024-09-13,6892,7881,7430
Gujarat,Anand,Petlad Mandi,Tomato,2024-09-13,1038,1457,1280
Gujarat,Anand,Petlad Mandi,Onion,2024-09-13,1218,1658,1450
Gujarat,Anand,Petlad Mandi,Mango,2024-09-17,2826,3499,3170
Gujarat,Anand,Petlad Mandi,Chilli,2024-09-17,13658,15936,14676
Gujarat,Anand,Petlad Mandi,Groundnut,2024-09-17,5291,6203,5832
Gujarat,Anand,Petlad Mandi,Paddy(Dhan),2024-09-17,1916,2065,1986
Gujarat,Anand,Petlad Mandi,Turmeric,2024-09-17,7005,8244,7620
Gujarat,Anand,Petlad Mandi,Tomato,2024-09-17,1044,1581,1318
Gujarat,Anand,Petlad Mandi,Wheat,2024-09-21,1976,2111,2057
Gujarat,Anand,Petlad Mandi,Mango,2024-09-21,2888,3811,3327
Gujarat,Anand,Petlad Mandi,Chilli,2024-09-21,13699,15687,14702
Gujarat,Anand,Petlad Mandi,Groundnut,2024-09-21,5286,6217,5729
Gujarat,Anand,Petlad Mandi,Paddy(Dhan),2024-09-21,2054,2166,2112
Gujarat,Anand,Petlad Mandi,Maize,2024-09-21,1428,1607,1520
Gujarat,Anand,Petlad Mandi,Turmeric,2024-09-21,6230,8043,7079
Gujarat,Anand,Petlad Mandi,Tomato,2024-09-21,1007,1666,1292
Gujarat,Anand,Petlad Mandi,Onion,2024-09-21,1062,1713,1419
Gujarat,Anand,Petlad Mandi,Wheat,2024-09-25,1938,2105,2015
Gujarat,Anand,Petlad Mandi,Mango,2024-09-25,2551,3723,3147
Gujarat,Anand,Petlad Mandi,Chilli,2024-09-25,12973,15738,14308
Gujarat,Anand,Petlad Mandi,Groundnut,2024-09-25,5257,6050,5670
Gujarat,Anand,Petlad Mandi,Maize,2024-09-25,1574,1760,1667
Gujarat,Anand,Petlad Mandi,Turmeric,2024-09-25,7165,8755,7870
Gujarat,Anand,Petlad Mandi,Tomato,2024-09-25,864,1628,1238
Gujarat,Anand,Petlad Mandi,Onion,2024-09-25,1099,1641,1415
Gujarat,Anand,Petlad Mandi,Wheat,2024-09-29,2183,2334,2254
Gujarat,Anand,Petlad Mandi,Mango,2024-09-29,2719,3296,2984
Gujarat,Anand,Petlad Mandi,Chilli,2024-09-29,13474,16893,15074
Gujarat,Anand,Petlad Mandi,Paddy(Dhan),2024-09-29,1992,2198,2110
Gujarat,Anand,Petlad Mandi,Maize,2024-09-29,1559,1663,1613
Gujarat,Anand,Petlad Mandi,Turmeric,2024-09-29,7370,8297,7824
Gujarat,Anand,Petlad Mandi,Tomato,2024-09-29,894,1719,1364
Gujarat,Anand,Petlad Mandi,Onion,2024-09-29,1194,1894,1566
Gujarat,Anand,Petlad Mandi,Mango,2024-10-03,3004,3653,3329
Gujarat,Anand,Petlad Mandi,Chilli,2024-10-03,11839,14646,13484
Gujarat,Anand,Petlad Mandi,Groundnut,2024-10-03,4796,5087,4942
Gujarat,Anand,Petlad Mandi,Paddy(Dhan),2024-10-03,1730,1847,1802
Gujarat,Anand,Petlad Mandi,Turmeric,2024-10-03,7621,8323,7913
Gujarat,Anand,Petlad Mandi,Tomato,2024-10-03,929,1526,1223
Gujarat,Anand,Petlad Mandi,Onion,2024-10-03,1326,1799,1510
Gujarat,Anand,Petlad Mandi,Wheat,2024-10-07,2240,2387,2309
Gujarat,Anand,Petlad Mandi,Mango,2024-10-07,2458,3625,2944
Gujarat,Anand,Petlad Mandi,Chilli,2024-10-07,11390,15686,13809
Gujarat,Anand,Petlad Mandi,Groundnut,2024-10-07,4656,5019,4842
Gujarat,Anand,Petlad Mandi,Paddy(Dhan),2024-10-07,1559,1643,1595
Gujarat,Anand,Petlad Mandi,Maize,2024-10-07,1563,1723,1650
Gujarat,Anand,Petlad Mandi,Turmeric,2024-10-07,6192,7594,6989
Gujarat,Anand,Petlad Mandi,Tomato,2024-10-07,1079,1583,1326
Gujarat,Anand,Petlad Mandi,Onion,2024-10-07,1114,1870,1542
Gujarat,Anand,Petlad Mandi,Wheat,2024-10-11,1952,2079,2004
Gujarat,Anand,Petlad Mandi,Mango,2024-10-11,3117,3679,3412
Gujarat,Anand,Petlad Mandi,Chilli,2024-10-11,13175,15500,14442
Gujarat,Anand,Petlad Mandi,Groundnut,2024-10-11,4381,5055,4729
Gujarat,Anand,Petlad Mandi,Maize,2024-10-11,1555,1656,1599
Gujarat,Anand,Petlad Mandi,Turmeric,2024-10-11,6635,8214,7406
Gujarat,Anand,Petlad Mandi,Tomato,2024-10-11,902,1545,1232
Gujarat,Anand,Petlad Mandi,Onion,2024-10-11,1147,1646,1412
Gujarat,Anand,Petlad Mandi,Wheat,2024-10-15,2030,2159,2102
Gujarat,Anand,Petlad Mandi,Chilli,2024-10-15,12563,16629,14562
Gujarat,Anand,Petlad Mandi,Groundnut,2024-10-15,4674,5318,5047
Gujarat,Anand,Petlad Mandi,Paddy(Dhan),2024-10-15,1717,1815,1776
Gujarat,Anand,Petlad Mandi,Maize,2024-10-15,1500,1692,1604
Gujarat,Anand,Petlad Mandi,Turmeric,2024-10-15,7103,8294,7612
Gujarat,Anand,Petlad Mandi,Tomato,2024-10-15,971,1485,1209
Gujarat,Anand,Petlad Mandi,Wheat,2024-10-19,2049,2246,2140
Gujarat,Anand,Petlad Mandi,Chilli,2024-10-19,12492,15405,13897
Gujarat,Anand,Petlad Mandi,Maize,2024-10-19,1518,1736,1635
Gujarat,Anand,Petlad Mandi,Onion,2024-10-19,1181,1728,1468
Gujarat,Anand,Petlad Mandi,Wheat,2024-10-23,2266,2340,2304
Gujarat,Anand,Petlad Mandi,Mango,2024-10-23,2621,3589,3023
Gujarat,Anand,Petlad Mandi,Chilli,2024-10-23,11814,15310,13264
Gujarat,Anand,Petlad Mandi,Groundnut,2024-10-23,4167,4648,4424
Gujarat,Anand,Petlad Mandi,Paddy(Dhan),2024-10-23,1509,1610,1555
Gujarat,Anand,Petlad Mandi,Maize,2024-10-23,1483,1631,1550
Gujarat,Anand,Petlad Mandi,Turmeric,2024-10-23,7319,8589,7870
Gujarat,Anand,Petlad Mandi,Tomato,2024-10-23,723,1781,1251
Gujarat,Anand,Petlad Mandi,Onion,2024-10-23,1146,1776,1431
Gujarat,Anand,Petlad Mandi,Wheat,2024-10-27,2033,2225,2116
Gujarat,Anand,Petlad Mandi,Mango,2024-10-27,2741,3385,3052
Gujarat,Anand,Petlad Mandi,Chilli,2024-10-27,11824,14876,13470
Gujarat,Anand,Petlad Mandi,Groundnut,2024-10-27,4310,4809,4542
Gujarat,Anand,Petlad Mandi,Paddy(Dhan),2024-10-27,1593,1720,1655
Gujarat,Anand,Petlad Mandi,Turmeric,2024-10-27,6788,8775,7798
Gujarat,Anand,Petlad Mandi,Onion,2024-10-27,1173,1700,1482
Gujarat,Anand,Petlad Mandi,Wheat,2024-10-31,2172,2338,2258
Gujarat,Anand,Petlad Mandi,Mango,2024-10-31,2756,3222,2969
Gujarat,Anand,Petlad Mandi,Chilli,2024-10-31,12875,16177,14563
Gujarat,Anand,Petlad Mandi,Groundnut,2024-10-31,4771,5088,4906
Gujarat,Anand,Petlad Mandi,Maize,2024-10-31,1548,1704,1629
Gujarat,Anand,Petlad Mandi,Turmeric,2024-10-31,6607,8109,7443
Gujarat,Anand,Petlad Mandi,Tomato,2024-10-31,1038,1378,1210
Gujarat,Anand,Petlad Mandi,Wheat,2024-11-04,2098,2274,2175
Gujarat,Anand,Petlad Mandi,Mango,2024-11-04,2309,3443,2972
Gujarat,Anand,Petlad Mandi,Chilli,2024-11-04,11907,15408,13403
Gujarat,Anand,Petlad Mandi,Groundnut,2024-11-04,4554,5136,4900
Gujarat,Anand,Petlad Mandi,Paddy(Dhan),2024-11-04,1640,1768,1709
Gujarat,Anand,Petlad Mandi,Maize,2024-11-04,1783,2020,1913
Gujarat,Anand,Petlad Mandi,Turmeric,2024-11-04,6886,8630,7761
Gujarat,Anand,Petlad Mandi,Tomato,2024-11-04,805,1265,1060
Gujarat,Anand,Petlad Mandi,Onion,2024-11-04,962,1537,1247
Gujarat,Anand,Petlad Mandi,Mango,2024-11-08,2822,3390,3106
Gujarat,Anand,Petlad Mandi,Chilli,2024-11-08,13003,17450,14974
Gujarat,Anand,Petlad Mandi,Paddy(Dhan),2024-11-08,1758,1856,1808
Gujarat,Anand,Petlad Mandi,Maize,2024-11-08,1728,1969,1833
Gujarat,Anand,Petlad Mandi,Turmeric,2024-11-08,6592,8291,7464
Gujarat,Anand,Petlad Mandi,Tomato,2024-11-08,872,1303,1110
Gujarat,Anand,Petlad Mandi,Wheat,2024-11-12,2189,2358,2263
Gujarat,Anand,Petlad Mandi,Mango,2024-11-12,2448,3356,2948
Gujarat,Anand,Petlad Mandi,Groundnut,2024-11-12,4286,4626,4434
Gujarat,Anand,Petlad Mandi,Paddy(Dhan),2024-11-12,1658,1763,1705
Gujarat,Anand,Petlad Mandi,Maize,2024-11-12,1815,2032,1933
Gujarat,Anand,Petlad Mandi,Turmeric,2024-11-12,6666,7478,7130
Gujarat,Anand,Petlad Mandi,Tomato,2024-11-12,881,1290,1053
Gujarat,Anand,Petlad Mandi,Onion,2024-11-12,937,1409,1165
Gujarat,Anand,Petlad Mandi,Wheat,2024-11-16,2221,2328,2265
Gujarat,Anand,Petlad Mandi,Mango,2024-11-16,2652,3906,3249
Gujarat,Anand,Petlad Mandi,Chilli,2024-11-16,12571,14649,13654
Gujarat,Anand,Petlad Mandi,Paddy(Dhan),2024-11-16,1554,1733,1660
Gujarat,Anand,Petlad Mandi,Maize,2024-11-16,1776,1890,1833
Gujarat,Anand,Petlad Mandi,Turmeric,2024-11-16,6507,7443,6925
Gujarat,Anand,Petlad Mandi,Tomato,2024-11-16,816,1224,1046
Gujarat,Anand,Petlad Mandi,Onion,2024-11-16,1025,1311,1192
Gujarat,Anand,Petlad Mandi,Chilli,2024-11-20,13309,16884,14966
Gujarat,Anand,Petlad Mandi,Groundnut,2024-11-20,4480,4954,4710
Gujarat,Anand,Petlad Mandi,Maize,2024-11-20,1729,1902,1796
Gujarat,Anand,Petlad Mandi,Turmeric,2024-11-20,7185,8352,7697
Gujarat,Anand,Petlad Mandi,Tomato,2024-11-20,813,1396,1119
Gujarat,Anand,Petlad Mandi,Onion,2024-11-20,1015,1595,1302
Gujarat,Anand,Petlad Mandi,Wheat,2024-11-24,1967,2154,2056
Gujarat,Anand,Petlad Mandi,Mango,2024-11-24,2760,3422,3082
Gujarat,Anand,Petlad Mandi,Chilli,2024-11-24,11739,15166,13478
Gujarat,Anand,Petlad Mandi,Groundnut,2024-11-24,4749,5238,4959
Gujarat,Anand,Petlad Mandi,Maize,2024-11-24,1729,1926,1821
Gujarat,Anand,Petlad Mandi,Turmeric,2024-11-24,6750,8123,7571
Gujarat,Anand,Petlad Mandi,Onion,2024-11-24,1077,1397,1222
Gujarat,Anand,Petlad Mandi,Wheat,2024-11-28,2009,2096,2048
Gujarat,Anand,Petlad Mandi,Mango,2024-11-28,2535,3365,2962
Gujarat,Anand,Petlad Mandi,Chilli,2024-11-28,11873,14286,13074
Gujarat,Anand,Petlad Mandi,Groundnut,2024-11-28,4617,5180,4858
Gujarat,Anand,Petlad Mandi,Paddy(Dhan),2024-11-28,1588,1668,1624
Gujarat,Anand,Petlad Mandi,Maize,2024-11-28,1720,1808,1761
Gujarat,Anand,Petlad Mandi,Turmeric,2024-11-28,7030,8020,7609
Gujarat,Anand,Petlad Mandi,Tomato,2024-11-28,834,1203,1019
Gujarat,Anand,Petlad Mandi,Onion,2024-11-28,1056,1444,1210
Gujarat,Anand,Petlad Mandi,Wheat,2024-12-02,2198,2306,2259
Gujarat,Anand,Petlad Mandi,Chilli,2024-12-02,13095,15473,14038
Gujarat,Anand,Petlad Mandi,Groundnut,2024-12-02,5483,6151,5812
Gujarat,Anand,Petlad Mandi,Maize,2024-12-02,1721,1911,1801
Gujarat,Anand,Petlad Mandi,Turmeric,2024-12-02,6673,8478,7525
Gujarat,Anand,Petlad Mandi,Tomato,2024-12-02,797,1227,1020
Gujarat,Anand,Petlad Mandi,Onion,2024-12-02,941,1351,1176
Gujarat,Anand,Petlad Mandi,Wheat,2024-12-06,2209,2405,2317
Gujarat,Anand,Petlad Mandi,Mango,2024-12-06,2488,3511,2996
Gujarat,Anand,Petlad Mandi,Chilli,2024-12-06,13187,15383,14223
Gujarat,Anand,Petlad Mandi,Groundnut,2024-12-06,5368,6269,5813
Gujarat,Anand,Petlad Mandi,Paddy(Dhan),2024-12-06,1693,1849,1757
Gujarat,Anand,Petlad Mandi,Maize,2024-12-06,1731,1959,1833
Gujarat,Anand,Petlad Mandi,Turmeric,2024-12-06,6766,7721,7195
Gujarat,Anand,Petlad Mandi,Tomato,2024-12-06,667,1433,1068
Gujarat,Anand,Petlad Mandi,Onion,2024-12-06,911,1499,1227
Gujarat,Anand,Petlad Mandi,Wheat,2024-12-10,2082,2268,2182
Gujarat,Anand,Petlad Mandi,Chilli,2024-12-10,12577,17159,14916
Gujarat,Anand,Petlad Mandi,Maize,2024-12-10,1885,2025,1948
Gujarat,Anand,Petlad Mandi,Turmeric,2024-12-10,6709,7928,7445
Gujarat,Anand,Petlad Mandi,Tomato,2024-12-10,816,1215,1049
Gujarat,Anand,Petlad Mandi,Onion,2024-12-10,1057,1449,1252
Gujarat,Anand,Petlad Mandi,Wheat,2024-12-14,2092,2307,2203
Gujarat,Anand,Petlad Mandi,Mango,2024-12-14,2807,3440,3100
Gujarat,Anand,Petlad Mandi,Paddy(Dhan),2024-12-14,1721,1803,1765
Gujarat,Anand,Petlad Mandi,Maize,2024-12-14,1958,2160,2049
Gujarat,Anand,Petlad Mandi,Turmeric,2024-12-14,6859,8231,7613
Gujarat,Anand,Petlad Mandi,Onion,2024-12-14,881,1447,1135
Gujarat,Anand,Petlad Mandi,Wheat,2024-12-18,2063,2236,2160
Gujarat,Anand,Petlad Mandi,Mango,2024-12-18,2863,3709,3234
Gujarat,Anand,Petlad Mandi,Chilli,2024-12-18,12719,17487,14911
Gujarat,Anand,Petlad Mandi,Groundnut,2024-12-18,5691,6485,6135
Gujarat,Anand,Petlad Mandi,Paddy(Dhan),2024-12-18,1634,1772,1699
Gujarat,Anand,Petlad Mandi,Tomato,2024-12-18,764,1277,990
Gujarat,Anand,Petlad Mandi,Onion,2024-12-18,1073,1479,1296
Gujarat,Anand,Petlad Mandi,Wheat,2024-12-22,2215,2316,2263
Gujarat,Anand,Petlad Mandi,Groundnut,2024-12-22,5556,6320,5889
Gujarat,Anand,Petlad Mandi,Paddy(Dhan),2024-12-22,1715,1803,1757
Gujarat,Anand,Petlad Mandi,Maize,2024-12-22,1659,1821,1758
Gujarat,Anand,Petlad Mandi,Turmeric,2024-12-22,6498,7809,7200
Gujarat,Anand,Petlad Mandi,Onion,2024-12-22,1076,1352,1228
Gujarat,Anand,Petlad Mandi,Wheat,2024-12-26,2067,2211,2143
Gujarat,Anand,Petlad Mandi,Mango,2024-12-26,2603,3670,3220
Gujarat,Anand,Petlad Mandi,Chilli,2024-12-26,11701,15094,13207
Gujarat,Anand,Petlad Mandi,Paddy(Dhan),2024-12-26,1603,1698,1648
Gujarat,Anand,Petlad Mandi,Maize,2024-12-26,1780,2001,1892
Gujarat,Anand,Petlad Mandi,Turmeric,2024-12-26,6914,7736,7329
Gujarat,Anand,Petlad Mandi,Tomato,2024-12-26,753,1522,1119
Gujarat,Anand,Petlad Mandi,Wheat,2024-12-30,2216,2320,2267
Gujarat,Anand,Petlad Mandi,Chilli,2024-12-30,12332,15885,14142
Gujarat,Anand,Petlad Mandi,Groundnut,2024-12-30,5653,6271,5907
Gujarat,Anand,Petlad Mandi,Maize,2024-12-30,1932,2079,1993
Gujarat,Anand,Petlad Mandi,Turmeric,2024-12-30,7600,8630,8041
Gujarat,Anand,Petlad Mandi,Tomato,2024-12-30,829,1419,1119
Gujarat,Anand,Petlad Mandi,Onion,2024-12-30,992,1316,1138
West Bengal,Bardhaman,Kalna Mandi,Banana,2024-01-01,1032,1283,1162
West Bengal,Bardhaman,Kalna Mandi,Maize,2024-01-01,1909,2087,2002
West Bengal,Bardhaman,Kalna Mandi,Wheat,2024-01-01,1932,2056,1992
West Bengal,Bardhaman,Kalna Mandi,Tomato,2024-01-01,1005,1321,1129
West Bengal,Bardhaman,Kalna Mandi,Onion,2024-01-01,1187,1668,1427
West Bengal,Bardhaman,Kalna Mandi,Gram(Chana),2024-01-01,4823,5402,5169
West Bengal,Bardhaman,Kalna Mandi,Bajra,2024-01-01,2096,2214,2161
West Bengal,Bardhaman,Kalna Mandi,Cotton,2024-01-01,5164,5865,5580
West Bengal,Bardhaman,Kalna Mandi,Banana,2024-01-05,1001,1187,1095
West Bengal,Bardhaman,Kalna Mandi,Wheat,2024-01-05,2042,2251,2148
West Bengal,Bardhaman,Kalna Mandi,Tomato,2024-01-05,822,1583,1141
West Bengal,Bardhaman,Kalna Mandi,Onion,2024-01-05,1286,1701,1508
West Bengal,Bardhaman,Kalna Mandi,Gram(Chana),2024-01-05,4630,5218,4926
West Bengal,Bardhaman,Kalna Mandi,Bajra,2024-01-05,2148,2291,2219
West Bengal,Bardhaman,Kalna Mandi,Maize,2024-01-09,1897,2065,1994
West Bengal,Bardhaman,Kalna Mandi,Wheat,2024-01-09,2023,2174,2096
West Bengal,Bardhaman,Kalna Mandi,Tomato,2024-01-09,767,1271,1028
West Bengal,Bardhaman,Kalna Mandi,Onion,2024-01-09,1241,1895,1511
West Bengal,Bardhaman,Kalna Mandi,Bajra,2024-01-09,1885,2077,1997
West Bengal,Bardhaman,Kalna Mandi,Cotton,2024-01-09,5371,5992,5723
West Bengal,Bardhaman,Kalna Mandi,Banana,2024-01-13,1025,1364,1165
West Bengal,Bardhaman,Kalna Mandi,Wheat,2024-01-13,2070,2233,2146
West Bengal,Bardhaman,Kalna Mandi,Tomato,2024-01-13,880,1409,1094
West Bengal,Bardhaman,Kalna Mandi,Onion,2024-01-13,1316,1648,1482
West Bengal,Bardhaman,Kalna Mandi,Gram(Chana),2024-01-13,4763,5178,5008
West Bengal,Bardhaman,Kalna Mandi,Bajra,2024-01-13,1919,2117,2021
West Bengal,Bardhaman,Kalna Mandi,Cotton,2024-01-13,4973,5392,5183
West Bengal,Bardhaman,Kalna Mandi,Banana,2024-01-17,1042,1347,1193
West Bengal,Bardhaman,Kalna Mandi,Maize,2024-01-17,1756,1951,1871
West Bengal,Bardhaman,Kalna Mandi,Wheat,2024-01-17,2148,2310,2230
West Bengal,Bardhaman,Kalna Mandi,Tomato,2024-01-17,874,1447,1140
West Bengal,Bardhaman,Kalna Mandi,Gram(Chana),2024-01-17,4698,5315,5025
West Bengal,Bardhaman,Kalna Mandi,Cotton,2024-01-17,5022,5405,5192
West Bengal,Bardhaman,Kalna Mandi,Banana,2024-01-21,1093,1366,1220
West Bengal,Bardhaman,Kalna Mandi,Wheat,2024-01-21,1985,2113,2046
West Bengal,Bardhaman,Kalna Mandi,Tomato,2024-01-21,860,1229,1035
West Bengal,Bardhaman,Kalna Mandi,Onion,2024-01-21,1156,1601,1413
West Bengal,Bardhaman,Kalna Mandi,Gram(Chana),2024-01-21,4416,5068,4715
West Bengal,Bardhaman,Kalna Mandi,Bajra,2024-01-21,2036,2187,2110
West Bengal,Bardhaman,Kalna Mandi,Cotton,2024-01-21,5161,5551,5402
West Bengal,Bardhaman,Kalna Mandi,Maize,2024-01-25,1808,1927,1868
West Bengal,Bardhaman,Kalna Mandi,Onion,2024-01-25,1220,1684,1454
West Bengal,Bardhaman,Kalna Mandi,Gram(Chana),2024-01-25,4780,5607,5196
West Bengal,Bardhaman,Kalna Mandi,Banana,2024-01-29,1089,1402,1213
West Bengal,Bardhaman,Kalna Mandi,Maize,2024-01-29,1917,2114,2012
West Bengal,Bardhaman,Kalna Mandi,Wheat,2024-01-29,2122,2211,2175
West Bengal,Bardhaman,Kalna Mandi,Tomato,2024-01-29,843,1159,1034
West Bengal,Bardhaman,Kalna Mandi,Onion,2024-01-29,1209,1658,1440
West Bengal,Bardhaman,Kalna Mandi,Gram(Chana),2024-01-29,4978,5542,5294
West Bengal,Bardhaman,Kalna Mandi,Bajra,2024-01-29,1963,2073,2016
West Bengal,Bardhaman,Kalna Mandi,Cotton,2024-01-29,5583,6223,5888
West Bengal,Bardhaman,Kalna Mandi,Banana,2024-02-02,931,1278,1097
West Bengal,Bardhaman,Kalna Mandi,Tomato,2024-02-02,875,1236,1037
West Bengal,Bardhaman,Kalna Mandi,Onion,2024-02-02,1109,1701,1458
West Bengal,Bardhaman,Kalna Mandi,Gram(Chana),2024-02-02,4796,5166,4967
West Bengal,Bardhaman,Kalna Mandi,Cotton,2024-02-02,6864,7593,7257
West Bengal,Bardhaman,Kalna Mandi,Banana,2024-02-06,1027,1229,1129
West Bengal,Bardhaman,Kalna Mandi,Maize,2024-02-06,1714,1812,1757
West Bengal,Bardhaman,Kalna Mandi,Tomato,2024-02-06,688,1200,993
West Bengal,Bardhaman,Kalna Mandi,Onion,2024-02-06,1158,1765,1439
West Bengal,Bardhaman,Kalna Mandi,Bajra,2024-02-06,1976,2185,2074
West Bengal,Bardhaman,Kalna Mandi,Banana,2024-02-10,1034,1263,1166
West Bengal,Bardhaman,Kalna Mandi,Wheat,2024-02-10,1962,2054,2012
West Bengal,Bardhaman,Kalna Mandi,Onion,2024-02-10,1263,1861,1573
West Bengal,Bardhaman,Kalna Mandi,Bajra,2024-02-10,1979,2225,2109
West Bengal,Bardhaman,Kalna Mandi,Cotton,2024-02-10,6755,7258,6980
West Bengal,Bardhaman,Kalna Mandi,Banana,2024-02-14,1069,1292,1192
West Bengal,Bardhaman,Kalna Mandi,Maize,2024-02-14,1760,1857,1799
West Bengal,Bardhaman,Kalna Mandi,Wheat,2024-02-14,1967,2127,2042
West Bengal,Bardhaman,Kalna Mandi,Onion,2024-02-14,1118,1779,1505
West Bengal,Bardhaman,Kalna Mandi,Gram(Chana),2024-02-14,5096,5625,5359
West Bengal,Bardhaman,Kalna Mandi,Banana,2024-02-18,1086,1254,1155
West Bengal,Bardhaman,Kalna Mandi,Maize,2024-02-18,1732,1979,1853
West Bengal,Bardhaman,Kalna Mandi,Wheat,2024-02-18,2123,2273,2188
West Bengal,Bardhaman,Kalna Mandi,Onion,2024-02-18,989,1713,1438
West Bengal,Bardhaman,Kalna Mandi,Gram(Chana),2024-02-18,4421,4942,4685
West Bengal,Bardhaman,Kalna Mandi,Bajra,2024-02-18,2079,2283,2172
West Bengal,Bardhaman,Kalna Mandi,Cotton,2024-02-18,6125,6728,6480
West Bengal,Bardhaman,Kalna Mandi,Maize,2024-02-22,1814,2045,1921
West Bengal,Bardhaman,Kalna Mandi,Tomato,2024-02-22,814,1409,1102
West Bengal,Bardhaman,Kalna Mandi,Gram(Chana),2024-02-22,4996,5359,5217
West Bengal,Bardhaman,Kalna Mandi,Maize,2024-02-26,1916,2103,2009
West Bengal,Bardhaman,Kalna Mandi,Wheat,2024-02-26,2067,2185,2118
West Bengal,Bardhaman,Kalna Mandi,Tomato,2024-02-26,746,1250,993
West Bengal,Bardhaman,Kalna Mandi,Gram(Chana),2024-02-26,4506,4895,4691
West Bengal,Bardhaman,Kalna Mandi,Bajra,2024-02-26,2200,2329,2262
West Bengal,Bardhaman,Kalna Mandi,Cotton,2024-02-26,6412,6851,6666
West Bengal,Bardhaman,Kalna Mandi,Maize,2024-03-01,1761,1875,1822
West Bengal,Bardhaman,Kalna Mandi,Wheat,2024-03-01,1592,1693,1635
West Bengal,Bardhaman,Kalna Mandi,Tomato,2024-03-01,1042,1738,1370
West Bengal,Bardhaman,Kalna Mandi,Onion,2024-03-01,1057,1467,1306
West Bengal,Bardhaman,Kalna Mandi,Bajra,2024-03-01,2146,2296,2214
West Bengal,Bardhaman,Kalna Mandi,Banana,2024-03-05,1120,1308,1201
West Bengal,Bardhaman,Kalna Mandi,Wheat,2024-03-05,1819,1913,1870
West Bengal,Bardhaman,Kalna Mandi,Onion,2024-03-05,878,1454,1189
West Bengal,Bardhaman,Kalna Mandi,Gram(Chana),2024-03-05,3867,4279,4030
West Bengal,Bardhaman,Kalna Mandi,Bajra,2024-03-05,2019,2246,2113
West Bengal,Bardhaman,Kalna Mandi,Cotton,2024-03-05,6209,6799,6498
West Bengal,Bardhaman,Kalna Mandi,Banana,2024-03-09,1044,1256,1142
West Bengal,Bardhaman,Kalna Mandi,Maize,2024-03-09,1802,1967,1892
West Bengal,Bardhaman,Kalna Mandi,Wheat,2024-03-09,1699,1778,1747
West Bengal,Bardhaman,Kalna Mandi,Tomato,2024-03-09,1114,1617,1393
West Bengal,Bardhaman,Kalna Mandi,Onion,2024-03-09,1089,1422,1246
West Bengal,Bardhaman,Kalna Mandi,Gram(Chana),2024-03-09,3910,4255,4092
West Bengal,Bardhaman,Kalna Mandi,Cotton,2024-03-09,6752,7366,7027
West Bengal,Bardhaman,Kalna Mandi,Banana,2024-03-13,1068,1346,1223
West Bengal,Bardhaman,Kalna Mandi,Maize,2024-03-13,1817,1985,1896
West Bengal,Bardhaman,Kalna Mandi,Tomato,2024-03-13,960,1632,1286
West Bengal,Bardhaman,Kalna Mandi,Gram(Chana),2024-03-13,3916,4496,4218
West Bengal,Bardhaman,Kalna Mandi,Bajra,2024-03-13,2041,2181,2102
West Bengal,Bardhaman,Kalna Mandi,Cotton,2024-03-13,6264,6723,6453
West Bengal,Bardhaman,Kalna Mandi,Banana,2024-03-17,1014,1371,1190
West Bengal,Bardhaman,Kalna Mandi,Maize,2024-03-17,1872,2024,1934
West Bengal,Bardhaman,Kalna Mandi,Wheat,2024-03-17,1765,1885,1813
West Bengal,Bardhaman,Kalna Mandi,Onion,2024-03-17,989,1443,1240
West Bengal,Bardhaman,Kalna Mandi,Gram(Chana),2024-03-17,4065,4362,4212
West Bengal,Bardhaman,Kalna Mandi,Bajra,2024-03-17,2019,2115,2065
West Bengal,Bardhaman,Kalna Mandi,Cotton,2024-03-17,6394,7197,6757
West Bengal,Bardhaman,Kalna Mandi,Banana,2024-03-21,1079,1329,1230
West Bengal,Bardhaman,Kalna Mandi,Onion,2024-03-21,1119,1508,1327
West Bengal,Bardhaman,Kalna Mandi,Gram(Chana),2024-03-21,4056,4621,4311
West Bengal,Bardhaman,Kalna Mandi,Cotton,2024-03-21,6218,7196,6743
West Bengal,Bardhaman,Kalna Mandi,Banana,2024-03-25,1101,1322,1197
West Bengal,Bardhaman,Kalna Mandi,Maize,2024-03-25,1889,2068,1975
West Bengal,Bardhaman,Kalna Mandi,Wheat,2024-03-25,1603,1685,1646
West Bengal,Bardhaman,Kalna Mandi,Tomato,2024-03-25,919,1664,1336
West Bengal,Bardhaman,Kalna Mandi,Onion,2024-03-25,973,1662,1319
West Bengal,Bardhaman,Kalna Mandi,Gram(Chana),2024-03-25,3963,4205,4079
West Bengal,Bardhaman,Kalna Mandi,Bajra,2024-03-25,2139,2323,2244
West Bengal,Bardhaman,Kalna Mandi,Cotton,2024-03-25,6053,6907,6457
West Bengal,Bardhaman,Kalna Mandi,Wheat,2024-03-29,1741,1826,1772
West Bengal,Bardhaman,Kalna Mandi,Tomato,2024-03-29,743,1691,1235
West Bengal,Bardhaman,Kalna Mandi,Onion,2024-03-29,979,1308,1144
West Bengal,Bardhaman,Kalna Mandi,Gram(Chana),2024-03-29,3594,4090,3805
West Bengal,Bardhaman,Kalna Mandi,Bajra,2024-03-29,1872,2033,1945
West Bengal,Bardhaman,Kalna Mandi,Cotton,2024-03-29,5904,6764,6329
West Bengal,Bardhaman,Kalna Mandi,Banana,2024-04-02,1050,1230,1124
West Bengal,Bardhaman,Kalna Mandi,Maize,2024-04-02,1811,1970,1901
West Bengal,Bardhaman,Kalna Mandi,Onion,2024-04-02,950,1304,1138
West Bengal,Bardhaman,Kalna Mandi,Bajra,2024-04-02,2098,2299,2176
West Bengal,Bardhaman,Kalna Mandi,Cotton,2024-04-02,6817,7260,6992
West Bengal,Bardhaman,Kalna Mandi,Banana,2024-04-06,1056,1224,1152
West Bengal,Bardhaman,Kalna Mandi,Maize,2024-04-06,1815,2007,1900
West Bengal,Bardhaman,Kalna Mandi,Tomato,2024-04-06,992,1574,1321
West Bengal,Bardhaman,Kalna Mandi,Onion,2024-04-06,1036,1367,1221
West Bengal,Bardhaman,Kalna Mandi,Gram(Chana),2024-04-06,3622,4130,3839
West Bengal,Bardhaman,Kalna Mandi,Bajra,2024-04-06,1886,2135,2035
West Bengal,Bardhaman,Kalna Mandi,Banana,2024-04-10,1144,1320,1213
West Bengal,Bardhaman,Kalna Mandi,Tomato,2024-04-10,922,1506,1211
West Bengal,Bardhaman,Kalna Mandi,Onion,2024-04-10,891,1406,1177
West Bengal,Bardhaman,Kalna Mandi,Gram(Chana),2024-04-10,3674,4094,3864
West Bengal,Bardhaman,Kalna Mandi,Bajra,2024-04-10,1914,2036,1972
West Bengal,Bardhaman,Kalna Mandi,Cotton,2024-04-10,6008,6932,6378
West Bengal,Bardhaman,Kalna Mandi,Banana,2024-04-14,1033,1284,1156
West Bengal,Bardhaman,Kalna Mandi,Wheat,2024-04-14,1685,1786,1732
West Bengal,Bardhaman,Kalna Mandi,Tomato,2024-04-14,985,1467,1232
West Bengal,Bardhaman,Kalna Mandi,Onion,2024-04-14,964,1623,1291
West Bengal,Bardhaman,Kalna Mandi,Cotton,2024-04-14,6567,7203,6863
West Bengal,Bardhaman,Kalna Mandi,Maize,2024-04-18,1757,1861,1816
West Bengal,Bardhaman,Kalna Mandi,Tomato,2024-04-18,989,1720,1359
West Bengal,Bardhaman,Kalna Mandi,Onion,2024-04-18,1095,1642,1325
West Bengal,Bardhaman,Kalna Mandi,Bajra,2024-04-18,2112,2366,2235
West Bengal,Bardhaman,Kalna Mandi,Cotton,2024-04-18,6706,7365,7092
West Bengal,Bardhaman,Kalna Mandi,Banana,2024-04-22,1080,1257,1190
West Bengal,Bardhaman,Kalna Mandi,Maize,2024-04-22,1796,2026,1916
West Bengal,Bardhaman,Kalna Mandi,Wheat,2024-04-22,1601,1723,1651
West Bengal,Bardhaman,Kalna Mandi,Tomato,2024-04-22,927,1498,1213
West Bengal,Bardhaman,Kalna Mandi,Gram(Chana),2024-04-22,4114,4407,4250
West Bengal,Bardhaman,Kalna Mandi,Bajra,2024-04-22,1977,2170,2076
West Bengal,Bardhaman,Kalna Mandi,Cotton,2024-04-22,6009,6882,6460
West Bengal,Bardhaman,Kalna Mandi,Maize,2024-04-26,1826,1973,1907
West Bengal,Bardhaman,Kalna Mandi,Tomato,2024-04-26,1030,1468,1258
West Bengal,Bardhaman,Kalna Mandi,Onion,2024-04-26,937,1424,1132
West Bengal,Bardhaman,Kalna Mandi,Cotton,2024-04-26,6864,7704,7273
West Bengal,Bardhaman,Kalna Mandi,Maize,2024-04-30,1956,2097,2029
West Bengal,Bardhaman,Kalna Mandi,Wheat,2024-04-30,1695,1803,1748
West Bengal,Bardhaman,Kalna Mandi,Tomato,2024-04-30,992,1512,1248
West Bengal,Bardhaman,Kalna Mandi,Onion,2024-04-30,898,1536,1178
West Bengal,Bardhaman,Kalna Mandi,Gram(Chana),2024-04-30,3786,4092,3938
West Bengal,Bardhaman,Kalna Mandi,Banana,2024-05-04,1003,1154,1069
West Bengal,Bardhaman,Kalna Mandi,Maize,2024-05-04,1827,1975,1905
West Bengal,Bardhaman,Kalna Mandi,Wheat,2024-05-04,1789,1886,1837
West Bengal,Bardhaman,Kalna Mandi,Onion,2024-05-04,1153,1885,1505
West Bengal,Bardhaman,Kalna Mandi,Gram(Chana),2024-05-04,4360,4891,4641
West Bengal,Bardhaman,Kalna Mandi,Bajra,2024-05-04,2115,2293,2184
West Bengal,Bardhaman,Kalna Mandi,Tomato,2024-05-08,1127,1615,1366
West Bengal,Bardhaman,Kalna Mandi,Onion,2024-05-08,1050,1708,1456
West Bengal,Bardhaman,Kalna Mandi,Gram(Chana),2024-05-08,4467,4978,4733
West Bengal,Bardhaman,Kalna Mandi,Bajra,2024-05-08,2137,2337,2222
West Bengal,Bardhaman,Kalna Mandi,Cotton,2024-05-08,6449,7034,6694
West Bengal,Bardhaman,Kalna Mandi,Banana,2024-05-12,976,1210,1108
West Bengal,Bardhaman,Kalna Mandi,Tomato,2024-05-12,955,1941,1353
West Bengal,Bardhaman,Kalna Mandi,Onion,2024-05-12,1163,1722,1397
West Bengal,Bardhaman,Kalna Mandi,Gram(Chana),2024-05-12,4470,4979,4707
West Bengal,Bardhaman,Kalna Mandi,Banana,2024-05-16,952,1203,1071
West Bengal,Bardhaman,Kalna Mandi,Maize,2024-05-16,1871,2134,2004
West Bengal,Bardhaman,Kalna Mandi,Wheat,2024-05-16,1638,1737,1677
West Bengal,Bardhaman,Kalna Mandi,Onion,2024-05-16,1223,1680,1438
West Bengal,Bardhaman,Kalna Mandi,Banana,2024-05-20,963,1270,1122
West Bengal,Bardhaman,Kalna Mandi,Maize,2024-05-20,1761,1850,1808
West Bengal,Bardhaman,Kalna Mandi,Wheat,2024-05-20,1755,1891,1830
West Bengal,Bardhaman,Kalna Mandi,Tomato,2024-05-20,942,1510,1224
West Bengal,Bardhaman,Kalna Mandi,Onion,2024-05-20,1321,1778,1514
West Bengal,Bardhaman,Kalna Mandi,Bajra,2024-05-20,1920,2061,1991
West Bengal,Bardhaman,Kalna Mandi,Banana,2024-05-24,1032,1412,1217
West Bengal,Bardhaman,Kalna Mandi,Wheat,2024-05-24,1731,1835,1784
West Bengal,Bardhaman,Kalna Mandi,Tomato,2024-05-24,925,1704,1367
West Bengal,Bardhaman,Kalna Mandi,Gram(Chana),2024-05-24,4584,5019,4821
West Bengal,Bardhaman,Kalna Mandi,Bajra,2024-05-24,1941,2175,2067
West Bengal,Bardhaman,Kalna Mandi,Banana,2024-05-28,1080,1270,1179
West Bengal,Bardhaman,Kalna Mandi,Maize,2024-05-28,1831,2095,1974
West Bengal,Bardhaman,Kalna Mandi,Wheat,2024-05-28,1575,1712,1650
West Bengal,Bardhaman,Kalna Mandi,Onion,2024-05-28,1182,1796,1496
West Bengal,Bardhaman,Kalna Mandi,Gram(Chana),2024-05-28,4626,5038,4797
West Bengal,Bardhaman,Kalna Mandi,Bajra,2024-05-28,1945,2178,2080
West Bengal,Bardhaman,Kalna Mandi,Cotton,2024-05-28,6405,7474,6971
West Bengal,Bardhaman,Kalna Mandi,Banana,2024-06-01,1050,1323,1163
West Bengal,Bardhaman,Kalna Mandi,Maize,2024-06-01,1685,1913,1802
West Bengal,Bardhaman,Kalna Mandi,Tomato,2024-06-01,896,1813,1310
West Bengal,Bardhaman,Kalna Mandi,Onion,2024-06-01,1164,1765,1483
West Bengal,Bardhaman,Kalna Mandi,Gram(Chana),2024-06-01,4460,4994,4703
West Bengal,Bardhaman,Kalna Mandi,Bajra,2024-06-01,2002,2118,2056
West Bengal,Bardhaman,Kalna Mandi,Cotton,2024-06-01,6339,7393,6933
West Bengal,Bardhaman,Kalna Mandi,Maize,2024-06-05,1923,2087,2004
West Bengal,Bardhaman,Kalna Mandi,Wheat,2024-06-05,2085,2201,2140
West Bengal,Bardhaman,Kalna Mandi,Tomato,2024-06-05,977,1690,1315
West Bengal,Bardhaman,Kalna Mandi,Onion,2024-06-05,1029,1882,1509
West Bengal,Bardhaman,Kalna Mandi,Gram(Chana),2024-06-05,5141,5692,5382
West Bengal,Bardhaman,Kalna Mandi,Bajra,2024-06-05,1942,2052,2000
West Bengal,Bardhaman,Kalna Mandi,Banana,2024-06-09,1052,1240,1154
West Bengal,Bardhaman,Kalna Mandi,Tomato,2024-06-09,1040,1480,1291
West Bengal,Bardhaman,Kalna Mandi,Onion,2024-06-09,1168,1727,1425
West Bengal,Bardhaman,Kalna Mandi,Bajra,2024-06-09,2028,2233,2150
West Bengal,Bardhaman,Kalna Mandi,Cotton,2024-06-09,6727,7604,7204
West Bengal,Bardhaman,Kalna Mandi,Banana,2024-06-13,1079,1350,1238
West Bengal,Bardhaman,Kalna Mandi,Wheat,2024-06-13,1967,2104,2040
West Bengal,Bardhaman,Kalna Mandi,Onion,2024-06-13,1278,1904,1586
West Bengal,Bardhaman,Kalna Mandi,Gram(Chana),2024-06-13,4946,5424,5182
West Bengal,Bardhaman,Kalna Mandi,Bajra,2024-06-13,2201,2341,2267
West Bengal,Bardhaman,Kalna Mandi,Cotton,2024-06-13,6297,7464,6909
West Bengal,Bardhaman,Kalna Mandi,Banana,2024-06-17,997,1435,1228
West Bengal,Bardhaman,Kalna Mandi,Maize,2024-06-17,1849,2003,1936
West Bengal,Bardhaman,Kalna Mandi,Wheat,2024-06-17,1974,2112,2029
West Bengal,Bardhaman,Kalna Mandi,Tomato,2024-06-17,927,1699,1326
West Bengal,Bardhaman,Kalna Mandi,Bajra,2024-06-17,1820,2029,1933
West Bengal,Bardhaman,Kalna Mandi,Banana,2024-06-21,1109,1319,1218
West Bengal,Bardhaman,Kalna Mandi,Maize,2024-06-21,1803,2038,1916
West Bengal,Bardhaman,Kalna Mandi,Wheat,2024-06-21,1951,2073,2022
West Bengal,Bardhaman,Kalna Mandi,Tomato,2024-06-21,805,1614,1280
West Bengal,Bardhaman,Kalna Mandi,Gram(Chana),2024-06-21,4586,5238,4920
West Bengal,Bardhaman,Kalna Mandi,Bajra,2024-06-21,1970,2218,2091
West Bengal,Bardhaman,Kalna Mandi,Banana,2024-06-25,995,1139,1078
West Bengal,Bardhaman,Kalna Mandi,Maize,2024-06-25,1813,1937,1873
West Bengal,Bardhaman,Kalna Mandi,Wheat,2024-06-25,2085,2245,2162
West Bengal,Bardhaman,Kalna Mandi,Tomato,2024-06-25,873,1627,1283
West Bengal,Bardhaman,Kalna Mandi,Onion,2024-06-25,1182,1593,1413
West Bengal,Bardhaman,Kalna Mandi,Bajra,2024-06-25,1979,2210,2070
West Bengal,Bardhaman,Kalna Mandi,Cotton,2024-06-25,6092,7296,6699
West Bengal,Bardhaman,Kalna Mandi,Banana,2024-06-29,1054,1321,1162
West Bengal,Bardhaman,Kalna Mandi,Maize,2024-06-29,1774,1993,1889
West Bengal,Bardhaman,Kalna Mandi,Wheat,2024-06-29,1923,2109,2010
West Bengal,Bardhaman,Kalna Mandi,Tomato,2024-06-29,980,1630,1294
West Bengal,Bardhaman,Kalna Mandi,Onion,2024-06-29,1168,1804,1471
West Bengal,Bardhaman,Kalna Mandi,Bajra,2024-06-29,1996,2169,2082
West Bengal,Bardhaman,Kalna Mandi,Banana,2024-07-03,1064,1320,1177
West Bengal,Bardhaman,Kalna Mandi,Maize,2024-07-03,1762,1916,1836
West Bengal,Bardhaman,Kalna Mandi,Tomato,2024-07-03,1002,1805,1312
West Bengal,Bardhaman,Kalna Mandi,Onion,2024-07-03,1238,1893,1608
West Bengal,Bardhaman,Kalna Mandi,Cotton,2024-07-03,6386,7030,6771
West Bengal,Bardhaman,Kalna Mandi,Banana,2024-07-07,986,1217,1106
West Bengal,Bardhaman,Kalna Mandi,Wheat,2024-07-07,1916,2066,1984
West Bengal,Bardhaman,Kalna Mandi,Tomato,2024-07-07,1020,1492,1273
West Bengal,Bardhaman,Kalna Mandi,Bajra,2024-07-07,2098,2380,2230
West Bengal,Bardhaman,Kalna Mandi,Banana,2024-07-11,985,1155,1067
West Bengal,Bardhaman,Kalna Mandi,Maize,2024-07-11,1722,1843,1787
West Bengal,Bardhaman,Kalna Mandi,Wheat,2024-07-11,1965,2061,2011
West Bengal,Bardhaman,Kalna Mandi,Tomato,2024-07-11,1078,1591,1304
West Bengal,Bardhaman,Kalna Mandi,Onion,2024-07-11,1283,1744,1472
West Bengal,Bardhaman,Kalna Mandi,Bajra,2024-07-11,1899,2130,2012
West Bengal,Bardhaman,Kalna Mandi,Banana,2024-07-15,918,1229,1076
West Bengal,Bardhaman,Kalna Mandi,Wheat,2024-07-15,2179,2314,2239
West Bengal,Bardhaman,Kalna Mandi,Gram(Chana),2024-07-15,4818,5072,4946
West Bengal,Bardhaman,Kalna Mandi,Bajra,2024-07-15,1960,2197,2085
West Bengal,Bardhaman,Kalna Mandi,Cotton,2024-07-15,6700,7546,7058
West Bengal,Bardhaman,Kalna Mandi,Banana,2024-07-19,973,1180,1086
West Bengal,Bardhaman,Kalna Mandi,Wheat,2024-07-19,2180,2272,2219
West Bengal,Bardhaman,Kalna Mandi,Tomato,2024-07-19,996,1787,1358
West Bengal,Bardhaman,Kalna Mandi,Onion,2024-07-19,1213,1840,1566
West Bengal,Bardhaman,Kalna Mandi,Gram(Chana),2024-07-19,4867,5473,5243
West Bengal,Bardhaman,Kalna Mandi,Bajra,2024-07-19,2044,2194,2105
West Bengal,Bardhaman,Kalna Mandi,Cotton,2024-07-19,6714,7378,7045
West Bengal,Bardhaman,Kalna Mandi,Banana,2024-07-23,1066,1317,1208
West Bengal,Bardhaman,Kalna Mandi,Maize,2024-07-23,1906,2053,1973
West Bengal,Bardhaman,Kalna Mandi,Wheat,2024-07-23,2002,2178,2086
West Bengal,Bardhaman,Kalna Mandi,Tomato,2024-07-23,944,1608,1292
West Bengal,Bardhaman,Kalna Mandi,Onion,2024-07-23,1179,1786,1424
West Bengal,Bardhaman,Kalna Mandi,Cotton,2024-07-23,6908,7477,7141
West Bengal,Bardhaman,Kalna Mandi,Banana,2024-07-27,1083,1298,1180
West Bengal,Bardhaman,Kalna Mandi,Tomato,2024-07-27,759,1694,1238
West Bengal,Bardhaman,Kalna Mandi,Onion,2024-07-27,1142,1991,1592
West Bengal,Bardhaman,Kalna Mandi,Gram(Chana),2024-07-27,4577,5024,4821
West Bengal,Bardhaman,Kalna Mandi,Bajra,2024-07-27,2012,2295,2140
West Bengal,Bardhaman,Kalna Mandi,Cotton,2024-07-27,6169,7325,6817
West Bengal,Bardhaman,Kalna Mandi,Banana,2024-07-31,1052,1374,1198
West Bengal,Bardhaman,Kalna Mandi,Maize,2024-07-31,1851,1986,1922
West Bengal,Bardhaman,Kalna Mandi,Wheat,2024-07-31,2060,2199,2137
West Bengal,Bardhaman,Kalna Mandi,Tomato,2024-07-31,1068,1524,1260
West Bengal,Bardhaman,Kalna Mandi,Onion,2024-07-31,1178,1744,1500
West Bengal,Bardhaman,Kalna Mandi,Gram(Chana),2024-07-31,4354,4912,4614
West Bengal,Bardhaman,Kalna Mandi,Bajra,2024-07-31,2148,2383,2255
West Bengal,Bardhaman,Kalna Mandi,Cotton,2024-07-31,6914,7675,7319
West Bengal,Bardhaman,Kalna Mandi,Maize,2024-08-04,1913,2104,2013
West Bengal,Bardhaman,Kalna Mandi,Wheat,2024-08-04,1905,2046,1984
West Bengal,Bardhaman,Kalna Mandi,Onion,2024-08-04,1212,1578,1440
West Bengal,Bardhaman,Kalna Mandi,Gram(Chana),2024-08-04,4400,4912,4663
West Bengal,Bardhaman,Kalna Mandi,Bajra,2024-08-04,1812,2037,1940
West Bengal,Bardhaman,Kalna Mandi,Cotton,2024-08-04,6574,7127,6840
West Bengal,Bardhaman,Kalna Mandi,Maize,2024-08-08,1818,2036,1911
West Bengal,Bardhaman,Kalna Mandi,Wheat,2024-08-08,2012,2191,2082
West Bengal,Bardhaman,Kalna Mandi,Tomato,2024-08-08,1034,1833,1386
West Bengal,Bardhaman,Kalna Mandi,Onion,2024-08-08,1256,1994,1541
West Bengal,Bardhaman,Kalna Mandi,Gram(Chana),2024-08-08,4647,5182,4881
West Bengal,Bardhaman,Kalna Mandi,Cotton,2024-08-08,6759,7336,7056
West Bengal,Bardhaman,Kalna Mandi,Banana,2024-08-12,1012,1308,1182
West Bengal,Bardhaman,Kalna Mandi,Maize,2024-08-12,1883,2049,1975
West Bengal,Bardhaman,Kalna Mandi,Tomato,2024-08-12,1013,1761,1361
West Bengal,Bardhaman,Kalna Mandi,Bajra,2024-08-12,2096,2278,2177
West Bengal,Bardhaman,Kalna Mandi,Banana,2024-08-16,1019,1265,1137
West Bengal,Bardhaman,Kalna Mandi,Maize,2024-08-16,1784,1969,1890
West Bengal,Bardhaman,Kalna Mandi,Wheat,2024-08-16,2033,2144,2090
West Bengal,Bardhaman,Kalna Mandi,Tomato,2024-08-16,850,1695,1243
West Bengal,Bardhaman,Kalna Mandi,Onion,2024-08-16,1172,1934,1537
West Bengal,Bardhaman,Kalna Mandi,Bajra,2024-08-16,1922,2165,2046
West Bengal,Bardhaman,Kalna Mandi,Banana,2024-08-20,966,1236,1105
West Bengal,Bardhaman,Kalna Mandi,Maize,2024-08-20,1869,2010,1938
West Bengal,Bardhaman,Kalna Mandi,Wheat,2024-08-20,2220,2399,2293
West Bengal,Bardhaman,Kalna Mandi,Onion,2024-08-20,1428,1757,1581
West Bengal,Bardhaman,Kalna Mandi,Gram(Chana),2024-08-20,5007,5563,5276
West Bengal,Bardhaman,Kalna Mandi,Bajra,2024-08-20,1915,2100,1987
West Bengal,Bardhaman,Kalna Mandi,Cotton,2024-08-20,6283,6919,6607
West Bengal,Bardhaman,Kalna Mandi,Banana,2024-08-24,1074,1406,1211
West Bengal,Bardhaman,Kalna Mandi,Wheat,2024-08-24,2240,2430,2312
West Bengal,Bardhaman,Kalna Mandi,Tomato,2024-08-24,961,1619,1211
West Bengal,Bardhaman,Kalna Mandi,Onion,2024-08-24,1179,1554,1395
West Bengal,Bardhaman,Kalna Mandi,Banana,2024-08-28,972,1254,1089
West Bengal,Bardhaman,Kalna Mandi,Maize,2024-08-28,1724,1818,1782
West Bengal,Bardhaman,Kalna Mandi,Tomato,2024-08-28,1015,1502,1246
West Bengal,Bardhaman,Kalna Mandi,Onion,2024-08-28,1194,1803,1465
West Bengal,Bardhaman,Kalna Mandi,Bajra,2024-08-28,1961,2140,2055
West Bengal,Bardhaman,Kalna Mandi,Cotton,2024-08-28,6312,7437,6839
West Bengal,Bardhaman,Kalna Mandi,Banana,2024-09-01,973,1322,1145
West Bengal,Bardhaman,Kalna Mandi,Maize,2024-09-01,1574,1682,1622
West Bengal,Bardhaman,Kalna Mandi,Wheat,2024-09-01,2035,2148,2096
West Bengal,Bardhaman,Kalna Mandi,Tomato,2024-09-01,934,1684,1283
West Bengal,Bardhaman,Kalna Mandi,Onion,2024-09-01,1263,1865,1582
West Bengal,Bardhaman,Kalna Mandi,Bajra,2024-09-01,1524,1655,1600
West Bengal,Bardhaman,Kalna Mandi,Cotton,2024-09-01,6508,7375,6980
West Bengal,Bardhaman,Kalna Mandi,Banana,2024-09-05,1012,1332,1187
West Bengal,Bardhaman,Kalna Mandi,Maize,2024-09-05,1568,1655,1612
West Bengal,Bardhaman,Kalna Mandi,Onion,2024-09-05,1124,1676,1434
West Bengal,Bardhaman,Kalna Mandi,Gram(Chana),2024-09-05,4589,5008,4762
West Bengal,Bardhaman,Kalna Mandi,Cotton,2024-09-05,6129,6705,6393
West Bengal,Bardhaman,Kalna Mandi,Banana,2024-09-09,994,1301,1112
West Bengal,Bardhaman,Kalna Mandi,Maize,2024-09-09,1559,1654,1605
West Bengal,Bardhaman,Kalna Mandi,Wheat,2024-09-09,2034,2129,2073
West Bengal,Bardhaman,Kalna Mandi,Tomato,2024-09-09,991,1699,1398
West Bengal,Bardhaman,Kalna Mandi,Gram(Chana),2024-09-09,4563,4971,4784
West Bengal,Bardhaman,Kalna Mandi,Bajra,2024-09-09,1622,1794,1715
West Bengal,Bardhaman,Kalna Mandi,Banana,2024-09-13,1024,1203,1108
West Bengal,Bardhaman,Kalna Mandi,Maize,2024-09-13,1575,1787,1671
West Bengal,Bardhaman,Kalna Mandi,Wheat,2024-09-13,2159,2337,2246
West Bengal,Bardhaman,Kalna Mandi,Tomato,2024-09-13,1053,1706,1349
West Bengal,Bardhaman,Kalna Mandi,Onion,2024-09-13,1170,1669,1396
West Bengal,Bardhaman,Kalna Mandi,Bajra,2024-09-13,1517,1671,1606
West Bengal,Bardhaman,Kalna Mandi,Cotton,2024-09-13,6101,6611,6351
West Bengal,Bardhaman,Kalna Mandi,Maize,2024-09-17,1415,1513,1467
West Bengal,Bardhaman,Kalna Mandi,Wheat,2024-09-17,1955,2125,2047
West Bengal,Bardhaman,Kalna Mandi,Tomato,2024-09-17,967,1877,1399
West Bengal,Bardhaman,Kalna Mandi,Onion,2024-09-17,1180,1827,1559
West Bengal,Bardhaman,Kalna Mandi,Gram(Chana),2024-09-17,4698,5410,5018
West Bengal,Bardhaman,Kalna Mandi,Cotton,2024-09-17,5837,6930,6389
West Bengal,Bardhaman,Kalna Mandi,Banana,2024-09-21,1089,1270,1169
West Bengal,Bardhaman,Kalna Mandi,Maize,2024-09-21,1555,1659,1619
West Bengal,Bardhaman,Kalna Mandi,Wheat,2024-09-21,2066,2155,2111
West Bengal,Bardhaman,Kalna Mandi,Tomato,2024-09-21,866,1881,1396
West Bengal,Bardhaman,Kalna Mandi,Onion,2024-09-21,1038,1748,1443
West Bengal,Bardhaman,Kalna Mandi,Bajra,2024-09-21,1772,1886,1840
West Bengal,Bardhaman,Kalna Mandi,Cotton,2024-09-21,6190,6886,6587
West Bengal,Bardhaman,Kalna Mandi,Banana,2024-09-25,1063,1307,1179
West Bengal,Bardhaman,Kalna Mandi,Wheat,2024-09-25,2081,2197,2139
West Bengal,Bardhaman,Kalna Mandi,Tomato,2024-09-25,1044,1590,1304
West Bengal,Bardhaman,Kalna Mandi,Onion,2024-09-25,1321,1809,1535
West Bengal,Bardhaman,Kalna Mandi,Gram(Chana),2024-09-25,4947,5720,5349
West Bengal,Bardhaman,Kalna Mandi,Maize,2024-09-29,1573,1732,1661
West Bengal,Bardhaman,Kalna Mandi,Wheat,2024-09-29,2150,2309,2223
West Bengal,Bardhaman,Kalna Mandi,Tomato,2024-09-29,959,1521,1247
West Bengal,Bardhaman,Kalna Mandi,Onion,2024-09-29,1217,1930,1505
West Bengal,Bardhaman,Kalna Mandi,Gram(Chana),2024-09-29,4492,5214,4838
West Bengal,Bardhaman,Kalna Mandi,Cotton,2024-09-29,6164,6974,6561
West Bengal,Bardhaman,Kalna Mandi,Banana,2024-10-03,1055,1280,1165
West Bengal,Bardhaman,Kalna Mandi,Maize,2024-10-03,1477,1593,1535
West Bengal,Bardhaman,Kalna Mandi,Tomato,2024-10-03,1017,1559,1270
West Bengal,Bardhaman,Kalna Mandi,Onion,2024-10-03,1268,1784,1537
West Bengal,Bardhaman,Kalna Mandi,Gram(Chana),2024-10-03,4844,5330,5057
West Bengal,Bardhaman,Kalna Mandi,Bajra,2024-10-03,1634,1719,1674
West Bengal,Bardhaman,Kalna Mandi,Banana,2024-10-07,997,1167,1097
West Bengal,Bardhaman,Kalna Mandi,Maize,2024-10-07,1390,1522,1460
West Bengal,Bardhaman,Kalna Mandi,Wheat,2024-10-07,1978,2165,2054
West Bengal,Bardhaman,Kalna Mandi,Onion,2024-10-07,1305,1685,1450
West Bengal,Bardhaman,Kalna Mandi,Gram(Chana),2024-10-07,4438,4828,4631
West Bengal,Bardhaman,Kalna Mandi,Bajra,2024-10-07,1586,1697,1646
West Bengal,Bardhaman,Kalna Mandi,Cotton,2024-10-07,6313,7016,6718
West Bengal,Bardhaman,Kalna Mandi,Banana,2024-10-11,956,1295,1150
West Bengal,Bardhaman,Kalna Mandi,Maize,2024-10-11,1449,1560,1516
West Bengal,Bardhaman,Kalna Mandi,Tomato,2024-10-11,811,1608,1203
West Bengal,Bardhaman,Kalna Mandi,Onion,2024-10-11,1353,1812,1609
West Bengal,Bardhaman,Kalna Mandi,Gram(Chana),2024-10-11,4533,5043,4795
West Bengal,Bardhaman,Kalna Mandi,Bajra,2024-10-11,1564,1669,1618
West Bengal,Bardhaman,Kalna Mandi,Cotton,2024-10-11,6787,7363,7116
West Bengal,Bardhaman,Kalna Mandi,Banana,2024-10-15,933,1240,1103
West Bengal,Bardhaman,Kalna Mandi,Maize,2024-10-15,1396,1516,1458
West Bengal,Bardhaman,Kalna Mandi,Wheat,2024-10-15,2022,2106,2065
West Bengal,Bardhaman,Kalna Mandi,Tomato,2024-10-15,990,1839,1302
West Bengal,Bardhaman,Kalna Mandi,Gram(Chana),2024-10-15,4420,4982,4654
West Bengal,Bardhaman,Kalna Mandi,Bajra,2024-10-15,1737,1835,1778
West Bengal,Bardhaman,Kalna Mandi,Cotton,2024-10-15,6753,7329,6973
West Bengal,Bardhaman,Kalna Mandi,Banana,2024-10-19,984,1299,1138
West Bengal,Bardhaman,Kalna Mandi,Tomato,2024-10-19,966,1804,1372
West Bengal,Bardhaman,Kalna Mandi,Onion,2024-10-19,1112,1625,1405
West Bengal,Bardhaman,Kalna Mandi,Gram(Chana),2024-10-19,4940,5448,5177
West Bengal,Bardhaman,Kalna Mandi,Bajra,2024-10-19,1549,1695,1619
West Bengal,Bardhaman,Kalna Mandi,Cotton,2024-10-19,6097,6637,6316
West Bengal,Bardhaman,Kalna Mandi,Maize,2024-10-23,1439,1608,1515
West Bengal,Bardhaman,Kalna Mandi,Tomato,2024-10-23,934,1549,1281
West Bengal,Bardhaman,Kalna Mandi,Onion,2024-10-23,1167,1707,1475
West Bengal,Bardhaman,Kalna Mandi,Gram(Chana),2024-10-23,4692,4954,4812
West Bengal,Bardhaman,Kalna Mandi,Cotton,2024-10-23,6376,6824,6573
West Bengal,Bardhaman,Kalna Mandi,Banana,2024-10-27,1116,1282,1193
West Bengal,Bardhaman,Kalna Mandi,Wheat,2024-10-27,1988,2114,2051
West Bengal,Bardhaman,Kalna Mandi,Tomato,2024-10-27,866,1564,1255
West Bengal,Bardhaman,Kalna Mandi,Bajra,2024-10-27,1778,1915,1839
West Bengal,Bardhaman,Kalna Mandi,Banana,2024-10-31,986,1341,1151
West Bengal,Bardhaman,Kalna Mandi,Maize,2024-10-31,1390,1465,1434
West Bengal,Bardhaman,Kalna Mandi,Wheat,2024-10-31,2180,2351,2264
West Bengal,Bardhaman,Kalna Mandi,Tomato,2024-10-31,1083,1647,1392
West Bengal,Bardhaman,Kalna Mandi,Gram(Chana),2024-10-31,4853,5307,5039
West Bengal,Bardhaman,Kalna Mandi,Bajra,2024-10-31,1603,1732,1676
West Bengal,Bardhaman,Kalna Mandi,Cotton,2024-10-31,6173,6833,6556
West Bengal,Bardhaman,Kalna Mandi,Maize,2024-11-04,1881,2030,1960
West Bengal,Bardhaman,Kalna Mandi,Wheat,2024-11-04,2023,2171,2114
West Bengal,Bardhaman,Kalna Mandi,Tomato,2024-11-04,906,1184,1022
West Bengal,Bardhaman,Kalna Mandi,Onion,2024-11-04,955,1554,1263
West Bengal,Bardhaman,Kalna Mandi,Gram(Chana),2024-11-04,4404,5000,4732
West Bengal,Bardhaman,Kalna Mandi,Bajra,2024-11-04,1934,2115,2036
West Bengal,Bardhaman,Kalna Mandi,Maize,2024-11-08,1966,2101,2034
West Bengal,Bardhaman,Kalna Mandi,Wheat,2024-11-08,2023,2160,2090
West Bengal,Bardhaman,Kalna Mandi,Tomato,2024-11-08,862,1300,1067
West Bengal,Bardhaman,Kalna Mandi,Onion,2024-11-08,1117,1456,1315
West Bengal,Bardhaman,Kalna Mandi,Gram(Chana),2024-11-08,4543,4857,4705
West Bengal,Bardhaman,Kalna Mandi,Bajra,2024-11-08,1994,2143,2078
West Bengal,Bardhaman,Kalna Mandi,Banana,2024-11-12,957,1210,1083
West Bengal,Bardhaman,Kalna Mandi,Tomato,2024-11-12,893,1265,1064
West Bengal,Bardhaman,Kalna Mandi,Onion,2024-11-12,997,1557,1250
West Bengal,Bardhaman,Kalna Mandi,Gram(Chana),2024-11-12,4882,5300,5106
West Bengal,Bardhaman,Kalna Mandi,Bajra,2024-11-12,1970,2133,2031
West Bengal,Bardhaman,Kalna Mandi,Maize,2024-11-16,1924,2181,2050
West Bengal,Bardhaman,Kalna Mandi,Wheat,2024-11-16,2008,2141,2059
West Bengal,Bardhaman,Kalna Mandi,Tomato,2024-11-16,873,1192,1011
West Bengal,Bardhaman,Kalna Mandi,Onion,2024-11-16,1016,1616,1324
West Bengal,Bardhaman,Kalna Mandi,Gram(Chana),2024-11-16,4394,4985,4629
West Bengal,Bardhaman,Kalna Mandi,Bajra,2024-11-16,2013,2282,2172
West Bengal,Bardhaman,Kalna Mandi,Cotton,2024-11-16,5184,5774,5423
West Bengal,Bardhaman,Kalna Mandi,Banana,2024-11-20,1009,1343,1176
West Bengal,Bardhaman,Kalna Mandi,Maize,2024-11-20,1952,2175,2046
West Bengal,Bardhaman,Kalna Mandi,Wheat,2024-11-20,2023,2200,2098
West Bengal,Bardhaman,Kalna Mandi,Onion,2024-11-20,1099,1525,1312
West Bengal,Bardhaman,Kalna Mandi,Cotton,2024-11-20,5133,5906,5555
West Bengal,Bardhaman,Kalna Mandi,Banana,2024-11-24,1056,1356,1200
West Bengal,Bardhaman,Kalna Mandi,Maize,2024-11-24,1986,2105,2050
West Bengal,Bardhaman,Kalna Mandi,Tomato,2024-11-24,840,1286,1068
West Bengal,Bardhaman,Kalna Mandi,Onion,2024-11-24,1136,1589,1325
West Bengal,Bardhaman,Kalna Mandi,Gram(Chana),2024-11-24,4596,5236,4974
West Bengal,Bardhaman,Kalna Mandi,Bajra,2024-11-24,1838,2072,1960
West Bengal,Bardhaman,Kalna Mandi,Cotton,2024-11-24,5233,5964,5630
West Bengal,Bardhaman,Kalna Mandi,Banana,2024-11-28,1020,1258,1128
West Bengal,Bardhaman,Kalna Mandi,Maize,2024-11-28,1653,1875,1771
West Bengal,Bardhaman,Kalna Mandi,Wheat,2024-11-28,1950,2042,2007
West Bengal,Bardhaman,Kalna Mandi,Tomato,2024-11-28,652,1302,1028
West Bengal,Bardhaman,Kalna Mandi,Onion,2024-11-28,962,1406,1196
West Bengal,Bardhaman,Kalna Mandi,Gram(Chana),2024-11-28,4983,5595,5349
West Bengal,Bardhaman,Kalna Mandi,Bajra,2024-11-28,2028,2263,2157
West Bengal,Bardhaman,Kalna Mandi,Banana,2024-12-02,995,1390,1193
West Bengal,Bardhaman,Kalna Mandi,Maize,2024-12-02,1906,2139,2017
West Bengal,Bardhaman,Kalna Mandi,Wheat,2024-12-02,2271,2343,2306
West Bengal,Bardhaman,Kalna Mandi,Tomato,2024-12-02,744,1456,1114
West Bengal,Bardhaman,Kalna Mandi,Bajra,2024-12-02,2092,2234,2166
West Bengal,Bardhaman,Kalna Mandi,Cotton,2024-12-02,5420,5854,5621
West Bengal,Bardhaman,Kalna Mandi,Banana,2024-12-06,1046,1260,1154
West Bengal,Bardhaman,Kalna Mandi,Maize,2024-12-06,1892,2138,2014
West Bengal,Bardhaman,Kalna Mandi,Wheat,2024-12-06,1954,2062,2007
West Bengal,Bardhaman,Kalna Mandi,Tomato,2024-12-06,783,1179,996
West Bengal,Bardhaman,Kalna Mandi,Onion,2024-12-06,917,1661,1261
West Bengal,Bardhaman,Kalna Mandi,Gram(Chana),2024-12-06,4895,5311,5108
West Bengal,Bardhaman,Kalna Mandi,Bajra,2024-12-06,2023,2136,2078
West Bengal,Bardhaman,Kalna Mandi,Cotton,2024-12-06,5233,6015,5635
West Bengal,Bardhaman,Kalna Mandi,Banana,2024-12-10,1031,1243,1133
West Bengal,Bardhaman,Kalna Mandi,Maize,2024-12-10,1719,1892,1813
West Bengal,Bardhaman,Kalna Mandi,Tomato,2024-12-10,778,1329,1033
West Bengal,Bardhaman,Kalna Mandi,Gram(Chana),2024-12-10,5128,5467,5304
West Bengal,Bardhaman,Kalna Mandi,Bajra,2024-12-10,1977,2098,2037
West Bengal,Bardhaman,Kalna Mandi,Cotton,2024-12-10,5352,6046,5669
West Bengal,Bardhaman,Kalna Mandi,Tomato,2024-12-14,817,1378,1098
West Bengal,Bardhaman,Kalna Mandi,Onion,2024-12-14,948,1502,1231
West Bengal,Bardhaman,Kalna Mandi,Gram(Chana),2024-12-14,4637,4982,4811
West Bengal,Bardhaman,Kalna Mandi,Bajra,2024-12-14,1890,2084,1974
West Bengal,Bardhaman,Kalna Mandi,Banana,2024-12-18,1076,1373,1227
West Bengal,Bardhaman,Kalna Mandi,Wheat,2024-12-18,1947,2096,2013
West Bengal,Bardhaman,Kalna Mandi,Tomato,2024-12-18,712,1408,1107
West Bengal,Bardhaman,Kalna Mandi,Gram(Chana),2024-12-18,5156,5404,5282
West Bengal,Bardhaman,Kalna Mandi,Bajra,2024-12-18,2142,2315,2222
West Bengal,Bardhaman,Kalna Mandi,Cotton,2024-12-18,5270,5961,5552
West Bengal,Bardhaman,Kalna Mandi,Maize,2024-12-22,1712,1842,1781
West Bengal,Bardhaman,Kalna Mandi,Wheat,2024-12-22,2003,2144,2075
West Bengal,Bardhaman,Kalna Mandi,Gram(Chana),2024-12-22,4628,5305,5019
West Bengal,Bardhaman,Kalna Mandi,Bajra,2024-12-22,2203,2324,2251
West Bengal,Bardhaman,Kalna Mandi,Banana,2024-12-26,1047,1323,1198
West Bengal,Bardhaman,Kalna Mandi,Wheat,2024-12-26,2117,2254,2178
West Bengal,Bardhaman,Kalna Mandi,Tomato,2024-12-26,879,1285,1087
West Bengal,Bardhaman,Kalna Mandi,Onion,2024-12-26,1115,1493,1319
West Bengal,Bardhaman,Kalna Mandi,Gram(Chana),2024-12-26,4959,5471,5185
West Bengal,Bardhaman,Kalna Mandi,Banana,2024-12-30,1055,1350,1207
West Bengal,Bardhaman,Kalna Mandi,Tomato,2024-12-30,657,1479,1082
West Bengal,Bardhaman,Kalna Mandi,Onion,2024-12-30,1049,1485,1276
West Bengal,Bardhaman,Kalna Mandi,Bajra,2024-12-30,1888,2078,1985
West Bengal,Bardhaman,Kalna Mandi,Cotton,2024-12-30,5076,5623,5309
Odisha,Cuttack,Athagarh Mandi,Paddy(Dhan),2024-01-01,1882,2043,1964
Odisha,Cuttack,Athagarh Mandi,Turmeric,2024-01-01,7337,8477,7828
Odisha,Cuttack,Athagarh Mandi,Tomato,2024-01-01,946,1375,1123
Odisha,Cuttack,Athagarh Mandi,Jowar,2024-01-01,2374,2612,2486
Odisha,Cuttack,Athagarh Mandi,Maize,2024-01-01,1745,1962,1866
Odisha,Cuttack,Athagarh Mandi,Potato,2024-01-01,765,992,884
Odisha,Cuttack,Athagarh Mandi,Mango,2024-01-01,2907,3872,3309
Odisha,Cuttack,Athagarh Mandi,Paddy(Dhan),2024-01-05,2024,2193,2121
Odisha,Cuttack,Athagarh Mandi,Wheat,2024-01-05,2147,2314,2244
Odisha,Cuttack,Athagarh Mandi,Jowar,2024-01-05,2574,2883,2721
Odisha,Cuttack,Athagarh Mandi,Maize,2024-01-05,1828,1931,1891
Odisha,Cuttack,Athagarh Mandi,Mango,2024-01-05,3147,3736,3442
Odisha,Cuttack,Athagarh Mandi,Turmeric,2024-01-09,6574,8293,7316
Odisha,Cuttack,Athagarh Mandi,Wheat,2024-01-09,2171,2377,2284
Odisha,Cuttack,Athagarh Mandi,Tomato,2024-01-09,736,1463,1116
Odisha,Cuttack,Athagarh Mandi,Jowar,2024-01-09,2604,2931,2806
Odisha,Cuttack,Athagarh Mandi,Maize,2024-01-09,1835,1941,1894
Odisha,Cuttack,Athagarh Mandi,Potato,2024-01-09,814,1016,937
Odisha,Cuttack,Athagarh Mandi,Mango,2024-01-09,2521,3425,2968
Odisha,Cuttack,Athagarh Mandi,Paddy(Dhan),2024-01-13,2035,2221,2133
Odisha,Cuttack,Athagarh Mandi,Wheat,2024-01-13,1952,2115,2044
Odisha,Cuttack,Athagarh Mandi,Tomato,2024-01-13,830,1347,1072
Odisha,Cuttack,Athagarh Mandi,Mustard,2024-01-13,4801,5122,4972
Odisha,Cuttack,Athagarh Mandi,Maize,2024-01-13,1872,2097,1972
Odisha,Cuttack,Athagarh Mandi,Paddy(Dhan),2024-01-17,1925,2028,1983
Odisha,Cuttack,Athagarh Mandi,Turmeric,2024-01-17,6311,7617,6974
Odisha,Cuttack,Athagarh Mandi,Wheat,2024-01-17,2021,2207,2127
Odisha,Cuttack,Athagarh Mandi,Tomato,2024-01-17,893,1448,1140
Odisha,Cuttack,Athagarh Mandi,Jowar,2024-01-17,2602,2811,2719
Odisha,Cuttack,Athagarh Mandi,Maize,2024-01-17,1818,2017,1912
Odisha,Cuttack,Athagarh Mandi,Potato,2024-01-17,782,982,895
Odisha,Cuttack,Athagarh Mandi,Mango,2024-01-17,2763,3528,3111
Odisha,Cuttack,Athagarh Mandi,Paddy(Dhan),2024-01-21,1783,1991,1897
Odisha,Cuttack,Athagarh Mandi,Wheat,2024-01-21,2057,2204,2134
Odisha,Cuttack,Athagarh Mandi,Mustard,2024-01-21,5093,5419,5247
Odisha,Cuttack,Athagarh Mandi,Mango,2024-01-21,2675,3984,3355
Odisha,Cuttack,Athagarh Mandi,Paddy(Dhan),2024-01-25,2082,2269,2178
Odisha,Cuttack,Athagarh Mandi,Turmeric,2024-01-25,6906,8089,7521
Odisha,Cuttack,Athagarh Mandi,Wheat,2024-01-25,2187,2321,2254
Odisha,Cuttack,Athagarh Mandi,Tomato,2024-01-25,745,1421,1095
Odisha,Cuttack,Athagarh Mandi,Jowar,2024-01-25,2521,2703,2634
Odisha,Cuttack,Athagarh Mandi,Maize,2024-01-25,1935,2122,2024
Odisha,Cuttack,Athagarh Mandi,Potato,2024-01-25,751,1054,898
Odisha,Cuttack,Athagarh Mandi,Mango,2024-01-25,2594,3356,3035
Odisha,Cuttack,Athagarh Mandi,Paddy(Dhan),2024-01-29,2040,2201,2131
Odisha,Cuttack,Athagarh Mandi,Turmeric,2024-01-29,6839,8054,7478
Odisha,Cuttack,Athagarh Mandi,Tomato,2024-01-29,862,1466,1087
Odisha,Cuttack,Athagarh Mandi,Jowar,2024-01-29,2523,2734,2631
Odisha,Cuttack,Athagarh Mandi,Mustard,2024-01-29,4948,5646,5303
Odisha,Cuttack,Athagarh Mandi,Maize,2024-01-29,1844,1947,1898
Odisha,Cuttack,Athagarh Mandi,Mango,2024-01-29,2777,3999,3425
Odisha,Cuttack,Athagarh Mandi,Paddy(Dhan),2024-02-02,2123,2231,2185
Odisha,Cuttack,Athagarh Mandi,Turmeric,2024-02-02,5515,6394,5992
Odisha,Cuttack,Athagarh Mandi,Wheat,2024-02-02,2217,2345,2276
Odisha,Cuttack,Athagarh Mandi,Tomato,2024-02-02,735,1181,996
Odisha,Cuttack,Athagarh Mandi,Jowar,2024-02-02,2621,2907,2752
Odisha,Cuttack,Athagarh Mandi,Mustard,2024-02-02,4890,5356,5132
Odisha,Cuttack,Athagarh Mandi,Maize,2024-02-02,1705,1907,1812
Odisha,Cuttack,Athagarh Mandi,Potato,2024-02-02,726,1190,950
Odisha,Cuttack,Athagarh Mandi,Mango,2024-02-02,2728,4150,3450
Odisha,Cuttack,Athagarh Mandi,Paddy(Dhan),2024-02-06,2065,2218,2128
Odisha,Cuttack,Athagarh Mandi,Turmeric,2024-02-06,5538,6422,6000
Odisha,Cuttack,Athagarh Mandi,Wheat,2024-02-06,2142,2329,2252
Odisha,Cuttack,Athagarh Mandi,Tomato,2024-02-06,861,1174,991
Odisha,Cuttack,Athagarh Mandi,Jowar,2024-02-06,2670,2910,2778
Odisha,Cuttack,Athagarh Mandi,Mustard,2024-02-06,5201,5766,5476
Odisha,Cuttack,Athagarh Mandi,Maize,2024-02-06,1874,1967,1920
Odisha,Cuttack,Athagarh Mandi,Mango,2024-02-06,2718,3359,3068
Odisha,Cuttack,Athagarh Mandi,Paddy(Dhan),2024-02-10,1970,2100,2041
Odisha,Cuttack,Athagarh Mandi,Turmeric,2024-02-10,5321,5978,5724
Odisha,Cuttack,Athagarh Mandi,Tomato,2024-02-10,726,1325,1045
Odisha,Cuttack,Athagarh Mandi,Jowar,2024-02-10,2690,2909,2801
Odisha,Cuttack,Athagarh Mandi,Mustard,2024-02-10,5194,5877,5500
Odisha,Cuttack,Athagarh Mandi,Maize,2024-02-10,1687,1828,1764
Odisha,Cuttack,Athagarh Mandi,Potato,2024-02-10,844,1112,965
Odisha,Cuttack,Athagarh Mandi,Mango,2024-02-10,2978,3594,3263
Odisha,Cuttack,Athagarh Mandi,Paddy(Dhan),2024-02-14,1999,2220,2112
Odisha,Cuttack,Athagarh Mandi,Turmeric,2024-02-14,5293,6319,5813
Odisha,Cuttack,Athagarh Mandi,Wheat,2024-02-14,1916,2038,1979
Odisha,Cuttack,Athagarh Mandi,Tomato,2024-02-14,736,1386,1068
Odisha,Cuttack,Athagarh Mandi,Jowar,2024-02-14,2427,2568,2502
Odisha,Cuttack,Athagarh Mandi,Mustard,2024-02-14,4590,5131,4849
Odisha,Cuttack,Athagarh Mandi,Maize,2024-02-14,1786,2008,1886
Odisha,Cuttack,Athagarh Mandi,Mango,2024-02-14,3059,3803,3425
Odisha,Cuttack,Athagarh Mandi,Turmeric,2024-02-18,5778,7053,6301
Odisha,Cuttack,Athagarh Mandi,Tomato,2024-02-18,958,1305,1121
Odisha,Cuttack,Athagarh Mandi,Jowar,2024-02-18,2433,2748,2626
Odisha,Cuttack,Athagarh Mandi,Tomato,2024-02-22,764,1384,1118
Odisha,Cuttack,Athagarh Mandi,Jowar,2024-02-22,2432,2683,2561
Odisha,Cuttack,Athagarh Mandi,Mustard,2024-02-22,5066,5427,5208
Odisha,Cuttack,Athagarh Mandi,Potato,2024-02-22,794,1185,964
Odisha,Cuttack,Athagarh Mandi,Mango,2024-02-22,2493,3556,3023
Odisha,Cuttack,Athagarh Mandi,Paddy(Dhan),2024-02-26,1962,2063,2017
Odisha,Cuttack,Athagarh Mandi,Turmeric,2024-02-26,5522,6549,5969
Odisha,Cuttack,Athagarh Mandi,Tomato,2024-02-26,708,1414,1022
Odisha,Cuttack,Athagarh Mandi,Jowar,2024-02-26,2408,2736,2550
Odisha,Cuttack,Athagarh Mandi,Potato,2024-02-26,784,1030,921
Odisha,Cuttack,Athagarh Mandi,Mango,2024-02-26,3012,3530,3287
Odisha,Cuttack,Athagarh Mandi,Paddy(Dhan),2024-03-01,1872,1974,1919
Odisha,Cuttack,Athagarh Mandi,Turmeric,2024-03-01,5754,6678,6135
Odisha,Cuttack,Athagarh Mandi,Mustard,2024-03-01,4358,4673,4515
Odisha,Cuttack,Athagarh Mandi,Maize,2024-03-01,1800,1926,1874
Odisha,Cuttack,Athagarh Mandi,Potato,2024-03-01,734,1099,939
Odisha,Cuttack,Athagarh Mandi,Mango,2024-03-01,2670,3681,3208
Odisha,Cuttack,Athagarh Mandi,Paddy(Dhan),2024-03-05,1938,2126,2011
Odisha,Cuttack,Athagarh Mandi,Wheat,2024-03-05,1725,1831,1776
Odisha,Cuttack,Athagarh Mandi,Mustard,2024-03-05,4247,4575,4444
Odisha,Cuttack,Athagarh Mandi,Maize,2024-03-05,1893,2014,1947
Odisha,Cuttack,Athagarh Mandi,Potato,2024-03-05,737,987,833
Odisha,Cuttack,Athagarh Mandi,Mango,2024-03-05,3008,3896,3390
Odisha,Cuttack,Athagarh Mandi,Paddy(Dhan),2024-03-09,2128,2247,2193
Odisha,Cuttack,Athagarh Mandi,Turmeric,2024-03-09,5988,6892,6411
Odisha,Cuttack,Athagarh Mandi,Wheat,2024-03-09,1616,1733,1678
Odisha,Cuttack,Athagarh Mandi,Tomato,2024-03-09,1051,1495,1286
Odisha,Cuttack,Athagarh Mandi,Jowar,2024-03-09,2428,2743,2586
Odisha,Cuttack,Athagarh Mandi,Maize,2024-03-09,1827,2007,1911
Odisha,Cuttack,Athagarh Mandi,Potato,2024-03-09,669,1103,893
Odisha,Cuttack,Athagarh Mandi,Paddy(Dhan),2024-03-13,1938,2046,1997
Odisha,Cuttack,Athagarh Mandi,Turmeric,2024-03-13,6005,7216,6581
Odisha,Cuttack,Athagarh Mandi,Wheat,2024-03-13,1569,1679,1627
Odisha,Cuttack,Athagarh Mandi,Tomato,2024-03-13,978,1502,1232
Odisha,Cuttack,Athagarh Mandi,Maize,2024-03-13,1777,1906,1842
Odisha,Cuttack,Athagarh Mandi,Potato,2024-03-13,790,1153,929
Odisha,Cuttack,Athagarh Mandi,Mango,2024-03-13,2367,3418,2995
Odisha,Cuttack,Athagarh Mandi,Paddy(Dhan),2024-03-17,2100,2310,2198
Odisha,Cuttack,Athagarh Mandi,Turmeric,2024-03-17,5539,6298,5888
Odisha,Cuttack,Athagarh Mandi,Tomato,2024-03-17,1000,1711,1376
Odisha,Cuttack,Athagarh Mandi,Mustard,2024-03-17,4216,4553,4385
Odisha,Cuttack,Athagarh Mandi,Maize,2024-03-17,1713,1916,1794
Odisha,Cuttack,Athagarh Mandi,Potato,2024-03-17,785,998,907
Odisha,Cuttack,Athagarh Mandi,Mango,2024-03-17,2826,3735,3304
Odisha,Cuttack,Athagarh Mandi,Paddy(Dhan),2024-03-21,2117,2248,2191
Odisha,Cuttack,Athagarh Mandi,Wheat,2024-03-21,1818,1890,1851
Odisha,Cuttack,Athagarh Mandi,Tomato,2024-03-21,938,1871,1332
Odisha,Cuttack,Athagarh Mandi,Jowar,2024-03-21,2448,2613,2543
Odisha,Cuttack,Athagarh Mandi,Mustard,2024-03-21,4130,4446,4306
Odisha,Cuttack,Athagarh Mandi,Maize,2024-03-21,1953,2137,2051
Odisha,Cuttack,Athagarh Mandi,Potato,2024-03-21,710,1196,953
Odisha,Cuttack,Athagarh Mandi,Mango,2024-03-21,3008,3616,3282
Odisha,Cuttack,Athagarh Mandi,Paddy(Dhan),2024-03-25,1915,2133,2040
Odisha,Cuttack,Athagarh Mandi,Turmeric,2024-03-25,5933,6688,6265
Odisha,Cuttack,Athagarh Mandi,Jowar,2024-03-25,2560,2854,2691
Odisha,Cuttack,Athagarh Mandi,Mustard,2024-03-25,4430,4792,4576
Odisha,Cuttack,Athagarh Mandi,Maize,2024-03-25,1810,1933,1877
Odisha,Cuttack,Athagarh Mandi,Potato,2024-03-25,787,985,892
Odisha,Cuttack,Athagarh Mandi,Paddy(Dhan),2024-03-29,2051,2142,2106
Odisha,Cuttack,Athagarh Mandi,Wheat,2024-03-29,1750,1908,1840
Odisha,Cuttack,Athagarh Mandi,Tomato,2024-03-29,1023,1750,1338
Odisha,Cuttack,Athagarh Mandi,Mustard,2024-03-29,4122,4570,4297
Odisha,Cuttack,Athagarh Mandi,Maize,2024-03-29,1817,1992,1897
Odisha,Cuttack,Athagarh Mandi,Potato,2024-03-29,704,1057,889
Odisha,Cuttack,Athagarh Mandi,Mango,2024-03-29,2916,3821,3433
Odisha,Cuttack,Athagarh Mandi,Paddy(Dhan),2024-04-02,2060,2197,2122
Odisha,Cuttack,Athagarh Mandi,Turmeric,2024-04-02,6413,7455,6970
Odisha,Cuttack,Athagarh Mandi,Tomato,2024-04-02,946,1830,1398
Odisha,Cuttack,Athagarh Mandi,Jowar,2024-04-02,2513,2689,2605
Odisha,Cuttack,Athagarh Mandi,Mustard,2024-04-02,4365,4621,4490
Odisha,Cuttack,Athagarh Mandi,Potato,2024-04-02,948,1196,1078
Odisha,Cuttack,Athagarh Mandi,Mango,2024-04-02,2459,3020,2763
Odisha,Cuttack,Athagarh Mandi,Paddy(Dhan),2024-04-06,2119,2273,2197
Odisha,Cuttack,Athagarh Mandi,Turmeric,2024-04-06,7132,8749,7887
Odisha,Cuttack,Athagarh Mandi,Wheat,2024-04-06,1709,1843,1779
Odisha,Cuttack,Athagarh Mandi,Jowar,2024-04-06,2342,2576,2461
Odisha,Cuttack,Athagarh Mandi,Mustard,2024-04-06,4301,4707,4479
Odisha,Cuttack,Athagarh Mandi,Maize,2024-04-06,1673,1880,1770
Odisha,Cuttack,Athagarh Mandi,Mango,2024-04-06,2121,2637,2424
Odisha,Cuttack,Athagarh Mandi,Turmeric,2024-04-10,6887,8425,7675
Odisha,Cuttack,Athagarh Mandi,Wheat,2024-04-10,1785,1943,1864
Odisha,Cuttack,Athagarh Mandi,Tomato,2024-04-10,1096,1729,1399
Odisha,Cuttack,Athagarh Mandi,Jowar,2024-04-10,2406,2710,2553
Odisha,Cuttack,Athagarh Mandi,Mustard,2024-04-10,3977,4196,4085
Odisha,Cuttack,Athagarh Mandi,Maize,2024-04-10,1767,1946,1868
Odisha,Cuttack,Athagarh Mandi,Potato,2024-04-10,904,1180,1063
Odisha,Cuttack,Athagarh Mandi,Mango,2024-04-10,2198,3236,2717
Odisha,Cuttack,Athagarh Mandi,Paddy(Dhan),2024-04-14,2072,2165,2118
Odisha,Cuttack,Athagarh Mandi,Turmeric,2024-04-14,6637,7984,7263
Odisha,Cuttack,Athagarh Mandi,Wheat,2024-04-14,1809,1899,1854
Odisha,Cuttack,Athagarh Mandi,Tomato,2024-04-14,1090,1806,1379
Odisha,Cuttack,Athagarh Mandi,Jowar,2024-04-14,2609,2797,2702
Odisha,Cuttack,Athagarh Mandi,Maize,2024-04-14,1715,1931,1835
Odisha,Cuttack,Athagarh Mandi,Potato,2024-04-14,1034,1236,1133
Odisha,Cuttack,Athagarh Mandi,Mango,2024-04-14,2452,3018,2707
Odisha,Cuttack,Athagarh Mandi,Turmeric,2024-04-18,6777,8254,7438
Odisha,Cuttack,Athagarh Mandi,Tomato,2024-04-18,826,1621,1286
Odisha,Cuttack,Athagarh Mandi,Jowar,2024-04-18,2587,2855,2717
Odisha,Cuttack,Athagarh Mandi,Mustard,2024-04-18,3916,4444,4144
Odisha,Cuttack,Athagarh Mandi,Maize,2024-04-18,1783,1964,1852
Odisha,Cuttack,Athagarh Mandi,Potato,2024-04-18,1035,1376,1186
Odisha,Cuttack,Athagarh Mandi,Turmeric,2024-04-22,6595,8478,7591
Odisha,Cuttack,Athagarh Mandi,Wheat,2024-04-22,1724,1820,1771
Odisha,Cuttack,Athagarh Mandi,Jowar,2024-04-22,2646,2968,2798
Odisha,Cuttack,Athagarh Mandi,Mustard,2024-04-22,3826,4201,4010
Odisha,Cuttack,Athagarh Mandi,Maize,2024-04-22,1717,1807,1757
Odisha,Cuttack,Athagarh Mandi,Potato,2024-04-22,919,1368,1134
Odisha,Cuttack,Athagarh Mandi,Mango,2024-04-22,2431,3180,2790
Odisha,Cuttack,Athagarh Mandi,Turmeric,2024-04-26,6328,7979,7098
Odisha,Cuttack,Athagarh Mandi,Wheat,2024-04-26,1695,1814,1751
Odisha,Cuttack,Athagarh Mandi,Tomato,2024-04-26,1017,1804,1332
Odisha,Cuttack,Athagarh Mandi,Jowar,2024-04-26,2610,2885,2718
Odisha,Cuttack,Athagarh Mandi,Mustard,2024-04-26,4037,4411,4228
Odisha,Cuttack,Athagarh Mandi,Potato,2024-04-26,845,1281,1079
Odisha,Cuttack,Athagarh Mandi,Paddy(Dhan),2024-04-30,1957,2102,2019
Odisha,Cuttack,Athagarh Mandi,Wheat,2024-04-30,1592,1662,1633
Odisha,Cuttack,Athagarh Mandi,Tomato,2024-04-30,870,1819,1374
Odisha,Cuttack,Athagarh Mandi,Jowar,2024-04-30,2313,2602,2481
Odisha,Cuttack,Athagarh Mandi,Mustard,2024-04-30,3751,4155,4000
Odisha,Cuttack,Athagarh Mandi,Potato,2024-04-30,967,1223,1109
Odisha,Cuttack,Athagarh Mandi,Paddy(Dhan),2024-05-04,1964,2181,2075
Odisha,Cuttack,Athagarh Mandi,Wheat,2024-05-04,1749,1884,1811
Odisha,Cuttack,Athagarh Mandi,Jowar,2024-05-04,2552,2764,2681
Odisha,Cuttack,Athagarh Mandi,Maize,2024-05-04,1866,2014,1936
Odisha,Cuttack,Athagarh Mandi,Potato,2024-05-04,962,1336,1111
Odisha,Cuttack,Athagarh Mandi,Mango,2024-05-04,2084,2918,2432
Odisha,Cuttack,Athagarh Mandi,Paddy(Dhan),2024-05-08,1961,2124,2039
Odisha,Cuttack,Athagarh Mandi,Turmeric,2024-05-08,6054,7874,6952
Odisha,Cuttack,Athagarh Mandi,Wheat,2024-05-08,1680,1773,1730
Odisha,Cuttack,Athagarh Mandi,Tomato,2024-05-08,1064,1651,1352
Odisha,Cuttack,Athagarh Mandi,Jowar,2024-05-08,2608,2809,2715
Odisha,Cuttack,Athagarh Mandi,Maize,2024-05-08,1753,1909,1851
Odisha,Cuttack,Athagarh Mandi,Paddy(Dhan),2024-05-12,2098,2201,2155
Odisha,Cuttack,Athagarh Mandi,Turmeric,2024-05-12,6779,8557,7714
Odisha,Cuttack,Athagarh Mandi,Mustard,2024-05-12,5173,5617,5364
Odisha,Cuttack,Athagarh Mandi,Maize,2024-05-12,1940,2163,2037
Odisha,Cuttack,Athagarh Mandi,Potato,2024-05-12,951,1347,1159
Odisha,Cuttack,Athagarh Mandi,Mango,2024-05-12,2422,2874,2599
Odisha,Cuttack,Athagarh Mandi,Wheat,2024-05-16,1561,1706,1637
Odisha,Cuttack,Athagarh Mandi,Tomato,2024-05-16,1055,1457,1240
Odisha,Cuttack,Athagarh Mandi,Maize,2024-05-16,1829,2029,1933
Odisha,Cuttack,Athagarh Mandi,Mango,2024-05-16,2319,3388,2780
Odisha,Cuttack,Athagarh Mandi,Paddy(Dhan),2024-05-20,1963,2122,2052
Odisha,Cuttack,Athagarh Mandi,Turmeric,2024-05-20,7221,8617,7897
Odisha,Cuttack,Athagarh Mandi,Wheat,2024-05-20,1633,1703,1670
Odisha,Cuttack,Athagarh Mandi,Tomato,2024-05-20,959,1549,1240
Odisha,Cuttack,Athagarh Mandi,Jowar,2024-05-20,2490,2678,2560
Odisha,Cuttack,Athagarh Mandi,Mustard,2024-05-20,4987,5481,5214
Odisha,Cuttack,Athagarh Mandi,Maize,2024-05-20,1971,2103,2045
Odisha,Cuttack,Athagarh Mandi,Potato,2024-05-20,927,1355,1148
Odisha,Cuttack,Athagarh Mandi,Mango,2024-05-20,2507,3107,2777
Odisha,Cuttack,Athagarh Mandi,Tomato,2024-05-24,891,1653,1230
Odisha,Cuttack,Athagarh Mandi,Jowar,2024-05-24,2398,2588,2490
Odisha,Cuttack,Athagarh Mandi,Mustard,2024-05-24,4703,5126,4928
Odisha,Cuttack,Athagarh Mandi,Maize,2024-05-24,1874,2081,1968
Odisha,Cuttack,Athagarh Mandi,Potato,2024-05-24,965,1403,1183
Odisha,Cuttack,Athagarh Mandi,Mango,2024-05-24,2215,2726,2531
Odisha,Cuttack,Athagarh Mandi,Paddy(Dhan),2024-05-28,1843,2036,1934
Odisha,Cuttack,Athagarh Mandi,Turmeric,2024-05-28,6884,8121,7395
Odisha,Cuttack,Athagarh Mandi,Wheat,2024-05-28,1654,1827,1754
Odisha,Cuttack,Athagarh Mandi,Tomato,2024-05-28,708,1581,1239
Odisha,Cuttack,Athagarh Mandi,Jowar,2024-05-28,2671,2922,2773
Odisha,Cuttack,Athagarh Mandi,Mustard,2024-05-28,5196,5484,5309
Odisha,Cuttack,Athagarh Mandi,Maize,2024-05-28,1723,1822,1778
Odisha,Cuttack,Athagarh Mandi,Potato,2024-05-28,1029,1272,1164
Odisha,Cuttack,Athagarh Mandi,Mango,2024-05-28,2470,3088,2748
Odisha,Cuttack,Athagarh Mandi,Turmeric,2024-06-01,6659,8101,7484
Odisha,Cuttack,Athagarh Mandi,Wheat,2024-06-01,2107,2230,2170
Odisha,Cuttack,Athagarh Mandi,Tomato,2024-06-01,993,1799,1338
Odisha,Cuttack,Athagarh Mandi,Mustard,2024-06-01,4537,5075,4830
Odisha,Cuttack,Athagarh Mandi,Maize,2024-06-01,1776,2053,1910
Odisha,Cuttack,Athagarh Mandi,Paddy(Dhan),2024-06-05,1850,1979,1920
Odisha,Cuttack,Athagarh Mandi,Turmeric,2024-06-05,7619,8602,8090
Odisha,Cuttack,Athagarh Mandi,Tomato,2024-06-05,984,1619,1347
Odisha,Cuttack,Athagarh Mandi,Jowar,2024-06-05,2514,2722,2624
Odisha,Cuttack,Athagarh Mandi,Mustard,2024-06-05,5453,5780,5597
Odisha,Cuttack,Athagarh Mandi,Potato,2024-06-05,984,1265,1123
Odisha,Cuttack,Athagarh Mandi,Mango,2024-06-05,2130,2770,2493
Odisha,Cuttack,Athagarh Mandi,Turmeric,2024-06-09,6780,8319,7594
Odisha,Cuttack,Athagarh Mandi,Wheat,2024-06-09,2190,2321,2269
Odisha,Cuttack,Athagarh Mandi,Tomato,2024-06-09,1011,1497,1227
Odisha,Cuttack,Athagarh Mandi,Jowar,2024-06-09,2389,2642,2514
Odisha,Cuttack,Athagarh Mandi,Maize,2024-06-09,1806,1992,1897
Odisha,Cuttack,Athagarh Mandi,Potato,2024-06-09,959,1338,1137
Odisha,Cuttack,Athagarh Mandi,Turmeric,2024-06-13,6380,7640,6985
Odisha,Cuttack,Athagarh Mandi,Wheat,2024-06-13,2180,2278,2238
Odisha,Cuttack,Athagarh Mandi,Tomato,2024-06-13,912,1545,1247
Odisha,Cuttack,Athagarh Mandi,Jowar,2024-06-13,2526,2773,2655
Odisha,Cuttack,Athagarh Mandi,Mustard,2024-06-13,4673,5153,4912
Odisha,Cuttack,Athagarh Mandi,Potato,2024-06-13,985,1238,1101
Odisha,Cuttack,Athagarh Mandi,Mango,2024-06-13,2321,2768,2510
Odisha,Cuttack,Athagarh Mandi,Paddy(Dhan),2024-06-17,1831,1953,1896
Odisha,Cuttack,Athagarh Mandi,Tomato,2024-06-17,948,1603,1270
Odisha,Cuttack,Athagarh Mandi,Jowar,2024-06-17,2462,2599,2526
Odisha,Cuttack,Athagarh Mandi,Mustard,2024-06-17,4916,5539,5259
Odisha,Cuttack,Athagarh Mandi,Maize,2024-06-17,1910,2032,1968
Odisha,Cuttack,Athagarh Mandi,Potato,2024-06-17,941,1179,1058
Odisha,Cuttack,Athagarh Mandi,Mango,2024-06-17,2365,3218,2818
Odisha,Cuttack,Athagarh Mandi,Paddy(Dhan),2024-06-21,1809,1981,1915
Odisha,Cuttack,Athagarh Mandi,Turmeric,2024-06-21,6430,7623,7009
Odisha,Cuttack,Athagarh Mandi,Wheat,2024-06-21,2204,2334,2282
Odisha,Cuttack,Athagarh Mandi,Tomato,2024-06-21,905,1449,1215
Odisha,Cuttack,Athagarh Mandi,Jowar,2024-06-21,2333,2570,2455
Odisha,Cuttack,Athagarh Mandi,Mustard,2024-06-21,5232,5768,5497
Odisha,Cuttack,Athagarh Mandi,Maize,2024-06-21,1943,2119,2049
Odisha,Cuttack,Athagarh Mandi,Potato,2024-06-21,865,1147,1031
Odisha,Cuttack,Athagarh Mandi,Mango,2024-06-21,2376,2820,2647
Odisha,Cuttack,Athagarh Mandi,Paddy(Dhan),2024-06-25,2117,2281,2200
Odisha,Cuttack,Athagarh Mandi,Turmeric,2024-06-25,6855,8706,7651
Odisha,Cuttack,Athagarh Mandi,Tomato,2024-06-25,1070,1657,1381
Odisha,Cuttack,Athagarh Mandi,Jowar,2024-06-25,2679,2925,2783
Odisha,Cuttack,Athagarh Mandi,Mustard,2024-06-25,5249,5790,5530
Odisha,Cuttack,Athagarh Mandi,Mango,2024-06-25,2594,3113,2817
Odisha,Cuttack,Athagarh Mandi,Paddy(Dhan),2024-06-29,1928,2047,1979
Odisha,Cuttack,Athagarh Mandi,Turmeric,2024-06-29,6647,8379,7479
Odisha,Cuttack,Athagarh Mandi,Wheat,2024-06-29,2013,2131,2073
Odisha,Cuttack,Athagarh Mandi,Tomato,2024-06-29,1175,1667,1387
Odisha,Cuttack,Athagarh Mandi,Jowar,2024-06-29,2595,2810,2700
Odisha,Cuttack,Athagarh Mandi,Mustard,2024-06-29,5139,5567,5327
Odisha,Cuttack,Athagarh Mandi,Maize,2024-06-29,1735,1813,1771
Odisha,Cuttack,Athagarh Mandi,Paddy(Dhan),2024-07-03,2094,2230,2164
Odisha,Cuttack,Athagarh Mandi,Turmeric,2024-07-03,6805,8652,7795
Odisha,Cuttack,Athagarh Mandi,Wheat,2024-07-03,2171,2278,2230
Odisha,Cuttack,Athagarh Mandi,Tomato,2024-07-03,897,1530,1254
Odisha,Cuttack,Athagarh Mandi,Jowar,2024-07-03,2414,2738,2587
Odisha,Cuttack,Athagarh Mandi,Mustard,2024-07-03,4910,5408,5149
Odisha,Cuttack,Athagarh Mandi,Maize,2024-07-03,1719,1856,1775
Odisha,Cuttack,Athagarh Mandi,Potato,2024-07-03,938,1165,1036
Odisha,Cuttack,Athagarh Mandi,Paddy(Dhan),2024-07-07,1875,2125,1998
Odisha,Cuttack,Athagarh Mandi,Wheat,2024-07-07,2091,2205,2152
Odisha,Cuttack,Athagarh Mandi,Tomato,2024-07-07,1096,1556,1312
Odisha,Cuttack,Athagarh Mandi,Jowar,2024-07-07,2444,2673,2567
Odisha,Cuttack,Athagarh Mandi,Mustard,2024-07-07,5321,5688,5500
Odisha,Cuttack,Athagarh Mandi,Maize,2024-07-07,1792,1974,1889
Odisha,Cuttack,Athagarh Mandi,Potato,2024-07-07,893,1345,1146
Odisha,Cuttack,Athagarh Mandi,Mango,2024-07-07,2840,3815,3298
Odisha,Cuttack,Athagarh Mandi,Paddy(Dhan),2024-07-11,1816,1947,1887
Odisha,Cuttack,Athagarh Mandi,Turmeric,2024-07-11,7436,8391,8015
Odisha,Cuttack,Athagarh Mandi,Wheat,2024-07-11,2193,2338,2251
Odisha,Cuttack,Athagarh Mandi,Tomato,2024-07-11,1172,1571,1373
Odisha,Cuttack,Athagarh Mandi,Jowar,2024-07-11,2624,2931,2760
Odisha,Cuttack,Athagarh Mandi,Mustard,2024-07-11,5049,5553,5256
Odisha,Cuttack,Athagarh Mandi,Maize,2024-07-11,1738,1861,1789
Odisha,Cuttack,Athagarh Mandi,Potato,2024-07-11,866,1215,1035
Odisha,Cuttack,Athagarh Mandi,Mango,2024-07-11,2688,3766,3192
Odisha,Cuttack,Athagarh Mandi,Turmeric,2024-07-15,6805,8438,7490
Odisha,Cuttack,Athagarh Mandi,Tomato,2024-07-15,1042,1631,1319
Odisha,Cuttack,Athagarh Mandi,Mustard,2024-07-15,4893,5322,5117
Odisha,Cuttack,Athagarh Mandi,Potato,2024-07-15,851,1303,1071
Odisha,Cuttack,Athagarh Mandi,Mango,2024-07-15,3029,3994,3424
Odisha,Cuttack,Athagarh Mandi,Paddy(Dhan),2024-07-19,1867,2015,1933
Odisha,Cuttack,Athagarh Mandi,Turmeric,2024-07-19,7144,7825,7479
Odisha,Cuttack,Athagarh Mandi,Wheat,2024-07-19,2042,2248,2131
Odisha,Cuttack,Athagarh Mandi,Tomato,2024-07-19,966,1736,1340
Odisha,Cuttack,Athagarh Mandi,Jowar,2024-07-19,2333,2563,2444
Odisha,Cuttack,Athagarh Mandi,Mustard,2024-07-19,4690,4976,4846
Odisha,Cuttack,Athagarh Mandi,Maize,2024-07-19,1858,2068,1986
Odisha,Cuttack,Athagarh Mandi,Mango,2024-07-19,2581,3725,3215
Odisha,Cuttack,Athagarh Mandi,Paddy(Dhan),2024-07-23,1823,1971,1904
Odisha,Cuttack,Athagarh Mandi,Turmeric,2024-07-23,7497,8433,8015
Odisha,Cuttack,Athagarh Mandi,Wheat,2024-07-23,2158,2309,2238
Odisha,Cuttack,Athagarh Mandi,Tomato,2024-07-23,947,1550,1204
Odisha,Cuttack,Athagarh Mandi,Jowar,2024-07-23,2493,2800,2631
Odisha,Cuttack,Athagarh Mandi,Maize,2024-07-23,1795,2002,1888
Odisha,Cuttack,Athagarh Mandi,Potato,2024-07-23,997,1327,1155
Odisha,Cuttack,Athagarh Mandi,Mango,2024-07-23,2821,3594,3154
Odisha,Cuttack,Athagarh Mandi,Paddy(Dhan),2024-07-27,2094,2230,2151
Odisha,Cuttack,Athagarh Mandi,Wheat,2024-07-27,2063,2188,2117
Odisha,Cuttack,Athagarh Mandi,Jowar,2024-07-27,2690,2895,2775
Odisha,Cuttack,Athagarh Mandi,Mustard,2024-07-27,4725,4967,4868
Odisha,Cuttack,Athagarh Mandi,Maize,2024-07-27,1915,2025,1962
Odisha,Cuttack,Athagarh Mandi,Mango,2024-07-27,3111,3753,3398
Odisha,Cuttack,Athagarh Mandi,Paddy(Dhan),2024-07-31,1891,2016,1952
Odisha,Cuttack,Athagarh Mandi,Turmeric,2024-07-31,6895,8343,7648
Odisha,Cuttack,Athagarh Mandi,Tomato,2024-07-31,1221,1632,1398
Odisha,Cuttack,Athagarh Mandi,Jowar,2024-07-31,2683,2867,2775
Odisha,Cuttack,Athagarh Mandi,Mustard,2024-07-31,5100,5666,5331
Odisha,Cuttack,Athagarh Mandi,Maize,2024-07-31,1836,2006,1906
Odisha,Cuttack,Athagarh Mandi,Mango,2024-07-31,2998,3859,3380
Odisha,Cuttack,Athagarh Mandi,Wheat,2024-08-04,1963,2076,2022
Odisha,Cuttack,Athagarh Mandi,Jowar,2024-08-04,2427,2724,2566
Odisha,Cuttack,Athagarh Mandi,Mustard,2024-08-04,4962,5239,5111
Odisha,Cuttack,Athagarh Mandi,Potato,2024-08-04,923,1325,1128
Odisha,Cuttack,Athagarh Mandi,Paddy(Dhan),2024-08-08,1966,2156,2067
Odisha,Cuttack,Athagarh Mandi,Turmeric,2024-08-08,7009,8037,7444
Odisha,Cuttack,Athagarh Mandi,Wheat,2024-08-08,2044,2257,2144
Odisha,Cuttack,Athagarh Mandi,Tomato,2024-08-08,1039,1653,1305
Odisha,Cuttack,Athagarh Mandi,Jowar,2024-08-08,2394,2616,2486
Odisha,Cuttack,Athagarh Mandi,Mustard,2024-08-08,4891,5276,5112
Odisha,Cuttack,Athagarh Mandi,Maize,2024-08-08,1773,1908,1853
Odisha,Cuttack,Athagarh Mandi,Paddy(Dhan),2024-08-12,1836,1967,1912
Odisha,Cuttack,Athagarh Mandi,Turmeric,2024-08-12,7674,8504,8073
Odisha,Cuttack,Athagarh Mandi,Wheat,2024-08-12,1944,2060,2002
Odisha,Cuttack,Athagarh Mandi,Tomato,2024-08-12,837,1682,1338
Odisha,Cuttack,Athagarh Mandi,Mustard,2024-08-12,5000,5299,5135
Odisha,Cuttack,Athagarh Mandi,Maize,2024-08-12,1759,1849,1801
Odisha,Cuttack,Athagarh Mandi,Paddy(Dhan),2024-08-16,2119,2291,2197
Odisha,Cuttack,Athagarh Mandi,Turmeric,2024-08-16,6825,8695,7789
Odisha,Cuttack,Athagarh Mandi,Wheat,2024-08-16,1918,2103,2025
Odisha,Cuttack,Athagarh Mandi,Jowar,2024-08-16,2315,2537,2437
Odisha,Cuttack,Athagarh Mandi,Mustard,2024-08-16,5241,5831,5554
Odisha,Cuttack,Athagarh Mandi,Maize,2024-08-16,1783,1968,1881
Odisha,Cuttack,Athagarh Mandi,Potato,2024-08-16,810,1345,1061
Odisha,Cuttack,Athagarh Mandi,Mango,2024-08-16,2489,3622,3055
Odisha,Cuttack,Athagarh Mandi,Paddy(Dhan),2024-08-20,1874,2009,1941
Odisha,Cuttack,Athagarh Mandi,Turmeric,2024-08-20,7106,8613,7884
Odisha,Cuttack,Athagarh Mandi,Wheat,2024-08-20,2113,2281,2205
Odisha,Cuttack,Athagarh Mandi,Jowar,2024-08-20,2629,2764,2694
Odisha,Cuttack,Athagarh Mandi,Mustard,2024-08-20,4644,5045,4867
Odisha,Cuttack,Athagarh Mandi,Maize,2024-08-20,1695,1904,1799
Odisha,Cuttack,Athagarh Mandi,Potato,2024-08-20,951,1210,1100
Odisha,Cuttack,Athagarh Mandi,Mango,2024-08-20,2832,3619,3225
Odisha,Cuttack,Athagarh Mandi,Paddy(Dhan),2024-08-24,2008,2233,2106
Odisha,Cuttack,Athagarh Mandi,Turmeric,2024-08-24,6376,8005,7128
Odisha,Cuttack,Athagarh Mandi,Wheat,2024-08-24,2145,2335,2245
Odisha,Cuttack,Athagarh Mandi,Tomato,2024-08-24,938,1472,1257
Odisha,Cuttack,Athagarh Mandi,Jowar,2024-08-24,2532,2777,2650
Odisha,Cuttack,Athagarh Mandi,Mustard,2024-08-24,5330,5891,5613
Odisha,Cuttack,Athagarh Mandi,Maize,2024-08-24,1873,2039,1952
Odisha,Cuttack,Athagarh Mandi,Paddy(Dhan),2024-08-28,1998,2104,2062
Odisha,Cuttack,Athagarh Mandi,Tomato,2024-08-28,1092,1529,1328
Odisha,Cuttack,Athagarh Mandi,Jowar,2024-08-28,2624,2780,2696
Odisha,Cuttack,Athagarh Mandi,Mustard,2024-08-28,5178,5559,5405
Odisha,Cuttack,Athagarh Mandi,Potato,2024-08-28,872,1274,1057
Odisha,Cuttack,Athagarh Mandi,Mango,2024-08-28,2997,3842,3451
Odisha,Cuttack,Athagarh Mandi,Paddy(Dhan),2024-09-01,1942,2188,2063
Odisha,Cuttack,Athagarh Mandi,Wheat,2024-09-01,2143,2226,2182
Odisha,Cuttack,Athagarh Mandi,Jowar,2024-09-01,2426,2700,2593
Odisha,Cuttack,Athagarh Mandi,Mustard,2024-09-01,4788,5513,5116
Odisha,Cuttack,Athagarh Mandi,Maize,2024-09-01,1446,1582,1507
Odisha,Cuttack,Athagarh Mandi,Potato,2024-09-01,906,1187,1045
Odisha,Cuttack,Athagarh Mandi,Mango,2024-09-01,3157,3722,3382
Odisha,Cuttack,Athagarh Mandi,Paddy(Dhan),2024-09-05,1997,2126,2066
Odisha,Cuttack,Athagarh Mandi,Wheat,2024-09-05,2212,2380,2282
Odisha,Cuttack,Athagarh Mandi,Jowar,2024-09-05,2570,2841,2722
Odisha,Cuttack,Athagarh Mandi,Maize,2024-09-05,1426,1519,1473
Odisha,Cuttack,Athagarh Mandi,Potato,2024-09-05,956,1313,1120
Odisha,Cuttack,Athagarh Mandi,Paddy(Dhan),2024-09-09,1968,2132,2053
Odisha,Cuttack,Athagarh Mandi,Turmeric,2024-09-09,6545,7700,7210
Odisha,Cuttack,Athagarh Mandi,Mustard,2024-09-09,4676,5104,4891
Odisha,Cuttack,Athagarh Mandi,Maize,2024-09-09,1580,1670,1633
Odisha,Cuttack,Athagarh Mandi,Potato,2024-09-09,913,1411,1133
Odisha,Cuttack,Athagarh Mandi,Mango,2024-09-09,2954,3686,3298
Odisha,Cuttack,Athagarh Mandi,Paddy(Dhan),2024-09-13,2041,2253,2138
Odisha,Cuttack,Athagarh Mandi,Turmeric,2024-09-13,6716,8161,7469
Odisha,Cuttack,Athagarh Mandi,Wheat,2024-09-13,1935,2020,1979
Odisha,Cuttack,Athagarh Mandi,Tomato,2024-09-13,1125,1589,1384
Odisha,Cuttack,Athagarh Mandi,Jowar,2024-09-13,2614,2753,2690
Odisha,Cuttack,Athagarh Mandi,Mustard,2024-09-13,5034,5406,5217
Odisha,Cuttack,Athagarh Mandi,Maize,2024-09-13,1531,1614,1570
Odisha,Cuttack,Athagarh Mandi,Potato,2024-09-13,809,1290,1019
Odisha,Cuttack,Athagarh Mandi,Mango,2024-09-13,2511,3666,3069
Odisha,Cuttack,Athagarh Mandi,Paddy(Dhan),2024-09-17,2073,2271,2160
Odisha,Cuttack,Athagarh Mandi,Turmeric,2024-09-17,6307,8017,7194
Odisha,Cuttack,Athagarh Mandi,Tomato,2024-09-17,797,1577,1254
Odisha,Cuttack,Athagarh Mandi,Jowar,2024-09-17,2454,2619,2544
Odisha,Cuttack,Athagarh Mandi,Mustard,2024-09-17,5326,5632,5484
Odisha,Cuttack,Athagarh Mandi,Potato,2024-09-17,884,1266,1119
Odisha,Cuttack,Athagarh Mandi,Turmeric,2024-09-21,7278,8873,8050
Odisha,Cuttack,Athagarh Mandi,Wheat,2024-09-21,2111,2272,2175
Odisha,Cuttack,Athagarh Mandi,Jowar,2024-09-21,2520,2784,2662
Odisha,Cuttack,Athagarh Mandi,Mustard,2024-09-21,5181,5634,5433
Odisha,Cuttack,Athagarh Mandi,Maize,2024-09-21,1423,1585,1507
Odisha,Cuttack,Athagarh Mandi,Potato,2024-09-21,885,1193,1042
Odisha,Cuttack,Athagarh Mandi,Turmeric,2024-09-25,6716,8224,7378
Odisha,Cuttack,Athagarh Mandi,Mustard,2024-09-25,5348,5864,5612
Odisha,Cuttack,Athagarh Mandi,Potato,2024-09-25,914,1156,1043
Odisha,Cuttack,Athagarh Mandi,Mango,2024-09-25,2946,3930,3419
Odisha,Cuttack,Athagarh Mandi,Paddy(Dhan),2024-09-29,1852,2032,1952
Odisha,Cuttack,Athagarh Mandi,Turmeric,2024-09-29,7024,8528,7668
Odisha,Cuttack,Athagarh Mandi,Tomato,2024-09-29,851,1552,1289
Odisha,Cuttack,Athagarh Mandi,Mustard,2024-09-29,4885,5354,5117
Odisha,Cuttack,Athagarh Mandi,Maize,2024-09-29,1627,1718,1673
Odisha,Cuttack,Athagarh Mandi,Potato,2024-09-29,849,1353,1061
Odisha,Cuttack,Athagarh Mandi,Mango,2024-09-29,2502,3614,3054
Odisha,Cuttack,Athagarh Mandi,Paddy(Dhan),2024-10-03,1575,1717,1640
Odisha,Cuttack,Athagarh Mandi,Wheat,2024-10-03,2215,2360,2284
Odisha,Cuttack,Athagarh Mandi,Mustard,2024-10-03,5039,5704,5326
Odisha,Cuttack,Athagarh Mandi,Paddy(Dhan),2024-10-07,1495,1615,1562
Odisha,Cuttack,Athagarh Mandi,Wheat,2024-10-07,2257,2367,2302
Odisha,Cuttack,Athagarh Mandi,Jowar,2024-10-07,2132,2307,2218
Odisha,Cuttack,Athagarh Mandi,Mustard,2024-10-07,5087,5768,5423
Odisha,Cuttack,Athagarh Mandi,Maize,2024-10-07,1434,1544,1490
Odisha,Cuttack,Athagarh Mandi,Potato,2024-10-07,969,1195,1077
Odisha,Cuttack,Athagarh Mandi,Paddy(Dhan),2024-10-11,1680,1764,1728
Odisha,Cuttack,Athagarh Mandi,Wheat,2024-10-11,2139,2301,2229
Odisha,Cuttack,Athagarh Mandi,Tomato,2024-10-11,824,1639,1204
Odisha,Cuttack,Athagarh Mandi,Mustard,2024-10-11,4765,5176,4967
Odisha,Cuttack,Athagarh Mandi,Maize,2024-10-11,1488,1672,1596
Odisha,Cuttack,Athagarh Mandi,Mango,2024-10-11,3056,3572,3332
Odisha,Cuttack,Athagarh Mandi,Wheat,2024-10-15,2224,2321,2268
Odisha,Cuttack,Athagarh Mandi,Tomato,2024-10-15,1086,1682,1391
Odisha,Cuttack,Athagarh Mandi,Jowar,2024-10-15,1927,2131,2027
Odisha,Cuttack,Athagarh Mandi,Maize,2024-10-15,1420,1544,1481
Odisha,Cuttack,Athagarh Mandi,Paddy(Dhan),2024-10-19,1611,1799,1720
Odisha,Cuttack,Athagarh Mandi,Wheat,2024-10-19,2104,2261,2196
Odisha,Cuttack,Athagarh Mandi,Tomato,2024-10-19,1006,1693,1395
Odisha,Cuttack,Athagarh Mandi,Jowar,2024-10-19,2135,2284,2201
Odisha,Cuttack,Athagarh Mandi,Mustard,2024-10-19,5370,5893,5613
Odisha,Cuttack,Athagarh Mandi,Potato,2024-10-19,846,1263,1072
Odisha,Cuttack,Athagarh Mandi,Mango,2024-10-19,2702,3817,3171
Odisha,Cuttack,Athagarh Mandi,Paddy(Dhan),2024-10-23,1643,1715,1683
Odisha,Cuttack,Athagarh Mandi,Turmeric,2024-10-23,7718,8636,8092
Odisha,Cuttack,Athagarh Mandi,Wheat,2024-10-23,2095,2211,2161
Odisha,Cuttack,Athagarh Mandi,Tomato,2024-10-23,985,1665,1339
Odisha,Cuttack,Athagarh Mandi,Jowar,2024-10-23,2191,2429,2295
Odisha,Cuttack,Athagarh Mandi,Mustard,2024-10-23,4781,5290,5051
Odisha,Cuttack,Athagarh Mandi,Maize,2024-10-23,1464,1560,1513
Odisha,Cuttack,Athagarh Mandi,Paddy(Dhan),2024-10-27,1518,1624,1568
Odisha,Cuttack,Athagarh Mandi,Turmeric,2024-10-27,6689,8020,7434
Odisha,Cuttack,Athagarh Mandi,Wheat,2024-10-27,1936,2091,2015
Odisha,Cuttack,Athagarh Mandi,Tomato,2024-10-27,1024,1538,1299
Odisha,Cuttack,Athagarh Mandi,Jowar,2024-10-27,1961,2095,2043
Odisha,Cuttack,Athagarh Mandi,Maize,2024-10-27,1439,1625,1521
Odisha,Cuttack,Athagarh Mandi,Potato,2024-10-27,808,1296,1068
Odisha,Cuttack,Athagarh Mandi,Mango,2024-10-27,2699,4235,3455
Odisha,Cuttack,Athagarh Mandi,Paddy(Dhan),2024-10-31,1643,1795,1722
Odisha,Cuttack,Athagarh Mandi,Turmeric,2024-10-31,6822,7934,7386
Odisha,Cuttack,Athagarh Mandi,Wheat,2024-10-31,2145,2235,2194
Odisha,Cuttack,Athagarh Mandi,Tomato,2024-10-31,952,1835,1379
Odisha,Cuttack,Athagarh Mandi,Mustard,2024-10-31,5137,5476,5289
Odisha,Cuttack,Athagarh Mandi,Maize,2024-10-31,1561,1670,1615
Odisha,Cuttack,Athagarh Mandi,Potato,2024-10-31,880,1168,1044
Odisha,Cuttack,Athagarh Mandi,Mango,2024-10-31,2578,3624,3164
Odisha,Cuttack,Athagarh Mandi,Paddy(Dhan),2024-11-04,1566,1665,1612
Odisha,Cuttack,Athagarh Mandi,Turmeric,2024-11-04,7304,8225,7786
Odisha,Cuttack,Athagarh Mandi,Wheat,2024-11-04,2130,2330,2250
Odisha,Cuttack,Athagarh Mandi,Jowar,2024-11-04,1921,2061,2008
Odisha,Cuttack,Athagarh Mandi,Mustard,2024-11-04,4839,5354,5118
Odisha,Cuttack,Athagarh Mandi,Maize,2024-11-04,1860,2107,1987
Odisha,Cuttack,Athagarh Mandi,Potato,2024-11-04,916,1144,1048
Odisha,Cuttack,Athagarh Mandi,Mango,2024-11-04,3045,3706,3361
Odisha,Cuttack,Athagarh Mandi,Paddy(Dhan),2024-11-08,1749,1865,1806
Odisha,Cuttack,Athagarh Mandi,Turmeric,2024-11-08,6531,7560,7114
Odisha,Cuttack,Athagarh Mandi,Wheat,2024-11-08,2115,2266,2182
Odisha,Cuttack,Athagarh Mandi,Jowar,2024-11-08,2212,2364,2290
Odisha,Cuttack,Athagarh Mandi,Maize,2024-11-08,1641,1838,1760
Odisha,Cuttack,Athagarh Mandi,Mango,2024-11-08,2652,4014,3311
Odisha,Cuttack,Athagarh Mandi,Paddy(Dhan),2024-11-12,1571,1651,1615
Odisha,Cuttack,Athagarh Mandi,Turmeric,2024-11-12,7656,8508,8043
Odisha,Cuttack,Athagarh Mandi,Wheat,2024-11-12,2048,2147,2103
Odisha,Cuttack,Athagarh Mandi,Jowar,2024-11-12,1957,2160,2076
Odisha,Cuttack,Athagarh Mandi,Potato,2024-11-12,820,1193,1028
Odisha,Cuttack,Athagarh Mandi,Mango,2024-11-12,2510,3342,2964
Odisha,Cuttack,Athagarh Mandi,Paddy(Dhan),2024-11-16,1521,1604,1558
Odisha,Cuttack,Athagarh Mandi,Turmeric,2024-11-16,6416,7485,7013
Odisha,Cuttack,Athagarh Mandi,Tomato,2024-11-16,764,1427,1074
Odisha,Cuttack,Athagarh Mandi,Jowar,2024-11-16,2192,2345,2285
Odisha,Cuttack,Athagarh Mandi,Mustard,2024-11-16,4523,5014,4814
Odisha,Cuttack,Athagarh Mandi,Mango,2024-11-16,2687,3941,3253
Odisha,Cuttack,Athagarh Mandi,Paddy(Dhan),2024-11-20,1581,1714,1643
Odisha,Cuttack,Athagarh Mandi,Turmeric,2024-11-20,6434,8098,7308
Odisha,Cuttack,Athagarh Mandi,Wheat,2024-11-20,1966,2134,2070
Odisha,Cuttack,Athagarh Mandi,Tomato,2024-11-20,724,1206,995
Odisha,Cuttack,Athagarh Mandi,Jowar,2024-11-20,2201,2438,2296
Odisha,Cuttack,Athagarh Mandi,Mustard,2024-11-20,5271,5703,5491
Odisha,Cuttack,Athagarh Mandi,Potato,2024-11-20,969,1162,1062
Odisha,Cuttack,Athagarh Mandi,Mango,2024-11-20,2675,3878,3364
Odisha,Cuttack,Athagarh Mandi,Paddy(Dhan),2024-11-24,1543,1715,1611
Odisha,Cuttack,Athagarh Mandi,Turmeric,2024-11-24,6354,7634,6996
Odisha,Cuttack,Athagarh Mandi,Wheat,2024-11-24,2224,2394,2300
Odisha,Cuttack,Athagarh Mandi,Jowar,2024-11-24,2134,2355,2251
Odisha,Cuttack,Athagarh Mandi,Maize,2024-11-24,1961,2131,2038
Odisha,Cuttack,Athagarh Mandi,Potato,2024-11-24,805,1291,1081
Odisha,Cuttack,Athagarh Mandi,Mango,2024-11-24,3098,3649,3417
Odisha,Cuttack,Athagarh Mandi,Paddy(Dhan),2024-11-28,1708,1907,1810
Odisha,Cuttack,Athagarh Mandi,Turmeric,2024-11-28,6722,8520,7611
Odisha,Cuttack,Athagarh Mandi,Wheat,2024-11-28,1932,2088,2021
Odisha,Cuttack,Athagarh Mandi,Tomato,2024-11-28,845,1352,1080
Odisha,Cuttack,Athagarh Mandi,Jowar,2024-11-28,2058,2250,2161
Odisha,Cuttack,Athagarh Mandi,Mustard,2024-11-28,4861,5541,5212
Odisha,Cuttack,Athagarh Mandi,Maize,2024-11-28,1841,1982,1923
Odisha,Cuttack,Athagarh Mandi,Potato,2024-11-28,976,1323,1132
Odisha,Cuttack,Athagarh Mandi,Mango,2024-11-28,2692,3493,3136
Odisha,Cuttack,Athagarh Mandi,Paddy(Dhan),2024-12-02,1633,1718,1675
Odisha,Cuttack,Athagarh Mandi,Wheat,2024-12-02,2093,2249,2174
Odisha,Cuttack,Athagarh Mandi,Jowar,2024-12-02,2356,2552,2456
Odisha,Cuttack,Athagarh Mandi,Mustard,2024-12-02,4813,5419,5043
Odisha,Cuttack,Athagarh Mandi,Maize,2024-12-02,1909,2050,1969
Odisha,Cuttack,Athagarh Mandi,Mango,2024-12-02,2628,3441,3095
Odisha,Cuttack,Athagarh Mandi,Paddy(Dhan),2024-12-06,1513,1647,1576
Odisha,Cuttack,Athagarh Mandi,Wheat,2024-12-06,1930,2088,2006
Odisha,Cuttack,Athagarh Mandi,Tomato,2024-12-06,873,1357,1130
Odisha,Cuttack,Athagarh Mandi,Jowar,2024-12-06,2633,2807,2724
Odisha,Cuttack,Athagarh Mandi,Maize,2024-12-06,1917,2086,1989
Odisha,Cuttack,Athagarh Mandi,Potato,2024-12-06,865,1359,1130
Odisha,Cuttack,Athagarh Mandi,Turmeric,2024-12-10,7022,8472,7853
Odisha,Cuttack,Athagarh Mandi,Wheat,2024-12-10,2001,2208,2091
Odisha,Cuttack,Athagarh Mandi,Tomato,2024-12-10,798,1418,1066
Odisha,Cuttack,Athagarh Mandi,Jowar,2024-12-10,2487,2653,2571
Odisha,Cuttack,Athagarh Mandi,Mustard,2024-12-10,4793,5192,4977
Odisha,Cuttack,Athagarh Mandi,Maize,2024-12-10,1759,1952,1843
Odisha,Cuttack,Athagarh Mandi,Mango,2024-12-10,2492,3489,3050
Odisha,Cuttack,Athagarh Mandi,Paddy(Dhan),2024-12-14,1714,1820,1778
Odisha,Cuttack,Athagarh Mandi,Turmeric,2024-12-14,6554,7569,7145
Odisha,Cuttack,Athagarh Mandi,Wheat,2024-12-14,2027,2183,2101
Odisha,Cuttack,Athagarh Mandi,Tomato,2024-12-14,855,1478,1148
Odisha,Cuttack,Athagarh Mandi,Jowar,2024-12-14,2485,2712,2592
Odisha,Cuttack,Athagarh Mandi,Mustard,2024-12-14,4687,5425,5055
Odisha,Cuttack,Athagarh Mandi,Potato,2024-12-14,945,1163,1072
Odisha,Cuttack,Athagarh Mandi,Paddy(Dhan),2024-12-18,1625,1723,1665
Odisha,Cuttack,Athagarh Mandi,Turmeric,2024-12-18,6087,7604,6961
Odisha,Cuttack,Athagarh Mandi,Tomato,2024-12-18,704,1513,1112
Odisha,Cuttack,Athagarh Mandi,Jowar,2024-12-18,2599,2820,2708
Odisha,Cuttack,Athagarh Mandi,Mustard,2024-12-18,4716,5099,4924
Odisha,Cuttack,Athagarh Mandi,Maize,2024-12-18,1918,2092,1986
Odisha,Cuttack,Athagarh Mandi,Potato,2024-12-18,836,1195,1023
Odisha,Cuttack,Athagarh Mandi,Mango,2024-12-18,2675,3688,3067
Odisha,Cuttack,Athagarh Mandi,Paddy(Dhan),2024-12-22,1744,1884,1801
Odisha,Cuttack,Athagarh Mandi,Turmeric,2024-12-22,7150,8240,7702
Odisha,Cuttack,Athagarh Mandi,Wheat,2024-12-22,2179,2296,2245
Odisha,Cuttack,Athagarh Mandi,Tomato,2024-12-22,810,1210,1033
Odisha,Cuttack,Athagarh Mandi,Mustard,2024-12-22,4832,5103,4998
Odisha,Cuttack,Athagarh Mandi,Maize,2024-12-22,1856,2012,1951
Odisha,Cuttack,Athagarh Mandi,Potato,2024-12-22,844,1290,1066
Odisha,Cuttack,Athagarh Mandi,Turmeric,2024-12-26,6433,7612,7017
Odisha,Cuttack,Athagarh Mandi,Wheat,2024-12-26,2187,2383,2265
Odisha,Cuttack,Athagarh Mandi,Tomato,2024-12-26,821,1532,1132
Odisha,Cuttack,Athagarh Mandi,Mustard,2024-12-26,4644,4969,4816
Odisha,Cuttack,Athagarh Mandi,Maize,2024-12-26,1935,2145,2050
Odisha,Cuttack,Athagarh Mandi,Potato,2024-12-26,873,1357,1132
Odisha,Cuttack,Athagarh Mandi,Mango,2024-12-26,2773,4094,3441
Odisha,Cuttack,Athagarh Mandi,Paddy(Dhan),2024-12-30,1561,1660,1615
Odisha,Cuttack,Athagarh Mandi,Tomato,2024-12-30,676,1550,1123
Odisha,Cuttack,Athagarh Mandi,Maize,2024-12-30,1694,1906,1816
Odisha,Cuttack,Athagarh Mandi,Potato,2024-12-30,1018,1263,1122
Chhattisgarh,Raipur,Arang Mandi,Mustard,2024-01-01,5406,5735,5606
Chhattisgarh,Raipur,Arang Mandi,Paddy(Dhan),2024-01-01,2108,2307,2202
Chhattisgarh,Raipur,Arang Mandi,Gram(Chana),2024-01-01,5140,5462,5262
Chhattisgarh,Raipur,Arang Mandi,Soybean,2024-01-01,4270,4769,4515
Chhattisgarh,Raipur,Arang Mandi,Tomato,2024-01-01,671,1400,1070
Chhattisgarh,Raipur,Arang Mandi,Mustard,2024-01-05,4840,5318,5061
Chhattisgarh,Raipur,Arang Mandi,Paddy(Dhan),2024-01-05,2054,2191,2126
Chhattisgarh,Raipur,Arang Mandi,Gram(Chana),2024-01-05,4487,4791,4641
Chhattisgarh,Raipur,Arang Mandi,Tomato,2024-01-05,881,1308,1117
Chhattisgarh,Raipur,Arang Mandi,Wheat,2024-01-05,2174,2339,2249
Chhattisgarh,Raipur,Arang Mandi,Mustard,2024-01-09,4973,5482,5190
Chhattisgarh,Raipur,Arang Mandi,Paddy(Dhan),2024-01-09,1818,2003,1904
Chhattisgarh,Raipur,Arang Mandi,Gram(Chana),2024-01-09,4959,5700,5298
Chhattisgarh,Raipur,Arang Mandi,Tomato,2024-01-09,871,1235,1029
Chhattisgarh,Raipur,Arang Mandi,Wheat,2024-01-09,2122,2329,2226
Chhattisgarh,Raipur,Arang Mandi,Paddy(Dhan),2024-01-13,1882,2021,1941
Chhattisgarh,Raipur,Arang Mandi,Gram(Chana),2024-01-13,4657,5226,5003
Chhattisgarh,Raipur,Arang Mandi,Soybean,2024-01-13,4009,4431,4190
Chhattisgarh,Raipur,Arang Mandi,Tomato,2024-01-13,948,1381,1129
Chhattisgarh,Raipur,Arang Mandi,Mustard,2024-01-17,5280,5891,5581
Chhattisgarh,Raipur,Arang Mandi,Paddy(Dhan),2024-01-17,1871,2032,1954
Chhattisgarh,Raipur,Arang Mandi,Soybean,2024-01-17,3967,4474,4199
Chhattisgarh,Raipur,Arang Mandi,Wheat,2024-01-17,1901,2067,1984
Chhattisgarh,Raipur,Arang Mandi,Mustard,2024-01-21,5089,5538,5318
Chhattisgarh,Raipur,Arang Mandi,Gram(Chana),2024-01-21,4541,5124,4836
Chhattisgarh,Raipur,Arang Mandi,Soybean,2024-01-21,4196,4689,4449
Chhattisgarh,Raipur,Arang Mandi,Tomato,2024-01-21,765,1335,1049
Chhattisgarh,Raipur,Arang Mandi,Wheat,2024-01-21,1986,2146,2055
Chhattisgarh,Raipur,Arang Mandi,Mustard,2024-01-25,5005,5530,5245
Chhattisgarh,Raipur,Arang Mandi,Paddy(Dhan),2024-01-25,1999,2121,2053
Chhattisgarh,Raipur,Arang Mandi,Tomato,2024-01-25,743,1304,1029
Chhattisgarh,Raipur,Arang Mandi,Wheat,2024-01-25,2164,2307,2242
Chhattisgarh,Raipur,Arang Mandi,Mustard,2024-01-29,4724,5208,4935
Chhattisgarh,Raipur,Arang Mandi,Paddy(Dhan),2024-01-29,1940,2082,2019
Chhattisgarh,Raipur,Arang Mandi,Gram(Chana),2024-01-29,4876,5334,5088
Chhattisgarh,Raipur,Arang Mandi,Soybean,2024-01-29,4050,4338,4203
Chhattisgarh,Raipur,Arang Mandi,Tomato,2024-01-29,900,1189,1055
Chhattisgarh,Raipur,Arang Mandi,Wheat,2024-01-29,2055,2128,2091
Chhattisgarh,Raipur,Arang Mandi,Paddy(Dhan),2024-02-02,1896,2029,1954
Chhattisgarh,Raipur,Arang Mandi,Gram(Chana),2024-02-02,4619,4974,4828
Chhattisgarh,Raipur,Arang Mandi,Tomato,2024-02-02,904,1316,1137
Chhattisgarh,Raipur,Arang Mandi,Wheat,2024-02-02,2089,2239,2158
Chhattisgarh,Raipur,Arang Mandi,Mustard,2024-02-06,4976,5481,5227
Chhattisgarh,Raipur,Arang Mandi,Paddy(Dhan),2024-02-06,1797,1986,1892
Chhattisgarh,Raipur,Arang Mandi,Gram(Chana),2024-02-06,4627,5035,4866
Chhattisgarh,Raipur,Arang Mandi,Soybean,2024-02-06,3893,4247,4072
Chhattisgarh,Raipur,Arang Mandi,Tomato,2024-02-06,886,1276,1101
Chhattisgarh,Raipur,Arang Mandi,Wheat,2024-02-06,2083,2177,2127
Chhattisgarh,Raipur,Arang Mandi,Mustard,2024-02-10,5449,5718,5595
Chhattisgarh,Raipur,Arang Mandi,Gram(Chana),2024-02-10,5074,5352,5220
Chhattisgarh,Raipur,Arang Mandi,Soybean,2024-02-10,3687,4165,3889
Chhattisgarh,Raipur,Arang Mandi,Wheat,2024-02-10,1976,2148,2044
Chhattisgarh,Raipur,Arang Mandi,Mustard,2024-02-14,4651,5175,4880
Chhattisgarh,Raipur,Arang Mandi,Paddy(Dhan),2024-02-14,2077,2244,2158
Chhattisgarh,Raipur,Arang Mandi,Gram(Chana),2024-02-14,4678,5290,5030
Chhattisgarh,Raipur,Arang Mandi,Tomato,2024-02-14,851,1375,1111
Chhattisgarh,Raipur,Arang Mandi,Wheat,2024-02-14,2223,2321,2276
Chhattisgarh,Raipur,Arang Mandi,Mustard,2024-02-18,5262,5818,5494
Chhattisgarh,Raipur,Arang Mandi,Paddy(Dhan),2024-02-18,2030,2148,2096
Chhattisgarh,Raipur,Arang Mandi,Gram(Chana),2024-02-18,4929,5632,5243
Chhattisgarh,Raipur,Arang Mandi,Soybean,2024-02-18,4248,4671,4504
Chhattisgarh,Raipur,Arang Mandi,Tomato,2024-02-18,764,1323,1074
Chhattisgarh,Raipur,Arang Mandi,Wheat,2024-02-18,1989,2093,2044
Chhattisgarh,Raipur,Arang Mandi,Mustard,2024-02-22,5136,5788,5417
Chhattisgarh,Raipur,Arang Mandi,Soybean,2024-02-22,3798,4080,3940
Chhattisgarh,Raipur,Arang Mandi,Wheat,2024-02-22,1942,2110,2039
Chhattisgarh,Raipur,Arang Mandi,Mustard,2024-02-26,5305,5650,5473
Chhattisgarh,Raipur,Arang Mandi,Soybean,2024-02-26,4237,4731,4486
Chhattisgarh,Raipur,Arang Mandi,Tomato,2024-02-26,615,1233,982
Chhattisgarh,Raipur,Arang Mandi,Wheat,2024-02-26,1950,2077,2009
Chhattisgarh,Raipur,Arang Mandi,Mustard,2024-03-01,3934,4397,4168
Chhattisgarh,Raipur,Arang Mandi,Paddy(Dhan),2024-03-01,1832,1932,1887
Chhattisgarh,Raipur,Arang Mandi,Gram(Chana),2024-03-01,4001,4481,4245
Chhattisgarh,Raipur,Arang Mandi,Soybean,2024-03-01,4089,4355,4215
Chhattisgarh,Raipur,Arang Mandi,Tomato,2024-03-01,962,1712,1302
Chhattisgarh,Raipur,Arang Mandi,Mustard,2024-03-05,3673,4216,3924
Chhattisgarh,Raipur,Arang Mandi,Paddy(Dhan),2024-03-05,2090,2294,2189
Chhattisgarh,Raipur,Arang Mandi,Gram(Chana),2024-03-05,4020,4309,4172
Chhattisgarh,Raipur,Arang Mandi,Soybean,2024-03-05,3638,4072,3869
Chhattisgarh,Raipur,Arang Mandi,Tomato,2024-03-05,897,1476,1196
Chhattisgarh,Raipur,Arang Mandi,Wheat,2024-03-05,1590,1750,1656
Chhattisgarh,Raipur,Arang Mandi,Paddy(Dhan),2024-03-09,1917,2147,2029
Chhattisgarh,Raipur,Arang Mandi,Gram(Chana),2024-03-09,3588,4090,3830
Chhattisgarh,Raipur,Arang Mandi,Tomato,2024-03-09,983,1509,1235
Chhattisgarh,Raipur,Arang Mandi,Wheat,2024-03-09,1554,1708,1625
Chhattisgarh,Raipur,Arang Mandi,Gram(Chana),2024-03-13,3704,4292,3978
Chhattisgarh,Raipur,Arang Mandi,Tomato,2024-03-13,1018,1777,1347
Chhattisgarh,Raipur,Arang Mandi,Wheat,2024-03-13,1668,1751,1702
Chhattisgarh,Raipur,Arang Mandi,Paddy(Dhan),2024-03-17,2158,2247,2205
Chhattisgarh,Raipur,Arang Mandi,Tomato,2024-03-17,1014,1598,1343
Chhattisgarh,Raipur,Arang Mandi,Wheat,2024-03-17,1586,1683,1639
Chhattisgarh,Raipur,Arang Mandi,Mustard,2024-03-21,3809,4211,4021
Chhattisgarh,Raipur,Arang Mandi,Paddy(Dhan),2024-03-21,1925,2017,1970
Chhattisgarh,Raipur,Arang Mandi,Gram(Chana),2024-03-21,3799,4108,3964
Chhattisgarh,Raipur,Arang Mandi,Soybean,2024-03-21,4231,4599,4421
Chhattisgarh,Raipur,Arang Mandi,Wheat,2024-03-21,1764,1862,1817
Chhattisgarh,Raipur,Arang Mandi,Paddy(Dhan),2024-03-25,1864,2009,1938
Chhattisgarh,Raipur,Arang Mandi,Tomato,2024-03-25,1030,1660,1327
Chhattisgarh,Raipur,Arang Mandi,Wheat,2024-03-25,1581,1695,1639
Chhattisgarh,Raipur,Arang Mandi,Wheat,2024-03-29,1791,1875,1825
Chhattisgarh,Raipur,Arang Mandi,Paddy(Dhan),2024-04-02,1896,1974,1934
Chhattisgarh,Raipur,Arang Mandi,Gram(Chana),2024-04-02,4277,4550,4423
Chhattisgarh,Raipur,Arang Mandi,Soybean,2024-04-02,3684,4219,3933
Chhattisgarh,Raipur,Arang Mandi,Tomato,2024-04-02,953,1796,1299
Chhattisgarh,Raipur,Arang Mandi,Wheat,2024-04-02,1700,1839,1765
Chhattisgarh,Raipur,Arang Mandi,Mustard,2024-04-06,4312,4706,4475
Chhattisgarh,Raipur,Arang Mandi,Paddy(Dhan),2024-04-06,1892,2076,1997
Chhattisgarh,Raipur,Arang Mandi,Gram(Chana),2024-04-06,3738,4079,3900
Chhattisgarh,Raipur,Arang Mandi,Soybean,2024-04-06,3947,4348,4192
Chhattisgarh,Raipur,Arang Mandi,Wheat,2024-04-06,1772,1876,1828
Chhattisgarh,Raipur,Arang Mandi,Mustard,2024-04-10,3955,4194,4090
Chhattisgarh,Raipur,Arang Mandi,Gram(Chana),2024-04-10,3851,4233,4034
Chhattisgarh,Raipur,Arang Mandi,Wheat,2024-04-10,1630,1771,1687
Chhattisgarh,Raipur,Arang Mandi,Mustard,2024-04-14,4100,4574,4327
Chhattisgarh,Raipur,Arang Mandi,Soybean,2024-04-14,4295,4744,4525
Chhattisgarh,Raipur,Arang Mandi,Tomato,2024-04-14,1036,1714,1353
Chhattisgarh,Raipur,Arang Mandi,Mustard,2024-04-18,4100,4578,4296
Chhattisgarh,Raipur,Arang Mandi,Wheat,2024-04-18,1789,1933,1865
Chhattisgarh,Raipur,Arang Mandi,Paddy(Dhan),2024-04-22,1964,2111,2027
Chhattisgarh,Raipur,Arang Mandi,Gram(Chana),2024-04-22,3812,4140,3989
Chhattisgarh,Raipur,Arang Mandi,Soybean,2024-04-22,4304,4794,4502
Chhattisgarh,Raipur,Arang Mandi,Tomato,2024-04-22,988,1729,1339
Chhattisgarh,Raipur,Arang Mandi,Wheat,2024-04-22,1720,1870,1785
Chhattisgarh,Raipur,Arang Mandi,Mustard,2024-04-26,4299,4728,4528
Chhattisgarh,Raipur,Arang Mandi,Paddy(Dhan),2024-04-26,2096,2268,2192
Chhattisgarh,Raipur,Arang Mandi,Gram(Chana),2024-04-26,3930,4403,4194
Chhattisgarh,Raipur,Arang Mandi,Tomato,2024-04-26,738,1576,1217
Chhattisgarh,Raipur,Arang Mandi,Wheat,2024-04-26,1635,1718,1683
Chhattisgarh,Raipur,Arang Mandi,Mustard,2024-04-30,3699,4140,3933
Chhattisgarh,Raipur,Arang Mandi,Paddy(Dhan),2024-04-30,2067,2208,2135
Chhattisgarh,Raipur,Arang Mandi,Gram(Chana),2024-04-30,4085,4447,4241
Chhattisgarh,Raipur,Arang Mandi,Soybean,2024-04-30,3811,4207,3986
Chhattisgarh,Raipur,Arang Mandi,Tomato,2024-04-30,1005,1633,1311
Chhattisgarh,Raipur,Arang Mandi,Wheat,2024-04-30,1714,1828,1773
Chhattisgarh,Raipur,Arang Mandi,Mustard,2024-05-04,5049,5410,5223
Chhattisgarh,Raipur,Arang Mandi,Paddy(Dhan),2024-05-04,2096,2236,2162
Chhattisgarh,Raipur,Arang Mandi,Gram(Chana),2024-05-04,4730,5095,4910
Chhattisgarh,Raipur,Arang Mandi,Soybean,2024-05-04,4257,4788,4483
Chhattisgarh,Raipur,Arang Mandi,Tomato,2024-05-04,804,1643,1219
Chhattisgarh,Raipur,Arang Mandi,Wheat,2024-05-04,1808,1916,1858
Chhattisgarh,Raipur,Arang Mandi,Mustard,2024-05-08,5214,5760,5439
Chhattisgarh,Raipur,Arang Mandi,Paddy(Dhan),2024-05-08,2001,2118,2065
Chhattisgarh,Raipur,Arang Mandi,Wheat,2024-05-08,1647,1738,1692
Chhattisgarh,Raipur,Arang Mandi,Mustard,2024-05-12,5346,5646,5478
Chhattisgarh,Raipur,Arang Mandi,Paddy(Dhan),2024-05-12,2020,2197,2098
Chhattisgarh,Raipur,Arang Mandi,Soybean,2024-05-12,3980,4307,4140
Chhattisgarh,Raipur,Arang Mandi,Tomato,2024-05-12,1046,1435,1265
Chhattisgarh,Raipur,Arang Mandi,Wheat,2024-05-12,1625,1717,1667
Chhattisgarh,Raipur,Arang Mandi,Gram(Chana),2024-05-16,5022,5415,5230
Chhattisgarh,Raipur,Arang Mandi,Soybean,2024-05-16,3993,4270,4128
Chhattisgarh,Raipur,Arang Mandi,Tomato,2024-05-16,849,1687,1285
Chhattisgarh,Raipur,Arang Mandi,Wheat,2024-05-16,1792,1863,1827
Chhattisgarh,Raipur,Arang Mandi,Mustard,2024-05-20,4811,5133,4947
Chhattisgarh,Raipur,Arang Mandi,Paddy(Dhan),2024-05-20,1922,2070,2004
Chhattisgarh,Raipur,Arang Mandi,Gram(Chana),2024-05-20,4451,4894,4672
Chhattisgarh,Raipur,Arang Mandi,Tomato,2024-05-20,1071,1646,1327
Chhattisgarh,Raipur,Arang Mandi,Wheat,2024-05-20,1763,1855,1810
Chhattisgarh,Raipur,Arang Mandi,Mustard,2024-05-24,5181,5498,5364
Chhattisgarh,Raipur,Arang Mandi,Paddy(Dhan),2024-05-24,2128,2231,2186
Chhattisgarh,Raipur,Arang Mandi,Gram(Chana),2024-05-24,4755,5070,4883
Chhattisgarh,Raipur,Arang Mandi,Soybean,2024-05-24,4055,4652,4384
Chhattisgarh,Raipur,Arang Mandi,Tomato,2024-05-24,899,1777,1253
Chhattisgarh,Raipur,Arang Mandi,Wheat,2024-05-24,1813,1918,1864
Chhattisgarh,Raipur,Arang Mandi,Mustard,2024-05-28,5145,5612,5410
Chhattisgarh,Raipur,Arang Mandi,Soybean,2024-05-28,4169,4565,4365
Chhattisgarh,Raipur,Arang Mandi,Wheat,2024-05-28,1635,1718,1680
Chhattisgarh,Raipur,Arang Mandi,Mustard,2024-06-01,4861,5087,4971
Chhattisgarh,Raipur,Arang Mandi,Paddy(Dhan),2024-06-01,1983,2215,2107
Chhattisgarh,Raipur,Arang Mandi,Gram(Chana),2024-06-01,4685,5016,4848
Chhattisgarh,Raipur,Arang Mandi,Soybean,2024-06-01,4081,4591,4339
Chhattisgarh,Raipur,Arang Mandi,Tomato,2024-06-01,994,1436,1229
Chhattisgarh,Raipur,Arang Mandi,Wheat,2024-06-01,2206,2406,2304
Chhattisgarh,Raipur,Arang Mandi,Mustard,2024-06-05,4993,5447,5232
Chhattisgarh,Raipur,Arang Mandi,Paddy(Dhan),2024-06-05,2035,2228,2127
Chhattisgarh,Raipur,Arang Mandi,Gram(Chana),2024-06-05,4928,5667,5270
Chhattisgarh,Raipur,Arang Mandi,Tomato,2024-06-05,814,1789,1371
Chhattisgarh,Raipur,Arang Mandi,Wheat,2024-06-05,2006,2115,2060
Chhattisgarh,Raipur,Arang Mandi,Paddy(Dhan),2024-06-09,1947,2111,2023
Chhattisgarh,Raipur,Arang Mandi,Gram(Chana),2024-06-09,4551,5211,4908
Chhattisgarh,Raipur,Arang Mandi,Soybean,2024-06-09,3965,4374,4155
Chhattisgarh,Raipur,Arang Mandi,Tomato,2024-06-09,974,1374,1216
Chhattisgarh,Raipur,Arang Mandi,Wheat,2024-06-09,1953,2080,2008
Chhattisgarh,Raipur,Arang Mandi,Paddy(Dhan),2024-06-13,2038,2241,2130
Chhattisgarh,Raipur,Arang Mandi,Tomato,2024-06-13,1015,1732,1337
Chhattisgarh,Raipur,Arang Mandi,Wheat,2024-06-13,2175,2310,2243
Chhattisgarh,Raipur,Arang Mandi,Paddy(Dhan),2024-06-17,2112,2326,2201
Chhattisgarh,Raipur,Arang Mandi,Gram(Chana),2024-06-17,4696,5348,5068
Chhattisgarh,Raipur,Arang Mandi,Soybean,2024-06-17,4218,4604,4452
Chhattisgarh,Raipur,Arang Mandi,Tomato,2024-06-17,803,1673,1258
Chhattisgarh,Raipur,Arang Mandi,Wheat,2024-06-17,2157,2267,2211
Chhattisgarh,Raipur,Arang Mandi,Paddy(Dhan),2024-06-21,1842,2021,1944
Chhattisgarh,Raipur,Arang Mandi,Paddy(Dhan),2024-06-25,2048,2201,2115
Chhattisgarh,Raipur,Arang Mandi,Gram(Chana),2024-06-25,4796,5339,5075
Chhattisgarh,Raipur,Arang Mandi,Soybean,2024-06-25,3902,4454,4174
Chhattisgarh,Raipur,Arang Mandi,Tomato,2024-06-25,1089,1654,1382
Chhattisgarh,Raipur,Arang Mandi,Wheat,2024-06-25,2133,2287,2200
Chhattisgarh,Raipur,Arang Mandi,Mustard,2024-06-29,5333,5686,5531
Chhattisgarh,Raipur,Arang Mandi,Gram(Chana),2024-06-29,5048,5361,5188
Chhattisgarh,Raipur,Arang Mandi,Tomato,2024-06-29,929,1614,1314
Chhattisgarh,Raipur,Arang Mandi,Wheat,2024-06-29,1986,2119,2065
Chhattisgarh,Raipur,Arang Mandi,Mustard,2024-07-03,5167,5682,5408
Chhattisgarh,Raipur,Arang Mandi,Paddy(Dhan),2024-07-03,1861,1982,1916
Chhattisgarh,Raipur,Arang Mandi,Gram(Chana),2024-07-03,5033,5632,5375
Chhattisgarh,Raipur,Arang Mandi,Soybean,2024-07-03,4262,4645,4430
Chhattisgarh,Raipur,Arang Mandi,Tomato,2024-07-03,947,1690,1299
Chhattisgarh,Raipur,Arang Mandi,Wheat,2024-07-03,2007,2115,2062
Chhattisgarh,Raipur,Arang Mandi,Mustard,2024-07-07,4971,5300,5117
Chhattisgarh,Raipur,Arang Mandi,Paddy(Dhan),2024-07-07,1993,2188,2086
Chhattisgarh,Raipur,Arang Mandi,Gram(Chana),2024-07-07,4626,5110,4882
Chhattisgarh,Raipur,Arang Mandi,Tomato,2024-07-07,1012,1410,1218
Chhattisgarh,Raipur,Arang Mandi,Wheat,2024-07-07,2157,2307,2236
Chhattisgarh,Raipur,Arang Mandi,Paddy(Dhan),2024-07-11,1940,2049,2001
Chhattisgarh,Raipur,Arang Mandi,Gram(Chana),2024-07-11,4800,5303,5053
Chhattisgarh,Raipur,Arang Mandi,Soybean,2024-07-11,3749,4019,3870
Chhattisgarh,Raipur,Arang Mandi,Wheat,2024-07-11,2138,2332,2234
Chhattisgarh,Raipur,Arang Mandi,Mustard,2024-07-15,4912,5574,5291
Chhattisgarh,Raipur,Arang Mandi,Paddy(Dhan),2024-07-15,2070,2201,2145
Chhattisgarh,Raipur,Arang Mandi,Gram(Chana),2024-07-15,4781,5226,5036
Chhattisgarh,Raipur,Arang Mandi,Tomato,2024-07-15,815,1796,1349
Chhattisgarh,Raipur,Arang Mandi,Wheat,2024-07-15,2205,2439,2310
Chhattisgarh,Raipur,Arang Mandi,Mustard,2024-07-19,4804,5116,4952
Chhattisgarh,Raipur,Arang Mandi,Gram(Chana),2024-07-19,4559,4978,4743
Chhattisgarh,Raipur,Arang Mandi,Tomato,2024-07-19,1033,1466,1298
Chhattisgarh,Raipur,Arang Mandi,Wheat,2024-07-19,1942,2074,2014
Chhattisgarh,Raipur,Arang Mandi,Mustard,2024-07-23,5307,5730,5505
Chhattisgarh,Raipur,Arang Mandi,Paddy(Dhan),2024-07-23,1972,2133,2073
Chhattisgarh,Raipur,Arang Mandi,Gram(Chana),2024-07-23,4852,5213,5031
Chhattisgarh,Raipur,Arang Mandi,Soybean,2024-07-23,4075,4641,4399
Chhattisgarh,Raipur,Arang Mandi,Tomato,2024-07-23,840,1714,1264
Chhattisgarh,Raipur,Arang Mandi,Wheat,2024-07-23,2216,2307,2259
Chhattisgarh,Raipur,Arang Mandi,Paddy(Dhan),2024-07-27,1952,2146,2046
Chhattisgarh,Raipur,Arang Mandi,Gram(Chana),2024-07-27,4531,5022,4763
Chhattisgarh,Raipur,Arang Mandi,Soybean,2024-07-27,3715,4079,3893
Chhattisgarh,Raipur,Arang Mandi,Wheat,2024-07-27,1954,2072,2010
Chhattisgarh,Raipur,Arang Mandi,Mustard,2024-07-31,4912,5340,5166
Chhattisgarh,Raipur,Arang Mandi,Paddy(Dhan),2024-07-31,1955,2132,2051
Chhattisgarh,Raipur,Arang Mandi,Soybean,2024-07-31,3967,4521,4222
Chhattisgarh,Raipur,Arang Mandi,Tomato,2024-07-31,869,1604,1272
Chhattisgarh,Raipur,Arang Mandi,Wheat,2024-07-31,2173,2329,2251
Chhattisgarh,Raipur,Arang Mandi,Mustard,2024-08-04,5372,5747,5516
Chhattisgarh,Raipur,Arang Mandi,Paddy(Dhan),2024-08-04,2134,2233,2171
Chhattisgarh,Raipur,Arang Mandi,Gram(Chana),2024-08-04,5097,5734,5354
Chhattisgarh,Raipur,Arang Mandi,Soybean,2024-08-04,4101,4742,4404
Chhattisgarh,Raipur,Arang Mandi,Wheat,2024-08-04,1976,2073,2034
Chhattisgarh,Raipur,Arang Mandi,Mustard,2024-08-08,4694,5042,4872
Chhattisgarh,Raipur,Arang Mandi,Gram(Chana),2024-08-08,4517,5102,4869
Chhattisgarh,Raipur,Arang Mandi,Tomato,2024-08-08,801,1727,1254
Chhattisgarh,Raipur,Arang Mandi,Paddy(Dhan),2024-08-12,1945,2075,2000
Chhattisgarh,Raipur,Arang Mandi,Soybean,2024-08-12,3770,4247,4037
Chhattisgarh,Raipur,Arang Mandi,Tomato,2024-08-12,794,1640,1318
Chhattisgarh,Raipur,Arang Mandi,Wheat,2024-08-12,2173,2326,2241
Chhattisgarh,Raipur,Arang Mandi,Mustard,2024-08-16,4920,5517,5169
Chhattisgarh,Raipur,Arang Mandi,Gram(Chana),2024-08-16,4881,5324,5092
Chhattisgarh,Raipur,Arang Mandi,Soybean,2024-08-16,3764,4214,4007
Chhattisgarh,Raipur,Arang Mandi,Tomato,2024-08-16,1102,1638,1393
Chhattisgarh,Raipur,Arang Mandi,Mustard,2024-08-20,5359,5827,5588
Chhattisgarh,Raipur,Arang Mandi,Gram(Chana),2024-08-20,4910,5394,5136
Chhattisgarh,Raipur,Arang Mandi,Soybean,2024-08-20,3783,4138,3930
Chhattisgarh,Raipur,Arang Mandi,Wheat,2024-08-20,2030,2181,2105
Chhattisgarh,Raipur,Arang Mandi,Mustard,2024-08-24,4982,5630,5324
Chhattisgarh,Raipur,Arang Mandi,Paddy(Dhan),2024-08-24,1839,1962,1891
Chhattisgarh,Raipur,Arang Mandi,Gram(Chana),2024-08-24,4364,4976,4656
Chhattisgarh,Raipur,Arang Mandi,Soybean,2024-08-24,4173,4677,4420
Chhattisgarh,Raipur,Arang Mandi,Wheat,2024-08-24,2060,2145,2093
Chhattisgarh,Raipur,Arang Mandi,Paddy(Dhan),2024-08-28,2119,2290,2209
Chhattisgarh,Raipur,Arang Mandi,Gram(Chana),2024-08-28,4506,5039,4737
Chhattisgarh,Raipur,Arang Mandi,Tomato,2024-08-28,996,1490,1244
Chhattisgarh,Raipur,Arang Mandi,Wheat,2024-08-28,2098,2260,2162
Chhattisgarh,Raipur,Arang Mandi,Mustard,2024-09-01,4735,5214,4982
Chhattisgarh,Raipur,Arang Mandi,Paddy(Dhan),2024-09-01,1997,2197,2097
Chhattisgarh,Raipur,Arang Mandi,Soybean,2024-09-01,3850,4248,4076
Chhattisgarh,Raipur,Arang Mandi,Tomato,2024-09-01,934,1533,1254
Chhattisgarh,Raipur,Arang Mandi,Wheat,2024-09-01,2103,2231,2162
Chhattisgarh,Raipur,Arang Mandi,Mustard,2024-09-05,5039,5493,5309
Chhattisgarh,Raipur,Arang Mandi,Paddy(Dhan),2024-09-05,1837,1953,1892
Chhattisgarh,Raipur,Arang Mandi,Gram(Chana),2024-09-05,4405,4937,4679
Chhattisgarh,Raipur,Arang Mandi,Soybean,2024-09-05,3699,4224,3980
Chhattisgarh,Raipur,Arang Mandi,Tomato,2024-09-05,877,1498,1199
Chhattisgarh,Raipur,Arang Mandi,Wheat,2024-09-05,2045,2236,2148
Chhattisgarh,Raipur,Arang Mandi,Mustard,2024-09-09,4922,5458,5140
Chhattisgarh,Raipur,Arang Mandi,Paddy(Dhan),2024-09-09,1845,2024,1955
Chhattisgarh,Raipur,Arang Mandi,Soybean,2024-09-09,4206,4582,4404
Chhattisgarh,Raipur,Arang Mandi,Tomato,2024-09-09,1029,1686,1386
Chhattisgarh,Raipur,Arang Mandi,Wheat,2024-09-09,2168,2287,2226
Chhattisgarh,Raipur,Arang Mandi,Mustard,2024-09-13,4652,4957,4833
Chhattisgarh,Raipur,Arang Mandi,Soybean,2024-09-13,4216,4776,4448
Chhattisgarh,Raipur,Arang Mandi,Tomato,2024-09-13,946,1710,1320
Chhattisgarh,Raipur,Arang Mandi,Wheat,2024-09-13,2184,2314,2241
Chhattisgarh,Raipur,Arang Mandi,Paddy(Dhan),2024-09-17,1869,1957,1921
Chhattisgarh,Raipur,Arang Mandi,Gram(Chana),2024-09-17,4617,4965,4770
Chhattisgarh,Raipur,Arang Mandi,Soybean,2024-09-17,3741,4223,3952
Chhattisgarh,Raipur,Arang Mandi,Wheat,2024-09-17,2033,2250,2139
Chhattisgarh,Raipur,Arang Mandi,Mustard,2024-09-21,5211,5569,5425
Chhattisgarh,Raipur,Arang Mandi,Tomato,2024-09-21,991,1634,1292
Chhattisgarh,Raipur,Arang Mandi,Wheat,2024-09-21,1979,2118,2044
Chhattisgarh,Raipur,Arang Mandi,Mustard,2024-09-25,5229,5779,5550
Chhattisgarh,Raipur,Arang Mandi,Paddy(Dhan),2024-09-25,1966,2174,2072
Chhattisgarh,Raipur,Arang Mandi,Gram(Chana),2024-09-25,5122,5503,5312
Chhattisgarh,Raipur,Arang Mandi,Tomato,2024-09-25,1153,1718,1368
Chhattisgarh,Raipur,Arang Mandi,Wheat,2024-09-25,2039,2254,2147
Chhattisgarh,Raipur,Arang Mandi,Paddy(Dhan),2024-09-29,1939,2090,2032
Chhattisgarh,Raipur,Arang Mandi,Tomato,2024-09-29,1033,1473,1264
Chhattisgarh,Raipur,Arang Mandi,Wheat,2024-09-29,2103,2231,2170
Chhattisgarh,Raipur,Arang Mandi,Mustard,2024-10-03,4964,5292,5168
Chhattisgarh,Raipur,Arang Mandi,Soybean,2024-10-03,3304,3571,3436
Chhattisgarh,Raipur,Arang Mandi,Tomato,2024-10-03,895,1470,1210
Chhattisgarh,Raipur,Arang Mandi,Wheat,2024-10-03,2049,2232,2139
Chhattisgarh,Raipur,Arang Mandi,Paddy(Dhan),2024-10-07,1647,1754,1694
Chhattisgarh,Raipur,Arang Mandi,Gram(Chana),2024-10-07,4706,5223,4924
Chhattisgarh,Raipur,Arang Mandi,Soybean,2024-10-07,3214,3549,3385
Chhattisgarh,Raipur,Arang Mandi,Wheat,2024-10-07,2015,2189,2112
Chhattisgarh,Raipur,Arang Mandi,Mustard,2024-10-11,5153,5499,5354
Chhattisgarh,Raipur,Arang Mandi,Paddy(Dhan),2024-10-11,1567,1721,1635
Chhattisgarh,Raipur,Arang Mandi,Wheat,2024-10-11,2187,2295,2242
Chhattisgarh,Raipur,Arang Mandi,Mustard,2024-10-15,5228,5882,5510
Chhattisgarh,Raipur,Arang Mandi,Paddy(Dhan),2024-10-15,1607,1744,1664
Chhattisgarh,Raipur,Arang Mandi,Gram(Chana),2024-10-15,4660,5074,4838
Chhattisgarh,Raipur,Arang Mandi,Soybean,2024-10-15,3351,3610,3475
Chhattisgarh,Raipur,Arang Mandi,Paddy(Dhan),2024-10-19,1526,1679,1608
Chhattisgarh,Raipur,Arang Mandi,Gram(Chana),2024-10-19,4694,5061,4862
Chhattisgarh,Raipur,Arang Mandi,Soybean,2024-10-19,3208,3591,3435
Chhattisgarh,Raipur,Arang Mandi,Tomato,2024-10-19,1070,1631,1340
Chhattisgarh,Raipur,Arang Mandi,Wheat,2024-10-19,2230,2397,2317
Chhattisgarh,Raipur,Arang Mandi,Mustard,2024-10-23,5330,5757,5537
Chhattisgarh,Raipur,Arang Mandi,Tomato,2024-10-23,1013,1584,1329
Chhattisgarh,Raipur,Arang Mandi,Wheat,2024-10-23,1906,2065,1984
Chhattisgarh,Raipur,Arang Mandi,Mustard,2024-10-27,5286,5520,5404
Chhattisgarh,Raipur,Arang Mandi,Paddy(Dhan),2024-10-27,1541,1666,1617
Chhattisgarh,Raipur,Arang Mandi,Tomato,2024-10-27,1058,1560,1319
Chhattisgarh,Raipur,Arang Mandi,Wheat,2024-10-27,1974,2082,2020
Chhattisgarh,Raipur,Arang Mandi,Paddy(Dhan),2024-10-31,1629,1717,1676
Chhattisgarh,Raipur,Arang Mandi,Gram(Chana),2024-10-31,4808,5527,5127
Chhattisgarh,Raipur,Arang Mandi,Soybean,2024-10-31,3266,3740,3482
Chhattisgarh,Raipur,Arang Mandi,Tomato,2024-10-31,1065,1650,1350
Chhattisgarh,Raipur,Arang Mandi,Mustard,2024-11-04,5285,5760,5554
Chhattisgarh,Raipur,Arang Mandi,Gram(Chana),2024-11-04,4583,4900,4706
Chhattisgarh,Raipur,Arang Mandi,Soybean,2024-11-04,3270,3713,3453
Chhattisgarh,Raipur,Arang Mandi,Tomato,2024-11-04,781,1292,1046
Chhattisgarh,Raipur,Arang Mandi,Wheat,2024-11-04,2089,2202,2135
Chhattisgarh,Raipur,Arang Mandi,Mustard,2024-11-08,4752,5164,4965
Chhattisgarh,Raipur,Arang Mandi,Paddy(Dhan),2024-11-08,1601,1704,1642
Chhattisgarh,Raipur,Arang Mandi,Gram(Chana),2024-11-08,5010,5626,5332
Chhattisgarh,Raipur,Arang Mandi,Soybean,2024-11-08,3110,3317,3217
Chhattisgarh,Raipur,Arang Mandi,Tomato,2024-11-08,763,1294,1068
Chhattisgarh,Raipur,Arang Mandi,Wheat,2024-11-08,1988,2151,2078
Chhattisgarh,Raipur,Arang Mandi,Mustard,2024-11-12,4708,5057,4847
Chhattisgarh,Raipur,Arang Mandi,Paddy(Dhan),2024-11-12,1681,1825,1757
Chhattisgarh,Raipur,Arang Mandi,Gram(Chana),2024-11-12,4596,5120,4887
Chhattisgarh,Raipur,Arang Mandi,Tomato,2024-11-12,857,1292,1075
Chhattisgarh,Raipur,Arang Mandi,Wheat,2024-11-12,2029,2134,2090
Chhattisgarh,Raipur,Arang Mandi,Mustard,2024-11-16,5136,5436,5264
Chhattisgarh,Raipur,Arang Mandi,Gram(Chana),2024-11-16,4969,5592,5279
Chhattisgarh,Raipur,Arang Mandi,Tomato,2024-11-16,869,1183,1008
Chhattisgarh,Raipur,Arang Mandi,Wheat,2024-11-16,2045,2123,2082
Chhattisgarh,Raipur,Arang Mandi,Mustard,2024-11-20,4635,5093,4905
Chhattisgarh,Raipur,Arang Mandi,Paddy(Dhan),2024-11-20,1664,1797,1740
Chhattisgarh,Raipur,Arang Mandi,Soybean,2024-11-20,3028,3385,3175
Chhattisgarh,Raipur,Arang Mandi,Tomato,2024-11-20,1016,1368,1147
Chhattisgarh,Raipur,Arang Mandi,Wheat,2024-11-20,1933,2078,2008
Chhattisgarh,Raipur,Arang Mandi,Mustard,2024-11-24,4507,5028,4796
Chhattisgarh,Raipur,Arang Mandi,Gram(Chana),2024-11-24,4793,5195,5021
Chhattisgarh,Raipur,Arang Mandi,Soybean,2024-11-24,3174,3540,3330
Chhattisgarh,Raipur,Arang Mandi,Wheat,2024-11-24,1977,2073,2021
Chhattisgarh,Raipur,Arang Mandi,Paddy(Dhan),2024-11-28,1508,1671,1595
Chhattisgarh,Raipur,Arang Mandi,Gram(Chana),2024-11-28,4905,5426,5130
Chhattisgarh,Raipur,Arang Mandi,Soybean,2024-11-28,3518,3855,3663
Chhattisgarh,Raipur,Arang Mandi,Mustard,2024-12-02,5158,5501,5349
Chhattisgarh,Raipur,Arang Mandi,Paddy(Dhan),2024-12-02,1620,1707,1664
Chhattisgarh,Raipur,Arang Mandi,Soybean,2024-12-02,3951,4410,4194
Chhattisgarh,Raipur,Arang Mandi,Tomato,2024-12-02,781,1364,1052
Chhattisgarh,Raipur,Arang Mandi,Mustard,2024-12-06,5068,5455,5266
Chhattisgarh,Raipur,Arang Mandi,Paddy(Dhan),2024-12-06,1681,1837,1756
Chhattisgarh,Raipur,Arang Mandi,Gram(Chana),2024-12-06,4786,5334,5062
Chhattisgarh,Raipur,Arang Mandi,Soybean,2024-12-06,4293,4742,4535
Chhattisgarh,Raipur,Arang Mandi,Tomato,2024-12-06,727,1282,988
Chhattisgarh,Raipur,Arang Mandi,Mustard,2024-12-10,4678,5057,4863
Chhattisgarh,Raipur,Arang Mandi,Paddy(Dhan),2024-12-10,1503,1592,1553
Chhattisgarh,Raipur,Arang Mandi,Gram(Chana),2024-12-10,4733,5399,4991
Chhattisgarh,Raipur,Arang Mandi,Soybean,2024-12-10,4084,4699,4377
Chhattisgarh,Raipur,Arang Mandi,Tomato,2024-12-10,706,1503,1065
Chhattisgarh,Raipur,Arang Mandi,Wheat,2024-12-10,2071,2183,2129
Chhattisgarh,Raipur,Arang Mandi,Mustard,2024-12-14,4821,5343,5138
Chhattisgarh,Raipur,Arang Mandi,Paddy(Dhan),2024-12-14,1599,1763,1692
Chhattisgarh,Raipur,Arang Mandi,Gram(Chana),2024-12-14,4442,5139,4822
Chhattisgarh,Raipur,Arang Mandi,Soybean,2024-12-14,4214,4843,4523
Chhattisgarh,Raipur,Arang Mandi,Tomato,2024-12-14,696,1203,984
Chhattisgarh,Raipur,Arang Mandi,Wheat,2024-12-14,2044,2169,2110
Chhattisgarh,Raipur,Arang Mandi,Mustard,2024-12-18,4847,5177,5041
Chhattisgarh,Raipur,Arang Mandi,Gram(Chana),2024-12-18,4421,4984,4710
Chhattisgarh,Raipur,Arang Mandi,Soybean,2024-12-18,4151,4711,4503
Chhattisgarh,Raipur,Arang Mandi,Tomato,2024-12-18,757,1290,1050
Chhattisgarh,Raipur,Arang Mandi,Wheat,2024-12-18,2136,2276,2206
Chhattisgarh,Raipur,Arang Mandi,Mustard,2024-12-22,5265,5737,5470
Chhattisgarh,Raipur,Arang Mandi,Paddy(Dhan),2024-12-22,1496,1593,1548
Chhattisgarh,Raipur,Arang Mandi,Gram(Chana),2024-12-22,4914,5686,5280
Chhattisgarh,Raipur,Arang Mandi,Soybean,2024-12-22,4059,4472,4253
Chhattisgarh,Raipur,Arang Mandi,Tomato,2024-12-22,635,1298,987
Chhattisgarh,Raipur,Arang Mandi,Mustard,2024-12-26,5428,5782,5590
Chhattisgarh,Raipur,Arang Mandi,Paddy(Dhan),2024-12-26,1653,1801,1738
Chhattisgarh,Raipur,Arang Mandi,Gram(Chana),2024-12-26,5006,5387,5173
Chhattisgarh,Raipur,Arang Mandi,Soybean,2024-12-26,4233,4500,4359
Chhattisgarh,Raipur,Arang Mandi,Tomato,2024-12-26,909,1239,1107
Chhattisgarh,Raipur,Arang Mandi,Wheat,2024-12-26,2076,2223,2151
Chhattisgarh,Raipur,Arang Mandi,Mustard,2024-12-30,5066,5517,5277
Chhattisgarh,Raipur,Arang Mandi,Paddy(Dhan),2024-12-30,1624,1753,1692
Chhattisgarh,Raipur,Arang Mandi,Gram(Chana),2024-12-30,5181,5487,5320
Chhattisgarh,Raipur,Arang Mandi,Soybean,2024-12-30,3876,4567,4239
Chhattisgarh,Raipur,Arang Mandi,Tomato,2024-12-30,805,1398,1080
Chhattisgarh,Raipur,Arang Mandi,Wheat,2024-12-30,2187,2333,2251
