State,District,IMD_Station,Latitude,Longitude,Date,Max_Temp_C,Min_Temp_C,Humidity_percent,Actual_Rainfall_mm,Normal_Rainfall_mm,Rainfall_Departure_percent,Weather_Alert
Punjab,Ludhiana,Ludhiana,30.9,75.85,2023-01-01,13.5,3.6,50.4,0.0,0.2,0.0,No_Alert
Punjab,Ludhiana,Ludhiana,30.9,75.85,2023-01-03,14.4,1.1,53.2,0.0,0.2,0.0,No_Alert
Punjab,Ludhiana,Ludhiana,30.9,75.85,2023-01-05,15.8,2.6,52.6,0.0,0.2,0.0,No_Alert
Punjab,Ludhiana,Ludhiana,30.9,75.85,2023-01-07,15.8,2.4,48.8,0.0,0.2,0.0,No_Alert
Punjab,Ludhiana,Ludhiana,30.9,75.85,2023-01-09,17.5,3.0,50.6,0.0,0.2,0.0,No_Alert
Punjab,Ludhiana,Ludhiana,30.9,75.85,2023-01-11,17.2,5.8,54.0,0.1,0.2,0.0,No_Alert
Punjab,Ludhiana,Ludhiana,30.9,75.85,2023-01-13,18.2,3.4,53.8,0.0,0.2,0.0,No_Alert
Punjab,Ludhiana,Ludhiana,30.9,75.85,2023-01-15,17.0,3.3,50.9,0.0,0.2,0.0,No_Alert
Punjab,Ludhiana,Ludhiana,30.9,75.85,2023-01-17,22.1,4.4,38.8,0.0,0.2,0.0,No_Alert
Punjab,Ludhiana,Ludhiana,30.9,75.85,2023-01-19,18.4,3.9,39.6,0.2,0.2,0.0,No_Alert
Punjab,Ludhiana,Ludhiana,30.9,75.85,2023-01-21,17.5,7.8,41.4,0.0,0.2,0.0,No_Alert
Punjab,Ludhiana,Ludhiana,30.9,75.85,2023-01-23,19.8,10.4,44.7,0.0,0.2,0.0,No_Alert
Punjab,Ludhiana,Ludhiana,30.9,75.85,2023-01-25,21.8,8.5,40.3,0.0,0.2,0.0,No_Alert
Punjab,Ludhiana,Ludhiana,30.9,75.85,2023-01-27,23.9,9.2,44.7,0.0,0.2,0.0,No_Alert
Punjab,Ludhiana,Ludhiana,30.9,75.85,2023-01-29,19.9,10.3,40.5,0.0,0.2,0.0,No_Alert
Punjab,Ludhiana,Ludhiana,30.9,75.85,2023-01-31,23.0,8.3,51.7,0.0,0.2,0.0,No_Alert
Punjab,Ludhiana,Ludhiana,30.9,75.85,2023-02-02,24.6,11.6,47.6,0.1,0.2,0.0,No_Alert
Punjab,Ludhiana,Ludhiana,30.9,75.85,2023-02-04,22.0,10.9,44.6,0.0,0.2,0.0,No_Alert
Punjab,Ludhiana,Ludhiana,30.9,75.85,2023-02-06,24.5,14.2,53.0,0.0,0.2,0.0,No_Alert
Punjab,Ludhiana,Ludhiana,30.9,75.85,2023-02-08,26.2,14.0,48.7,0.0,0.2,0.0,No_Alert
Punjab,Ludhiana,Ludhiana,30.9,75.85,2023-02-10,26.2,12.3,41.7,0.0,0.2,0.0,No_Alert
Punjab,Ludhiana,Ludhiana,30.9,75.85,2023-02-12,29.1,16.5,50.2,0.0,0.2,0.0,No_Alert
Punjab,Ludhiana,Ludhiana,30.9,75.85,2023-02-14,26.4,11.4,46.3,0.0,0.2,0.0,No_Alert
Punjab,Ludhiana,Ludhiana,30.9,75.85,2023-02-16,31.7,15.4,53.1,0.0,0.2,0.0,No_Alert
Punjab,Ludhiana,Ludhiana,30.9,75.85,2023-02-18,30.4,15.9,48.0,0.0,0.2,0.0,No_Alert
Punjab,Ludhiana,Ludhiana,30.9,75.85,2023-02-20,30.1,15.7,48.9,0.0,0.2,0.0,No_Alert
Punjab,Ludhiana,Ludhiana,30.9,75.85,2023-02-22,29.7,15.4,48.9,0.0,0.2,0.0,No_Alert
Punjab,Ludhiana,Ludhiana,30.9,75.85,2023-02-24,34.0,20.2,40.9,0.0,0.2,0.0,No_Alert
Punjab,Ludhiana,Ludhiana,30.9,75.85,2023-02-26,32.9,17.9,41.9,0.0,0.2,0.0,No_Alert
Punjab,Ludhiana,Ludhiana,30.9,75.85,2023-02-28,32.6,20.9,38.2,0.2,0.2,0.0,No_Alert
Punjab,Ludhiana,Ludhiana,30.9,75.85,2023-03-02,33.2,18.1,50.8,0.0,0.2,0.0,No_Alert
Punjab,Ludhiana,Ludhiana,30.9,75.85,2023-03-04,31.9,19.2,45.7,0.0,0.2,0.0,No_Alert
Punjab,Ludhiana,Ludhiana,30.9,75.85,2023-03-06,34.9,20.6,50.5,0.0,0.2,0.0,No_Alert
Punjab,Ludhiana,Ludhiana,30.9,75.85,2023-03-08,31.5,22.8,47.5,0.0,0.2,0.0,No_Alert
Punjab,Ludhiana,Ludhiana,30.9,75.85,2023-03-10,36.3,24.4,53.4,0.0,0.2,0.0,No_Alert
Punjab,Ludhiana,Ludhiana,30.9,75.85,2023-03-12,35.2,21.9,50.9,0.0,0.2,0.0,No_Alert
Punjab,Ludhiana,Ludhiana,30.9,75.85,2023-03-14,34.5,23.4,45.3,0.1,0.2,0.0,No_Alert
Punjab,Ludhiana,Ludhiana,30.9,75.85,2023-03-16,39.1,25.5,41.1,0.0,0.2,0.0,No_Alert
Punjab,Ludhiana,Ludhiana,30.9,75.85,2023-03-18,35.7,23.5,44.3,0.0,0.2,0.0,No_Alert
Punjab,Ludhiana,Ludhiana,30.9,75.85,2023-03-20,41.3,26.2,52.4,0.0,0.2,0.0,No_Alert
Punjab,Ludhiana,Ludhiana,30.9,75.85,2023-03-22,36.9,27.7,45.6,0.0,0.2,0.0,No_Alert
Punjab,Ludhiana,Ludhiana,30.9,75.85,2023-03-24,36.9,24.7,49.9,0.0,0.2,0.0,No_Alert
Punjab,Ludhiana,Ludhiana,30.9,75.85,2023-03-26,40.0,26.2,44.8,0.0,0.2,0.0,No_Alert
Punjab,Ludhiana,Ludhiana,30.9,75.85,2023-03-28,39.6,28.4,41.9,0.2,0.2,0.0,No_Alert
Punjab,Ludhiana,Ludhiana,30.9,75.85,2023-03-30,39.7,28.7,44.9,0.0,0.2,0.0,No_Alert
Punjab,Ludhiana,Ludhiana,30.9,75.85,2023-04-01,40.1,30.6,44.0,0.0,0.2,0.0,No_Alert
Punjab,Ludhiana,Ludhiana,30.9,75.85,2023-04-03,40.2,28.4,48.6,0.0,0.2,0.0,No_Alert
Punjab,Ludhiana,Ludhiana,30.9,75.85,2023-04-05,40.8,29.0,51.4,0.0,0.2,0.0,No_Alert
Punjab,Ludhiana,Ludhiana,30.9,75.85,2023-04-07,39.2,27.0,40.9,0.0,0.2,0.0,No_Alert
Punjab,Ludhiana,Ludhiana,30.9,75.85,2023-04-09,44.9,30.3,48.0,0.0,0.2,0.0,No_Alert
Punjab,Ludhiana,Ludhiana,30.9,75.85,2023-04-11,40.4,30.4,41.2,0.0,0.2,0.0,No_Alert
Punjab,Ludhiana,Ludhiana,30.9,75.85,2023-04-13,40.5,29.5,49.9,0.0,0.2,0.0,No_Alert
Punjab,Ludhiana,Ludhiana,30.9,75.85,2023-04-15,41.7,28.4,42.0,0.3,0.2,0.0,No_Alert
Punjab,Ludhiana,Ludhiana,30.9,75.85,2023-04-17,45.4,29.1,52.2,0.4,0.2,0.0,No_Alert
Punjab,Ludhiana,Ludhiana,30.9,75.85,2023-04-19,46.8,33.0,38.9,0.0,0.2,0.0,No_Alert
Punjab,Ludhiana,Ludhiana,30.9,75.85,2023-04-21,43.4,33.1,52.3,0.0,0.2,0.0,No_Alert
Punjab,Ludhiana,Ludhiana,30.9,75.85,2023-04-23,44.8,34.7,39.4,0.0,0.2,0.0,No_Alert
Punjab,Ludhiana,Ludhiana,30.9,75.85,2023-04-25,45.3,32.6,43.4,0.0,0.2,0.0,No_Alert
Punjab,Ludhiana,Ludhiana,30.9,75.85,2023-04-27,44.0,31.8,47.0,0.0,0.2,0.0,No_Alert
Punjab,Ludhiana,Ludhiana,30.9,75.85,2023-04-29,43.8,31.3,44.6,0.0,0.2,0.0,No_Alert
Punjab,Ludhiana,Ludhiana,30.9,75.85,2023-05-01,47.8,34.2,54.1,0.0,0.2,0.0,No_Alert
Punjab,Ludhiana,Ludhiana,30.9,75.85,2023-05-03,45.8,33.7,45.2,0.0,0.2,0.0,No_Alert
Punjab,Ludhiana,Ludhiana,30.9,75.85,2023-05-05,43.9,34.7,41.1,0.0,0.2,0.0,No_Alert
Punjab,Ludhiana,Ludhiana,30.9,75.85,2023-05-07,48.0,33.8,45.1,0.0,0.2,0.0,No_Alert
Punjab,Ludhiana,Ludhiana,30.9,75.85,2023-05-09,45.5,31.7,53.8,0.0,0.2,0.0,No_Alert
Punjab,Ludhiana,Ludhiana,30.9,75.85,2023-05-11,45.5,32.8,39.7,0.4,0.2,0.0,No_Alert
Punjab,Ludhiana,Ludhiana,30.9,75.85,2023-05-13,45.0,33.0,51.9,0.0,0.2,0.0,No_Alert
Punjab,Ludhiana,Ludhiana,30.9,75.85,2023-05-15,44.7,31.7,42.2,0.3,0.2,0.0,No_Alert
Punjab,Ludhiana,Ludhiana,30.9,75.85,2023-05-17,46.2,33.6,46.3,0.0,0.2,0.0,No_Alert
Punjab,Ludhiana,Ludhiana,30.9,75.85,2023-05-19,47.7,35.8,49.2,0.0,0.2,0.0,No_Alert
Punjab,Ludhiana,Ludhiana,30.9,75.85,2023-05-21,46.2,35.2,50.5,0.0,0.2,0.0,No_Alert
Punjab,Ludhiana,Ludhiana,30.9,75.85,2023-05-23,44.2,31.3,39.2,0.0,0.2,0.0,No_Alert
Punjab,Ludhiana,Ludhiana,30.9,75.85,2023-05-25,43.0,33.3,53.0,0.0,0.2,0.0,No_Alert
Punjab,Ludhiana,Ludhiana,30.9,75.85,2023-05-27,45.7,33.4,40.0,0.0,0.2,0.0,No_Alert
Punjab,Ludhiana,Ludhiana,30.9,75.85,2023-05-29,43.7,33.5,45.4,0.0,0.2,0.0,No_Alert
Punjab,Ludhiana,Ludhiana,30.9,75.85,2023-05-31,44.8,35.5,51.6,0.0,0.2,0.0,No_Alert
Punjab,Ludhiana,Ludhiana,30.9,75.85,2023-06-02,44.6,33.2,62.2,2.4,2.0,20.0,No_Alert
Punjab,Ludhiana,Ludhiana,30.9,75.85,2023-06-04,42.4,32.4,63.2,0.0,2.2,-100.0,No_Alert
Punjab,Ludhiana,Ludhiana,30.9,75.85,2023-06-06,41.4,32.9,68.0,3.8,2.5,52.0,No_Alert
Punjab,Ludhiana,Ludhiana,30.9,75.85,2023-06-08,44.2,29.7,68.2,0.0,2.7,-100.0,No_Alert
Punjab,Ludhiana,Ludhiana,30.9,75.85,2023-06-10,45.1,29.5,70.0,1.6,2.9,-44.8,No_Alert
Punjab,Ludhiana,Ludhiana,30.9,75.85,2023-06-12,42.8,32.6,66.4,0.0,3.1,-100.0,No_Alert
Punjab,Ludhiana,Ludhiana,30.9,75.85,2023-06-14,43.1,30.7,59.0,5.4,3.3,63.6,No_Alert
Punjab,Ludhiana,Ludhiana,30.9,75.85,2023-06-16,44.7,31.6,73.5,0.0,3.5,-100.0,No_Alert
Punjab,Ludhiana,Ludhiana,30.9,75.85,2023-06-18,43.8,29.0,70.0,8.1,3.7,118.9,No_Alert
Punjab,Ludhiana,Ludhiana,30.9,75.85,2023-06-20,45.1,32.3,62.6,6.7,3.9,71.8,No_Alert
Punjab,Ludhiana,Ludhiana,30.9,75.85,2023-06-22,43.9,31.1,64.1,0.0,4.1,-100.0,No_Alert
Punjab,Ludhiana,Ludhiana,30.9,75.85,2023-06-24,41.3,27.3,66.9,0.0,4.3,-100.0,No_Alert
Punjab,Ludhiana,Ludhiana,30.9,75.85,2023-06-26,44.0,29.8,68.4,7.9,4.5,75.6,No_Alert
Punjab,Ludhiana,Ludhiana,30.9,75.85,2023-06-28,44.6,31.6,70.6,9.5,4.6,106.5,No_Alert
Punjab,Ludhiana,Ludhiana,30.9,75.85,2023-06-30,43.8,28.2,78.3,0.0,4.8,-100.0,No_Alert
Punjab,Ludhiana,Ludhiana,30.9,75.85,2023-07-02,41.2,25.3,72.3,1.1,5.0,-78.0,No_Alert
Punjab,Ludhiana,Ludhiana,30.9,75.85,2023-07-04,39.1,24.9,70.9,3.1,5.1,-39.2,No_Alert
Punjab,Ludhiana,Ludhiana,30.9,75.85,2023-07-06,42.2,28.8,79.4,10.2,5.2,96.2,No_Alert
Punjab,Ludhiana,Ludhiana,30.9,75.85,2023-07-08,40.9,24.1,78.6,5.3,5.4,-1.9,No_Alert
Punjab,Ludhiana,Ludhiana,30.9,75.85,2023-07-10,39.0,27.9,79.4,1.6,5.5,-70.9,No_Alert
Punjab,Ludhiana,Ludhiana,30.9,75.85,2023-07-12,39.1,27.7,84.6,0.0,5.6,-100.0,No_Alert
Punjab,Ludhiana,Ludhiana,30.9,75.85,2023-07-14,37.1,23.5,72.9,9.9,5.7,73.7,No_Alert
Punjab,Ludhiana,Ludhiana,30.9,75.85,2023-07-16,35.7,25.0,85.7,11.9,5.8,105.2,No_Alert
Punjab,Ludhiana,Ludhiana,30.9,75.85,2023-07-18,34.1,21.9,76.6,0.0,5.9,-100.0,No_Alert
Punjab,Ludhiana,Ludhiana,30.9,75.85,2023-07-20,36.9,25.3,87.6,0.3,6.0,-95.0,No_Alert
Punjab,Ludhiana,Ludhiana,30.9,75.85,2023-07-22,34.1,24.2,78.6,0.0,6.0,-100.0,No_Alert
Punjab,Ludhiana,Ludhiana,30.9,75.85,2023-07-24,34.3,22.8,89.5,4.4,6.1,-27.9,No_Alert
Punjab,Ludhiana,Ludhiana,30.9,75.85,2023-07-26,37.7,20.9,85.2,0.0,6.1,-100.0,No_Alert
Punjab,Ludhiana,Ludhiana,30.9,75.85,2023-07-28,35.1,18.7,84.2,0.0,6.1,-100.0,No_Alert
Punjab,Ludhiana,Ludhiana,30.9,75.85,2023-07-30,35.5,20.6,80.9,8.1,6.1,32.8,No_Alert
Punjab,Ludhiana,Ludhiana,30.9,75.85,2023-08-01,29.1,18.2,84.3,0.0,6.1,-100.0,No_Alert
Punjab,Ludhiana,Ludhiana,30.9,75.85,2023-08-03,31.2,20.7,86.4,0.0,6.1,-100.0,No_Alert
Punjab,Ludhiana,Ludhiana,30.9,75.85,2023-08-05,30.9,18.1,77.7,2.7,6.1,-55.7,No_Alert
Punjab,Ludhiana,Ludhiana,30.9,75.85,2023-08-07,27.6,17.2,83.7,0.0,6.1,-100.0,No_Alert
Punjab,Ludhiana,Ludhiana,30.9,75.85,2023-08-09,30.3,14.5,90.5,12.1,6.0,101.7,No_Alert
Punjab,Ludhiana,Ludhiana,30.9,75.85,2023-08-11,26.7,15.0,80.3,0.0,6.0,-100.0,No_Alert
Punjab,Ludhiana,Ludhiana,30.9,75.85,2023-08-13,26.9,17.0,78.7,0.0,5.9,-100.0,No_Alert
Punjab,Ludhiana,Ludhiana,30.9,75.85,2023-08-15,28.9,18.2,89.3,0.0,5.8,-100.0,No_Alert
Punjab,Ludhiana,Ludhiana,30.9,75.85,2023-08-17,28.7,12.5,88.1,0.0,5.8,-100.0,No_Alert
Punjab,Ludhiana,Ludhiana,30.9,75.85,2023-08-19,27.1,15.8,76.7,6.9,5.7,21.1,No_Alert
Punjab,Ludhiana,Ludhiana,30.9,75.85,2023-08-21,25.4,11.3,75.4,11.0,5.6,96.4,No_Alert
Punjab,Ludhiana,Ludhiana,30.9,75.85,2023-08-23,26.0,14.0,86.8,0.0,5.4,-100.0,No_Alert
Punjab,Ludhiana,Ludhiana,30.9,75.85,2023-08-25,25.4,13.0,85.7,11.2,5.3,111.3,No_Alert
Punjab,Ludhiana,Ludhiana,30.9,75.85,2023-08-27,24.9,11.4,70.4,0.0,5.2,-100.0,No_Alert
Punjab,Ludhiana,Ludhiana,30.9,75.85,2023-08-29,25.8,9.5,80.7,7.1,5.0,42.0,No_Alert
Punjab,Ludhiana,Ludhiana,30.9,75.85,2023-08-31,24.2,11.5,83.3,2.4,4.9,-51.0,No_Alert
Punjab,Ludhiana,Ludhiana,30.9,75.85,2023-09-02,24.2,6.9,75.3,0.0,4.7,-100.0,No_Alert
Punjab,Ludhiana,Ludhiana,30.9,75.85,2023-09-04,21.8,6.9,66.0,0.0,4.6,-100.0,No_Alert
Punjab,Ludhiana,Ludhiana,30.9,75.85,2023-09-06,17.6,8.2,76.6,3.6,4.4,-18.2,No_Alert
Punjab,Ludhiana,Ludhiana,30.9,75.85,2023-09-08,20.4,9.2,74.3,0.0,4.2,-100.0,No_Alert
Punjab,Ludhiana,Ludhiana,30.9,75.85,2023-09-10,17.8,4.1,65.3,0.0,4.0,-100.0,No_Alert
Punjab,Ludhiana,Ludhiana,30.9,75.85,2023-09-12,20.2,7.9,67.1,7.0,3.8,84.2,No_Alert
Punjab,Ludhiana,Ludhiana,30.9,75.85,2023-09-14,21.1,3.4,62.4,0.0,3.6,-100.0,No_Alert
Punjab,Ludhiana,Ludhiana,30.9,75.85,2023-09-16,20.9,8.2,72.4,0.0,3.4,-100.0,No_Alert
Punjab,Ludhiana,Ludhiana,30.9,75.85,2023-09-18,16.1,5.4,63.4,1.8,3.2,-43.8,No_Alert
Punjab,Ludhiana,Ludhiana,30.9,75.85,2023-09-20,19.0,4.7,63.2,1.0,3.0,-66.7,No_Alert
Punjab,Ludhiana,Ludhiana,30.9,75.85,2023-09-22,17.9,2.5,57.3,0.0,2.8,-100.0,No_Alert
Punjab,Ludhiana,Ludhiana,30.9,75.85,2023-09-24,17.5,5.8,55.5,3.8,2.6,46.2,No_Alert
Punjab,Ludhiana,Ludhiana,30.9,75.85,2023-09-26,15.8,6.1,67.5,0.0,2.4,-100.0,No_Alert
Punjab,Ludhiana,Ludhiana,30.9,75.85,2023-09-28,16.4,4.1,54.0,0.3,2.1,-85.7,No_Alert
Punjab,Ludhiana,Ludhiana,30.9,75.85,2023-09-30,14.0,-0.1,55.5,1.0,1.9,-47.4,No_Alert
Punjab,Ludhiana,Ludhiana,30.9,75.85,2023-10-02,15.0,4.4,39.6,0.0,0.2,0.0,No_Alert
Punjab,Ludhiana,Ludhiana,30.9,75.85,2023-10-04,12.5,-1.4,46.3,0.0,0.2,0.0,No_Alert
Punjab,Ludhiana,Ludhiana,30.9,75.85,2023-10-06,15.8,-0.5,52.2,0.0,0.2,0.0,No_Alert
Punjab,Ludhiana,Ludhiana,30.9,75.85,2023-10-08,11.9,-2.3,40.5,0.0,0.2,0.0,No_Alert
Punjab,Ludhiana,Ludhiana,30.9,75.85,2023-10-10,14.0,1.9,45.3,0.0,0.2,0.0,No_Alert
Punjab,Ludhiana,Ludhiana,30.9,75.85,2023-10-12,12.5,-1.4,46.8,0.0,0.2,0.0,No_Alert
Punjab,Ludhiana,Ludhiana,30.9,75.85,2023-10-14,13.9,-0.4,52.6,0.0,0.2,0.0,No_Alert
Punjab,Ludhiana,Ludhiana,30.9,75.85,2023-10-16,9.8,-1.2,52.4,0.0,0.2,0.0,No_Alert
Punjab,Ludhiana,Ludhiana,30.9,75.85,2023-10-18,8.8,-0.5,40.1,0.0,0.2,0.0,No_Alert
Punjab,Ludhiana,Ludhiana,30.9,75.85,2023-10-20,12.1,-0.7,52.1,0.0,0.2,0.0,No_Alert
Punjab,Ludhiana,Ludhiana,30.9,75.85,2023-10-22,10.3,-1.6,50.5,0.0,0.2,0.0,No_Alert
Punjab,Ludhiana,Ludhiana,30.9,75.85,2023-10-24,9.3,-5.4,50.5,0.0,0.2,0.0,No_Alert
Punjab,Ludhiana,Ludhiana,30.9,75.85,2023-10-26,7.8,-4.4,46.5,0.0,0.2,0.0,No_Alert
Punjab,Ludhiana,Ludhiana,30.9,75.85,2023-10-28,8.7,-4.0,43.7,0.0,0.2,0.0,No_Alert
Punjab,Ludhiana,Ludhiana,30.9,75.85,2023-10-30,10.1,0.8,40.9,0.0,0.2,0.0,No_Alert
Punjab,Ludhiana,Ludhiana,30.9,75.85,2023-11-01,13.0,-3.8,52.2,0.0,0.2,0.0,No_Alert
Punjab,Ludhiana,Ludhiana,30.9,75.85,2023-11-03,10.0,-3.5,41.2,0.0,0.2,0.0,No_Alert
Punjab,Ludhiana,Ludhiana,30.9,75.85,2023-11-05,9.4,-1.7,48.6,0.0,0.2,0.0,No_Alert
Punjab,Ludhiana,Ludhiana,30.9,75.85,2023-11-07,5.8,-5.0,53.2,0.0,0.2,0.0,No_Alert
Punjab,Ludhiana,Ludhiana,30.9,75.85,2023-11-09,12.0,-4.2,53.0,0.0,0.2,0.0,No_Alert
Punjab,Ludhiana,Ludhiana,30.9,75.85,2023-11-11,7.4,-4.3,42.5,0.0,0.2,0.0,No_Alert
Punjab,Ludhiana,Ludhiana,30.9,75.85,2023-11-13,10.2,-6.3,44.4,0.0,0.2,0.0,No_Alert
Punjab,Ludhiana,Ludhiana,30.9,75.85,2023-11-15,8.4,-2.2,46.8,0.0,0.2,0.0,No_Alert
Punjab,Ludhiana,Ludhiana,30.9,75.85,2023-11-17,8.2,-6.2,40.0,0.0,0.2,0.0,No_Alert
Punjab,Ludhiana,Ludhiana,30.9,75.85,2023-11-19,8.3,-2.4,51.6,0.0,0.2,0.0,No_Alert
Punjab,Ludhiana,Ludhiana,30.9,75.85,2023-11-21,11.3,-2.7,38.3,0.0,0.2,0.0,No_Alert
Punjab,Ludhiana,Ludhiana,30.9,75.85,2023-11-23,7.6,-2.6,41.1,0.0,0.2,0.0,No_Alert
Punjab,Ludhiana,Ludhiana,30.9,75.85,2023-11-25,11.3,-4.0,38.7,0.0,0.2,0.0,No_Alert
Punjab,Ludhiana,Ludhiana,30.9,75.85,2023-11-27,11.2,0.6,43.9,0.0,0.2,0.0,No_Alert
Punjab,Ludhiana,Ludhiana,30.9,75.85,2023-11-29,8.4,-2.4,45.1,0.0,0.2,0.0,No_Alert
Punjab,Ludhiana,Ludhiana,30.9,75.85,2023-12-01,9.5,-5.5,48.4,0.0,0.2,0.0,No_Alert
Punjab,Ludhiana,Ludhiana,30.9,75.85,2023-12-03,10.0,-1.5,53.9,0.3,0.2,0.0,No_Alert
Punjab,Ludhiana,Ludhiana,30.9,75.85,2023-12-05,10.0,-1.2,42.7,0.0,0.2,0.0,No_Alert
Punjab,Ludhiana,Ludhiana,30.9,75.85,2023-12-07,14.1,-0.5,50.2,0.0,0.2,0.0,No_Alert
Punjab,Ludhiana,Ludhiana,30.9,75.85,2023-12-09,12.2,-3.7,50.8,0.0,0.2,0.0,No_Alert
Punjab,Ludhiana,Ludhiana,30.9,75.85,2023-12-11,10.7,-3.6,54.0,0.0,0.2,0.0,No_Alert
Punjab,Ludhiana,Ludhiana,30.9,75.85,2023-12-13,12.7,0.4,39.6,0.0,0.2,0.0,No_Alert
Punjab,Ludhiana,Ludhiana,30.9,75.85,2023-12-15,8.5,-3.5,51.0,0.0,0.2,0.0,No_Alert
Punjab,Ludhiana,Ludhiana,30.9,75.85,2023-12-17,14.6,1.8,39.0,0.0,0.2,0.0,No_Alert
Punjab,Ludhiana,Ludhiana,30.9,75.85,2023-12-19,10.1,-1.2,43.9,0.0,0.2,0.0,No_Alert
Punjab,Ludhiana,Ludhiana,30.9,75.85,2023-12-21,14.3,1.5,41.4,0.1,0.2,0.0,No_Alert
Punjab,Ludhiana,Ludhiana,30.9,75.85,2023-12-23,12.5,-0.4,40.0,0.0,0.2,0.0,No_Alert
Punjab,Ludhiana,Ludhiana,30.9,75.85,2023-12-25,14.4,3.3,40.1,0.2,0.2,0.0,No_Alert
Punjab,Ludhiana,Ludhiana,30.9,75.85,2023-12-27,13.4,3.6,39.4,0.0,0.2,0.0,No_Alert
Punjab,Ludhiana,Ludhiana,30.9,75.85,2023-12-29,17.6,4.9,51.5,0.0,0.2,0.0,No_Alert
Punjab,Ludhiana,Ludhiana,30.9,75.85,2023-12-31,16.0,1.9,47.9,0.0,0.2,0.0,No_Alert
Punjab,Amritsar,Amritsar,31.83,74.75,2023-01-01,16.2,-0.4,40.3,0.0,0.2,0.0,No_Alert
Punjab,Amritsar,Amritsar,31.83,74.75,2023-01-03,18.3,2.7,50.2,0.0,0.2,0.0,No_Alert
Punjab,Amritsar,Amritsar,31.83,74.75,2023-01-05,17.8,2.8,52.1,0.1,0.2,0.0,No_Alert
Punjab,Amritsar,Amritsar,31.83,74.75,2023-01-07,14.9,4.8,40.2,0.0,0.2,0.0,No_Alert
Punjab,Amritsar,Amritsar,31.83,74.75,2023-01-09,18.2,4.9,48.9,0.2,0.2,0.0,No_Alert
Punjab,Amritsar,Amritsar,31.83,74.75,2023-01-11,18.8,7.4,46.3,0.0,0.2,0.0,No_Alert
Punjab,Amritsar,Amritsar,31.83,74.75,2023-01-13,15.1,5.7,43.8,0.0,0.2,0.0,No_Alert
Punjab,Amritsar,Amritsar,31.83,74.75,2023-01-15,21.6,7.1,41.6,0.0,0.2,0.0,No_Alert
Punjab,Amritsar,Amritsar,31.83,74.75,2023-01-17,16.8,5.1,49.4,0.4,0.2,0.0,No_Alert
Punjab,Amritsar,Amritsar,31.83,74.75,2023-01-19,17.2,6.5,52.6,0.0,0.2,0.0,No_Alert
Punjab,Amritsar,Amritsar,31.83,74.75,2023-01-21,19.8,4.9,42.7,0.0,0.2,0.0,No_Alert
Punjab,Amritsar,Amritsar,31.83,74.75,2023-01-23,19.2,6.5,48.1,0.0,0.2,0.0,No_Alert
Punjab,Amritsar,Amritsar,31.83,74.75,2023-01-25,18.5,8.1,47.4,0.0,0.2,0.0,No_Alert
Punjab,Amritsar,Amritsar,31.83,74.75,2023-01-27,20.2,9.6,45.9,0.2,0.2,0.0,No_Alert
Punjab,Amritsar,Amritsar,31.83,74.75,2023-01-29,22.5,9.0,44.6,0.0,0.2,0.0,No_Alert
Punjab,Amritsar,Amritsar,31.83,74.75,2023-01-31,23.4,10.4,47.5,0.0,0.2,0.0,No_Alert
Punjab,Amritsar,Amritsar,31.83,74.75,2023-02-02,23.3,11.8,48.5,0.3,0.2,0.0,No_Alert
Punjab,Amritsar,Amritsar,31.83,74.75,2023-02-04,21.5,11.5,47.2,0.0,0.2,0.0,No_Alert
Punjab,Amritsar,Amritsar,31.83,74.75,2023-02-06,26.2,11.5,44.3,0.0,0.2,0.0,No_Alert
Punjab,Amritsar,Amritsar,31.83,74.75,2023-02-08,27.9,11.1,41.0,0.0,0.2,0.0,No_Alert
Punjab,Amritsar,Amritsar,31.83,74.75,2023-02-10,24.5,15.2,48.2,0.0,0.2,0.0,No_Alert
Punjab,Amritsar,Amritsar,31.83,74.75,2023-02-12,25.7,14.1,51.5,0.4,0.2,0.0,No_Alert
Punjab,Amritsar,Amritsar,31.83,74.75,2023-02-14,26.7,13.8,39.3,0.0,0.2,0.0,No_Alert
Punjab,Amritsar,Amritsar,31.83,74.75,2023-02-16,26.5,16.0,49.9,0.0,0.2,0.0,No_Alert
Punjab,Amritsar,Amritsar,31.83,74.75,2023-02-18,31.2,15.7,45.4,0.0,0.2,0.0,No_Alert
Punjab,Amritsar,Amritsar,31.83,74.75,2023-02-20,28.5,17.5,44.2,0.0,0.2,0.0,No_Alert
Punjab,Amritsar,Amritsar,31.83,74.75,2023-02-22,27.7,16.8,46.5,0.0,0.2,0.0,No_Alert
Punjab,Amritsar,Amritsar,31.83,74.75,2023-02-24,30.7,16.1,49.0,0.0,0.2,0.0,No_Alert
Punjab,Amritsar,Amritsar,31.83,74.75,2023-02-26,32.5,18.0,38.5,0.0,0.2,0.0,No_Alert
Punjab,Amritsar,Amritsar,31.83,74.75,2023-02-28,30.0,17.6,48.6,0.0,0.2,0.0,No_Alert
Punjab,Amritsar,Amritsar,31.83,74.75,2023-03-02,32.9,17.2,49.3,0.0,0.2,0.0,No_Alert
Punjab,Amritsar,Amritsar,31.83,74.75,2023-03-04,34.0,20.7,44.8,0.0,0.2,0.0,No_Alert
Punjab,Amritsar,Amritsar,31.83,74.75,2023-03-06,35.2,19.5,43.3,0.1,0.2,0.0,No_Alert
Punjab,Amritsar,Amritsar,31.83,74.75,2023-03-08,32.0,21.0,48.2,0.0,0.2,0.0,No_Alert
Punjab,Amritsar,Amritsar,31.83,74.75,2023-03-10,36.3,20.7,38.6,0.0,0.2,0.0,No_Alert
Punjab,Amritsar,Amritsar,31.83,74.75,2023-03-12,39.1,23.7,52.7,0.0,0.2,0.0,No_Alert
Punjab,Amritsar,Amritsar,31.83,74.75,2023-03-14,37.4,23.0,50.0,0.0,0.2,0.0,No_Alert
Punjab,Amritsar,Amritsar,31.83,74.75,2023-03-16,35.2,24.9,43.5,0.0,0.2,0.0,No_Alert
Punjab,Amritsar,Amritsar,31.83,74.75,2023-03-18,35.4,23.7,49.9,0.0,0.2,0.0,No_Alert
Punjab,Amritsar,Amritsar,31.83,74.75,2023-03-20,37.2,25.7,41.7,0.0,0.2,0.0,No_Alert
Punjab,Amritsar,Amritsar,31.83,74.75,2023-03-22,39.1,28.2,45.4,0.0,0.2,0.0,No_Alert
Punjab,Amritsar,Amritsar,31.83,74.75,2023-03-24,41.8,24.3,39.1,0.0,0.2,0.0,No_Alert
Punjab,Amritsar,Amritsar,31.83,74.75,2023-03-26,39.2,25.1,52.9,0.0,0.2,0.0,No_Alert
Punjab,Amritsar,Amritsar,31.83,74.75,2023-03-28,37.2,27.2,51.1,0.0,0.2,0.0,No_Alert
Punjab,Amritsar,Amritsar,31.83,74.75,2023-03-30,40.6,25.5,48.4,0.2,0.2,0.0,No_Alert
Punjab,Amritsar,Amritsar,31.83,74.75,2023-04-01,39.5,29.4,40.2,0.0,0.2,0.0,No_Alert
Punjab,Amritsar,Amritsar,31.83,74.75,2023-04-03,41.5,28.9,43.7,0.0,0.2,0.0,No_Alert
Punjab,Amritsar,Amritsar,31.83,74.75,2023-04-05,43.5,27.4,51.7,0.0,0.2,0.0,No_Alert
Punjab,Amritsar,Amritsar,31.83,74.75,2023-04-07,44.8,32.6,40.8,0.0,0.2,0.0,No_Alert
Punjab,Amritsar,Amritsar,31.83,74.75,2023-04-09,45.3,29.4,44.6,0.0,0.2,0.0,No_Alert
Punjab,Amritsar,Amritsar,31.83,74.75,2023-04-11,44.8,27.7,48.7,0.0,0.2,0.0,No_Alert
Punjab,Amritsar,Amritsar,31.83,74.75,2023-04-13,43.0,29.3,39.9,0.0,0.2,0.0,No_Alert
Punjab,Amritsar,Amritsar,31.83,74.75,2023-04-15,45.9,31.1,40.4,0.0,0.2,0.0,No_Alert
Punjab,Amritsar,Amritsar,31.83,74.75,2023-04-17,46.5,33.4,52.3,0.0,0.2,0.0,No_Alert
Punjab,Amritsar,Amritsar,31.83,74.75,2023-04-19,42.8,29.6,46.1,0.0,0.2,0.0,No_Alert
Punjab,Amritsar,Amritsar,31.83,74.75,2023-04-21,44.5,30.6,54.2,0.0,0.2,0.0,No_Alert
Punjab,Amritsar,Amritsar,31.83,74.75,2023-04-23,45.6,31.5,38.8,0.0,0.2,0.0,No_Alert
Punjab,Amritsar,Amritsar,31.83,74.75,2023-04-25,45.6,33.7,47.6,0.0,0.2,0.0,No_Alert
Punjab,Amritsar,Amritsar,31.83,74.75,2023-04-27,45.6,33.5,47.9,0.0,0.2,0.0,No_Alert
Punjab,Amritsar,Amritsar,31.83,74.75,2023-04-29,46.6,30.3,43.6,0.3,0.2,0.0,No_Alert
Punjab,Amritsar,Amritsar,31.83,74.75,2023-05-01,43.8,33.1,39.0,0.1,0.2,0.0,No_Alert
Punjab,Amritsar,Amritsar,31.83,74.75,2023-05-03,47.6,33.3,41.1,0.0,0.2,0.0,No_Alert
Punjab,Amritsar,Amritsar,31.83,74.75,2023-05-05,49.1,35.3,49.8,0.0,0.2,0.0,No_Alert
Punjab,Amritsar,Amritsar,31.83,74.75,2023-05-07,42.4,32.1,44.1,0.0,0.2,0.0,No_Alert
Punjab,Amritsar,Amritsar,31.83,74.75,2023-05-09,47.9,34.7,42.6,0.0,0.2,0.0,No_Alert
Punjab,Amritsar,Amritsar,31.83,74.75,2023-05-11,48.9,35.9,38.2,0.0,0.2,0.0,No_Alert
Punjab,Amritsar,Amritsar,31.83,74.75,2023-05-13,45.8,31.7,48.8,0.0,0.2,0.0,No_Alert
Punjab,Amritsar,Amritsar,31.83,74.75,2023-05-15,45.8,30.2,49.6,0.0,0.2,0.0,No_Alert
Punjab,Amritsar,Amritsar,31.83,74.75,2023-05-17,45.5,32.4,45.4,0.2,0.2,0.0,No_Alert
Punjab,Amritsar,Amritsar,31.83,74.75,2023-05-19,47.5,34.3,53.3,0.0,0.2,0.0,No_Alert
Punjab,Amritsar,Amritsar,31.83,74.75,2023-05-21,46.9,32.6,47.0,0.0,0.2,0.0,No_Alert
Punjab,Amritsar,Amritsar,31.83,74.75,2023-05-23,46.4,30.9,48.8,0.0,0.2,0.0,No_Alert
Punjab,Amritsar,Amritsar,31.83,74.75,2023-05-25,45.7,33.6,41.4,0.0,0.2,0.0,No_Alert
Punjab,Amritsar,Amritsar,31.83,74.75,2023-05-27,43.2,34.5,49.0,0.0,0.2,0.0,No_Alert
Punjab,Amritsar,Amritsar,31.83,74.75,2023-05-29,44.9,30.4,39.7,0.1,0.2,0.0,No_Alert
Punjab,Amritsar,Amritsar,31.83,74.75,2023-05-31,45.6,35.0,47.5,0.0,0.2,0.0,No_Alert
Punjab,Amritsar,Amritsar,31.83,74.75,2023-06-02,46.8,35.6,53.4,2.1,1.9,10.5,No_Alert
Punjab,Amritsar,Amritsar,31.83,74.75,2023-06-04,45.9,31.0,53.0,3.8,2.1,81.0,No_Alert
Punjab,Amritsar,Amritsar,31.83,74.75,2023-06-06,42.6,29.2,62.9,0.0,2.3,-100.0,No_Alert
Punjab,Amritsar,Amritsar,31.83,74.75,2023-06-08,43.9,28.8,65.2,0.0,2.5,-100.0,No_Alert
Punjab,Amritsar,Amritsar,31.83,74.75,2023-06-10,43.3,29.7,55.5,0.0,2.7,-100.0,No_Alert
Punjab,Amritsar,Amritsar,31.83,74.75,2023-06-12,42.1,32.6,71.0,1.9,2.9,-34.5,No_Alert
Punjab,Amritsar,Amritsar,31.83,74.75,2023-06-14,46.0,33.3,59.1,6.0,3.1,93.5,No_Alert
Punjab,Amritsar,Amritsar,31.83,74.75,2023-06-16,41.6,30.1,60.7,4.1,3.3,24.2,No_Alert
Punjab,Amritsar,Amritsar,31.83,74.75,2023-06-18,41.6,28.0,63.2,0.5,3.5,-85.7,No_Alert
Punjab,Amritsar,Amritsar,31.83,74.75,2023-06-20,42.3,29.6,68.5,0.0,3.6,-100.0,No_Alert
Punjab,Amritsar,Amritsar,31.83,74.75,2023-06-22,41.9,28.3,78.5,0.0,3.8,-100.0,No_Alert
Punjab,Amritsar,Amritsar,31.83,74.75,2023-06-24,44.5,31.1,72.4,0.0,4.0,-100.0,No_Alert
Punjab,Amritsar,Amritsar,31.83,74.75,2023-06-26,41.4,28.9,65.1,0.6,4.1,-85.4,No_Alert
Punjab,Amritsar,Amritsar,31.83,74.75,2023-06-28,43.0,27.9,68.0,0.0,4.3,-100.0,No_Alert
Punjab,Amritsar,Amritsar,31.83,74.75,2023-06-30,41.3,30.5,77.8,8.3,4.5,84.4,No_Alert
Punjab,Amritsar,Amritsar,31.83,74.75,2023-07-02,39.1,29.8,68.8,0.0,4.6,-100.0,No_Alert
Punjab,Amritsar,Amritsar,31.83,74.75,2023-07-04,38.8,28.4,79.2,9.3,4.7,97.9,No_Alert
Punjab,Amritsar,Amritsar,31.83,74.75,2023-07-06,41.5,25.4,70.1,2.8,4.9,-42.9,No_Alert
Punjab,Amritsar,Amritsar,31.83,74.75,2023-07-08,39.6,26.5,86.6,0.0,5.0,-100.0,No_Alert
Punjab,Amritsar,Amritsar,31.83,74.75,2023-07-10,39.0,25.3,77.7,1.3,5.1,-74.5,No_Alert
Punjab,Amritsar,Amritsar,31.83,74.75,2023-07-12,40.3,24.2,85.7,0.0,5.2,-100.0,No_Alert
Punjab,Amritsar,Amritsar,31.83,74.75,2023-07-14,39.7,25.1,76.7,2.0,5.3,-62.3,No_Alert
Punjab,Amritsar,Amritsar,31.83,74.75,2023-07-16,39.1,26.9,88.2,0.0,5.4,-100.0,No_Alert
Punjab,Amritsar,Amritsar,31.83,74.75,2023-07-18,34.8,23.5,74.0,7.2,5.5,30.9,No_Alert
Punjab,Amritsar,Amritsar,31.83,74.75,2023-07-20,33.9,22.6,75.4,0.0,5.5,-100.0,No_Alert
Punjab,Amritsar,Amritsar,31.83,74.75,2023-07-22,35.0,20.2,85.5,0.0,5.6,-100.0,No_Alert
Punjab,Amritsar,Amritsar,31.83,74.75,2023-07-24,32.7,19.6,75.1,0.0,5.6,-100.0,No_Alert
Punjab,Amritsar,Amritsar,31.83,74.75,2023-07-26,33.9,20.3,89.8,7.0,5.7,22.8,No_Alert
Punjab,Amritsar,Amritsar,31.83,74.75,2023-07-28,33.1,22.2,81.9,5.4,5.7,-5.3,No_Alert
Punjab,Amritsar,Amritsar,31.83,74.75,2023-07-30,31.1,20.9,77.1,0.0,5.7,-100.0,No_Alert
Punjab,Amritsar,Amritsar,31.83,74.75,2023-08-01,33.2,19.8,90.2,7.7,5.7,35.1,No_Alert
Punjab,Amritsar,Amritsar,31.83,74.75,2023-08-03,32.5,19.8,80.3,0.0,5.7,-100.0,No_Alert
Punjab,Amritsar,Amritsar,31.83,74.75,2023-08-05,29.3,17.8,80.3,4.0,5.7,-29.8,No_Alert
Punjab,Amritsar,Amritsar,31.83,74.75,2023-08-07,29.7,18.6,85.4,0.7,5.6,-87.5,No_Alert
Punjab,Amritsar,Amritsar,31.83,74.75,2023-08-09,26.7,13.4,82.5,0.0,5.6,-100.0,No_Alert
Punjab,Amritsar,Amritsar,31.83,74.75,2023-08-11,28.0,15.3,78.2,0.0,5.6,-100.0,No_Alert
Punjab,Amritsar,Amritsar,31.83,74.75,2023-08-13,29.4,12.5,85.0,0.0,5.5,-100.0,No_Alert
Punjab,Amritsar,Amritsar,31.83,74.75,2023-08-15,29.1,12.9,75.1,0.0,5.4,-100.0,No_Alert
Punjab,Amritsar,Amritsar,31.83,74.75,2023-08-17,25.2,12.6,87.0,9.6,5.3,81.1,No_Alert
Punjab,Amritsar,Amritsar,31.83,74.75,2023-08-19,24.4,11.1,79.8,2.3,5.3,-56.6,No_Alert
Punjab,Amritsar,Amritsar,31.83,74.75,2023-08-21,25.7,11.5,85.3,10.6,5.2,103.8,No_Alert
Punjab,Amritsar,Amritsar,31.83,74.75,2023-08-23,23.7,11.5,76.2,1.9,5.0,-62.0,No_Alert
Punjab,Amritsar,Amritsar,31.83,74.75,2023-08-25,25.0,13.6,84.0,0.0,4.9,-100.0,No_Alert
Punjab,Amritsar,Amritsar,31.83,74.75,2023-08-27,23.1,11.8,71.5,0.0,4.8,-100.0,No_Alert
Punjab,Amritsar,Amritsar,31.83,74.75,2023-08-29,22.8,10.7,78.3,0.0,4.7,-100.0,No_Alert
Punjab,Amritsar,Amritsar,31.83,74.75,2023-08-31,22.6,8.3,75.8,0.8,4.5,-82.2,No_Alert
Punjab,Amritsar,Amritsar,31.83,74.75,2023-09-02,18.9,8.3,73.1,0.0,4.4,-100.0,No_Alert
Punjab,Amritsar,Amritsar,31.83,74.75,2023-09-04,22.7,6.3,76.1,6.5,4.2,54.8,No_Alert
Punjab,Amritsar,Amritsar,31.83,74.75,2023-09-06,18.0,5.6,71.5,4.0,4.1,-2.4,No_Alert
Punjab,Amritsar,Amritsar,31.83,74.75,2023-09-08,21.2,6.7,73.7,0.0,3.9,-100.0,No_Alert
Punjab,Amritsar,Amritsar,31.83,74.75,2023-09-10,20.5,5.7,75.7,2.5,3.7,-32.4,No_Alert
Punjab,Amritsar,Amritsar,31.83,74.75,2023-09-12,16.3,6.0,61.1,3.2,3.5,-8.6,No_Alert
Punjab,Amritsar,Amritsar,31.83,74.75,2023-09-14,21.3,5.7,62.8,1.0,3.4,-70.6,No_Alert
Punjab,Amritsar,Amritsar,31.83,74.75,2023-09-16,16.1,5.6,74.1,0.0,3.2,-100.0,No_Alert
Punjab,Amritsar,Amritsar,31.83,74.75,2023-09-18,18.5,6.1,59.5,4.8,3.0,60.0,No_Alert
Punjab,Amritsar,Amritsar,31.83,74.75,2023-09-20,19.3,5.9,59.6,0.0,2.8,-100.0,No_Alert
Punjab,Amritsar,Amritsar,31.83,74.75,2023-09-22,14.1,2.8,68.8,4.8,2.6,84.6,No_Alert
Punjab,Amritsar,Amritsar,31.83,74.75,2023-09-24,16.1,3.6,62.9,2.4,2.4,0.0,No_Alert
Punjab,Amritsar,Amritsar,31.83,74.75,2023-09-26,14.6,2.8,62.9,0.0,2.2,-100.0,No_Alert
Punjab,Amritsar,Amritsar,31.83,74.75,2023-09-28,13.8,3.8,58.1,1.1,2.0,-45.0,No_Alert
Punjab,Amritsar,Amritsar,31.83,74.75,2023-09-30,14.8,-1.0,57.8,0.0,1.8,-100.0,No_Alert
Punjab,Amritsar,Amritsar,31.83,74.75,2023-10-02,14.4,0.4,40.9,0.0,0.2,0.0,No_Alert
Punjab,Amritsar,Amritsar,31.83,74.75,2023-10-04,12.6,0.1,47.7,0.0,0.2,0.0,No_Alert
Punjab,Amritsar,Amritsar,31.83,74.75,2023-10-06,13.9,-3.0,50.7,0.4,0.2,0.0,No_Alert
Punjab,Amritsar,Amritsar,31.83,74.75,2023-10-08,13.6,2.2,49.2,0.0,0.2,0.0,No_Alert
Punjab,Amritsar,Amritsar,31.83,74.75,2023-10-10,10.6,2.0,38.6,0.3,0.2,0.0,No_Alert
Punjab,Amritsar,Amritsar,31.83,74.75,2023-10-12,8.5,-0.2,53.9,0.4,0.2,0.0,No_Alert
Punjab,Amritsar,Amritsar,31.83,74.75,2023-10-14,11.0,0.2,52.4,0.0,0.2,0.0,No_Alert
Punjab,Amritsar,Amritsar,31.83,74.75,2023-10-16,9.1,-0.9,48.4,0.0,0.2,0.0,No_Alert
Punjab,Amritsar,Amritsar,31.83,74.75,2023-10-18,14.0,-0.6,38.6,0.0,0.2,0.0,No_Alert
Punjab,Amritsar,Amritsar,31.83,74.75,2023-10-20,9.6,-3.1,52.5,0.0,0.2,0.0,No_Alert
Punjab,Amritsar,Amritsar,31.83,74.75,2023-10-22,10.3,-1.6,41.2,0.0,0.2,0.0,No_Alert
Punjab,Amritsar,Amritsar,31.83,74.75,2023-10-24,10.8,-2.4,41.1,0.0,0.2,0.0,No_Alert
Punjab,Amritsar,Amritsar,31.83,74.75,2023-10-26,10.7,-2.5,47.5,0.0,0.2,0.0,No_Alert
Punjab,Amritsar,Amritsar,31.83,74.75,2023-10-28,7.6,-1.5,47.7,0.0,0.2,0.0,No_Alert
Punjab,Amritsar,Amritsar,31.83,74.75,2023-10-30,8.6,-5.3,39.8,0.0,0.2,0.0,No_Alert
Punjab,Amritsar,Amritsar,31.83,74.75,2023-11-01,10.1,-4.6,43.5,0.0,0.2,0.0,No_Alert
Punjab,Amritsar,Amritsar,31.83,74.75,2023-11-03,7.9,-6.4,49.0,0.0,0.2,0.0,No_Alert
Punjab,Amritsar,Amritsar,31.83,74.75,2023-11-05,6.8,-6.7,48.0,0.0,0.2,0.0,No_Alert
Punjab,Amritsar,Amritsar,31.83,74.75,2023-11-07,8.6,-3.9,38.3,0.0,0.2,0.0,No_Alert
Punjab,Amritsar,Amritsar,31.83,74.75,2023-11-09,6.3,-5.6,46.4,0.0,0.2,0.0,No_Alert
Punjab,Amritsar,Amritsar,31.83,74.75,2023-11-11,9.9,-6.9,53.0,0.0,0.2,0.0,No_Alert
Punjab,Amritsar,Amritsar,31.83,74.75,2023-11-13,10.9,-5.4,40.5,0.0,0.2,0.0,No_Alert
Punjab,Amritsar,Amritsar,31.83,74.75,2023-11-15,11.9,-3.5,48.2,0.0,0.2,0.0,No_Alert
Punjab,Amritsar,Amritsar,31.83,74.75,2023-11-17,9.0,-1.8,45.3,0.0,0.2,0.0,No_Alert
Punjab,Amritsar,Amritsar,31.83,74.75,2023-11-19,5.4,-5.9,44.7,0.0,0.2,0.0,No_Alert
Punjab,Amritsar,Amritsar,31.83,74.75,2023-11-21,9.9,-3.0,54.2,0.0,0.2,0.0,No_Alert
Punjab,Amritsar,Amritsar,31.83,74.75,2023-11-23,8.1,-4.1,50.3,0.0,0.2,0.0,No_Alert
Punjab,Amritsar,Amritsar,31.83,74.75,2023-11-25,7.2,-3.8,41.6,0.3,0.2,0.0,No_Alert
Punjab,Amritsar,Amritsar,31.83,74.75,2023-11-27,6.8,-5.3,52.2,0.0,0.2,0.0,No_Alert
Punjab,Amritsar,Amritsar,31.83,74.75,2023-11-29,7.9,-6.5,41.2,0.0,0.2,0.0,No_Alert
Punjab,Amritsar,Amritsar,31.83,74.75,2023-12-01,7.9,-6.2,42.8,0.0,0.2,0.0,No_Alert
Punjab,Amritsar,Amritsar,31.83,74.75,2023-12-03,7.3,-2.7,38.5,0.0,0.2,0.0,No_Alert
Punjab,Amritsar,Amritsar,31.83,74.75,2023-12-05,8.8,-3.5,46.2,0.0,0.2,0.0,No_Alert
Punjab,Amritsar,Amritsar,31.83,74.75,2023-12-07,7.5,-3.3,41.1,0.0,0.2,0.0,No_Alert
Punjab,Amritsar,Amritsar,31.83,74.75,2023-12-09,11.6,0.4,42.4,0.0,0.2,0.0,No_Alert
Punjab,Amritsar,Amritsar,31.83,74.75,2023-12-11,10.9,-2.9,51.4,0.0,0.2,0.0,No_Alert
Punjab,Amritsar,Amritsar,31.83,74.75,2023-12-13,12.0,-2.9,40.5,0.0,0.2,0.0,No_Alert
Punjab,Amritsar,Amritsar,31.83,74.75,2023-12-15,12.3,0.9,41.9,0.0,0.2,0.0,No_Alert
Punjab,Amritsar,Amritsar,31.83,74.75,2023-12-17,13.2,-4.4,40.9,0.0,0.2,0.0,No_Alert
Punjab,Amritsar,Amritsar,31.83,74.75,2023-12-19,12.3,-2.1,43.3,0.0,0.2,0.0,No_Alert
Punjab,Amritsar,Amritsar,31.83,74.75,2023-12-21,12.3,1.1,49.0,0.4,0.2,0.0,No_Alert
Punjab,Amritsar,Amritsar,31.83,74.75,2023-12-23,13.1,-3.6,49.2,0.0,0.2,0.0,No_Alert
Punjab,Amritsar,Amritsar,31.83,74.75,2023-12-25,14.7,-1.9,39.7,0.1,0.2,0.0,No_Alert
Punjab,Amritsar,Amritsar,31.83,74.75,2023-12-27,10.5,-1.1,43.0,0.4,0.2,0.0,No_Alert
Punjab,Amritsar,Amritsar,31.83,74.75,2023-12-29,12.0,1.0,53.7,0.0,0.2,0.0,No_Alert
Punjab,Amritsar,Amritsar,31.83,74.75,2023-12-31,15.6,3.6,50.9,0.0,0.2,0.0,No_Alert
Haryana,Karnal,Karnal,29.85,76.98,2023-01-01,17.5,5.3,48.3,0.0,0.2,0.0,No_Alert
Haryana,Karnal,Karnal,29.85,76.98,2023-01-03,18.2,5.6,46.6,0.0,0.2,0.0,No_Alert
Haryana,Karnal,Karnal,29.85,76.98,2023-01-05,18.5,6.5,38.9,0.0,0.2,0.0,No_Alert
Haryana,Karnal,Karnal,29.85,76.98,2023-01-07,19.3,7.3,51.5,0.0,0.2,0.0,No_Alert
Haryana,Karnal,Karnal,29.85,76.98,2023-01-09,20.5,6.1,52.1,0.0,0.2,0.0,No_Alert
Haryana,Karnal,Karnal,29.85,76.98,2023-01-11,20.6,7.4,51.6,0.2,0.2,0.0,No_Alert
Haryana,Karnal,Karnal,29.85,76.98,2023-01-13,17.9,6.1,53.4,0.0,0.2,0.0,No_Alert
Haryana,Karnal,Karnal,29.85,76.98,2023-01-15,17.9,5.6,51.9,0.0,0.2,0.0,No_Alert
Haryana,Karnal,Karnal,29.85,76.98,2023-01-17,20.7,6.8,51.6,0.0,0.2,0.0,No_Alert
Haryana,Karnal,Karnal,29.85,76.98,2023-01-19,19.2,5.9,40.4,0.0,0.2,0.0,No_Alert
Haryana,Karnal,Karnal,29.85,76.98,2023-01-21,22.0,7.8,49.3,0.4,0.2,0.0,No_Alert
Haryana,Karnal,Karnal,29.85,76.98,2023-01-23,22.1,9.6,45.8,0.0,0.2,0.0,No_Alert
Haryana,Karnal,Karnal,29.85,76.98,2023-01-25,21.2,12.5,51.3,0.0,0.2,0.0,No_Alert
Haryana,Karnal,Karnal,29.85,76.98,2023-01-27,22.1,9.2,49.5,0.0,0.2,0.0,No_Alert
Haryana,Karnal,Karnal,29.85,76.98,2023-01-29,22.5,8.0,41.4,0.0,0.2,0.0,No_Alert
Haryana,Karnal,Karnal,29.85,76.98,2023-01-31,22.2,12.0,39.3,0.0,0.2,0.0,No_Alert
Haryana,Karnal,Karnal,29.85,76.98,2023-02-02,26.7,13.6,44.8,0.0,0.2,0.0,No_Alert
Haryana,Karnal,Karnal,29.85,76.98,2023-02-04,23.5,13.1,39.9,0.0,0.2,0.0,No_Alert
Haryana,Karnal,Karnal,29.85,76.98,2023-02-06,26.2,10.5,49.4,0.0,0.2,0.0,No_Alert
Haryana,Karnal,Karnal,29.85,76.98,2023-02-08,27.7,13.8,41.4,0.0,0.2,0.0,No_Alert
Haryana,Karnal,Karnal,29.85,76.98,2023-02-10,26.4,14.8,52.2,0.0,0.2,0.0,No_Alert
Haryana,Karnal,Karnal,29.85,76.98,2023-02-12,25.4,11.7,48.2,0.0,0.2,0.0,No_Alert
Haryana,Karnal,Karnal,29.85,76.98,2023-02-14,26.9,11.7,50.2,0.0,0.2,0.0,No_Alert
Haryana,Karnal,Karnal,29.85,76.98,2023-02-16,30.7,15.9,51.1,0.0,0.2,0.0,No_Alert
Haryana,Karnal,Karnal,29.85,76.98,2023-02-18,27.3,16.5,39.0,0.0,0.2,0.0,No_Alert
Haryana,Karnal,Karnal,29.85,76.98,2023-02-20,28.8,13.6,38.8,0.0,0.2,0.0,No_Alert
Haryana,Karnal,Karnal,29.85,76.98,2023-02-22,32.2,18.5,38.3,0.0,0.2,0.0,No_Alert
Haryana,Karnal,Karnal,29.85,76.98,2023-02-24,29.4,14.9,38.8,0.2,0.2,0.0,No_Alert
Haryana,Karnal,Karnal,29.85,76.98,2023-02-26,30.9,20.9,44.0,0.0,0.2,0.0,No_Alert
Haryana,Karnal,Karnal,29.85,76.98,2023-02-28,31.2,17.7,52.6,0.0,0.2,0.0,No_Alert
Haryana,Karnal,Karnal,29.85,76.98,2023-03-02,32.0,19.1,50.9,0.0,0.2,0.0,No_Alert
Haryana,Karnal,Karnal,29.85,76.98,2023-03-04,33.4,22.1,48.8,0.0,0.2,0.0,No_Alert
Haryana,Karnal,Karnal,29.85,76.98,2023-03-06,30.7,21.0,53.7,0.0,0.2,0.0,No_Alert
Haryana,Karnal,Karnal,29.85,76.98,2023-03-08,37.6,23.3,51.9,0.0,0.2,0.0,No_Alert
Haryana,Karnal,Karnal,29.85,76.98,2023-03-10,36.2,24.3,42.0,0.4,0.2,0.0,No_Alert
Haryana,Karnal,Karnal,29.85,76.98,2023-03-12,37.5,23.9,52.4,0.0,0.2,0.0,No_Alert
Haryana,Karnal,Karnal,29.85,76.98,2023-03-14,36.6,21.8,45.4,0.0,0.2,0.0,No_Alert
Haryana,Karnal,Karnal,29.85,76.98,2023-03-16,40.3,22.8,42.7,0.0,0.2,0.0,No_Alert
Haryana,Karnal,Karnal,29.85,76.98,2023-03-18,36.9,23.1,50.5,0.0,0.2,0.0,No_Alert
Haryana,Karnal,Karnal,29.85,76.98,2023-03-20,36.9,24.4,47.5,0.0,0.2,0.0,No_Alert
Haryana,Karnal,Karnal,29.85,76.98,2023-03-22,39.0,27.0,48.7,0.0,0.2,0.0,No_Alert
Haryana,Karnal,Karnal,29.85,76.98,2023-03-24,41.2,27.3,49.2,0.0,0.2,0.0,No_Alert
Haryana,Karnal,Karnal,29.85,76.98,2023-03-26,42.8,28.2,41.2,0.0,0.2,0.0,No_Alert
Haryana,Karnal,Karnal,29.85,76.98,2023-03-28,40.7,28.5,48.8,0.0,0.2,0.0,No_Alert
Haryana,Karnal,Karnal,29.85,76.98,2023-03-30,38.7,28.8,47.7,0.0,0.2,0.0,No_Alert
Haryana,Karnal,Karnal,29.85,76.98,2023-04-01,42.2,29.3,53.7,0.0,0.2,0.0,No_Alert
Haryana,Karnal,Karnal,29.85,76.98,2023-04-03,41.0,25.4,40.9,0.0,0.2,0.0,No_Alert
Haryana,Karnal,Karnal,29.85,76.98,2023-04-05,43.2,28.2,46.8,0.0,0.2,0.0,No_Alert
Haryana,Karnal,Karnal,29.85,76.98,2023-04-07,44.4,32.4,51.6,0.1,0.2,0.0,No_Alert
Haryana,Karnal,Karnal,29.85,76.98,2023-04-09,43.4,29.4,49.8,0.0,0.2,0.0,No_Alert
Haryana,Karnal,Karnal,29.85,76.98,2023-04-11,43.9,29.5,51.7,0.0,0.2,0.0,No_Alert
Haryana,Karnal,Karnal,29.85,76.98,2023-04-13,45.7,32.1,49.2,0.2,0.2,0.0,No_Alert
Haryana,Karnal,Karnal,29.85,76.98,2023-04-15,41.9,28.9,53.1,0.0,0.2,0.0,No_Alert
Haryana,Karnal,Karnal,29.85,76.98,2023-04-17,42.0,33.6,44.4,0.0,0.2,0.0,No_Alert
Haryana,Karnal,Karnal,29.85,76.98,2023-04-19,43.3,32.0,53.3,0.0,0.2,0.0,No_Alert
Haryana,Karnal,Karnal,29.85,76.98,2023-04-21,44.1,29.5,53.3,0.0,0.2,0.0,No_Alert
Haryana,Karnal,Karnal,29.85,76.98,2023-04-23,48.1,35.7,49.8,0.0,0.2,0.0,No_Alert
Haryana,Karnal,Karnal,29.85,76.98,2023-04-25,42.2,29.2,40.6,0.0,0.2,0.0,No_Alert
Haryana,Karnal,Karnal,29.85,76.98,2023-04-27,45.5,30.8,51.9,0.0,0.2,0.0,No_Alert
Haryana,Karnal,Karnal,29.85,76.98,2023-04-29,45.4,31.5,47.1,0.0,0.2,0.0,No_Alert
Haryana,Karnal,Karnal,29.85,76.98,2023-05-01,46.3,30.1,49.1,0.0,0.2,0.0,No_Alert
Haryana,Karnal,Karnal,29.85,76.98,2023-05-03,44.9,32.5,52.6,0.0,0.2,0.0,No_Alert
Haryana,Karnal,Karnal,29.85,76.98,2023-05-05,45.5,31.2,45.5,0.0,0.2,0.0,No_Alert
Haryana,Karnal,Karnal,29.85,76.98,2023-05-07,47.3,31.7,49.5,0.2,0.2,0.0,No_Alert
Haryana,Karnal,Karnal,29.85,76.98,2023-05-09,46.2,35.9,40.2,0.0,0.2,0.0,No_Alert
Haryana,Karnal,Karnal,29.85,76.98,2023-05-11,47.3,30.6,43.8,0.0,0.2,0.0,No_Alert
Haryana,Karnal,Karnal,29.85,76.98,2023-05-13,46.7,34.1,43.2,0.0,0.2,0.0,No_Alert
Haryana,Karnal,Karnal,29.85,76.98,2023-05-15,47.0,31.0,42.7,0.0,0.2,0.0,No_Alert
Haryana,Karnal,Karnal,29.85,76.98,2023-05-17,47.4,33.1,43.5,0.0,0.2,0.0,No_Alert
Haryana,Karnal,Karnal,29.85,76.98,2023-05-19,47.4,30.9,47.6,0.0,0.2,0.0,No_Alert
Haryana,Karnal,Karnal,29.85,76.98,2023-05-21,44.2,32.2,52.3,0.0,0.2,0.0,No_Alert
Haryana,Karnal,Karnal,29.85,76.98,2023-05-23,47.2,34.9,40.1,0.0,0.2,0.0,No_Alert
Haryana,Karnal,Karnal,29.85,76.98,2023-05-25,43.6,30.5,44.7,0.0,0.2,0.0,No_Alert
Haryana,Karnal,Karnal,29.85,76.98,2023-05-27,46.4,33.9,46.3,0.0,0.2,0.0,No_Alert
Haryana,Karnal,Karnal,29.85,76.98,2023-05-29,44.4,31.7,38.2,0.0,0.2,0.0,No_Alert
Haryana,Karnal,Karnal,29.85,76.98,2023-05-31,48.8,31.8,41.1,0.0,0.2,0.0,No_Alert
Haryana,Karnal,Karnal,29.85,76.98,2023-06-02,47.6,34.0,62.0,0.0,2.1,-100.0,No_Alert
Haryana,Karnal,Karnal,29.85,76.98,2023-06-04,46.3,30.2,64.9,0.0,2.3,-100.0,No_Alert
Haryana,Karnal,Karnal,29.85,76.98,2023-06-06,47.2,33.0,55.7,0.0,2.5,-100.0,No_Alert
Haryana,Karnal,Karnal,29.85,76.98,2023-06-08,45.1,31.1,60.6,1.5,2.8,-46.4,No_Alert
Haryana,Karnal,Karnal,29.85,76.98,2023-06-10,45.7,32.5,65.2,0.0,3.0,-100.0,No_Alert
Haryana,Karnal,Karnal,29.85,76.98,2023-06-12,46.5,28.9,62.5,0.0,3.2,-100.0,No_Alert
Haryana,Karnal,Karnal,29.85,76.98,2023-06-14,42.2,28.8,69.2,0.0,3.4,-100.0,No_Alert
Haryana,Karnal,Karnal,29.85,76.98,2023-06-16,44.4,30.1,71.6,2.2,3.6,-38.9,No_Alert
Haryana,Karnal,Karnal,29.85,76.98,2023-06-18,44.4,29.6,69.3,0.0,3.8,-100.0,No_Alert
Haryana,Karnal,Karnal,29.85,76.98,2023-06-20,43.8,29.1,71.1,8.3,4.0,107.5,No_Alert
Haryana,Karnal,Karnal,29.85,76.98,2023-06-22,41.5,30.9,63.0,0.0,4.2,-100.0,No_Alert
Haryana,Karnal,Karnal,29.85,76.98,2023-06-24,42.0,26.8,70.0,9.6,4.4,118.2,No_Alert
Haryana,Karnal,Karnal,29.85,76.98,2023-06-26,41.4,29.3,76.0,6.8,4.6,47.8,No_Alert
Haryana,Karnal,Karnal,29.85,76.98,2023-06-28,40.9,30.6,81.3,1.1,4.8,-77.1,No_Alert
Haryana,Karnal,Karnal,29.85,76.98,2023-06-30,40.2,29.4,69.0,0.0,4.9,-100.0,No_Alert
Haryana,Karnal,Karnal,29.85,76.98,2023-07-02,39.2,26.7,78.2,0.0,5.1,-100.0,No_Alert
Haryana,Karnal,Karnal,29.85,76.98,2023-07-04,38.1,24.0,79.3,1.1,5.3,-79.2,No_Alert
Haryana,Karnal,Karnal,29.85,76.98,2023-07-06,41.3,25.2,77.0,0.0,5.4,-100.0,No_Alert
Haryana,Karnal,Karnal,29.85,76.98,2023-07-08,39.7,28.8,85.4,0.0,5.5,-100.0,No_Alert
Haryana,Karnal,Karnal,29.85,76.98,2023-07-10,38.9,25.0,79.9,4.3,5.7,-24.6,No_Alert
Haryana,Karnal,Karnal,29.85,76.98,2023-07-12,38.5,22.5,84.7,0.0,5.8,-100.0,No_Alert
Haryana,Karnal,Karnal,29.85,76.98,2023-07-14,39.0,23.4,77.4,0.0,5.9,-100.0,No_Alert
Haryana,Karnal,Karnal,29.85,76.98,2023-07-16,34.7,22.0,83.2,1.7,6.0,-71.7,No_Alert
Haryana,Karnal,Karnal,29.85,76.98,2023-07-18,37.2,25.0,83.4,2.2,6.0,-63.3,No_Alert
Haryana,Karnal,Karnal,29.85,76.98,2023-07-20,36.1,25.4,83.7,0.0,6.1,-100.0,No_Alert
Haryana,Karnal,Karnal,29.85,76.98,2023-07-22,37.8,22.5,86.1,7.8,6.2,25.8,No_Alert
Haryana,Karnal,Karnal,29.85,76.98,2023-07-24,36.4,20.6,75.9,0.0,6.2,-100.0,No_Alert
Haryana,Karnal,Karnal,29.85,76.98,2023-07-26,34.3,21.5,83.3,5.8,6.3,-7.9,No_Alert
Haryana,Karnal,Karnal,29.85,76.98,2023-07-28,33.2,23.5,88.5,10.2,6.3,61.9,No_Alert
Haryana,Karnal,Karnal,29.85,76.98,2023-07-30,34.0,22.0,82.0,0.0,6.3,-100.0,No_Alert
Haryana,Karnal,Karnal,29.85,76.98,2023-08-01,33.9,18.2,88.7,0.0,6.3,-100.0,No_Alert
Haryana,Karnal,Karnal,29.85,76.98,2023-08-03,31.6,19.6,77.1,11.5,6.3,82.5,No_Alert
Haryana,Karnal,Karnal,29.85,76.98,2023-08-05,29.5,16.6,86.5,4.2,6.3,-33.3,No_Alert
Haryana,Karnal,Karnal,29.85,76.98,2023-08-07,28.3,18.9,90.5,0.4,6.3,-93.7,No_Alert
Haryana,Karnal,Karnal,29.85,76.98,2023-08-09,33.2,16.4,78.2,6.0,6.2,-3.2,No_Alert
Haryana,Karnal,Karnal,29.85,76.98,2023-08-11,30.2,18.9,77.9,10.9,6.2,75.8,No_Alert
Haryana,Karnal,Karnal,29.85,76.98,2023-08-13,30.0,17.4,75.6,0.0,6.1,-100.0,No_Alert
Haryana,Karnal,Karnal,29.85,76.98,2023-08-15,28.6,16.7,84.0,2.7,6.0,-55.0,No_Alert
Haryana,Karnal,Karnal,29.85,76.98,2023-08-17,27.2,14.5,79.6,0.4,5.9,-93.2,No_Alert
Haryana,Karnal,Karnal,29.85,76.98,2023-08-19,24.3,14.2,79.3,9.6,5.8,65.5,No_Alert
Haryana,Karnal,Karnal,29.85,76.98,2023-08-21,29.6,12.7,79.5,0.0,5.7,-100.0,No_Alert
Haryana,Karnal,Karnal,29.85,76.98,2023-08-23,27.2,14.9,84.9,0.0,5.6,-100.0,No_Alert
Haryana,Karnal,Karnal,29.85,76.98,2023-08-25,22.1,8.6,82.8,0.0,5.5,-100.0,No_Alert
Haryana,Karnal,Karnal,29.85,76.98,2023-08-27,26.2,13.5,84.2,2.5,5.3,-52.8,No_Alert
Haryana,Karnal,Karnal,29.85,76.98,2023-08-29,26.1,13.6,70.1,2.8,5.2,-46.2,No_Alert
Haryana,Karnal,Karnal,29.85,76.98,2023-08-31,21.8,10.7,71.8,0.0,5.0,-100.0,No_Alert
Haryana,Karnal,Karnal,29.85,76.98,2023-09-02,22.6,8.7,68.4,0.0,4.9,-100.0,No_Alert
Haryana,Karnal,Karnal,29.85,76.98,2023-09-04,20.7,9.2,67.5,2.0,4.7,-57.4,No_Alert
Haryana,Karnal,Karnal,29.85,76.98,2023-09-06,20.6,6.8,68.8,5.7,4.5,26.7,No_Alert
Haryana,Karnal,Karnal,29.85,76.98,2023-09-08,21.1,8.8,72.5,0.0,4.3,-100.0,No_Alert
Haryana,Karnal,Karnal,29.85,76.98,2023-09-10,22.5,10.3,62.7,0.4,4.1,-90.2,No_Alert
Haryana,Karnal,Karnal,29.85,76.98,2023-09-12,20.7,7.8,73.4,0.0,3.9,-100.0,No_Alert
Haryana,Karnal,Karnal,29.85,76.98,2023-09-14,19.0,5.1,64.1,0.0,3.7,-100.0,No_Alert
Haryana,Karnal,Karnal,29.85,76.98,2023-09-16,16.9,6.3,61.3,0.0,3.5,-100.0,No_Alert
Haryana,Karnal,Karnal,29.85,76.98,2023-09-18,18.3,3.6,62.9,0.0,3.3,-100.0,No_Alert
Haryana,Karnal,Karnal,29.85,76.98,2023-09-20,16.4,6.5,62.4,2.9,3.1,-6.5,No_Alert
Haryana,Karnal,Karnal,29.85,76.98,2023-09-22,18.6,5.4,66.0,4.5,2.9,55.2,No_Alert
Haryana,Karnal,Karnal,29.85,76.98,2023-09-24,20.8,5.8,56.3,5.2,2.6,100.0,No_Alert
Haryana,Karnal,Karnal,29.85,76.98,2023-09-26,15.4,2.0,56.0,1.0,2.4,-58.3,No_Alert
Haryana,Karnal,Karnal,29.85,76.98,2023-09-28,19.0,6.4,61.4,3.1,2.2,40.9,No_Alert
Haryana,Karnal,Karnal,29.85,76.98,2023-09-30,13.9,2.5,64.4,1.8,2.0,-10.0,No_Alert
Haryana,Karnal,Karnal,29.85,76.98,2023-10-02,14.2,5.1,43.2,0.0,0.2,0.0,No_Alert
Haryana,Karnal,Karnal,29.85,76.98,2023-10-04,14.4,0.7,54.1,0.0,0.2,0.0,No_Alert
Haryana,Karnal,Karnal,29.85,76.98,2023-10-06,13.1,1.6,44.6,0.0,0.2,0.0,No_Alert
Haryana,Karnal,Karnal,29.85,76.98,2023-10-08,13.5,0.2,50.1,0.0,0.2,0.0,No_Alert
Haryana,Karnal,Karnal,29.85,76.98,2023-10-10,12.6,-0.8,52.5,0.0,0.2,0.0,No_Alert
Haryana,Karnal,Karnal,29.85,76.98,2023-10-12,14.7,0.3,50.7,0.0,0.2,0.0,No_Alert
Haryana,Karnal,Karnal,29.85,76.98,2023-10-14,12.9,-0.1,41.9,0.0,0.2,0.0,No_Alert
Haryana,Karnal,Karnal,29.85,76.98,2023-10-16,11.0,-2.8,43.7,0.0,0.2,0.0,No_Alert
Haryana,Karnal,Karnal,29.85,76.98,2023-10-18,13.6,2.0,45.0,0.0,0.2,0.0,No_Alert
Haryana,Karnal,Karnal,29.85,76.98,2023-10-20,11.5,1.7,45.1,0.0,0.2,0.0,No_Alert
Haryana,Karnal,Karnal,29.85,76.98,2023-10-22,11.1,-0.9,43.0,0.0,0.2,0.0,No_Alert
Haryana,Karnal,Karnal,29.85,76.98,2023-10-24,12.0,0.1,51.5,0.0,0.2,0.0,No_Alert
Haryana,Karnal,Karnal,29.85,76.98,2023-10-26,10.7,0.7,48.1,0.0,0.2,0.0,No_Alert
Haryana,Karnal,Karnal,29.85,76.98,2023-10-28,13.2,-4.2,40.9,0.3,0.2,0.0,No_Alert
Haryana,Karnal,Karnal,29.85,76.98,2023-10-30,11.8,-3.3,40.0,0.0,0.2,0.0,No_Alert
Haryana,Karnal,Karnal,29.85,76.98,2023-11-01,11.5,-2.1,45.4,0.0,0.2,0.0,No_Alert
Haryana,Karnal,Karnal,29.85,76.98,2023-11-03,12.1,-5.2,53.0,0.0,0.2,0.0,No_Alert
Haryana,Karnal,Karnal,29.85,76.98,2023-11-05,9.0,-3.0,44.4,0.0,0.2,0.0,No_Alert
Haryana,Karnal,Karnal,29.85,76.98,2023-11-07,10.0,-2.9,45.5,0.0,0.2,0.0,No_Alert
Haryana,Karnal,Karnal,29.85,76.98,2023-11-09,11.1,1.1,41.0,0.2,0.2,0.0,No_Alert
Haryana,Karnal,Karnal,29.85,76.98,2023-11-11,13.3,-1.3,47.2,0.0,0.2,0.0,No_Alert
Haryana,Karnal,Karnal,29.85,76.98,2023-11-13,11.6,-3.1,40.1,0.0,0.2,0.0,No_Alert
Haryana,Karnal,Karnal,29.85,76.98,2023-11-15,8.9,-4.0,42.9,0.0,0.2,0.0,No_Alert
Haryana,Karnal,Karnal,29.85,76.98,2023-11-17,13.2,-0.9,51.0,0.0,0.2,0.0,No_Alert
Haryana,Karnal,Karnal,29.85,76.98,2023-11-19,11.1,-1.8,38.4,0.0,0.2,0.0,No_Alert
Haryana,Karnal,Karnal,29.85,76.98,2023-11-21,11.0,-1.4,49.9,0.0,0.2,0.0,No_Alert
Haryana,Karnal,Karnal,29.85,76.98,2023-11-23,8.8,-3.1,44.4,0.1,0.2,0.0,No_Alert
Haryana,Karnal,Karnal,29.85,76.98,2023-11-25,14.4,1.4,48.8,0.0,0.2,0.0,No_Alert
Haryana,Karnal,Karnal,29.85,76.98,2023-11-27,13.4,-4.3,48.8,0.0,0.2,0.0,No_Alert
Haryana,Karnal,Karnal,29.85,76.98,2023-11-29,10.2,-0.9,38.2,0.0,0.2,0.0,No_Alert
Haryana,Karnal,Karnal,29.85,76.98,2023-12-01,9.8,-0.7,44.3,0.0,0.2,0.0,No_Alert
Haryana,Karnal,Karnal,29.85,76.98,2023-12-03,12.7,-4.5,48.9,0.0,0.2,0.0,No_Alert
Haryana,Karnal,Karnal,29.85,76.98,2023-12-05,11.3,-0.8,51.2,0.0,0.2,0.0,No_Alert
Haryana,Karnal,Karnal,29.85,76.98,2023-12-07,14.3,-0.7,43.2,0.0,0.2,0.0,No_Alert
Haryana,Karnal,Karnal,29.85,76.98,2023-12-09,13.2,-1.1,51.7,0.0,0.2,0.0,No_Alert
Haryana,Karnal,Karnal,29.85,76.98,2023-12-11,13.8,-0.8,45.4,0.0,0.2,0.0,No_Alert
Haryana,Karnal,Karnal,29.85,76.98,2023-12-13,14.8,1.1,50.3,0.0,0.2,0.0,No_Alert
Haryana,Karnal,Karnal,29.85,76.98,2023-12-15,12.4,2.0,39.2,0.0,0.2,0.0,No_Alert
Haryana,Karnal,Karnal,29.85,76.98,2023-12-17,10.2,-2.0,42.8,0.0,0.2,0.0,No_Alert
Haryana,Karnal,Karnal,29.85,76.98,2023-12-19,13.5,0.8,48.9,0.0,0.2,0.0,No_Alert
Haryana,Karnal,Karnal,29.85,76.98,2023-12-21,16.8,3.8,44.6,0.0,0.2,0.0,No_Alert
Haryana,Karnal,Karnal,29.85,76.98,2023-12-23,13.0,0.9,43.5,0.0,0.2,0.0,No_Alert
Haryana,Karnal,Karnal,29.85,76.98,2023-12-25,16.5,0.8,40.6,0.0,0.2,0.0,No_Alert
Haryana,Karnal,Karnal,29.85,76.98,2023-12-27,13.7,0.5,43.1,0.0,0.2,0.0,No_Alert
Haryana,Karnal,Karnal,29.85,76.98,2023-12-29,14.7,3.3,52.0,0.0,0.2,0.0,No_Alert
Haryana,Karnal,Karnal,29.85,76.98,2023-12-31,16.5,-0.6,49.5,0.0,0.2,0.0,No_Alert
Uttar Pradesh,Meerut,Meerut,29.15,77.61,2023-01-01,14.2,0.9,43.0,0.0,0.2,0.0,No_Alert
Uttar Pradesh,Meerut,Meerut,29.15,77.61,2023-01-03,16.5,2.0,46.1,0.0,0.2,0.0,No_Alert
Uttar Pradesh,Meerut,Meerut,29.15,77.61,2023-01-05,18.7,4.5,39.5,0.0,0.2,0.0,No_Alert
Uttar Pradesh,Meerut,Meerut,29.15,77.61,2023-01-07,16.3,6.0,51.0,0.0,0.2,0.0,No_Alert
Uttar Pradesh,Meerut,Meerut,29.15,77.61,2023-01-09,19.1,7.9,54.2,0.0,0.2,0.0,No_Alert
Uttar Pradesh,Meerut,Meerut,29.15,77.61,2023-01-11,20.1,7.9,39.4,0.0,0.2,0.0,No_Alert
Uttar Pradesh,Meerut,Meerut,29.15,77.61,2023-01-13,20.2,4.0,52.3,0.0,0.2,0.0,No_Alert
Uttar Pradesh,Meerut,Meerut,29.15,77.61,2023-01-15,18.4,6.2,43.7,0.0,0.2,0.0,No_Alert
Uttar Pradesh,Meerut,Meerut,29.15,77.61,2023-01-17,20.0,9.4,49.6,0.0,0.2,0.0,No_Alert
Uttar Pradesh,Meerut,Meerut,29.15,77.61,2023-01-19,19.5,9.0,46.9,0.0,0.2,0.0,No_Alert
Uttar Pradesh,Meerut,Meerut,29.15,77.61,2023-01-21,23.4,8.8,49.8,0.0,0.2,0.0,No_Alert
Uttar Pradesh,Meerut,Meerut,29.15,77.61,2023-01-23,25.6,9.4,38.8,0.0,0.2,0.0,No_Alert
Uttar Pradesh,Meerut,Meerut,29.15,77.61,2023-01-25,22.9,8.2,43.1,0.2,0.2,0.0,No_Alert
Uttar Pradesh,Meerut,Meerut,29.15,77.61,2023-01-27,24.2,9.5,46.8,0.0,0.2,0.0,No_Alert
Uttar Pradesh,Meerut,Meerut,29.15,77.61,2023-01-29,27.3,11.3,38.5,0.0,0.2,0.0,No_Alert
Uttar Pradesh,Meerut,Meerut,29.15,77.61,2023-01-31,24.1,8.6,45.7,0.0,0.2,0.0,No_Alert
Uttar Pradesh,Meerut,Meerut,29.15,77.61,2023-02-02,23.4,9.6,48.6,0.0,0.2,0.0,No_Alert
Uttar Pradesh,Meerut,Meerut,29.15,77.61,2023-02-04,25.5,10.7,43.0,0.0,0.2,0.0,No_Alert
Uttar Pradesh,Meerut,Meerut,29.15,77.61,2023-02-06,25.7,10.7,54.2,0.0,0.2,0.0,No_Alert
Uttar Pradesh,Meerut,Meerut,29.15,77.61,2023-02-08,27.3,14.7,42.0,0.0,0.2,0.0,No_Alert
Uttar Pradesh,Meerut,Meerut,29.15,77.61,2023-02-10,24.7,11.1,42.0,0.0,0.2,0.0,No_Alert
Uttar Pradesh,Meerut,Meerut,29.15,77.61,2023-02-12,26.3,12.2,44.1,0.0,0.2,0.0,No_Alert
Uttar Pradesh,Meerut,Meerut,29.15,77.61,2023-02-14,29.3,16.3,40.7,0.1,0.2,0.0,No_Alert
Uttar Pradesh,Meerut,Meerut,29.15,77.61,2023-02-16,27.4,17.1,47.0,0.0,0.2,0.0,No_Alert
Uttar Pradesh,Meerut,Meerut,29.15,77.61,2023-02-18,28.1,17.8,41.1,0.0,0.2,0.0,No_Alert
Uttar Pradesh,Meerut,Meerut,29.15,77.61,2023-02-20,27.3,13.8,52.2,0.0,0.2,0.0,No_Alert
Uttar Pradesh,Meerut,Meerut,29.15,77.61,2023-02-22,28.3,15.6,40.4,0.0,0.2,0.0,No_Alert
Uttar Pradesh,Meerut,Meerut,29.15,77.61,2023-02-24,29.6,18.1,43.9,0.0,0.2,0.0,No_Alert
Uttar Pradesh,Meerut,Meerut,29.15,77.61,2023-02-26,30.9,18.2,47.7,0.0,0.2,0.0,No_Alert
Uttar Pradesh,Meerut,Meerut,29.15,77.61,2023-02-28,31.8,17.8,46.9,0.0,0.2,0.0,No_Alert
Uttar Pradesh,Meerut,Meerut,29.15,77.61,2023-03-02,31.2,20.3,53.4,0.0,0.2,0.0,No_Alert
Uttar Pradesh,Meerut,Meerut,29.15,77.61,2023-03-04,33.0,20.3,46.2,0.0,0.2,0.0,No_Alert
Uttar Pradesh,Meerut,Meerut,29.15,77.61,2023-03-06,35.1,21.6,45.7,0.0,0.2,0.0,No_Alert
Uttar Pradesh,Meerut,Meerut,29.15,77.61,2023-03-08,37.1,23.6,49.4,0.0,0.2,0.0,No_Alert
Uttar Pradesh,Meerut,Meerut,29.15,77.61,2023-03-10,33.6,23.5,50.0,0.0,0.2,0.0,No_Alert
Uttar Pradesh,Meerut,Meerut,29.15,77.61,2023-03-12,38.8,24.7,46.1,0.0,0.2,0.0,No_Alert
Uttar Pradesh,Meerut,Meerut,29.15,77.61,2023-03-14,37.6,24.2,53.8,0.0,0.2,0.0,No_Alert
Uttar Pradesh,Meerut,Meerut,29.15,77.61,2023-03-16,36.7,25.6,41.1,0.0,0.2,0.0,No_Alert
Uttar Pradesh,Meerut,Meerut,29.15,77.61,2023-03-18,36.4,24.9,48.4,0.0,0.2,0.0,No_Alert
Uttar Pradesh,Meerut,Meerut,29.15,77.61,2023-03-20,39.0,23.2,44.0,0.0,0.2,0.0,No_Alert
Uttar Pradesh,Meerut,Meerut,29.15,77.61,2023-03-22,38.5,26.2,44.8,0.0,0.2,0.0,No_Alert
Uttar Pradesh,Meerut,Meerut,29.15,77.61,2023-03-24,38.9,25.1,39.6,0.0,0.2,0.0,No_Alert
Uttar Pradesh,Meerut,Meerut,29.15,77.61,2023-03-26,40.9,25.9,38.7,0.0,0.2,0.0,No_Alert
Uttar Pradesh,Meerut,Meerut,29.15,77.61,2023-03-28,40.0,28.7,52.4,0.0,0.2,0.0,No_Alert
Uttar Pradesh,Meerut,Meerut,29.15,77.61,2023-03-30,39.8,28.7,53.2,0.0,0.2,0.0,No_Alert
Uttar Pradesh,Meerut,Meerut,29.15,77.61,2023-04-01,39.2,28.7,49.9,0.0,0.2,0.0,No_Alert
Uttar Pradesh,Meerut,Meerut,29.15,77.61,2023-04-03,40.8,28.7,43.6,0.0,0.2,0.0,No_Alert
Uttar Pradesh,Meerut,Meerut,29.15,77.61,2023-04-05,42.0,29.7,39.7,0.0,0.2,0.0,No_Alert
Uttar Pradesh,Meerut,Meerut,29.15,77.61,2023-04-07,44.6,28.4,49.3,0.0,0.2,0.0,No_Alert
Uttar Pradesh,Meerut,Meerut,29.15,77.61,2023-04-09,41.9,29.4,46.1,0.2,0.2,0.0,No_Alert
Uttar Pradesh,Meerut,Meerut,29.15,77.61,2023-04-11,44.2,29.6,45.9,0.0,0.2,0.0,No_Alert
Uttar Pradesh,Meerut,Meerut,29.15,77.61,2023-04-13,47.0,31.0,51.7,0.0,0.2,0.0,No_Alert
Uttar Pradesh,Meerut,Meerut,29.15,77.61,2023-04-15,45.1,30.0,42.1,0.0,0.2,0.0,No_Alert
Uttar Pradesh,Meerut,Meerut,29.15,77.61,2023-04-17,45.7,33.4,38.3,0.0,0.2,0.0,No_Alert
Uttar Pradesh,Meerut,Meerut,29.15,77.61,2023-04-19,41.8,32.0,47.6,0.0,0.2,0.0,No_Alert
Uttar Pradesh,Meerut,Meerut,29.15,77.61,2023-04-21,46.8,31.3,50.2,0.0,0.2,0.0,No_Alert
Uttar Pradesh,Meerut,Meerut,29.15,77.61,2023-04-23,44.7,35.2,49.9,0.0,0.2,0.0,No_Alert
Uttar Pradesh,Meerut,Meerut,29.15,77.61,2023-04-25,45.0,31.4,52.9,0.0,0.2,0.0,No_Alert
Uttar Pradesh,Meerut,Meerut,29.15,77.61,2023-04-27,43.7,31.9,42.9,0.0,0.2,0.0,No_Alert
Uttar Pradesh,Meerut,Meerut,29.15,77.61,2023-04-29,44.3,29.3,46.1,0.0,0.2,0.0,No_Alert
Uttar Pradesh,Meerut,Meerut,29.15,77.61,2023-05-01,43.7,31.4,48.8,0.0,0.2,0.0,No_Alert
Uttar Pradesh,Meerut,Meerut,29.15,77.61,2023-05-03,47.2,33.9,42.6,0.0,0.2,0.0,No_Alert
Uttar Pradesh,Meerut,Meerut,29.15,77.61,2023-05-05,45.7,35.3,50.8,0.0,0.2,0.0,No_Alert
Uttar Pradesh,Meerut,Meerut,29.15,77.61,2023-05-07,46.2,35.4,47.6,0.0,0.2,0.0,No_Alert
Uttar Pradesh,Meerut,Meerut,29.15,77.61,2023-05-09,43.4,32.3,50.0,0.0,0.2,0.0,No_Alert
Uttar Pradesh,Meerut,Meerut,29.15,77.61,2023-05-11,48.8,35.0,40.3,0.0,0.2,0.0,No_Alert
Uttar Pradesh,Meerut,Meerut,29.15,77.61,2023-05-13,48.1,34.2,51.2,0.0,0.2,0.0,No_Alert
Uttar Pradesh,Meerut,Meerut,29.15,77.61,2023-05-15,42.9,33.8,40.9,0.0,0.2,0.0,No_Alert
Uttar Pradesh,Meerut,Meerut,29.15,77.61,2023-05-17,47.2,35.2,42.7,0.0,0.2,0.0,No_Alert
Uttar Pradesh,Meerut,Meerut,29.15,77.61,2023-05-19,47.4,34.8,53.3,0.0,0.2,0.0,No_Alert
Uttar Pradesh,Meerut,Meerut,29.15,77.61,2023-05-21,45.2,34.6,45.1,0.0,0.2,0.0,No_Alert
Uttar Pradesh,Meerut,Meerut,29.15,77.61,2023-05-23,44.6,34.3,53.4,0.0,0.2,0.0,No_Alert
Uttar Pradesh,Meerut,Meerut,29.15,77.61,2023-05-25,48.6,33.1,40.8,0.0,0.2,0.0,No_Alert
Uttar Pradesh,Meerut,Meerut,29.15,77.61,2023-05-27,47.2,33.0,39.6,0.0,0.2,0.0,No_Alert
Uttar Pradesh,Meerut,Meerut,29.15,77.61,2023-05-29,44.1,33.7,44.1,0.0,0.2,0.0,No_Alert
Uttar Pradesh,Meerut,Meerut,29.15,77.61,2023-05-31,48.5,35.6,40.5,0.0,0.2,0.0,No_Alert
Uttar Pradesh,Meerut,Meerut,29.15,77.61,2023-06-02,45.4,31.5,54.2,0.0,2.5,-100.0,No_Alert
Uttar Pradesh,Meerut,Meerut,29.15,77.61,2023-06-04,44.1,32.0,55.2,0.9,2.7,-66.7,No_Alert
Uttar Pradesh,Meerut,Meerut,29.15,77.61,2023-06-06,46.6,32.6,68.0,4.7,3.0,56.7,No_Alert
Uttar Pradesh,Meerut,Meerut,29.15,77.61,2023-06-08,44.4,31.2,64.8,0.0,3.3,-100.0,No_Alert
Uttar Pradesh,Meerut,Meerut,29.15,77.61,2023-06-10,47.0,34.2,57.2,0.0,3.5,-100.0,No_Alert
Uttar Pradesh,Meerut,Meerut,29.15,77.61,2023-06-12,44.7,30.1,69.3,1.2,3.8,-68.4,No_Alert
Uttar Pradesh,Meerut,Meerut,29.15,77.61,2023-06-14,42.4,32.9,70.4,1.7,4.0,-57.5,No_Alert
Uttar Pradesh,Meerut,Meerut,29.15,77.61,2023-06-16,41.3,31.1,60.8,2.2,4.3,-48.8,No_Alert
Uttar Pradesh,Meerut,Meerut,29.15,77.61,2023-06-18,45.2,32.2,67.0,6.3,4.5,40.0,No_Alert
Uttar Pradesh,Meerut,Meerut,29.15,77.61,2023-06-20,41.7,30.1,62.2,3.3,4.8,-31.2,No_Alert
Uttar Pradesh,Meerut,Meerut,29.15,77.61,2023-06-22,43.9,29.2,64.8,2.3,5.0,-54.0,No_Alert
Uttar Pradesh,Meerut,Meerut,29.15,77.61,2023-06-24,41.0,27.1,72.8,2.7,5.2,-48.1,No_Alert
Uttar Pradesh,Meerut,Meerut,29.15,77.61,2023-06-26,43.1,30.9,80.7,0.0,5.4,-100.0,No_Alert
Uttar Pradesh,Meerut,Meerut,29.15,77.61,2023-06-28,43.3,28.1,70.6,0.0,5.6,-100.0,No_Alert
Uttar Pradesh,Meerut,Meerut,29.15,77.61,2023-06-30,41.1,29.1,78.5,0.0,5.8,-100.0,No_Alert
Uttar Pradesh,Meerut,Meerut,29.15,77.61,2023-07-02,42.0,29.9,76.9,0.0,6.0,-100.0,No_Alert
Uttar Pradesh,Meerut,Meerut,29.15,77.61,2023-07-04,39.8,25.4,69.9,0.0,6.2,-100.0,No_Alert
Uttar Pradesh,Meerut,Meerut,29.15,77.61,2023-07-06,36.7,25.4,71.7,0.0,6.4,-100.0,No_Alert
Uttar Pradesh,Meerut,Meerut,29.15,77.61,2023-07-08,35.9,25.9,79.0,10.5,6.5,61.5,No_Alert
Uttar Pradesh,Meerut,Meerut,29.15,77.61,2023-07-10,39.9,28.0,74.2,8.4,6.7,25.4,No_Alert
Uttar Pradesh,Meerut,Meerut,29.15,77.61,2023-07-12,39.0,24.6,87.1,14.1,6.8,107.4,No_Alert
Uttar Pradesh,Meerut,Meerut,29.15,77.61,2023-07-14,36.8,23.1,74.9,0.0,6.9,-100.0,No_Alert
Uttar Pradesh,Meerut,Meerut,29.15,77.61,2023-07-16,38.2,25.2,82.3,4.2,7.0,-40.0,No_Alert
Uttar Pradesh,Meerut,Meerut,29.15,77.61,2023-07-18,38.3,24.6,86.7,0.0,7.1,-100.0,No_Alert
Uttar Pradesh,Meerut,Meerut,29.15,77.61,2023-07-20,34.8,22.8,75.1,0.0,7.2,-100.0,No_Alert
Uttar Pradesh,Meerut,Meerut,29.15,77.61,2023-07-22,37.0,23.9,85.9,0.0,7.3,-100.0,No_Alert
Uttar Pradesh,Meerut,Meerut,29.15,77.61,2023-07-24,32.0,20.1,78.2,9.0,7.4,21.6,No_Alert
Uttar Pradesh,Meerut,Meerut,29.15,77.61,2023-07-26,32.7,22.3,88.1,0.0,7.4,-100.0,No_Alert
Uttar Pradesh,Meerut,Meerut,29.15,77.61,2023-07-28,37.6,20.1,79.8,13.0,7.4,75.7,No_Alert
Uttar Pradesh,Meerut,Meerut,29.15,77.61,2023-07-30,32.9,18.3,82.0,6.3,7.4,-14.9,No_Alert
Uttar Pradesh,Meerut,Meerut,29.15,77.61,2023-08-01,34.1,17.6,91.3,0.0,7.5,-100.0,No_Alert
Uttar Pradesh,Meerut,Meerut,29.15,77.61,2023-08-03,31.4,19.3,88.9,9.9,7.4,33.8,No_Alert
Uttar Pradesh,Meerut,Meerut,29.15,77.61,2023-08-05,33.5,19.2,81.5,0.0,7.4,-100.0,No_Alert
Uttar Pradesh,Meerut,Meerut,29.15,77.61,2023-08-07,32.3,16.7,79.6,1.0,7.4,-86.5,No_Alert
Uttar Pradesh,Meerut,Meerut,29.15,77.61,2023-08-09,32.0,19.4,83.4,3.3,7.3,-54.8,No_Alert
Uttar Pradesh,Meerut,Meerut,29.15,77.61,2023-08-11,31.0,14.3,81.0,0.0,7.3,-100.0,No_Alert
Uttar Pradesh,Meerut,Meerut,29.15,77.61,2023-08-13,27.3,15.2,75.7,6.1,7.2,-15.3,No_Alert
Uttar Pradesh,Meerut,Meerut,29.15,77.61,2023-08-15,31.1,19.3,78.2,0.0,7.1,-100.0,No_Alert
Uttar Pradesh,Meerut,Meerut,29.15,77.61,2023-08-17,30.3,18.0,85.1,4.7,7.0,-32.9,No_Alert
Uttar Pradesh,Meerut,Meerut,29.15,77.61,2023-08-19,30.1,15.7,77.1,0.0,6.9,-100.0,No_Alert
Uttar Pradesh,Meerut,Meerut,29.15,77.61,2023-08-21,28.2,16.4,85.2,5.9,6.7,-11.9,No_Alert
Uttar Pradesh,Meerut,Meerut,29.15,77.61,2023-08-23,23.7,13.3,86.8,14.0,6.6,112.1,No_Alert
Uttar Pradesh,Meerut,Meerut,29.15,77.61,2023-08-25,24.5,12.1,82.0,0.0,6.5,-100.0,No_Alert
Uttar Pradesh,Meerut,Meerut,29.15,77.61,2023-08-27,22.8,11.9,83.5,0.0,6.3,-100.0,No_Alert
Uttar Pradesh,Meerut,Meerut,29.15,77.61,2023-08-29,26.7,9.5,74.3,0.0,6.1,-100.0,No_Alert
Uttar Pradesh,Meerut,Meerut,29.15,77.61,2023-08-31,24.2,8.7,68.3,2.1,5.9,-64.4,No_Alert
Uttar Pradesh,Meerut,Meerut,29.15,77.61,2023-09-02,23.7,6.9,81.5,0.0,5.7,-100.0,No_Alert
Uttar Pradesh,Meerut,Meerut,29.15,77.61,2023-09-04,25.9,12.1,77.1,0.0,5.5,-100.0,No_Alert
Uttar Pradesh,Meerut,Meerut,29.15,77.61,2023-09-06,24.9,10.7,65.1,0.0,5.3,-100.0,No_Alert
Uttar Pradesh,Meerut,Meerut,29.15,77.61,2023-09-08,22.7,10.8,79.3,4.5,5.1,-11.8,No_Alert
Uttar Pradesh,Meerut,Meerut,29.15,77.61,2023-09-10,21.1,11.5,69.1,3.4,4.9,-30.6,No_Alert
Uttar Pradesh,Meerut,Meerut,29.15,77.61,2023-09-12,19.0,8.7,75.0,9.5,4.6,106.5,No_Alert
Uttar Pradesh,Meerut,Meerut,29.15,77.61,2023-09-14,18.7,4.7,74.8,7.4,4.4,68.2,No_Alert
Uttar Pradesh,Meerut,Meerut,29.15,77.61,2023-09-16,21.7,6.4,66.9,5.2,4.2,23.8,No_Alert
Uttar Pradesh,Meerut,Meerut,29.15,77.61,2023-09-18,18.9,5.4,60.9,3.2,3.9,-17.9,No_Alert
Uttar Pradesh,Meerut,Meerut,29.15,77.61,2023-09-20,20.1,5.5,60.8,0.0,3.6,-100.0,No_Alert
Uttar Pradesh,Meerut,Meerut,29.15,77.61,2023-09-22,18.0,5.7,54.9,2.1,3.4,-38.2,No_Alert
Uttar Pradesh,Meerut,Meerut,29.15,77.61,2023-09-24,19.9,3.4,63.5,6.2,3.1,100.0,No_Alert
Uttar Pradesh,Meerut,Meerut,29.15,77.61,2023-09-26,17.8,6.6,57.1,0.0,2.9,-100.0,No_Alert
Uttar Pradesh,Meerut,Meerut,29.15,77.61,2023-09-28,17.7,6.9,50.7,2.3,2.6,-11.5,No_Alert
Uttar Pradesh,Meerut,Meerut,29.15,77.61,2023-09-30,17.8,4.8,63.5,0.7,2.3,-69.6,No_Alert
Uttar Pradesh,Meerut,Meerut,29.15,77.61,2023-10-02,15.7,2.8,39.8,0.0,0.2,0.0,No_Alert
Uttar Pradesh,Meerut,Meerut,29.15,77.61,2023-10-04,11.8,1.5,43.7,0.0,0.2,0.0,No_Alert
Uttar Pradesh,Meerut,Meerut,29.15,77.61,2023-10-06,14.8,2.2,48.2,0.0,0.2,0.0,No_Alert
Uttar Pradesh,Meerut,Meerut,29.15,77.61,2023-10-08,15.8,2.5,46.8,0.0,0.2,0.0,No_Alert
Uttar Pradesh,Meerut,Meerut,29.15,77.61,2023-10-10,13.6,3.0,44.5,0.0,0.2,0.0,No_Alert
Uttar Pradesh,Meerut,Meerut,29.15,77.61,2023-10-12,10.6,1.6,38.2,0.0,0.2,0.0,No_Alert
Uttar Pradesh,Meerut,Meerut,29.15,77.61,2023-10-14,13.1,-2.6,43.2,0.0,0.2,0.0,No_Alert
Uttar Pradesh,Meerut,Meerut,29.15,77.61,2023-10-16,14.4,2.1,46.5,0.0,0.2,0.0,No_Alert
Uttar Pradesh,Meerut,Meerut,29.15,77.61,2023-10-18,12.4,-2.5,43.7,0.0,0.2,0.0,No_Alert
Uttar Pradesh,Meerut,Meerut,29.15,77.61,2023-10-20,11.4,-3.0,48.0,0.0,0.2,0.0,No_Alert
Uttar Pradesh,Meerut,Meerut,29.15,77.61,2023-10-22,14.1,-1.5,44.0,0.0,0.2,0.0,No_Alert
Uttar Pradesh,Meerut,Meerut,29.15,77.61,2023-10-24,12.3,-0.6,48.3,0.0,0.2,0.0,No_Alert
Uttar Pradesh,Meerut,Meerut,29.15,77.61,2023-10-26,12.1,-1.5,42.4,0.3,0.2,0.0,No_Alert
Uttar Pradesh,Meerut,Meerut,29.15,77.61,2023-10-28,13.1,-0.7,48.7,0.0,0.2,0.0,No_Alert
Uttar Pradesh,Meerut,Meerut,29.15,77.61,2023-10-30,10.2,-2.1,42.7,0.4,0.2,0.0,No_Alert
Uttar Pradesh,Meerut,Meerut,29.15,77.61,2023-11-01,9.7,-3.2,39.9,0.0,0.2,0.0,No_Alert
Uttar Pradesh,Meerut,Meerut,29.15,77.61,2023-11-03,11.6,-0.8,52.7,0.0,0.2,0.0,No_Alert
Uttar Pradesh,Meerut,Meerut,29.15,77.61,2023-11-05,10.2,-1.3,46.7,0.0,0.2,0.0,No_Alert
Uttar Pradesh,Meerut,Meerut,29.15,77.61,2023-11-07,9.7,-0.9,50.5,0.0,0.2,0.0,No_Alert
Uttar Pradesh,Meerut,Meerut,29.15,77.61,2023-11-09,12.5,-0.7,45.7,0.0,0.2,0.0,No_Alert
Uttar Pradesh,Meerut,Meerut,29.15,77.61,2023-11-11,8.6,-1.6,53.1,0.0,0.2,0.0,No_Alert
Uttar Pradesh,Meerut,Meerut,29.15,77.61,2023-11-13,11.5,-0.8,39.1,0.0,0.2,0.0,No_Alert
Uttar Pradesh,Meerut,Meerut,29.15,77.61,2023-11-15,9.8,-1.8,42.8,0.0,0.2,0.0,No_Alert
Uttar Pradesh,Meerut,Meerut,29.15,77.61,2023-11-17,11.4,-1.0,39.4,0.2,0.2,0.0,No_Alert
Uttar Pradesh,Meerut,Meerut,29.15,77.61,2023-11-19,9.6,0.6,46.3,0.0,0.2,0.0,No_Alert
Uttar Pradesh,Meerut,Meerut,29.15,77.61,2023-11-21,12.0,-0.9,53.3,0.0,0.2,0.0,No_Alert
Uttar Pradesh,Meerut,Meerut,29.15,77.61,2023-11-23,11.1,-5.5,49.8,0.0,0.2,0.0,No_Alert
Uttar Pradesh,Meerut,Meerut,29.15,77.61,2023-11-25,10.7,-1.6,49.4,0.0,0.2,0.0,No_Alert
Uttar Pradesh,Meerut,Meerut,29.15,77.61,2023-11-27,11.2,-3.4,53.1,0.0,0.2,0.0,No_Alert
Uttar Pradesh,Meerut,Meerut,29.15,77.61,2023-11-29,9.4,-1.8,45.8,0.0,0.2,0.0,No_Alert
Uttar Pradesh,Meerut,Meerut,29.15,77.61,2023-12-01,10.5,-0.0,52.9,0.0,0.2,0.0,No_Alert
Uttar Pradesh,Meerut,Meerut,29.15,77.61,2023-12-03,15.1,1.0,45.0,0.0,0.2,0.0,No_Alert
Uttar Pradesh,Meerut,Meerut,29.15,77.61,2023-12-05,12.2,0.9,42.5,0.2,0.2,0.0,No_Alert
Uttar Pradesh,Meerut,Meerut,29.15,77.61,2023-12-07,13.8,1.4,48.7,0.0,0.2,0.0,No_Alert
Uttar Pradesh,Meerut,Meerut,29.15,77.61,2023-12-09,15.7,1.1,38.5,0.0,0.2,0.0,No_Alert
Uttar Pradesh,Meerut,Meerut,29.15,77.61,2023-12-11,13.7,-2.7,48.7,0.0,0.2,0.0,No_Alert
Uttar Pradesh,Meerut,Meerut,29.15,77.61,2023-12-13,12.2,-0.0,51.7,0.0,0.2,0.0,No_Alert
Uttar Pradesh,Meerut,Meerut,29.15,77.61,2023-12-15,12.0,-2.6,48.4,0.0,0.2,0.0,No_Alert
Uttar Pradesh,Meerut,Meerut,29.15,77.61,2023-12-17,13.7,-2.1,39.7,0.0,0.2,0.0,No_Alert
Uttar Pradesh,Meerut,Meerut,29.15,77.61,2023-12-19,13.0,2.9,45.1,0.0,0.2,0.0,No_Alert
Uttar Pradesh,Meerut,Meerut,29.15,77.61,2023-12-21,13.8,3.8,43.2,0.0,0.2,0.0,No_Alert
Uttar Pradesh,Meerut,Meerut,29.15,77.61,2023-12-23,13.4,4.0,48.5,0.0,0.2,0.0,No_Alert
Uttar Pradesh,Meerut,Meerut,29.15,77.61,2023-12-25,15.8,-0.1,54.0,0.0,0.2,0.0,No_Alert
Uttar Pradesh,Meerut,Meerut,29.15,77.61,2023-12-27,17.5,2.7,40.7,0.0,0.2,0.0,No_Alert
Uttar Pradesh,Meerut,Meerut,29.15,77.61,2023-12-29,16.4,1.0,46.4,0.0,0.2,0.0,No_Alert
Uttar Pradesh,Meerut,Meerut,29.15,77.61,2023-12-31,18.4,6.3,38.4,0.0,0.2,0.0,No_Alert
Uttar Pradesh,Kanpur Dehat,Kanpur,26.43,79.98,2023-01-01,18.2,4.3,51.5,0.0,0.2,0.0,No_Alert
Uttar Pradesh,Kanpur Dehat,Kanpur,26.43,79.98,2023-01-03,21.3,7.2,39.0,0.1,0.2,0.0,No_Alert
Uttar Pradesh,Kanpur Dehat,Kanpur,26.43,79.98,2023-01-05,19.6,6.8,38.6,0.0,0.2,0.0,No_Alert
Uttar Pradesh,Kanpur Dehat,Kanpur,26.43,79.98,2023-01-07,19.8,7.1,48.5,0.0,0.2,0.0,No_Alert
Uttar Pradesh,Kanpur Dehat,Kanpur,26.43,79.98,2023-01-09,20.5,7.8,41.3,0.0,0.2,0.0,No_Alert
Uttar Pradesh,Kanpur Dehat,Kanpur,26.43,79.98,2023-01-11,20.7,6.4,54.1,0.0,0.2,0.0,No_Alert
Uttar Pradesh,Kanpur Dehat,Kanpur,26.43,79.98,2023-01-13,23.2,8.4,42.6,0.0,0.2,0.0,No_Alert
Uttar Pradesh,Kanpur Dehat,Kanpur,26.43,79.98,2023-01-15,21.8,9.1,50.1,0.0,0.2,0.0,No_Alert
Uttar Pradesh,Kanpur Dehat,Kanpur,26.43,79.98,2023-01-17,19.6,8.6,39.6,0.0,0.2,0.0,No_Alert
Uttar Pradesh,Kanpur Dehat,Kanpur,26.43,79.98,2023-01-19,21.7,10.6,44.3,0.0,0.2,0.0,No_Alert
Uttar Pradesh,Kanpur Dehat,Kanpur,26.43,79.98,2023-01-21,22.4,9.7,49.5,0.0,0.2,0.0,No_Alert
Uttar Pradesh,Kanpur Dehat,Kanpur,26.43,79.98,2023-01-23,22.0,8.5,46.5,0.0,0.2,0.0,No_Alert
Uttar Pradesh,Kanpur Dehat,Kanpur,26.43,79.98,2023-01-25,24.7,8.2,52.0,0.0,0.2,0.0,No_Alert
Uttar Pradesh,Kanpur Dehat,Kanpur,26.43,79.98,2023-01-27,22.6,12.8,49.7,0.3,0.2,0.0,No_Alert
Uttar Pradesh,Kanpur Dehat,Kanpur,26.43,79.98,2023-01-29,22.0,10.7,48.9,0.0,0.2,0.0,No_Alert
Uttar Pradesh,Kanpur Dehat,Kanpur,26.43,79.98,2023-01-31,26.9,13.2,53.5,0.0,0.2,0.0,No_Alert
Uttar Pradesh,Kanpur Dehat,Kanpur,26.43,79.98,2023-02-02,23.8,12.6,45.0,0.2,0.2,0.0,No_Alert
Uttar Pradesh,Kanpur Dehat,Kanpur,26.43,79.98,2023-02-04,24.5,13.9,43.2,0.0,0.2,0.0,No_Alert
Uttar Pradesh,Kanpur Dehat,Kanpur,26.43,79.98,2023-02-06,26.4,13.9,40.5,0.0,0.2,0.0,No_Alert
Uttar Pradesh,Kanpur Dehat,Kanpur,26.43,79.98,2023-02-08,30.3,15.0,38.8,0.0,0.2,0.0,No_Alert
Uttar Pradesh,Kanpur Dehat,Kanpur,26.43,79.98,2023-02-10,28.2,17.3,40.8,0.0,0.2,0.0,No_Alert
Uttar Pradesh,Kanpur Dehat,Kanpur,26.43,79.98,2023-02-12,29.2,14.4,49.0,0.4,0.2,0.0,No_Alert
Uttar Pradesh,Kanpur Dehat,Kanpur,26.43,79.98,2023-02-14,29.9,15.9,40.7,0.0,0.2,0.0,No_Alert
Uttar Pradesh,Kanpur Dehat,Kanpur,26.43,79.98,2023-02-16,30.3,14.3,38.3,0.0,0.2,0.0,No_Alert
Uttar Pradesh,Kanpur Dehat,Kanpur,26.43,79.98,2023-02-18,30.7,16.2,44.0,0.0,0.2,0.0,No_Alert
Uttar Pradesh,Kanpur Dehat,Kanpur,26.43,79.98,2023-02-20,29.0,16.8,50.8,0.1,0.2,0.0,No_Alert
Uttar Pradesh,Kanpur Dehat,Kanpur,26.43,79.98,2023-02-22,32.5,18.0,48.8,0.0,0.2,0.0,No_Alert
Uttar Pradesh,Kanpur Dehat,Kanpur,26.43,79.98,2023-02-24,32.9,20.7,40.7,0.3,0.2,0.0,No_Alert
Uttar Pradesh,Kanpur Dehat,Kanpur,26.43,79.98,2023-02-26,30.7,18.4,51.1,0.0,0.2,0.0,No_Alert
Uttar Pradesh,Kanpur Dehat,Kanpur,26.43,79.98,2023-02-28,32.7,18.9,38.8,0.0,0.2,0.0,No_Alert
Uttar Pradesh,Kanpur Dehat,Kanpur,26.43,79.98,2023-03-02,33.3,21.0,52.5,0.0,0.2,0.0,No_Alert
Uttar Pradesh,Kanpur Dehat,Kanpur,26.43,79.98,2023-03-04,32.2,22.4,42.3,0.0,0.2,0.0,No_Alert
Uttar Pradesh,Kanpur Dehat,Kanpur,26.43,79.98,2023-03-06,35.8,20.6,41.7,0.0,0.2,0.0,No_Alert
Uttar Pradesh,Kanpur Dehat,Kanpur,26.43,79.98,2023-03-08,32.9,23.1,39.1,0.0,0.2,0.0,No_Alert
Uttar Pradesh,Kanpur Dehat,Kanpur,26.43,79.98,2023-03-10,35.2,23.4,45.4,0.0,0.2,0.0,No_Alert
Uttar Pradesh,Kanpur Dehat,Kanpur,26.43,79.98,2023-03-12,36.1,23.1,42.9,0.0,0.2,0.0,No_Alert
Uttar Pradesh,Kanpur Dehat,Kanpur,26.43,79.98,2023-03-14,37.6,24.9,42.5,0.0,0.2,0.0,No_Alert
Uttar Pradesh,Kanpur Dehat,Kanpur,26.43,79.98,2023-03-16,36.4,24.2,51.7,0.0,0.2,0.0,No_Alert
Uttar Pradesh,Kanpur Dehat,Kanpur,26.43,79.98,2023-03-18,35.1,26.0,40.2,0.1,0.2,0.0,No_Alert
Uttar Pradesh,Kanpur Dehat,Kanpur,26.43,79.98,2023-03-20,37.6,24.0,40.7,0.0,0.2,0.0,No_Alert
Uttar Pradesh,Kanpur Dehat,Kanpur,26.43,79.98,2023-03-22,39.3,29.3,54.2,0.0,0.2,0.0,No_Alert
Uttar Pradesh,Kanpur Dehat,Kanpur,26.43,79.98,2023-03-24,40.9,28.2,54.1,0.0,0.2,0.0,No_Alert
Uttar Pradesh,Kanpur Dehat,Kanpur,26.43,79.98,2023-03-26,39.9,25.5,39.6,0.0,0.2,0.0,No_Alert
Uttar Pradesh,Kanpur Dehat,Kanpur,26.43,79.98,2023-03-28,43.0,30.2,42.9,0.0,0.2,0.0,No_Alert
Uttar Pradesh,Kanpur Dehat,Kanpur,26.43,79.98,2023-03-30,40.1,27.5,52.4,0.0,0.2,0.0,No_Alert
Uttar Pradesh,Kanpur Dehat,Kanpur,26.43,79.98,2023-04-01,42.6,25.8,38.5,0.3,0.2,0.0,No_Alert
Uttar Pradesh,Kanpur Dehat,Kanpur,26.43,79.98,2023-04-03,40.8,29.7,49.3,0.0,0.2,0.0,No_Alert
Uttar Pradesh,Kanpur Dehat,Kanpur,26.43,79.98,2023-04-05,42.2,28.1,51.0,0.0,0.2,0.0,No_Alert
Uttar Pradesh,Kanpur Dehat,Kanpur,26.43,79.98,2023-04-07,44.7,29.0,44.4,0.0,0.2,0.0,No_Alert
Uttar Pradesh,Kanpur Dehat,Kanpur,26.43,79.98,2023-04-09,41.8,29.5,48.8,0.0,0.2,0.0,No_Alert
Uttar Pradesh,Kanpur Dehat,Kanpur,26.43,79.98,2023-04-11,40.9,29.4,39.6,0.0,0.2,0.0,No_Alert
Uttar Pradesh,Kanpur Dehat,Kanpur,26.43,79.98,2023-04-13,42.0,31.4,47.5,0.0,0.2,0.0,No_Alert
Uttar Pradesh,Kanpur Dehat,Kanpur,26.43,79.98,2023-04-15,43.9,30.0,52.9,0.0,0.2,0.0,No_Alert
Uttar Pradesh,Kanpur Dehat,Kanpur,26.43,79.98,2023-04-17,43.7,28.5,51.2,0.0,0.2,0.0,No_Alert
Uttar Pradesh,Kanpur Dehat,Kanpur,26.43,79.98,2023-04-19,44.4,28.1,44.9,0.0,0.2,0.0,No_Alert
Uttar Pradesh,Kanpur Dehat,Kanpur,26.43,79.98,2023-04-21,46.3,33.6,48.8,0.0,0.2,0.0,No_Alert
Uttar Pradesh,Kanpur Dehat,Kanpur,26.43,79.98,2023-04-23,42.2,29.3,47.4,0.0,0.2,0.0,No_Alert
Uttar Pradesh,Kanpur Dehat,Kanpur,26.43,79.98,2023-04-25,46.3,34.2,49.8,0.0,0.2,0.0,No_Alert
Uttar Pradesh,Kanpur Dehat,Kanpur,26.43,79.98,2023-04-27,45.4,29.6,51.9,0.0,0.2,0.0,No_Alert
Uttar Pradesh,Kanpur Dehat,Kanpur,26.43,79.98,2023-04-29,43.4,32.9,38.4,0.0,0.2,0.0,No_Alert
Uttar Pradesh,Kanpur Dehat,Kanpur,26.43,79.98,2023-05-01,42.2,29.1,50.0,0.0,0.2,0.0,No_Alert
Uttar Pradesh,Kanpur Dehat,Kanpur,26.43,79.98,2023-05-03,44.4,33.5,51.8,0.2,0.2,0.0,No_Alert
Uttar Pradesh,Kanpur Dehat,Kanpur,26.43,79.98,2023-05-05,45.1,29.2,47.6,0.0,0.2,0.0,No_Alert
Uttar Pradesh,Kanpur Dehat,Kanpur,26.43,79.98,2023-05-07,44.8,31.7,44.4,0.0,0.2,0.0,No_Alert
Uttar Pradesh,Kanpur Dehat,Kanpur,26.43,79.98,2023-05-09,45.9,33.0,44.2,0.0,0.2,0.0,No_Alert
Uttar Pradesh,Kanpur Dehat,Kanpur,26.43,79.98,2023-05-11,43.1,33.9,38.5,0.0,0.2,0.0,No_Alert
Uttar Pradesh,Kanpur Dehat,Kanpur,26.43,79.98,2023-05-13,45.3,31.2,45.8,0.0,0.2,0.0,No_Alert
Uttar Pradesh,Kanpur Dehat,Kanpur,26.43,79.98,2023-05-15,48.9,33.4,50.5,0.0,0.2,0.0,No_Alert
Uttar Pradesh,Kanpur Dehat,Kanpur,26.43,79.98,2023-05-17,46.8,32.9,43.5,0.0,0.2,0.0,No_Alert
Uttar Pradesh,Kanpur Dehat,Kanpur,26.43,79.98,2023-05-19,48.5,31.9,48.8,0.0,0.2,0.0,No_Alert
Uttar Pradesh,Kanpur Dehat,Kanpur,26.43,79.98,2023-05-21,47.0,31.9,38.6,0.0,0.2,0.0,No_Alert
Uttar Pradesh,Kanpur Dehat,Kanpur,26.43,79.98,2023-05-23,46.0,32.4,42.9,0.0,0.2,0.0,No_Alert
Uttar Pradesh,Kanpur Dehat,Kanpur,26.43,79.98,2023-05-25,48.1,33.8,40.0,0.0,0.2,0.0,No_Alert
Uttar Pradesh,Kanpur Dehat,Kanpur,26.43,79.98,2023-05-27,46.7,32.3,46.0,0.0,0.2,0.0,No_Alert
Uttar Pradesh,Kanpur Dehat,Kanpur,26.43,79.98,2023-05-29,45.1,31.6,51.0,0.0,0.2,0.0,No_Alert
Uttar Pradesh,Kanpur Dehat,Kanpur,26.43,79.98,2023-05-31,48.5,31.2,48.9,0.0,0.2,0.0,No_Alert
Uttar Pradesh,Kanpur Dehat,Kanpur,26.43,79.98,2023-06-02,43.5,30.6,52.2,0.5,2.6,-80.8,No_Alert
Uttar Pradesh,Kanpur Dehat,Kanpur,26.43,79.98,2023-06-04,47.7,35.1,64.3,0.0,2.9,-100.0,No_Alert
Uttar Pradesh,Kanpur Dehat,Kanpur,26.43,79.98,2023-06-06,45.4,30.9,58.8,0.0,3.2,-100.0,No_Alert
Uttar Pradesh,Kanpur Dehat,Kanpur,26.43,79.98,2023-06-08,43.8,31.5,57.1,3.2,3.4,-5.9,No_Alert
Uttar Pradesh,Kanpur Dehat,Kanpur,26.43,79.98,2023-06-10,45.9,28.3,56.4,0.0,3.7,-100.0,No_Alert
Uttar Pradesh,Kanpur Dehat,Kanpur,26.43,79.98,2023-06-12,45.7,32.7,69.1,3.4,4.0,-15.0,No_Alert
Uttar Pradesh,Kanpur Dehat,Kanpur,26.43,79.98,2023-06-14,46.4,31.6,65.6,1.1,4.3,-74.4,No_Alert
Uttar Pradesh,Kanpur Dehat,Kanpur,26.43,79.98,2023-06-16,44.5,31.5,59.1,0.0,4.5,-100.0,No_Alert
Uttar Pradesh,Kanpur Dehat,Kanpur,26.43,79.98,2023-06-18,43.4,29.2,62.4,1.5,4.8,-68.8,No_Alert
Uttar Pradesh,Kanpur Dehat,Kanpur,26.43,79.98,2023-06-20,41.3,30.7,65.1,0.0,5.0,-100.0,No_Alert
Uttar Pradesh,Kanpur Dehat,Kanpur,26.43,79.98,2023-06-22,42.7,30.1,68.5,3.3,5.3,-37.7,No_Alert
Uttar Pradesh,Kanpur Dehat,Kanpur,26.43,79.98,2023-06-24,40.5,26.9,68.1,2.0,5.5,-63.6,No_Alert
Uttar Pradesh,Kanpur Dehat,Kanpur,26.43,79.98,2023-06-26,41.3,27.2,71.3,6.7,5.7,17.5,No_Alert
Uttar Pradesh,Kanpur Dehat,Kanpur,26.43,79.98,2023-06-28,41.0,28.3,81.8,0.0,6.0,-100.0,No_Alert
Uttar Pradesh,Kanpur Dehat,Kanpur,26.43,79.98,2023-06-30,42.5,27.0,72.9,4.5,6.2,-27.4,No_Alert
Uttar Pradesh,Kanpur Dehat,Kanpur,26.43,79.98,2023-07-02,40.9,26.3,82.0,0.0,6.4,-100.0,No_Alert
Uttar Pradesh,Kanpur Dehat,Kanpur,26.43,79.98,2023-07-04,40.7,26.9,82.7,0.0,6.6,-100.0,No_Alert
Uttar Pradesh,Kanpur Dehat,Kanpur,26.43,79.98,2023-07-06,40.5,28.5,78.9,7.8,6.7,16.4,No_Alert
Uttar Pradesh,Kanpur Dehat,Kanpur,26.43,79.98,2023-07-08,42.4,26.7,74.5,4.8,6.9,-30.4,No_Alert
Uttar Pradesh,Kanpur Dehat,Kanpur,26.43,79.98,2023-07-10,36.7,25.9,81.0,12.9,7.1,81.7,No_Alert
Uttar Pradesh,Kanpur Dehat,Kanpur,26.43,79.98,2023-07-12,38.7,25.2,72.4,12.4,7.2,72.2,No_Alert
Uttar Pradesh,Kanpur Dehat,Kanpur,26.43,79.98,2023-07-14,38.3,28.4,74.4,13.8,7.3,89.0,No_Alert
Uttar Pradesh,Kanpur Dehat,Kanpur,26.43,79.98,2023-07-16,38.2,23.0,84.1,0.0,7.5,-100.0,No_Alert
Uttar Pradesh,Kanpur Dehat,Kanpur,26.43,79.98,2023-07-18,35.2,23.9,74.0,1.0,7.6,-86.8,No_Alert
Uttar Pradesh,Kanpur Dehat,Kanpur,26.43,79.98,2023-07-20,37.2,22.6,77.7,8.3,7.7,7.8,No_Alert
Uttar Pradesh,Kanpur Dehat,Kanpur,26.43,79.98,2023-07-22,37.6,22.5,80.3,0.0,7.7,-100.0,No_Alert
Uttar Pradesh,Kanpur Dehat,Kanpur,26.43,79.98,2023-07-24,37.9,24.3,75.1,16.0,7.8,105.1,No_Alert
Uttar Pradesh,Kanpur Dehat,Kanpur,26.43,79.98,2023-07-26,37.5,24.6,80.9,0.0,7.8,-100.0,No_Alert
Uttar Pradesh,Kanpur Dehat,Kanpur,26.43,79.98,2023-07-28,34.8,20.9,77.8,0.4,7.9,-94.9,No_Alert
Uttar Pradesh,Kanpur Dehat,Kanpur,26.43,79.98,2023-07-30,33.5,22.3,83.0,4.8,7.9,-39.2,No_Alert
Uttar Pradesh,Kanpur Dehat,Kanpur,26.43,79.98,2023-08-01,33.8,21.1,88.6,4.6,7.9,-41.8,No_Alert
Uttar Pradesh,Kanpur Dehat,Kanpur,26.43,79.98,2023-08-03,32.9,19.6,80.4,0.0,7.9,-100.0,No_Alert
Uttar Pradesh,Kanpur Dehat,Kanpur,26.43,79.98,2023-08-05,32.4,19.9,85.2,2.1,7.9,-73.4,No_Alert
Uttar Pradesh,Kanpur Dehat,Kanpur,26.43,79.98,2023-08-07,28.7,20.0,83.3,15.7,7.8,101.3,No_Alert
Uttar Pradesh,Kanpur Dehat,Kanpur,26.43,79.98,2023-08-09,30.5,20.6,86.9,0.0,7.8,-100.0,No_Alert
Uttar Pradesh,Kanpur Dehat,Kanpur,26.43,79.98,2023-08-11,29.5,17.2,90.1,0.0,7.7,-100.0,No_Alert
Uttar Pradesh,Kanpur Dehat,Kanpur,26.43,79.98,2023-08-13,30.9,15.9,78.8,0.0,7.6,-100.0,No_Alert
Uttar Pradesh,Kanpur Dehat,Kanpur,26.43,79.98,2023-08-15,31.6,16.4,74.9,4.5,7.5,-40.0,No_Alert
Uttar Pradesh,Kanpur Dehat,Kanpur,26.43,79.98,2023-08-17,27.5,15.4,88.6,0.0,7.4,-100.0,No_Alert
Uttar Pradesh,Kanpur Dehat,Kanpur,26.43,79.98,2023-08-19,28.5,13.4,73.5,12.4,7.3,69.9,No_Alert
Uttar Pradesh,Kanpur Dehat,Kanpur,26.43,79.98,2023-08-21,27.4,13.0,72.9,13.5,7.1,90.1,No_Alert
Uttar Pradesh,Kanpur Dehat,Kanpur,26.43,79.98,2023-08-23,28.7,12.6,78.3,0.0,7.0,-100.0,No_Alert
Uttar Pradesh,Kanpur Dehat,Kanpur,26.43,79.98,2023-08-25,27.2,14.2,79.1,0.0,6.8,-100.0,No_Alert
Uttar Pradesh,Kanpur Dehat,Kanpur,26.43,79.98,2023-08-27,28.6,12.4,73.7,9.5,6.7,41.8,No_Alert
Uttar Pradesh,Kanpur Dehat,Kanpur,26.43,79.98,2023-08-29,28.2,15.2,83.8,3.3,6.5,-49.2,No_Alert
Uttar Pradesh,Kanpur Dehat,Kanpur,26.43,79.98,2023-08-31,25.9,11.3,76.3,1.9,6.3,-69.8,No_Alert
Uttar Pradesh,Kanpur Dehat,Kanpur,26.43,79.98,2023-09-02,26.2,13.9,73.6,0.9,6.1,-85.2,No_Alert
Uttar Pradesh,Kanpur Dehat,Kanpur,26.43,79.98,2023-09-04,26.3,11.3,66.9,0.0,5.9,-100.0,No_Alert
Uttar Pradesh,Kanpur Dehat,Kanpur,26.43,79.98,2023-09-06,20.4,10.7,79.1,0.0,5.6,-100.0,No_Alert
Uttar Pradesh,Kanpur Dehat,Kanpur,26.43,79.98,2023-09-08,22.2,10.3,71.2,3.0,5.4,-44.4,No_Alert
Uttar Pradesh,Kanpur Dehat,Kanpur,26.43,79.98,2023-09-10,23.9,7.9,62.2,7.8,5.2,50.0,No_Alert
Uttar Pradesh,Kanpur Dehat,Kanpur,26.43,79.98,2023-09-12,22.5,10.1,68.5,0.0,4.9,-100.0,No_Alert
Uttar Pradesh,Kanpur Dehat,Kanpur,26.43,79.98,2023-09-14,20.8,11.3,63.2,0.0,4.7,-100.0,No_Alert
Uttar Pradesh,Kanpur Dehat,Kanpur,26.43,79.98,2023-09-16,22.3,10.0,71.8,6.6,4.4,50.0,No_Alert
Uttar Pradesh,Kanpur Dehat,Kanpur,26.43,79.98,2023-09-18,21.4,5.1,67.0,0.0,4.1,-100.0,No_Alert
Uttar Pradesh,Kanpur Dehat,Kanpur,26.43,79.98,2023-09-20,18.9,7.3,66.0,0.0,3.9,-100.0,No_Alert
Uttar Pradesh,Kanpur Dehat,Kanpur,26.43,79.98,2023-09-22,20.3,5.4,65.9,0.0,3.6,-100.0,No_Alert
Uttar Pradesh,Kanpur Dehat,Kanpur,26.43,79.98,2023-09-24,17.1,6.7,53.3,0.0,3.3,-100.0,No_Alert
Uttar Pradesh,Kanpur Dehat,Kanpur,26.43,79.98,2023-09-26,18.7,4.9,64.1,0.0,3.0,-100.0,No_Alert
Uttar Pradesh,Kanpur Dehat,Kanpur,26.43,79.98,2023-09-28,17.9,4.7,62.8,0.0,2.7,-100.0,No_Alert
Uttar Pradesh,Kanpur Dehat,Kanpur,26.43,79.98,2023-09-30,19.0,6.8,57.2,0.0,2.5,-100.0,No_Alert
Uttar Pradesh,Kanpur Dehat,Kanpur,26.43,79.98,2023-10-02,16.5,1.8,52.0,0.0,0.2,0.0,No_Alert
Uttar Pradesh,Kanpur Dehat,Kanpur,26.43,79.98,2023-10-04,18.3,2.4,39.0,0.0,0.2,0.0,No_Alert
Uttar Pradesh,Kanpur Dehat,Kanpur,26.43,79.98,2023-10-06,14.4,2.9,43.8,0.2,0.2,0.0,No_Alert
Uttar Pradesh,Kanpur Dehat,Kanpur,26.43,79.98,2023-10-08,18.9,3.1,51.5,0.0,0.2,0.0,No_Alert
Uttar Pradesh,Kanpur Dehat,Kanpur,26.43,79.98,2023-10-10,16.3,1.2,49.0,0.0,0.2,0.0,No_Alert
Uttar Pradesh,Kanpur Dehat,Kanpur,26.43,79.98,2023-10-12,19.2,3.4,41.5,0.0,0.2,0.0,No_Alert
Uttar Pradesh,Kanpur Dehat,Kanpur,26.43,79.98,2023-10-14,12.6,-0.2,41.8,0.0,0.2,0.0,No_Alert
Uttar Pradesh,Kanpur Dehat,Kanpur,26.43,79.98,2023-10-16,15.0,3.3,49.3,0.0,0.2,0.0,No_Alert
Uttar Pradesh,Kanpur Dehat,Kanpur,26.43,79.98,2023-10-18,16.1,2.7,47.9,0.0,0.2,0.0,No_Alert
Uttar Pradesh,Kanpur Dehat,Kanpur,26.43,79.98,2023-10-20,17.3,4.1,45.0,0.0,0.2,0.0,No_Alert
Uttar Pradesh,Kanpur Dehat,Kanpur,26.43,79.98,2023-10-22,14.4,0.2,51.7,0.0,0.2,0.0,No_Alert
Uttar Pradesh,Kanpur Dehat,Kanpur,26.43,79.98,2023-10-24,14.2,-0.1,46.9,0.0,0.2,0.0,No_Alert
Uttar Pradesh,Kanpur Dehat,Kanpur,26.43,79.98,2023-10-26,14.7,2.3,39.7,0.0,0.2,0.0,No_Alert
Uttar Pradesh,Kanpur Dehat,Kanpur,26.43,79.98,2023-10-28,12.2,-1.2,38.3,0.0,0.2,0.0,No_Alert
Uttar Pradesh,Kanpur Dehat,Kanpur,26.43,79.98,2023-10-30,10.7,1.7,46.1,0.0,0.2,0.0,No_Alert
Uttar Pradesh,Kanpur Dehat,Kanpur,26.43,79.98,2023-11-01,16.4,1.4,42.8,0.0,0.2,0.0,No_Alert
Uttar Pradesh,Kanpur Dehat,Kanpur,26.43,79.98,2023-11-03,15.9,-1.7,41.2,0.0,0.2,0.0,No_Alert
Uttar Pradesh,Kanpur Dehat,Kanpur,26.43,79.98,2023-11-05,10.4,1.5,41.4,0.0,0.2,0.0,No_Alert
Uttar Pradesh,Kanpur Dehat,Kanpur,26.43,79.98,2023-11-07,13.9,-0.8,39.3,0.0,0.2,0.0,No_Alert
Uttar Pradesh,Kanpur Dehat,Kanpur,26.43,79.98,2023-11-09,14.4,2.1,41.3,0.0,0.2,0.0,No_Alert
Uttar Pradesh,Kanpur Dehat,Kanpur,26.43,79.98,2023-11-11,17.0,4.0,47.2,0.0,0.2,0.0,No_Alert
Uttar Pradesh,Kanpur Dehat,Kanpur,26.43,79.98,2023-11-13,12.1,-0.5,48.8,0.0,0.2,0.0,No_Alert
Uttar Pradesh,Kanpur Dehat,Kanpur,26.43,79.98,2023-11-15,11.2,1.9,38.5,0.0,0.2,0.0,No_Alert
Uttar Pradesh,Kanpur Dehat,Kanpur,26.43,79.98,2023-11-17,10.9,1.2,48.0,0.0,0.2,0.0,No_Alert
Uttar Pradesh,Kanpur Dehat,Kanpur,26.43,79.98,2023-11-19,10.6,-1.1,47.3,0.0,0.2,0.0,No_Alert
Uttar Pradesh,Kanpur Dehat,Kanpur,26.43,79.98,2023-11-21,12.7,1.3,53.6,0.0,0.2,0.0,No_Alert
Uttar Pradesh,Kanpur Dehat,Kanpur,26.43,79.98,2023-11-23,14.6,-0.3,44.9,0.0,0.2,0.0,No_Alert
Uttar Pradesh,Kanpur Dehat,Kanpur,26.43,79.98,2023-11-25,13.5,-0.5,39.8,0.0,0.2,0.0,No_Alert
Uttar Pradesh,Kanpur Dehat,Kanpur,26.43,79.98,2023-11-27,16.9,1.3,47.5,0.0,0.2,0.0,No_Alert
Uttar Pradesh,Kanpur Dehat,Kanpur,26.43,79.98,2023-11-29,13.3,1.6,43.1,0.0,0.2,0.0,No_Alert
Uttar Pradesh,Kanpur Dehat,Kanpur,26.43,79.98,2023-12-01,12.6,0.2,40.5,0.0,0.2,0.0,No_Alert
Uttar Pradesh,Kanpur Dehat,Kanpur,26.43,79.98,2023-12-03,15.6,-0.1,43.4,0.0,0.2,0.0,No_Alert
Uttar Pradesh,Kanpur Dehat,Kanpur,26.43,79.98,2023-12-05,12.7,3.0,43.2,0.0,0.2,0.0,No_Alert
Uttar Pradesh,Kanpur Dehat,Kanpur,26.43,79.98,2023-12-07,15.4,3.6,42.2,0.0,0.2,0.0,No_Alert
Uttar Pradesh,Kanpur Dehat,Kanpur,26.43,79.98,2023-12-09,14.8,4.2,43.4,0.0,0.2,0.0,No_Alert
Uttar Pradesh,Kanpur Dehat,Kanpur,26.43,79.98,2023-12-11,14.5,3.1,42.1,0.0,0.2,0.0,No_Alert
Uttar Pradesh,Kanpur Dehat,Kanpur,26.43,79.98,2023-12-13,14.7,0.4,42.3,0.0,0.2,0.0,No_Alert
Uttar Pradesh,Kanpur Dehat,Kanpur,26.43,79.98,2023-12-15,15.5,3.1,40.8,0.0,0.2,0.0,No_Alert
Uttar Pradesh,Kanpur Dehat,Kanpur,26.43,79.98,2023-12-17,16.6,3.4,41.0,0.0,0.2,0.0,No_Alert
Uttar Pradesh,Kanpur Dehat,Kanpur,26.43,79.98,2023-12-19,15.8,0.9,51.5,0.0,0.2,0.0,No_Alert
Uttar Pradesh,Kanpur Dehat,Kanpur,26.43,79.98,2023-12-21,16.1,2.8,47.3,0.0,0.2,0.0,No_Alert
Uttar Pradesh,Kanpur Dehat,Kanpur,26.43,79.98,2023-12-23,15.8,4.6,40.3,0.0,0.2,0.0,No_Alert
Uttar Pradesh,Kanpur Dehat,Kanpur,26.43,79.98,2023-12-25,19.5,5.1,53.1,0.4,0.2,0.0,No_Alert
Uttar Pradesh,Kanpur Dehat,Kanpur,26.43,79.98,2023-12-27,18.7,5.3,42.3,0.0,0.2,0.0,No_Alert
Uttar Pradesh,Kanpur Dehat,Kanpur,26.43,79.98,2023-12-29,17.1,4.3,48.1,0.0,0.2,0.0,No_Alert
Uttar Pradesh,Kanpur Dehat,Kanpur,26.43,79.98,2023-12-31,20.3,4.9,43.3,0.0,0.2,0.0,No_Alert
Madhya Pradesh,Indore,Indore,22.85,75.55,2023-01-01,19.9,9.3,40.1,0.1,0.3,0.0,No_Alert
Madhya Pradesh,Indore,Indore,22.85,75.55,2023-01-03,21.7,7.5,47.7,0.0,0.3,0.0,No_Alert
Madhya Pradesh,Indore,Indore,22.85,75.55,2023-01-05,20.8,10.6,45.9,0.0,0.3,0.0,No_Alert
Madhya Pradesh,Indore,Indore,22.85,75.55,2023-01-07,19.9,8.5,45.4,0.0,0.3,0.0,No_Alert
Madhya Pradesh,Indore,Indore,22.85,75.55,2023-01-09,21.0,10.1,39.3,0.0,0.3,0.0,No_Alert
Madhya Pradesh,Indore,Indore,22.85,75.55,2023-01-11,20.5,10.1,50.2,0.0,0.3,0.0,No_Alert
Madhya Pradesh,Indore,Indore,22.85,75.55,2023-01-13,21.7,9.9,52.8,0.0,0.3,0.0,No_Alert
Madhya Pradesh,Indore,Indore,22.85,75.55,2023-01-15,21.1,10.0,51.5,0.0,0.3,0.0,No_Alert
Madhya Pradesh,Indore,Indore,22.85,75.55,2023-01-17,22.5,9.0,43.7,0.0,0.3,0.0,No_Alert
Madhya Pradesh,Indore,Indore,22.85,75.55,2023-01-19,22.5,11.2,44.5,0.0,0.3,0.0,No_Alert
Madhya Pradesh,Indore,Indore,22.85,75.55,2023-01-21,26.9,12.4,47.5,0.0,0.3,0.0,No_Alert
Madhya Pradesh,Indore,Indore,22.85,75.55,2023-01-23,27.6,11.3,54.1,0.0,0.3,0.0,No_Alert
Madhya Pradesh,Indore,Indore,22.85,75.55,2023-01-25,26.2,13.3,53.6,0.4,0.3,0.0,No_Alert
Madhya Pradesh,Indore,Indore,22.85,75.55,2023-01-27,29.9,16.7,38.6,0.0,0.3,0.0,No_Alert
Madhya Pradesh,Indore,Indore,22.85,75.55,2023-01-29,25.9,14.5,42.2,0.0,0.3,0.0,No_Alert
Madhya Pradesh,Indore,Indore,22.85,75.55,2023-01-31,30.7,15.4,49.2,0.5,0.3,0.0,No_Alert
Madhya Pradesh,Indore,Indore,22.85,75.55,2023-02-02,25.8,15.7,51.6,0.0,0.3,0.0,No_Alert
Madhya Pradesh,Indore,Indore,22.85,75.55,2023-02-04,27.2,14.0,45.8,0.0,0.3,0.0,No_Alert
Madhya Pradesh,Indore,Indore,22.85,75.55,2023-02-06,31.1,16.1,39.2,0.0,0.3,0.0,No_Alert
Madhya Pradesh,Indore,Indore,22.85,75.55,2023-02-08,33.2,16.4,42.7,0.2,0.3,0.0,No_Alert
Madhya Pradesh,Indore,Indore,22.85,75.55,2023-02-10,31.7,15.4,52.4,0.0,0.3,0.0,No_Alert
Madhya Pradesh,Indore,Indore,22.85,75.55,2023-02-12,27.3,14.4,49.8,0.0,0.3,0.0,No_Alert
Madhya Pradesh,Indore,Indore,22.85,75.55,2023-02-14,32.4,20.9,47.6,0.0,0.3,0.0,No_Alert
Madhya Pradesh,Indore,Indore,22.85,75.55,2023-02-16,30.6,16.6,53.6,0.0,0.3,0.0,No_Alert
Madhya Pradesh,Indore,Indore,22.85,75.55,2023-02-18,32.9,17.2,43.9,0.0,0.3,0.0,No_Alert
Madhya Pradesh,Indore,Indore,22.85,75.55,2023-02-20,28.8,16.5,45.0,0.0,0.3,0.0,No_Alert
Madhya Pradesh,Indore,Indore,22.85,75.55,2023-02-22,34.4,21.6,48.7,0.0,0.3,0.0,No_Alert
Madhya Pradesh,Indore,Indore,22.85,75.55,2023-02-24,36.9,23.8,44.7,0.0,0.3,0.0,No_Alert
Madhya Pradesh,Indore,Indore,22.85,75.55,2023-02-26,34.4,22.2,43.4,0.0,0.3,0.0,No_Alert
Madhya Pradesh,Indore,Indore,22.85,75.55,2023-02-28,32.7,17.5,39.2,0.0,0.3,0.0,No_Alert
Madhya Pradesh,Indore,Indore,22.85,75.55,2023-03-02,35.9,24.3,39.9,0.0,0.3,0.0,No_Alert
Madhya Pradesh,Indore,Indore,22.85,75.55,2023-03-04,35.1,23.0,51.7,0.0,0.3,0.0,No_Alert
Madhya Pradesh,Indore,Indore,22.85,75.55,2023-03-06,36.7,24.0,51.0,0.0,0.3,0.0,No_Alert
Madhya Pradesh,Indore,Indore,22.85,75.55,2023-03-08,36.3,24.0,46.7,0.0,0.3,0.0,No_Alert
Madhya Pradesh,Indore,Indore,22.85,75.55,2023-03-10,35.5,24.5,51.7,0.0,0.3,0.0,No_Alert
Madhya Pradesh,Indore,Indore,22.85,75.55,2023-03-12,36.4,25.1,50.9,0.5,0.3,0.0,No_Alert
Madhya Pradesh,Indore,Indore,22.85,75.55,2023-03-14,36.8,23.3,49.5,0.6,0.3,0.0,No_Alert
Madhya Pradesh,Indore,Indore,22.85,75.55,2023-03-16,36.1,26.5,45.9,0.0,0.3,0.0,No_Alert
Madhya Pradesh,Indore,Indore,22.85,75.55,2023-03-18,40.6,25.5,44.4,0.6,0.3,0.0,No_Alert
Madhya Pradesh,Indore,Indore,22.85,75.55,2023-03-20,38.8,24.2,45.9,0.5,0.3,0.0,No_Alert
Madhya Pradesh,Indore,Indore,22.85,75.55,2023-03-22,37.7,27.9,52.2,0.5,0.3,0.0,No_Alert
Madhya Pradesh,Indore,Indore,22.85,75.55,2023-03-24,36.4,26.0,48.1,0.0,0.3,0.0,No_Alert
Madhya Pradesh,Indore,Indore,22.85,75.55,2023-03-26,42.2,24.9,51.6,0.0,0.3,0.0,No_Alert
Madhya Pradesh,Indore,Indore,22.85,75.55,2023-03-28,41.4,28.4,50.0,0.0,0.3,0.0,No_Alert
Madhya Pradesh,Indore,Indore,22.85,75.55,2023-03-30,41.8,25.0,46.0,0.0,0.3,0.0,No_Alert
Madhya Pradesh,Indore,Indore,22.85,75.55,2023-04-01,39.3,27.4,39.8,0.0,0.3,0.0,No_Alert
Madhya Pradesh,Indore,Indore,22.85,75.55,2023-04-03,43.5,28.9,38.4,0.0,0.3,0.0,No_Alert
Madhya Pradesh,Indore,Indore,22.85,75.55,2023-04-05,41.9,28.3,52.0,0.0,0.3,0.0,No_Alert
Madhya Pradesh,Indore,Indore,22.85,75.55,2023-04-07,41.9,27.0,50.2,0.0,0.3,0.0,No_Alert
Madhya Pradesh,Indore,Indore,22.85,75.55,2023-04-09,43.7,30.9,51.3,0.0,0.3,0.0,No_Alert
Madhya Pradesh,Indore,Indore,22.85,75.55,2023-04-11,42.3,30.0,42.9,0.0,0.3,0.0,No_Alert
Madhya Pradesh,Indore,Indore,22.85,75.55,2023-04-13,41.4,29.7,49.3,0.0,0.3,0.0,No_Alert
Madhya Pradesh,Indore,Indore,22.85,75.55,2023-04-15,43.3,28.2,39.6,0.0,0.3,0.0,No_Alert
Madhya Pradesh,Indore,Indore,22.85,75.55,2023-04-17,42.2,29.5,41.9,0.5,0.3,0.0,No_Alert
Madhya Pradesh,Indore,Indore,22.85,75.55,2023-04-19,44.1,31.9,44.1,0.0,0.3,0.0,No_Alert
Madhya Pradesh,Indore,Indore,22.85,75.55,2023-04-21,46.1,32.5,49.9,0.0,0.3,0.0,No_Alert
Madhya Pradesh,Indore,Indore,22.85,75.55,2023-04-23,41.8,33.2,54.0,0.0,0.3,0.0,No_Alert
Madhya Pradesh,Indore,Indore,22.85,75.55,2023-04-25,42.9,30.8,42.1,0.0,0.3,0.0,No_Alert
Madhya Pradesh,Indore,Indore,22.85,75.55,2023-04-27,43.2,30.5,44.7,0.0,0.3,0.0,No_Alert
Madhya Pradesh,Indore,Indore,22.85,75.55,2023-04-29,47.0,30.2,51.5,0.1,0.3,0.0,No_Alert
Madhya Pradesh,Indore,Indore,22.85,75.55,2023-05-01,41.5,32.3,40.2,0.0,0.3,0.0,No_Alert
Madhya Pradesh,Indore,Indore,22.85,75.55,2023-05-03,46.7,32.6,49.9,0.0,0.3,0.0,No_Alert
Madhya Pradesh,Indore,Indore,22.85,75.55,2023-05-05,42.6,29.2,46.0,0.0,0.3,0.0,No_Alert
Madhya Pradesh,Indore,Indore,22.85,75.55,2023-05-07,44.2,29.2,46.3,0.0,0.3,0.0,No_Alert
Madhya Pradesh,Indore,Indore,22.85,75.55,2023-05-09,43.1,30.0,49.6,0.0,0.3,0.0,No_Alert
Madhya Pradesh,Indore,Indore,22.85,75.55,2023-05-11,42.1,31.9,54.1,0.0,0.3,0.0,No_Alert
Madhya Pradesh,Indore,Indore,22.85,75.55,2023-05-13,45.1,33.5,42.8,0.0,0.3,0.0,No_Alert
Madhya Pradesh,Indore,Indore,22.85,75.55,2023-05-15,43.5,31.0,50.2,0.0,0.3,0.0,No_Alert
Madhya Pradesh,Indore,Indore,22.85,75.55,2023-05-17,42.5,33.2,46.5,0.0,0.3,0.0,No_Alert
Madhya Pradesh,Indore,Indore,22.85,75.55,2023-05-19,44.5,30.3,52.2,0.0,0.3,0.0,No_Alert
Madhya Pradesh,Indore,Indore,22.85,75.55,2023-05-21,48.1,35.1,43.7,0.1,0.3,0.0,No_Alert
Madhya Pradesh,Indore,Indore,22.85,75.55,2023-05-23,44.9,30.5,52.6,0.2,0.3,0.0,No_Alert
Madhya Pradesh,Indore,Indore,22.85,75.55,2023-05-25,45.5,32.1,40.5,0.4,0.3,0.0,No_Alert
Madhya Pradesh,Indore,Indore,22.85,75.55,2023-05-27,44.8,31.4,51.5,0.0,0.3,0.0,No_Alert
Madhya Pradesh,Indore,Indore,22.85,75.55,2023-05-29,44.6,32.5,42.6,0.0,0.3,0.0,No_Alert
Madhya Pradesh,Indore,Indore,22.85,75.55,2023-05-31,43.4,32.8,52.6,0.0,0.3,0.0,No_Alert
Madhya Pradesh,Indore,Indore,22.85,75.55,2023-06-02,43.0,34.3,58.5,0.0,2.8,-100.0,No_Alert
Madhya Pradesh,Indore,Indore,22.85,75.55,2023-06-04,45.0,33.1,54.9,0.0,3.0,-100.0,No_Alert
Madhya Pradesh,Indore,Indore,22.85,75.55,2023-06-06,44.6,29.2,57.8,0.0,3.3,-100.0,No_Alert
Madhya Pradesh,Indore,Indore,22.85,75.55,2023-06-08,41.3,31.6,65.1,4.9,3.6,36.1,No_Alert
Madhya Pradesh,Indore,Indore,22.85,75.55,2023-06-10,40.4,31.6,59.3,0.0,3.9,-100.0,No_Alert
Madhya Pradesh,Indore,Indore,22.85,75.55,2023-06-12,45.1,29.3,57.2,0.0,4.2,-100.0,No_Alert
Madhya Pradesh,Indore,Indore,22.85,75.55,2023-06-14,43.6,30.7,66.8,0.2,4.5,-95.6,No_Alert
Madhya Pradesh,Indore,Indore,22.85,75.55,2023-06-16,44.3,31.5,64.1,0.0,4.8,-100.0,No_Alert
Madhya Pradesh,Indore,Indore,22.85,75.55,2023-06-18,45.2,32.4,73.3,0.0,5.0,-100.0,No_Alert
Madhya Pradesh,Indore,Indore,22.85,75.55,2023-06-20,44.4,27.8,63.2,0.0,5.3,-100.0,No_Alert
Madhya Pradesh,Indore,Indore,22.85,75.55,2023-06-22,40.7,29.1,72.3,8.0,5.6,42.9,No_Alert
Madhya Pradesh,Indore,Indore,22.85,75.55,2023-06-24,42.8,31.8,68.7,2.4,5.8,-58.6,No_Alert
Madhya Pradesh,Indore,Indore,22.85,75.55,2023-06-26,42.5,29.8,69.3,1.6,6.1,-73.8,No_Alert
Madhya Pradesh,Indore,Indore,22.85,75.55,2023-06-28,37.6,26.7,70.7,0.0,6.3,-100.0,No_Alert
Madhya Pradesh,Indore,Indore,22.85,75.55,2023-06-30,40.2,28.8,71.3,14.0,6.5,115.4,No_Alert
Madhya Pradesh,Indore,Indore,22.85,75.55,2023-07-02,41.9,29.8,77.3,0.0,6.7,-100.0,No_Alert
Madhya Pradesh,Indore,Indore,22.85,75.55,2023-07-04,42.9,25.6,71.8,8.2,6.9,18.8,No_Alert
Madhya Pradesh,Indore,Indore,22.85,75.55,2023-07-06,41.6,24.8,70.5,3.6,7.1,-49.3,No_Alert
Madhya Pradesh,Indore,Indore,22.85,75.55,2023-07-08,42.2,29.8,81.5,10.9,7.3,49.3,No_Alert
Madhya Pradesh,Indore,Indore,22.85,75.55,2023-07-10,39.0,28.0,79.2,2.0,7.5,-73.3,No_Alert
Madhya Pradesh,Indore,Indore,22.85,75.55,2023-07-12,38.9,25.7,79.1,0.0,7.6,-100.0,No_Alert
Madhya Pradesh,Indore,Indore,22.85,75.55,2023-07-14,38.8,25.4,84.5,15.0,7.7,94.8,No_Alert
Madhya Pradesh,Indore,Indore,22.85,75.55,2023-07-16,37.2,23.1,86.9,3.2,7.9,-59.5,No_Alert
Madhya Pradesh,Indore,Indore,22.85,75.55,2023-07-18,35.7,23.1,84.9,0.0,8.0,-100.0,No_Alert
Madhya Pradesh,Indore,Indore,22.85,75.55,2023-07-20,34.7,22.6,79.7,4.8,8.1,-40.7,No_Alert
Madhya Pradesh,Indore,Indore,22.85,75.55,2023-07-22,36.8,24.9,79.4,5.9,8.2,-28.0,No_Alert
Madhya Pradesh,Indore,Indore,22.85,75.55,2023-07-24,39.4,24.8,85.8,9.0,8.2,9.8,No_Alert
Madhya Pradesh,Indore,Indore,22.85,75.55,2023-07-26,34.3,22.8,89.6,0.0,8.3,-100.0,No_Alert
Madhya Pradesh,Indore,Indore,22.85,75.55,2023-07-28,33.0,20.8,78.9,3.9,8.3,-53.0,No_Alert
Madhya Pradesh,Indore,Indore,22.85,75.55,2023-07-30,35.5,25.1,85.0,0.0,8.3,-100.0,No_Alert
Madhya Pradesh,Indore,Indore,22.85,75.55,2023-08-01,34.7,22.1,79.3,6.7,8.3,-19.3,No_Alert
Madhya Pradesh,Indore,Indore,22.85,75.55,2023-08-03,34.2,21.0,82.8,0.0,8.3,-100.0,No_Alert
Madhya Pradesh,Indore,Indore,22.85,75.55,2023-08-05,33.9,20.7,76.9,1.1,8.3,-86.7,No_Alert
Madhya Pradesh,Indore,Indore,22.85,75.55,2023-08-07,31.3,19.5,80.3,2.1,8.2,-74.4,No_Alert
Madhya Pradesh,Indore,Indore,22.85,75.55,2023-08-09,32.1,17.4,77.5,2.5,8.2,-69.5,No_Alert
Madhya Pradesh,Indore,Indore,22.85,75.55,2023-08-11,31.7,19.6,78.2,15.3,8.1,88.9,No_Alert
Madhya Pradesh,Indore,Indore,22.85,75.55,2023-08-13,30.7,17.5,82.4,13.4,8.0,67.5,No_Alert
Madhya Pradesh,Indore,Indore,22.85,75.55,2023-08-15,28.5,16.8,73.9,5.1,7.9,-35.4,No_Alert
Madhya Pradesh,Indore,Indore,22.85,75.55,2023-08-17,31.0,16.0,76.1,0.0,7.8,-100.0,No_Alert
Madhya Pradesh,Indore,Indore,22.85,75.55,2023-08-19,33.3,16.1,74.4,10.0,7.7,29.9,No_Alert
Madhya Pradesh,Indore,Indore,22.85,75.55,2023-08-21,29.4,15.7,75.7,3.4,7.5,-54.7,No_Alert
Madhya Pradesh,Indore,Indore,22.85,75.55,2023-08-23,28.1,16.7,84.8,9.7,7.4,31.1,No_Alert
Madhya Pradesh,Indore,Indore,22.85,75.55,2023-08-25,29.4,18.8,79.8,11.2,7.2,55.6,No_Alert
Madhya Pradesh,Indore,Indore,22.85,75.55,2023-08-27,29.1,17.7,73.4,0.0,7.0,-100.0,No_Alert
Madhya Pradesh,Indore,Indore,22.85,75.55,2023-08-29,28.4,15.9,79.1,0.0,6.8,-100.0,No_Alert
Madhya Pradesh,Indore,Indore,22.85,75.55,2023-08-31,25.3,10.6,75.9,4.3,6.6,-34.8,No_Alert
Madhya Pradesh,Indore,Indore,22.85,75.55,2023-09-02,25.9,14.2,76.9,1.1,6.4,-82.8,No_Alert
Madhya Pradesh,Indore,Indore,22.85,75.55,2023-09-04,28.2,13.4,80.4,0.0,6.2,-100.0,No_Alert
Madhya Pradesh,Indore,Indore,22.85,75.55,2023-09-06,25.4,12.7,71.7,0.0,5.9,-100.0,No_Alert
Madhya Pradesh,Indore,Indore,22.85,75.55,2023-09-08,25.3,13.9,70.1,6.5,5.7,14.0,No_Alert
Madhya Pradesh,Indore,Indore,22.85,75.55,2023-09-10,24.1,12.6,72.6,0.0,5.4,-100.0,No_Alert
Madhya Pradesh,Indore,Indore,22.85,75.55,2023-09-12,22.0,8.9,62.4,8.7,5.2,67.3,No_Alert
Madhya Pradesh,Indore,Indore,22.85,75.55,2023-09-14,23.0,11.8,60.6,7.6,4.9,55.1,No_Alert
Madhya Pradesh,Indore,Indore,22.85,75.55,2023-09-16,24.1,10.1,64.8,0.0,4.6,-100.0,No_Alert
Madhya Pradesh,Indore,Indore,22.85,75.55,2023-09-18,25.9,13.0,72.7,0.0,4.4,-100.0,No_Alert
Madhya Pradesh,Indore,Indore,22.85,75.55,2023-09-20,20.8,9.7,67.3,8.7,4.1,112.2,No_Alert
Madhya Pradesh,Indore,Indore,22.85,75.55,2023-09-22,24.5,11.4,58.3,0.0,3.8,-100.0,No_Alert
Madhya Pradesh,Indore,Indore,22.85,75.55,2023-09-24,22.1,7.9,65.0,0.0,3.5,-100.0,No_Alert
Madhya Pradesh,Indore,Indore,22.85,75.55,2023-09-26,18.4,6.1,55.7,0.0,3.2,-100.0,No_Alert
Madhya Pradesh,Indore,Indore,22.85,75.55,2023-09-28,20.2,6.6,64.3,0.0,2.9,-100.0,No_Alert
Madhya Pradesh,Indore,Indore,22.85,75.55,2023-09-30,21.4,9.5,53.5,5.0,2.6,92.3,No_Alert
Madhya Pradesh,Indore,Indore,22.85,75.55,2023-10-02,20.3,6.4,40.1,0.0,0.3,0.0,No_Alert
Madhya Pradesh,Indore,Indore,22.85,75.55,2023-10-04,20.5,4.0,42.1,0.0,0.3,0.0,No_Alert
Madhya Pradesh,Indore,Indore,22.85,75.55,2023-10-06,16.9,3.1,53.7,0.0,0.3,0.0,No_Alert
Madhya Pradesh,Indore,Indore,22.85,75.55,2023-10-08,18.3,6.3,50.4,0.0,0.3,0.0,No_Alert
Madhya Pradesh,Indore,Indore,22.85,75.55,2023-10-10,20.1,8.5,45.2,0.0,0.3,0.0,No_Alert
Madhya Pradesh,Indore,Indore,22.85,75.55,2023-10-12,17.7,7.0,47.0,0.0,0.3,0.0,No_Alert
Madhya Pradesh,Indore,Indore,22.85,75.55,2023-10-14,20.2,5.9,42.7,0.0,0.3,0.0,No_Alert
Madhya Pradesh,Indore,Indore,22.85,75.55,2023-10-16,20.9,6.9,51.3,0.0,0.3,0.0,No_Alert
Madhya Pradesh,Indore,Indore,22.85,75.55,2023-10-18,18.5,4.8,38.4,0.0,0.3,0.0,No_Alert
Madhya Pradesh,Indore,Indore,22.85,75.55,2023-10-20,17.2,7.9,42.6,0.0,0.3,0.0,No_Alert
Madhya Pradesh,Indore,Indore,22.85,75.55,2023-10-22,16.6,4.9,51.0,0.0,0.3,0.0,No_Alert
Madhya Pradesh,Indore,Indore,22.85,75.55,2023-10-24,16.3,1.1,40.4,0.0,0.3,0.0,No_Alert
Madhya Pradesh,Indore,Indore,22.85,75.55,2023-10-26,17.0,5.0,39.4,0.0,0.3,0.0,No_Alert
Madhya Pradesh,Indore,Indore,22.85,75.55,2023-10-28,19.3,5.9,38.2,0.0,0.3,0.0,No_Alert
Madhya Pradesh,Indore,Indore,22.85,75.55,2023-10-30,17.6,3.4,39.3,0.0,0.3,0.0,No_Alert
Madhya Pradesh,Indore,Indore,22.85,75.55,2023-11-01,18.3,7.5,43.7,0.0,0.3,0.0,No_Alert
Madhya Pradesh,Indore,Indore,22.85,75.55,2023-11-03,17.5,2.1,45.8,0.4,0.3,0.0,No_Alert
Madhya Pradesh,Indore,Indore,22.85,75.55,2023-11-05,18.5,2.2,41.4,0.0,0.3,0.0,No_Alert
Madhya Pradesh,Indore,Indore,22.85,75.55,2023-11-07,15.0,0.7,46.3,0.0,0.3,0.0,No_Alert
Madhya Pradesh,Indore,Indore,22.85,75.55,2023-11-09,16.6,2.6,43.8,0.0,0.3,0.0,No_Alert
Madhya Pradesh,Indore,Indore,22.85,75.55,2023-11-11,15.2,5.5,51.1,0.0,0.3,0.0,No_Alert
Madhya Pradesh,Indore,Indore,22.85,75.55,2023-11-13,15.5,2.3,52.4,0.0,0.3,0.0,No_Alert
Madhya Pradesh,Indore,Indore,22.85,75.55,2023-11-15,17.7,4.9,49.3,0.0,0.3,0.0,No_Alert
Madhya Pradesh,Indore,Indore,22.85,75.55,2023-11-17,17.0,3.6,41.5,0.0,0.3,0.0,No_Alert
Madhya Pradesh,Indore,Indore,22.85,75.55,2023-11-19,16.4,2.5,52.1,0.0,0.3,0.0,No_Alert
Madhya Pradesh,Indore,Indore,22.85,75.55,2023-11-21,19.4,2.6,48.0,0.0,0.3,0.0,No_Alert
Madhya Pradesh,Indore,Indore,22.85,75.55,2023-11-23,15.3,4.6,44.1,0.0,0.3,0.0,No_Alert
Madhya Pradesh,Indore,Indore,22.85,75.55,2023-11-25,19.2,2.9,50.2,0.0,0.3,0.0,No_Alert
Madhya Pradesh,Indore,Indore,22.85,75.55,2023-11-27,16.3,2.2,52.4,0.0,0.3,0.0,No_Alert
Madhya Pradesh,Indore,Indore,22.85,75.55,2023-11-29,19.2,6.9,45.3,0.0,0.3,0.0,No_Alert
Madhya Pradesh,Indore,Indore,22.85,75.55,2023-12-01,19.6,2.7,45.8,0.0,0.3,0.0,No_Alert
Madhya Pradesh,Indore,Indore,22.85,75.55,2023-12-03,15.8,1.6,42.6,0.2,0.3,0.0,No_Alert
Madhya Pradesh,Indore,Indore,22.85,75.55,2023-12-05,17.0,6.6,39.2,0.4,0.3,0.0,No_Alert
Madhya Pradesh,Indore,Indore,22.85,75.55,2023-12-07,18.3,7.2,47.5,0.0,0.3,0.0,No_Alert
Madhya Pradesh,Indore,Indore,22.85,75.55,2023-12-09,19.6,6.2,45.2,0.0,0.3,0.0,No_Alert
Madhya Pradesh,Indore,Indore,22.85,75.55,2023-12-11,16.7,7.4,52.4,0.6,0.3,0.0,No_Alert
Madhya Pradesh,Indore,Indore,22.85,75.55,2023-12-13,19.2,7.3,47.1,0.0,0.3,0.0,No_Alert
Madhya Pradesh,Indore,Indore,22.85,75.55,2023-12-15,17.9,2.5,39.2,0.0,0.3,0.0,No_Alert
Madhya Pradesh,Indore,Indore,22.85,75.55,2023-12-17,16.5,4.1,51.7,0.0,0.3,0.0,No_Alert
Madhya Pradesh,Indore,Indore,22.85,75.55,2023-12-19,20.5,5.8,43.0,0.0,0.3,0.0,No_Alert
Madhya Pradesh,Indore,Indore,22.85,75.55,2023-12-21,17.2,5.7,50.0,0.0,0.3,0.0,No_Alert
Madhya Pradesh,Indore,Indore,22.85,75.55,2023-12-23,19.9,5.8,52.2,0.0,0.3,0.0,No_Alert
Madhya Pradesh,Indore,Indore,22.85,75.55,2023-12-25,20.4,6.0,42.8,0.0,0.3,0.0,No_Alert
Madhya Pradesh,Indore,Indore,22.85,75.55,2023-12-27,19.7,4.6,39.7,0.0,0.3,0.0,No_Alert
Madhya Pradesh,Indore,Indore,22.85,75.55,2023-12-29,19.1,6.1,38.8,0.0,0.3,0.0,No_Alert
Madhya Pradesh,Indore,Indore,22.85,75.55,2023-12-31,21.5,6.2,46.5,0.0,0.3,0.0,No_Alert
Madhya Pradesh,Bhopal,Bhopal,23.63,77.44,2023-01-01,21.4,6.9,51.4,0.0,0.3,0.0,No_Alert
Madhya Pradesh,Bhopal,Bhopal,23.63,77.44,2023-01-03,20.5,8.3,48.5,0.1,0.3,0.0,No_Alert
Madhya Pradesh,Bhopal,Bhopal,23.63,77.44,2023-01-05,21.0,8.4,45.7,0.0,0.3,0.0,No_Alert
Madhya Pradesh,Bhopal,Bhopal,23.63,77.44,2023-01-07,22.9,7.9,49.7,0.0,0.3,0.0,No_Alert
Madhya Pradesh,Bhopal,Bhopal,23.63,77.44,2023-01-09,21.9,10.1,45.2,0.0,0.3,0.0,No_Alert
Madhya Pradesh,Bhopal,Bhopal,23.63,77.44,2023-01-11,23.8,8.9,53.4,0.0,0.3,0.0,No_Alert
Madhya Pradesh,Bhopal,Bhopal,23.63,77.44,2023-01-13,24.3,8.1,45.4,0.0,0.3,0.0,No_Alert
Madhya Pradesh,Bhopal,Bhopal,23.63,77.44,2023-01-15,23.0,10.6,45.9,0.0,0.3,0.0,No_Alert
Madhya Pradesh,Bhopal,Bhopal,23.63,77.44,2023-01-17,20.5,8.0,44.5,0.0,0.3,0.0,No_Alert
Madhya Pradesh,Bhopal,Bhopal,23.63,77.44,2023-01-19,23.3,10.3,49.7,0.0,0.3,0.0,No_Alert
Madhya Pradesh,Bhopal,Bhopal,23.63,77.44,2023-01-21,26.0,9.6,40.0,0.0,0.3,0.0,No_Alert
Madhya Pradesh,Bhopal,Bhopal,23.63,77.44,2023-01-23,26.8,12.3,50.8,0.0,0.3,0.0,No_Alert
Madhya Pradesh,Bhopal,Bhopal,23.63,77.44,2023-01-25,26.9,10.3,40.1,0.0,0.3,0.0,No_Alert
Madhya Pradesh,Bhopal,Bhopal,23.63,77.44,2023-01-27,24.5,11.0,45.4,0.0,0.3,0.0,No_Alert
Madhya Pradesh,Bhopal,Bhopal,23.63,77.44,2023-01-29,24.8,11.6,51.0,0.0,0.3,0.0,No_Alert
Madhya Pradesh,Bhopal,Bhopal,23.63,77.44,2023-01-31,26.5,12.6,40.8,0.0,0.3,0.0,No_Alert
Madhya Pradesh,Bhopal,Bhopal,23.63,77.44,2023-02-02,30.0,13.7,42.0,0.0,0.3,0.0,No_Alert
Madhya Pradesh,Bhopal,Bhopal,23.63,77.44,2023-02-04,26.6,16.9,49.6,0.0,0.3,0.0,No_Alert
Madhya Pradesh,Bhopal,Bhopal,23.63,77.44,2023-02-06,28.1,14.1,48.5,0.0,0.3,0.0,No_Alert
Madhya Pradesh,Bhopal,Bhopal,23.63,77.44,2023-02-08,29.0,13.0,41.6,0.6,0.3,0.0,No_Alert
Madhya Pradesh,Bhopal,Bhopal,23.63,77.44,2023-02-10,27.6,17.7,47.5,0.0,0.3,0.0,No_Alert
Madhya Pradesh,Bhopal,Bhopal,23.63,77.44,2023-02-12,28.4,15.4,49.8,0.0,0.3,0.0,No_Alert
Madhya Pradesh,Bhopal,Bhopal,23.63,77.44,2023-02-14,30.9,18.9,50.1,0.0,0.3,0.0,No_Alert
Madhya Pradesh,Bhopal,Bhopal,23.63,77.44,2023-02-16,31.0,18.2,54.2,0.0,0.3,0.0,No_Alert
Madhya Pradesh,Bhopal,Bhopal,23.63,77.44,2023-02-18,31.7,19.4,50.1,0.0,0.3,0.0,No_Alert
Madhya Pradesh,Bhopal,Bhopal,23.63,77.44,2023-02-20,30.9,18.0,47.5,0.0,0.3,0.0,No_Alert
Madhya Pradesh,Bhopal,Bhopal,23.63,77.44,2023-02-22,33.0,19.5,45.9,0.1,0.3,0.0,No_Alert
Madhya Pradesh,Bhopal,Bhopal,23.63,77.44,2023-02-24,33.1,23.2,47.4,0.6,0.3,0.0,No_Alert
Madhya Pradesh,Bhopal,Bhopal,23.63,77.44,2023-02-26,34.0,21.6,44.0,0.3,0.3,0.0,No_Alert
Madhya Pradesh,Bhopal,Bhopal,23.63,77.44,2023-02-28,31.7,22.6,42.6,0.0,0.3,0.0,No_Alert
Madhya Pradesh,Bhopal,Bhopal,23.63,77.44,2023-03-02,31.5,21.5,53.7,0.0,0.3,0.0,No_Alert
Madhya Pradesh,Bhopal,Bhopal,23.63,77.44,2023-03-04,35.8,23.1,53.2,0.0,0.3,0.0,No_Alert
Madhya Pradesh,Bhopal,Bhopal,23.63,77.44,2023-03-06,33.6,23.3,53.6,0.0,0.3,0.0,No_Alert
Madhya Pradesh,Bhopal,Bhopal,23.63,77.44,2023-03-08,34.4,24.6,40.9,0.1,0.3,0.0,No_Alert
Madhya Pradesh,Bhopal,Bhopal,23.63,77.44,2023-03-10,35.0,22.5,53.4,0.0,0.3,0.0,No_Alert
Madhya Pradesh,Bhopal,Bhopal,23.63,77.44,2023-03-12,38.9,26.9,44.5,0.0,0.3,0.0,No_Alert
Madhya Pradesh,Bhopal,Bhopal,23.63,77.44,2023-03-14,36.9,24.0,51.7,0.0,0.3,0.0,No_Alert
Madhya Pradesh,Bhopal,Bhopal,23.63,77.44,2023-03-16,34.7,21.0,41.4,0.0,0.3,0.0,No_Alert
Madhya Pradesh,Bhopal,Bhopal,23.63,77.44,2023-03-18,36.0,26.6,45.7,0.2,0.3,0.0,No_Alert
Madhya Pradesh,Bhopal,Bhopal,23.63,77.44,2023-03-20,35.6,25.4,47.0,0.0,0.3,0.0,No_Alert
Madhya Pradesh,Bhopal,Bhopal,23.63,77.44,2023-03-22,42.1,25.6,46.4,0.4,0.3,0.0,No_Alert
Madhya Pradesh,Bhopal,Bhopal,23.63,77.44,2023-03-24,41.7,25.6,47.9,0.0,0.3,0.0,No_Alert
Madhya Pradesh,Bhopal,Bhopal,23.63,77.44,2023-03-26,43.4,25.7,50.5,0.0,0.3,0.0,No_Alert
Madhya Pradesh,Bhopal,Bhopal,23.63,77.44,2023-03-28,39.0,27.4,45.7,0.0,0.3,0.0,No_Alert
Madhya Pradesh,Bhopal,Bhopal,23.63,77.44,2023-03-30,41.8,26.8,42.5,0.0,0.3,0.0,No_Alert
Madhya Pradesh,Bhopal,Bhopal,23.63,77.44,2023-04-01,39.2,27.4,41.7,0.0,0.3,0.0,No_Alert
Madhya Pradesh,Bhopal,Bhopal,23.63,77.44,2023-04-03,42.6,26.8,48.5,0.0,0.3,0.0,No_Alert
Madhya Pradesh,Bhopal,Bhopal,23.63,77.44,2023-04-05,38.5,25.9,47.2,0.0,0.3,0.0,No_Alert
Madhya Pradesh,Bhopal,Bhopal,23.63,77.44,2023-04-07,41.8,30.0,52.4,0.0,0.3,0.0,No_Alert
Madhya Pradesh,Bhopal,Bhopal,23.63,77.44,2023-04-09,41.2,27.8,42.9,0.1,0.3,0.0,No_Alert
Madhya Pradesh,Bhopal,Bhopal,23.63,77.44,2023-04-11,43.9,30.2,44.7,0.0,0.3,0.0,No_Alert
Madhya Pradesh,Bhopal,Bhopal,23.63,77.44,2023-04-13,43.9,27.9,38.5,0.0,0.3,0.0,No_Alert
Madhya Pradesh,Bhopal,Bhopal,23.63,77.44,2023-04-15,42.8,30.8,42.0,0.0,0.3,0.0,No_Alert
Madhya Pradesh,Bhopal,Bhopal,23.63,77.44,2023-04-17,42.1,28.7,40.8,0.0,0.3,0.0,No_Alert
Madhya Pradesh,Bhopal,Bhopal,23.63,77.44,2023-04-19,42.4,31.0,48.7,0.0,0.3,0.0,No_Alert
Madhya Pradesh,Bhopal,Bhopal,23.63,77.44,2023-04-21,47.6,34.4,54.1,0.0,0.3,0.0,No_Alert
Madhya Pradesh,Bhopal,Bhopal,23.63,77.44,2023-04-23,41.8,28.3,47.6,0.0,0.3,0.0,No_Alert
Madhya Pradesh,Bhopal,Bhopal,23.63,77.44,2023-04-25,44.9,30.9,43.4,0.0,0.3,0.0,No_Alert
Madhya Pradesh,Bhopal,Bhopal,23.63,77.44,2023-04-27,41.5,32.5,53.9,0.0,0.3,0.0,No_Alert
Madhya Pradesh,Bhopal,Bhopal,23.63,77.44,2023-04-29,41.6,31.4,47.9,0.0,0.3,0.0,No_Alert
Madhya Pradesh,Bhopal,Bhopal,23.63,77.44,2023-05-01,45.2,28.8,50.1,0.0,0.3,0.0,No_Alert
Madhya Pradesh,Bhopal,Bhopal,23.63,77.44,2023-05-03,44.1,32.0,51.4,0.0,0.3,0.0,No_Alert
Madhya Pradesh,Bhopal,Bhopal,23.63,77.44,2023-05-05,45.9,33.6,52.7,0.0,0.3,0.0,No_Alert
Madhya Pradesh,Bhopal,Bhopal,23.63,77.44,2023-05-07,45.3,30.1,46.7,0.0,0.3,0.0,No_Alert
Madhya Pradesh,Bhopal,Bhopal,23.63,77.44,2023-05-09,42.9,29.4,53.3,0.0,0.3,0.0,No_Alert
Madhya Pradesh,Bhopal,Bhopal,23.63,77.44,2023-05-11,46.1,30.3,50.0,0.0,0.3,0.0,No_Alert
Madhya Pradesh,Bhopal,Bhopal,23.63,77.44,2023-05-13,48.4,33.8,41.6,0.0,0.3,0.0,No_Alert
Madhya Pradesh,Bhopal,Bhopal,23.63,77.44,2023-05-15,42.6,32.4,52.6,0.0,0.3,0.0,No_Alert
Madhya Pradesh,Bhopal,Bhopal,23.63,77.44,2023-05-17,46.7,32.4,47.1,0.0,0.3,0.0,No_Alert
Madhya Pradesh,Bhopal,Bhopal,23.63,77.44,2023-05-19,46.3,32.6,53.8,0.0,0.3,0.0,No_Alert
Madhya Pradesh,Bhopal,Bhopal,23.63,77.44,2023-05-21,47.6,31.9,38.7,0.0,0.3,0.0,No_Alert
Madhya Pradesh,Bhopal,Bhopal,23.63,77.44,2023-05-23,44.4,31.3,38.3,0.0,0.3,0.0,No_Alert
Madhya Pradesh,Bhopal,Bhopal,23.63,77.44,2023-05-25,45.4,31.1,39.9,0.0,0.3,0.0,No_Alert
Madhya Pradesh,Bhopal,Bhopal,23.63,77.44,2023-05-27,42.8,33.5,50.6,0.0,0.3,0.0,No_Alert
Madhya Pradesh,Bhopal,Bhopal,23.63,77.44,2023-05-29,45.0,30.2,42.4,0.0,0.3,0.0,No_Alert
Madhya Pradesh,Bhopal,Bhopal,23.63,77.44,2023-05-31,44.4,29.0,41.6,0.6,0.3,0.0,No_Alert
Madhya Pradesh,Bhopal,Bhopal,23.63,77.44,2023-06-02,43.8,30.8,56.7,0.0,3.3,-100.0,No_Alert
Madhya Pradesh,Bhopal,Bhopal,23.63,77.44,2023-06-04,43.6,29.8,56.7,0.0,3.7,-100.0,No_Alert
Madhya Pradesh,Bhopal,Bhopal,23.63,77.44,2023-06-06,47.8,30.1,66.8,0.0,4.0,-100.0,No_Alert
Madhya Pradesh,Bhopal,Bhopal,23.63,77.44,2023-06-08,45.7,29.2,65.9,0.0,4.4,-100.0,No_Alert
Madhya Pradesh,Bhopal,Bhopal,23.63,77.44,2023-06-10,43.1,27.9,65.0,1.1,4.8,-77.1,No_Alert
Madhya Pradesh,Bhopal,Bhopal,23.63,77.44,2023-06-12,43.1,31.7,68.4,9.0,5.1,76.5,No_Alert
Madhya Pradesh,Bhopal,Bhopal,23.63,77.44,2023-06-14,46.4,31.7,68.4,0.0,5.4,-100.0,No_Alert
Madhya Pradesh,Bhopal,Bhopal,23.63,77.44,2023-06-16,45.2,29.9,73.2,4.0,5.8,-31.0,No_Alert
Madhya Pradesh,Bhopal,Bhopal,23.63,77.44,2023-06-18,44.7,29.5,61.1,0.0,6.1,-100.0,No_Alert
Madhya Pradesh,Bhopal,Bhopal,23.63,77.44,2023-06-20,42.1,30.3,66.3,7.3,6.4,14.1,No_Alert
Madhya Pradesh,Bhopal,Bhopal,23.63,77.44,2023-06-22,42.2,28.9,67.5,0.0,6.7,-100.0,No_Alert
Madhya Pradesh,Bhopal,Bhopal,23.63,77.44,2023-06-24,41.8,32.3,64.0,0.0,7.0,-100.0,No_Alert
Madhya Pradesh,Bhopal,Bhopal,23.63,77.44,2023-06-26,41.3,27.0,68.6,0.0,7.3,-100.0,No_Alert
Madhya Pradesh,Bhopal,Bhopal,23.63,77.44,2023-06-28,43.8,31.5,78.7,0.0,7.6,-100.0,No_Alert
Madhya Pradesh,Bhopal,Bhopal,23.63,77.44,2023-06-30,41.9,25.8,76.8,14.3,7.9,81.0,No_Alert
Madhya Pradesh,Bhopal,Bhopal,23.63,77.44,2023-07-02,41.3,27.4,83.1,16.4,8.1,102.5,No_Alert
Madhya Pradesh,Bhopal,Bhopal,23.63,77.44,2023-07-04,38.1,25.3,80.8,15.5,8.4,84.5,No_Alert
Madhya Pradesh,Bhopal,Bhopal,23.63,77.44,2023-07-06,41.7,28.3,82.7,7.6,8.6,-11.6,No_Alert
Madhya Pradesh,Bhopal,Bhopal,23.63,77.44,2023-07-08,41.6,27.1,82.3,16.3,8.8,85.2,No_Alert
Madhya Pradesh,Bhopal,Bhopal,23.63,77.44,2023-07-10,37.7,26.3,83.1,0.0,9.0,-100.0,No_Alert
Madhya Pradesh,Bhopal,Bhopal,23.63,77.44,2023-07-12,36.5,25.9,87.2,9.6,9.2,4.3,No_Alert
Madhya Pradesh,Bhopal,Bhopal,23.63,77.44,2023-07-14,37.5,25.6,81.9,0.0,9.4,-100.0,No_Alert
Madhya Pradesh,Bhopal,Bhopal,23.63,77.44,2023-07-16,36.6,24.3,81.1,8.7,9.5,-8.4,No_Alert
Madhya Pradesh,Bhopal,Bhopal,23.63,77.44,2023-07-18,37.0,24.9,88.5,0.0,9.7,-100.0,No_Alert
Madhya Pradesh,Bhopal,Bhopal,23.63,77.44,2023-07-20,36.7,22.0,81.6,8.3,9.8,-15.3,No_Alert
Madhya Pradesh,Bhopal,Bhopal,23.63,77.44,2023-07-22,35.4,21.8,74.9,0.0,9.9,-100.0,No_Alert
Madhya Pradesh,Bhopal,Bhopal,23.63,77.44,2023-07-24,36.5,21.8,82.9,4.8,10.0,-52.0,No_Alert
Madhya Pradesh,Bhopal,Bhopal,23.63,77.44,2023-07-26,33.1,20.1,86.8,3.5,10.0,-65.0,No_Alert
Madhya Pradesh,Bhopal,Bhopal,23.63,77.44,2023-07-28,36.0,22.3,77.3,0.0,10.1,-100.0,No_Alert
Madhya Pradesh,Bhopal,Bhopal,23.63,77.44,2023-07-30,37.5,23.7,76.8,0.0,10.1,-100.0,No_Alert
Madhya Pradesh,Bhopal,Bhopal,23.63,77.44,2023-08-01,34.0,20.8,91.0,0.0,10.1,-100.0,No_Alert
Madhya Pradesh,Bhopal,Bhopal,23.63,77.44,2023-08-03,33.5,19.5,81.5,19.2,10.1,90.1,No_Alert
Madhya Pradesh,Bhopal,Bhopal,23.63,77.44,2023-08-05,34.3,22.0,80.3,0.0,10.0,-100.0,No_Alert
Madhya Pradesh,Bhopal,Bhopal,23.63,77.44,2023-08-07,34.5,22.8,75.8,0.0,10.0,-100.0,No_Alert
Madhya Pradesh,Bhopal,Bhopal,23.63,77.44,2023-08-09,29.5,18.8,83.8,0.0,9.9,-100.0,No_Alert
Madhya Pradesh,Bhopal,Bhopal,23.63,77.44,2023-08-11,34.3,20.6,87.9,7.1,9.8,-27.6,No_Alert
Madhya Pradesh,Bhopal,Bhopal,23.63,77.44,2023-08-13,33.9,17.9,83.3,10.4,9.7,7.2,No_Alert
Madhya Pradesh,Bhopal,Bhopal,23.63,77.44,2023-08-15,34.2,16.3,88.3,0.0,9.6,-100.0,No_Alert
Madhya Pradesh,Bhopal,Bhopal,23.63,77.44,2023-08-17,30.0,16.2,78.5,0.0,9.5,-100.0,No_Alert
Madhya Pradesh,Bhopal,Bhopal,23.63,77.44,2023-08-19,30.2,20.0,86.8,0.0,9.3,-100.0,No_Alert
Madhya Pradesh,Bhopal,Bhopal,23.63,77.44,2023-08-21,30.9,16.8,72.9,0.0,9.1,-100.0,No_Alert
Madhya Pradesh,Bhopal,Bhopal,23.63,77.44,2023-08-23,25.7,14.2,75.0,14.0,8.9,57.3,No_Alert
Madhya Pradesh,Bhopal,Bhopal,23.63,77.44,2023-08-25,25.2,16.2,82.6,13.9,8.7,59.8,No_Alert
Madhya Pradesh,Bhopal,Bhopal,23.63,77.44,2023-08-27,25.7,14.0,77.3,16.7,8.5,96.5,No_Alert
Madhya Pradesh,Bhopal,Bhopal,23.63,77.44,2023-08-29,25.8,15.5,79.8,0.0,8.3,-100.0,No_Alert
Madhya Pradesh,Bhopal,Bhopal,23.63,77.44,2023-08-31,24.6,13.7,81.4,0.0,8.0,-100.0,No_Alert
Madhya Pradesh,Bhopal,Bhopal,23.63,77.44,2023-09-02,27.0,12.5,70.9,0.0,7.8,-100.0,No_Alert
Madhya Pradesh,Bhopal,Bhopal,23.63,77.44,2023-09-04,24.7,11.1,79.3,0.5,7.5,-93.3,No_Alert
Madhya Pradesh,Bhopal,Bhopal,23.63,77.44,2023-09-06,26.9,15.7,69.7,0.0,7.2,-100.0,No_Alert
Madhya Pradesh,Bhopal,Bhopal,23.63,77.44,2023-09-08,26.9,14.5,72.7,12.4,6.9,79.7,No_Alert
Madhya Pradesh,Bhopal,Bhopal,23.63,77.44,2023-09-10,22.8,10.0,73.4,8.1,6.6,22.7,No_Alert
Madhya Pradesh,Bhopal,Bhopal,23.63,77.44,2023-09-12,26.5,11.5,62.5,0.0,6.3,-100.0,No_Alert
Madhya Pradesh,Bhopal,Bhopal,23.63,77.44,2023-09-14,23.5,8.5,71.0,0.0,5.9,-100.0,No_Alert
Madhya Pradesh,Bhopal,Bhopal,23.63,77.44,2023-09-16,22.3,11.0,68.3,0.0,5.6,-100.0,No_Alert
Madhya Pradesh,Bhopal,Bhopal,23.63,77.44,2023-09-18,23.8,9.8,57.8,0.0,5.3,-100.0,No_Alert
Madhya Pradesh,Bhopal,Bhopal,23.63,77.44,2023-09-20,23.9,9.6,58.9,7.6,4.9,55.1,No_Alert
Madhya Pradesh,Bhopal,Bhopal,23.63,77.44,2023-09-22,23.0,11.8,64.8,0.0,4.6,-100.0,No_Alert
Madhya Pradesh,Bhopal,Bhopal,23.63,77.44,2023-09-24,22.2,8.4,60.4,0.0,4.2,-100.0,No_Alert
Madhya Pradesh,Bhopal,Bhopal,23.63,77.44,2023-09-26,23.9,10.7,65.8,1.1,3.9,-71.8,No_Alert
Madhya Pradesh,Bhopal,Bhopal,23.63,77.44,2023-09-28,22.6,8.8,55.7,0.0,3.5,-100.0,No_Alert
Madhya Pradesh,Bhopal,Bhopal,23.63,77.44,2023-09-30,21.2,4.5,63.8,3.5,3.2,9.4,No_Alert
Madhya Pradesh,Bhopal,Bhopal,23.63,77.44,2023-10-02,18.1,6.2,50.7,0.0,0.3,0.0,No_Alert
Madhya Pradesh,Bhopal,Bhopal,23.63,77.44,2023-10-04,17.2,8.5,49.9,0.0,0.3,0.0,No_Alert
Madhya Pradesh,Bhopal,Bhopal,23.63,77.44,2023-10-06,16.4,3.7,53.5,0.2,0.3,0.0,No_Alert
Madhya Pradesh,Bhopal,Bhopal,23.63,77.44,2023-10-08,18.7,5.1,48.7,0.0,0.3,0.0,No_Alert
Madhya Pradesh,Bhopal,Bhopal,23.63,77.44,2023-10-10,21.0,8.8,41.9,0.0,0.3,0.0,No_Alert
Madhya Pradesh,Bhopal,Bhopal,23.63,77.44,2023-10-12,15.3,5.4,49.4,0.0,0.3,0.0,No_Alert
Madhya Pradesh,Bhopal,Bhopal,23.63,77.44,2023-10-14,18.1,4.3,46.9,0.4,0.3,0.0,No_Alert
Madhya Pradesh,Bhopal,Bhopal,23.63,77.44,2023-10-16,15.0,3.8,42.9,0.0,0.3,0.0,No_Alert
Madhya Pradesh,Bhopal,Bhopal,23.63,77.44,2023-10-18,17.8,5.7,52.3,0.0,0.3,0.0,No_Alert
Madhya Pradesh,Bhopal,Bhopal,23.63,77.44,2023-10-20,15.5,7.2,38.9,0.0,0.3,0.0,No_Alert
Madhya Pradesh,Bhopal,Bhopal,23.63,77.44,2023-10-22,15.0,6.2,52.8,0.0,0.3,0.0,No_Alert
Madhya Pradesh,Bhopal,Bhopal,23.63,77.44,2023-10-24,16.0,3.9,42.8,0.0,0.3,0.0,No_Alert
Madhya Pradesh,Bhopal,Bhopal,23.63,77.44,2023-10-26,14.6,4.0,39.4,0.0,0.3,0.0,No_Alert
Madhya Pradesh,Bhopal,Bhopal,23.63,77.44,2023-10-28,15.4,6.0,39.8,0.0,0.3,0.0,No_Alert
Madhya Pradesh,Bhopal,Bhopal,23.63,77.44,2023-10-30,15.3,2.1,46.9,0.0,0.3,0.0,No_Alert
Madhya Pradesh,Bhopal,Bhopal,23.63,77.44,2023-11-01,14.0,4.9,52.2,0.0,0.3,0.0,No_Alert
Madhya Pradesh,Bhopal,Bhopal,23.63,77.44,2023-11-03,12.7,2.5,44.7,0.0,0.3,0.0,No_Alert
Madhya Pradesh,Bhopal,Bhopal,23.63,77.44,2023-11-05,18.4,1.7,48.0,0.0,0.3,0.0,No_Alert
Madhya Pradesh,Bhopal,Bhopal,23.63,77.44,2023-11-07,13.9,0.8,42.0,0.0,0.3,0.0,No_Alert
Madhya Pradesh,Bhopal,Bhopal,23.63,77.44,2023-11-09,15.0,3.2,47.5,0.0,0.3,0.0,No_Alert
Madhya Pradesh,Bhopal,Bhopal,23.63,77.44,2023-11-11,13.6,0.7,49.2,0.0,0.3,0.0,No_Alert
Madhya Pradesh,Bhopal,Bhopal,23.63,77.44,2023-11-13,16.6,0.4,51.1,0.0,0.3,0.0,No_Alert
Madhya Pradesh,Bhopal,Bhopal,23.63,77.44,2023-11-15,16.2,0.2,39.4,0.0,0.3,0.0,No_Alert
Madhya Pradesh,Bhopal,Bhopal,23.63,77.44,2023-11-17,15.8,3.4,53.9,0.0,0.3,0.0,No_Alert
Madhya Pradesh,Bhopal,Bhopal,23.63,77.44,2023-11-19,14.1,1.9,48.9,0.4,0.3,0.0,No_Alert
Madhya Pradesh,Bhopal,Bhopal,23.63,77.44,2023-11-21,11.8,0.5,48.1,0.0,0.3,0.0,No_Alert
Madhya Pradesh,Bhopal,Bhopal,23.63,77.44,2023-11-23,14.3,5.7,41.8,0.0,0.3,0.0,No_Alert
Madhya Pradesh,Bhopal,Bhopal,23.63,77.44,2023-11-25,14.3,1.8,51.0,0.0,0.3,0.0,No_Alert
Madhya Pradesh,Bhopal,Bhopal,23.63,77.44,2023-11-27,14.3,2.6,53.4,0.0,0.3,0.0,No_Alert
Madhya Pradesh,Bhopal,Bhopal,23.63,77.44,2023-11-29,18.0,2.1,43.8,0.0,0.3,0.0,No_Alert
Madhya Pradesh,Bhopal,Bhopal,23.63,77.44,2023-12-01,18.1,6.1,47.9,0.0,0.3,0.0,No_Alert
Madhya Pradesh,Bhopal,Bhopal,23.63,77.44,2023-12-03,15.8,4.3,44.0,0.7,0.3,0.0,No_Alert
Madhya Pradesh,Bhopal,Bhopal,23.63,77.44,2023-12-05,16.9,2.8,47.0,0.0,0.3,0.0,No_Alert
Madhya Pradesh,Bhopal,Bhopal,23.63,77.44,2023-12-07,17.4,2.5,43.4,0.0,0.3,0.0,No_Alert
Madhya Pradesh,Bhopal,Bhopal,23.63,77.44,2023-12-09,19.2,6.1,45.1,0.0,0.3,0.0,No_Alert
Madhya Pradesh,Bhopal,Bhopal,23.63,77.44,2023-12-11,18.1,5.0,44.7,0.3,0.3,0.0,No_Alert
Madhya Pradesh,Bhopal,Bhopal,23.63,77.44,2023-12-13,17.1,5.7,47.2,0.0,0.3,0.0,No_Alert
Madhya Pradesh,Bhopal,Bhopal,23.63,77.44,2023-12-15,15.3,3.1,49.8,0.4,0.3,0.0,No_Alert
Madhya Pradesh,Bhopal,Bhopal,23.63,77.44,2023-12-17,19.0,5.5,45.5,0.0,0.3,0.0,No_Alert
Madhya Pradesh,Bhopal,Bhopal,23.63,77.44,2023-12-19,21.2,4.3,46.2,0.4,0.3,0.0,No_Alert
Madhya Pradesh,Bhopal,Bhopal,23.63,77.44,2023-12-21,20.3,6.7,44.2,0.0,0.3,0.0,No_Alert
Madhya Pradesh,Bhopal,Bhopal,23.63,77.44,2023-12-23,20.5,5.8,49.6,0.0,0.3,0.0,No_Alert
Madhya Pradesh,Bhopal,Bhopal,23.63,77.44,2023-12-25,21.4,8.1,53.8,0.5,0.3,0.0,No_Alert
Madhya Pradesh,Bhopal,Bhopal,23.63,77.44,2023-12-27,16.8,4.0,52.8,0.0,0.3,0.0,No_Alert
Madhya Pradesh,Bhopal,Bhopal,23.63,77.44,2023-12-29,18.3,7.6,39.2,0.0,0.3,0.0,No_Alert
Madhya Pradesh,Bhopal,Bhopal,23.63,77.44,2023-12-31,19.7,10.1,43.7,0.0,0.3,0.0,No_Alert
Maharashtra,Nashik,Nashik,20.08,74.11,2023-01-01,23.1,9.7,49.0,0.0,0.2,0.0,No_Alert
Maharashtra,Nashik,Nashik,20.08,74.11,2023-01-03,23.8,11.9,50.9,0.0,0.2,0.0,No_Alert
Maharashtra,Nashik,Nashik,20.08,74.11,2023-01-05,24.9,8.0,54.2,0.0,0.2,0.0,No_Alert
Maharashtra,Nashik,Nashik,20.08,74.11,2023-01-07,24.6,12.8,48.0,0.0,0.2,0.0,No_Alert
Maharashtra,Nashik,Nashik,20.08,74.11,2023-01-09,26.6,11.7,42.0,0.0,0.2,0.0,No_Alert
Maharashtra,Nashik,Nashik,20.08,74.11,2023-01-11,26.2,13.4,45.3,0.0,0.2,0.0,No_Alert
Maharashtra,Nashik,Nashik,20.08,74.11,2023-01-13,26.4,10.7,50.8,0.0,0.2,0.0,No_Alert
Maharashtra,Nashik,Nashik,20.08,74.11,2023-01-15,27.0,11.2,44.3,0.0,0.2,0.0,No_Alert
Maharashtra,Nashik,Nashik,20.08,74.11,2023-01-17,25.4,13.8,41.3,0.0,0.2,0.0,No_Alert
Maharashtra,Nashik,Nashik,20.08,74.11,2023-01-19,28.0,12.0,40.4,0.0,0.2,0.0,No_Alert
Maharashtra,Nashik,Nashik,20.08,74.11,2023-01-21,27.7,11.2,47.1,0.0,0.2,0.0,No_Alert
Maharashtra,Nashik,Nashik,20.08,74.11,2023-01-23,29.1,15.5,41.7,0.0,0.2,0.0,No_Alert
Maharashtra,Nashik,Nashik,20.08,74.11,2023-01-25,29.4,13.9,43.5,0.0,0.2,0.0,No_Alert
Maharashtra,Nashik,Nashik,20.08,74.11,2023-01-27,26.4,13.7,41.6,0.0,0.2,0.0,No_Alert
Maharashtra,Nashik,Nashik,20.08,74.11,2023-01-29,28.7,16.7,52.2,0.2,0.2,0.0,No_Alert
Maharashtra,Nashik,Nashik,20.08,74.11,2023-01-31,26.2,15.0,40.3,0.0,0.2,0.0,No_Alert
Maharashtra,Nashik,Nashik,20.08,74.11,2023-02-02,29.9,14.3,39.2,0.0,0.2,0.0,No_Alert
Maharashtra,Nashik,Nashik,20.08,74.11,2023-02-04,27.1,16.6,49.0,0.0,0.2,0.0,No_Alert
Maharashtra,Nashik,Nashik,20.08,74.11,2023-02-06,31.0,18.6,40.4,0.0,0.2,0.0,No_Alert
Maharashtra,Nashik,Nashik,20.08,74.11,2023-02-08,29.3,17.3,42.4,0.0,0.2,0.0,No_Alert
Maharashtra,Nashik,Nashik,20.08,74.11,2023-02-10,34.1,16.7,47.9,0.0,0.2,0.0,No_Alert
Maharashtra,Nashik,Nashik,20.08,74.11,2023-02-12,28.0,19.5,40.9,0.0,0.2,0.0,No_Alert
Maharashtra,Nashik,Nashik,20.08,74.11,2023-02-14,30.9,18.5,50.0,0.0,0.2,0.0,No_Alert
Maharashtra,Nashik,Nashik,20.08,74.11,2023-02-16,29.5,19.5,47.4,0.0,0.2,0.0,No_Alert
Maharashtra,Nashik,Nashik,20.08,74.11,2023-02-18,33.1,19.2,40.2,0.0,0.2,0.0,No_Alert
Maharashtra,Nashik,Nashik,20.08,74.11,2023-02-20,35.0,17.9,49.1,0.0,0.2,0.0,No_Alert
Maharashtra,Nashik,Nashik,20.08,74.11,2023-02-22,32.8,20.6,47.8,0.0,0.2,0.0,No_Alert
Maharashtra,Nashik,Nashik,20.08,74.11,2023-02-24,32.8,23.1,45.9,0.0,0.2,0.0,No_Alert
Maharashtra,Nashik,Nashik,20.08,74.11,2023-02-26,36.0,23.4,47.6,0.0,0.2,0.0,No_Alert
Maharashtra,Nashik,Nashik,20.08,74.11,2023-02-28,36.5,20.2,43.9,0.0,0.2,0.0,No_Alert
Maharashtra,Nashik,Nashik,20.08,74.11,2023-03-02,32.7,20.6,45.3,0.2,0.2,0.0,No_Alert
Maharashtra,Nashik,Nashik,20.08,74.11,2023-03-04,36.7,21.9,48.4,0.3,0.2,0.0,No_Alert
Maharashtra,Nashik,Nashik,20.08,74.11,2023-03-06,35.2,20.3,45.2,0.0,0.2,0.0,No_Alert
Maharashtra,Nashik,Nashik,20.08,74.11,2023-03-08,37.5,25.9,50.6,0.0,0.2,0.0,No_Alert
Maharashtra,Nashik,Nashik,20.08,74.11,2023-03-10,38.1,23.0,40.1,0.0,0.2,0.0,No_Alert
Maharashtra,Nashik,Nashik,20.08,74.11,2023-03-12,37.5,25.3,43.8,0.0,0.2,0.0,No_Alert
Maharashtra,Nashik,Nashik,20.08,74.11,2023-03-14,38.3,24.9,39.5,0.0,0.2,0.0,No_Alert
Maharashtra,Nashik,Nashik,20.08,74.11,2023-03-16,37.3,23.8,50.6,0.0,0.2,0.0,No_Alert
Maharashtra,Nashik,Nashik,20.08,74.11,2023-03-18,38.3,27.5,47.7,0.0,0.2,0.0,No_Alert
Maharashtra,Nashik,Nashik,20.08,74.11,2023-03-20,37.4,23.4,40.4,0.0,0.2,0.0,No_Alert
Maharashtra,Nashik,Nashik,20.08,74.11,2023-03-22,40.6,25.5,40.3,0.0,0.2,0.0,No_Alert
Maharashtra,Nashik,Nashik,20.08,74.11,2023-03-24,38.4,24.7,52.9,0.0,0.2,0.0,No_Alert
Maharashtra,Nashik,Nashik,20.08,74.11,2023-03-26,40.8,24.3,38.9,0.4,0.2,0.0,No_Alert
Maharashtra,Nashik,Nashik,20.08,74.11,2023-03-28,41.1,28.0,48.9,0.0,0.2,0.0,No_Alert
Maharashtra,Nashik,Nashik,20.08,74.11,2023-03-30,42.3,28.4,47.8,0.0,0.2,0.0,No_Alert
Maharashtra,Nashik,Nashik,20.08,74.11,2023-04-01,41.2,28.7,46.3,0.0,0.2,0.0,No_Alert
Maharashtra,Nashik,Nashik,20.08,74.11,2023-04-03,40.8,26.5,54.1,0.3,0.2,0.0,No_Alert
Maharashtra,Nashik,Nashik,20.08,74.11,2023-04-05,41.3,32.0,44.3,0.0,0.2,0.0,No_Alert
Maharashtra,Nashik,Nashik,20.08,74.11,2023-04-07,39.3,28.6,42.3,0.0,0.2,0.0,No_Alert
Maharashtra,Nashik,Nashik,20.08,74.11,2023-04-09,43.3,27.9,50.3,0.0,0.2,0.0,No_Alert
Maharashtra,Nashik,Nashik,20.08,74.11,2023-04-11,41.9,30.7,38.5,0.0,0.2,0.0,No_Alert
Maharashtra,Nashik,Nashik,20.08,74.11,2023-04-13,43.7,29.0,39.8,0.0,0.2,0.0,No_Alert
Maharashtra,Nashik,Nashik,20.08,74.11,2023-04-15,41.8,28.6,52.5,0.2,0.2,0.0,No_Alert
Maharashtra,Nashik,Nashik,20.08,74.11,2023-04-17,43.7,32.3,51.8,0.0,0.2,0.0,No_Alert
Maharashtra,Nashik,Nashik,20.08,74.11,2023-04-19,44.0,30.8,49.3,0.0,0.2,0.0,No_Alert
Maharashtra,Nashik,Nashik,20.08,74.11,2023-04-21,42.3,29.2,51.4,0.0,0.2,0.0,No_Alert
Maharashtra,Nashik,Nashik,20.08,74.11,2023-04-23,43.2,30.3,49.9,0.0,0.2,0.0,No_Alert
Maharashtra,Nashik,Nashik,20.08,74.11,2023-04-25,43.0,33.9,43.7,0.0,0.2,0.0,No_Alert
Maharashtra,Nashik,Nashik,20.08,74.11,2023-04-27,43.2,31.9,41.3,0.0,0.2,0.0,No_Alert
Maharashtra,Nashik,Nashik,20.08,74.11,2023-04-29,46.5,32.8,38.9,0.0,0.2,0.0,No_Alert
Maharashtra,Nashik,Nashik,20.08,74.11,2023-05-01,44.0,29.0,48.5,0.0,0.2,0.0,No_Alert
Maharashtra,Nashik,Nashik,20.08,74.11,2023-05-03,41.9,29.0,51.9,0.0,0.2,0.0,No_Alert
Maharashtra,Nashik,Nashik,20.08,74.11,2023-05-05,45.1,29.5,42.5,0.0,0.2,0.0,No_Alert
Maharashtra,Nashik,Nashik,20.08,74.11,2023-05-07,45.9,34.0,42.0,0.0,0.2,0.0,No_Alert
Maharashtra,Nashik,Nashik,20.08,74.11,2023-05-09,43.7,29.3,53.5,0.0,0.2,0.0,No_Alert
Maharashtra,Nashik,Nashik,20.08,74.11,2023-05-11,45.0,35.1,39.9,0.0,0.2,0.0,No_Alert
Maharashtra,Nashik,Nashik,20.08,74.11,2023-05-13,46.8,29.9,53.3,0.4,0.2,0.0,No_Alert
Maharashtra,Nashik,Nashik,20.08,74.11,2023-05-15,43.6,30.7,51.9,0.0,0.2,0.0,No_Alert
Maharashtra,Nashik,Nashik,20.08,74.11,2023-05-17,46.6,30.9,40.7,0.0,0.2,0.0,No_Alert
Maharashtra,Nashik,Nashik,20.08,74.11,2023-05-19,43.5,30.0,38.9,0.0,0.2,0.0,No_Alert
Maharashtra,Nashik,Nashik,20.08,74.11,2023-05-21,45.4,30.5,51.6,0.0,0.2,0.0,No_Alert
Maharashtra,Nashik,Nashik,20.08,74.11,2023-05-23,46.4,31.7,50.6,0.0,0.2,0.0,No_Alert
Maharashtra,Nashik,Nashik,20.08,74.11,2023-05-25,42.9,31.6,53.0,0.4,0.2,0.0,No_Alert
Maharashtra,Nashik,Nashik,20.08,74.11,2023-05-27,42.2,32.4,42.5,0.4,0.2,0.0,No_Alert
Maharashtra,Nashik,Nashik,20.08,74.11,2023-05-29,44.9,33.3,51.5,0.0,0.2,0.0,No_Alert
Maharashtra,Nashik,Nashik,20.08,74.11,2023-05-31,43.6,31.4,41.0,0.0,0.2,0.0,No_Alert
Maharashtra,Nashik,Nashik,20.08,74.11,2023-06-02,43.2,28.5,63.2,0.0,2.2,-100.0,No_Alert
Maharashtra,Nashik,Nashik,20.08,74.11,2023-06-04,46.9,34.7,61.9,0.0,2.4,-100.0,No_Alert
Maharashtra,Nashik,Nashik,20.08,74.11,2023-06-06,42.0,30.6,57.1,5.3,2.6,103.8,No_Alert
Maharashtra,Nashik,Nashik,20.08,74.11,2023-06-08,41.6,31.6,64.8,4.2,2.9,44.8,No_Alert
Maharashtra,Nashik,Nashik,20.08,74.11,2023-06-10,41.0,32.7,59.8,1.1,3.1,-64.5,No_Alert
Maharashtra,Nashik,Nashik,20.08,74.11,2023-06-12,45.5,34.2,65.9,0.0,3.3,-100.0,No_Alert
Maharashtra,Nashik,Nashik,20.08,74.11,2023-06-14,43.4,33.3,71.6,0.0,3.6,-100.0,No_Alert
Maharashtra,Nashik,Nashik,20.08,74.11,2023-06-16,41.1,29.6,70.6,2.2,3.8,-42.1,No_Alert
Maharashtra,Nashik,Nashik,20.08,74.11,2023-06-18,41.2,30.4,65.2,0.0,4.0,-100.0,No_Alert
Maharashtra,Nashik,Nashik,20.08,74.11,2023-06-20,41.4,28.3,75.7,0.0,4.2,-100.0,No_Alert
Maharashtra,Nashik,Nashik,20.08,74.11,2023-06-22,43.6,29.0,63.2,4.7,4.4,6.8,No_Alert
Maharashtra,Nashik,Nashik,20.08,74.11,2023-06-24,41.8,26.4,68.7,7.6,4.6,65.2,No_Alert
Maharashtra,Nashik,Nashik,20.08,74.11,2023-06-26,42.8,30.5,67.9,0.0,4.8,-100.0,No_Alert
Maharashtra,Nashik,Nashik,20.08,74.11,2023-06-28,42.7,27.0,72.2,0.0,5.0,-100.0,No_Alert
Maharashtra,Nashik,Nashik,20.08,74.11,2023-06-30,41.7,31.7,78.0,8.0,5.1,56.9,No_Alert
Maharashtra,Nashik,Nashik,20.08,74.11,2023-07-02,38.3,28.9,68.5,0.0,5.3,-100.0,No_Alert
Maharashtra,Nashik,Nashik,20.08,74.11,2023-07-04,40.7,28.5,78.4,0.0,5.5,-100.0,No_Alert
Maharashtra,Nashik,Nashik,20.08,74.11,2023-07-06,43.8,28.6,84.5,4.5,5.6,-19.6,No_Alert
Maharashtra,Nashik,Nashik,20.08,74.11,2023-07-08,41.7,27.4,77.3,11.7,5.8,101.7,No_Alert
Maharashtra,Nashik,Nashik,20.08,74.11,2023-07-10,39.9,25.8,80.8,8.4,5.9,42.4,No_Alert
Maharashtra,Nashik,Nashik,20.08,74.11,2023-07-12,37.2,25.2,85.8,3.7,6.0,-38.3,No_Alert
Maharashtra,Nashik,Nashik,20.08,74.11,2023-07-14,35.4,22.9,76.3,0.0,6.1,-100.0,No_Alert
Maharashtra,Nashik,Nashik,20.08,74.11,2023-07-16,36.7,27.1,73.8,0.0,6.2,-100.0,No_Alert
Maharashtra,Nashik,Nashik,20.08,74.11,2023-07-18,38.9,21.8,89.1,5.1,6.3,-19.0,No_Alert
Maharashtra,Nashik,Nashik,20.08,74.11,2023-07-20,35.6,23.3,88.3,0.0,6.4,-100.0,No_Alert
Maharashtra,Nashik,Nashik,20.08,74.11,2023-07-22,37.1,22.3,76.2,0.0,6.4,-100.0,No_Alert
Maharashtra,Nashik,Nashik,20.08,74.11,2023-07-24,38.1,23.2,78.0,0.0,6.5,-100.0,No_Alert
Maharashtra,Nashik,Nashik,20.08,74.11,2023-07-26,33.1,24.6,82.9,12.1,6.5,86.2,No_Alert
Maharashtra,Nashik,Nashik,20.08,74.11,2023-07-28,35.3,19.9,81.8,0.0,6.6,-100.0,No_Alert
Maharashtra,Nashik,Nashik,20.08,74.11,2023-07-30,36.2,24.5,79.7,13.2,6.6,100.0,No_Alert
Maharashtra,Nashik,Nashik,20.08,74.11,2023-08-01,34.4,23.1,76.2,11.4,6.6,72.7,No_Alert
Maharashtra,Nashik,Nashik,20.08,74.11,2023-08-03,33.7,20.7,75.5,13.7,6.6,107.6,No_Alert
Maharashtra,Nashik,Nashik,20.08,74.11,2023-08-05,32.5,19.8,88.6,2.1,6.5,-67.7,No_Alert
Maharashtra,Nashik,Nashik,20.08,74.11,2023-08-07,33.9,21.1,79.9,3.0,6.5,-53.8,No_Alert
Maharashtra,Nashik,Nashik,20.08,74.11,2023-08-09,29.6,21.3,79.7,0.0,6.5,-100.0,No_Alert
Maharashtra,Nashik,Nashik,20.08,74.11,2023-08-11,30.8,17.5,74.6,7.6,6.4,18.7,No_Alert
Maharashtra,Nashik,Nashik,20.08,74.11,2023-08-13,31.4,19.9,75.2,12.2,6.3,93.7,No_Alert
Maharashtra,Nashik,Nashik,20.08,74.11,2023-08-15,32.1,20.4,84.7,2.4,6.3,-61.9,No_Alert
Maharashtra,Nashik,Nashik,20.08,74.11,2023-08-17,30.5,21.5,79.4,0.0,6.2,-100.0,No_Alert
Maharashtra,Nashik,Nashik,20.08,74.11,2023-08-19,32.7,17.4,83.1,0.0,6.1,-100.0,No_Alert
Maharashtra,Nashik,Nashik,20.08,74.11,2023-08-21,27.8,18.0,77.7,0.0,5.9,-100.0,No_Alert
Maharashtra,Nashik,Nashik,20.08,74.11,2023-08-23,29.8,13.9,85.4,0.0,5.8,-100.0,No_Alert
Maharashtra,Nashik,Nashik,20.08,74.11,2023-08-25,31.3,14.0,74.3,9.8,5.7,71.9,No_Alert
Maharashtra,Nashik,Nashik,20.08,74.11,2023-08-27,31.0,16.7,85.0,0.0,5.5,-100.0,No_Alert
Maharashtra,Nashik,Nashik,20.08,74.11,2023-08-29,27.5,16.3,70.7,0.0,5.4,-100.0,No_Alert
Maharashtra,Nashik,Nashik,20.08,74.11,2023-08-31,32.0,17.8,74.5,0.0,5.2,-100.0,No_Alert
Maharashtra,Nashik,Nashik,20.08,74.11,2023-09-02,28.6,15.4,77.6,0.0,5.1,-100.0,No_Alert
Maharashtra,Nashik,Nashik,20.08,74.11,2023-09-04,26.2,15.4,78.0,0.0,4.9,-100.0,No_Alert
Maharashtra,Nashik,Nashik,20.08,74.11,2023-09-06,29.7,13.9,66.9,8.6,4.7,83.0,No_Alert
Maharashtra,Nashik,Nashik,20.08,74.11,2023-09-08,24.8,10.4,75.7,0.0,4.5,-100.0,No_Alert
Maharashtra,Nashik,Nashik,20.08,74.11,2023-09-10,27.9,15.6,70.6,7.2,4.3,67.4,No_Alert
Maharashtra,Nashik,Nashik,20.08,74.11,2023-09-12,22.8,12.8,70.8,0.0,4.1,-100.0,No_Alert
Maharashtra,Nashik,Nashik,20.08,74.11,2023-09-14,28.0,11.1,68.5,0.0,3.9,-100.0,No_Alert
Maharashtra,Nashik,Nashik,20.08,74.11,2023-09-16,23.4,14.2,70.1,1.8,3.7,-51.4,No_Alert
Maharashtra,Nashik,Nashik,20.08,74.11,2023-09-18,25.0,9.7,62.6,0.0,3.4,-100.0,No_Alert
Maharashtra,Nashik,Nashik,20.08,74.11,2023-09-20,23.7,11.6,62.9,2.8,3.2,-12.5,No_Alert
Maharashtra,Nashik,Nashik,20.08,74.11,2023-09-22,22.3,11.2,64.4,0.6,3.0,-80.0,No_Alert
Maharashtra,Nashik,Nashik,20.08,74.11,2023-09-24,24.5,11.1,60.9,0.0,2.8,-100.0,No_Alert
Maharashtra,Nashik,Nashik,20.08,74.11,2023-09-26,26.0,9.3,61.7,1.4,2.5,-44.0,No_Alert
Maharashtra,Nashik,Nashik,20.08,74.11,2023-09-28,23.2,11.4,56.6,1.3,2.3,-43.5,No_Alert
Maharashtra,Nashik,Nashik,20.08,74.11,2023-09-30,21.8,10.7,61.5,0.0,2.1,-100.0,No_Alert
Maharashtra,Nashik,Nashik,20.08,74.11,2023-10-02,20.9,11.5,49.9,0.0,0.2,0.0,No_Alert
Maharashtra,Nashik,Nashik,20.08,74.11,2023-10-04,21.8,11.4,52.2,0.3,0.2,0.0,No_Alert
Maharashtra,Nashik,Nashik,20.08,74.11,2023-10-06,22.4,6.5,40.0,0.0,0.2,0.0,No_Alert
Maharashtra,Nashik,Nashik,20.08,74.11,2023-10-08,23.8,9.9,53.1,0.0,0.2,0.0,No_Alert
Maharashtra,Nashik,Nashik,20.08,74.11,2023-10-10,23.0,8.7,39.6,0.0,0.2,0.0,No_Alert
Maharashtra,Nashik,Nashik,20.08,74.11,2023-10-12,18.9,5.4,48.0,0.0,0.2,0.0,No_Alert
Maharashtra,Nashik,Nashik,20.08,74.11,2023-10-14,17.6,7.0,44.1,0.0,0.2,0.0,No_Alert
Maharashtra,Nashik,Nashik,20.08,74.11,2023-10-16,19.8,6.7,48.0,0.0,0.2,0.0,No_Alert
Maharashtra,Nashik,Nashik,20.08,74.11,2023-10-18,21.7,6.7,53.6,0.4,0.2,0.0,No_Alert
Maharashtra,Nashik,Nashik,20.08,74.11,2023-10-20,19.3,4.3,48.9,0.0,0.2,0.0,No_Alert
Maharashtra,Nashik,Nashik,20.08,74.11,2023-10-22,19.1,7.2,41.4,0.0,0.2,0.0,No_Alert
Maharashtra,Nashik,Nashik,20.08,74.11,2023-10-24,18.9,9.1,40.8,0.0,0.2,0.0,No_Alert
Maharashtra,Nashik,Nashik,20.08,74.11,2023-10-26,17.9,4.9,45.8,0.0,0.2,0.0,No_Alert
Maharashtra,Nashik,Nashik,20.08,74.11,2023-10-28,17.5,8.5,42.1,0.0,0.2,0.0,No_Alert
Maharashtra,Nashik,Nashik,20.08,74.11,2023-10-30,22.1,8.9,50.0,0.0,0.2,0.0,No_Alert
Maharashtra,Nashik,Nashik,20.08,74.11,2023-11-01,17.6,4.6,50.1,0.0,0.2,0.0,No_Alert
Maharashtra,Nashik,Nashik,20.08,74.11,2023-11-03,15.6,3.9,42.5,0.0,0.2,0.0,No_Alert
Maharashtra,Nashik,Nashik,20.08,74.11,2023-11-05,19.9,6.3,50.7,0.1,0.2,0.0,No_Alert
Maharashtra,Nashik,Nashik,20.08,74.11,2023-11-07,15.6,4.6,42.6,0.0,0.2,0.0,No_Alert
Maharashtra,Nashik,Nashik,20.08,74.11,2023-11-09,19.8,7.0,42.1,0.0,0.2,0.0,No_Alert
Maharashtra,Nashik,Nashik,20.08,74.11,2023-11-11,19.0,3.3,43.5,0.1,0.2,0.0,No_Alert
Maharashtra,Nashik,Nashik,20.08,74.11,2023-11-13,18.1,4.0,46.5,0.0,0.2,0.0,No_Alert
Maharashtra,Nashik,Nashik,20.08,74.11,2023-11-15,17.4,6.1,41.3,0.2,0.2,0.0,No_Alert
Maharashtra,Nashik,Nashik,20.08,74.11,2023-11-17,18.9,9.3,45.3,0.0,0.2,0.0,No_Alert
Maharashtra,Nashik,Nashik,20.08,74.11,2023-11-19,15.6,5.3,40.8,0.0,0.2,0.0,No_Alert
Maharashtra,Nashik,Nashik,20.08,74.11,2023-11-21,18.3,6.1,49.9,0.0,0.2,0.0,No_Alert
Maharashtra,Nashik,Nashik,20.08,74.11,2023-11-23,18.4,6.7,49.7,0.0,0.2,0.0,No_Alert
Maharashtra,Nashik,Nashik,20.08,74.11,2023-11-25,18.7,4.6,43.7,0.0,0.2,0.0,No_Alert
Maharashtra,Nashik,Nashik,20.08,74.11,2023-11-27,19.7,4.3,49.3,0.0,0.2,0.0,No_Alert
Maharashtra,Nashik,Nashik,20.08,74.11,2023-11-29,18.5,6.0,50.1,0.0,0.2,0.0,No_Alert
Maharashtra,Nashik,Nashik,20.08,74.11,2023-12-01,19.4,6.6,39.0,0.0,0.2,0.0,No_Alert
Maharashtra,Nashik,Nashik,20.08,74.11,2023-12-03,19.0,7.3,38.9,0.0,0.2,0.0,No_Alert
Maharashtra,Nashik,Nashik,20.08,74.11,2023-12-05,17.3,7.2,46.6,0.0,0.2,0.0,No_Alert
Maharashtra,Nashik,Nashik,20.08,74.11,2023-12-07,21.1,7.7,48.6,0.0,0.2,0.0,No_Alert
Maharashtra,Nashik,Nashik,20.08,74.11,2023-12-09,21.5,7.7,42.3,0.0,0.2,0.0,No_Alert
Maharashtra,Nashik,Nashik,20.08,74.11,2023-12-11,19.1,7.0,38.6,0.2,0.2,0.0,No_Alert
Maharashtra,Nashik,Nashik,20.08,74.11,2023-12-13,18.9,8.8,45.5,0.3,0.2,0.0,No_Alert
Maharashtra,Nashik,Nashik,20.08,74.11,2023-12-15,17.6,6.5,39.8,0.0,0.2,0.0,No_Alert
Maharashtra,Nashik,Nashik,20.08,74.11,2023-12-17,23.1,6.9,46.5,0.0,0.2,0.0,No_Alert
Maharashtra,Nashik,Nashik,20.08,74.11,2023-12-19,20.9,8.4,52.5,0.0,0.2,0.0,No_Alert
Maharashtra,Nashik,Nashik,20.08,74.11,2023-12-21,20.1,5.1,50.5,0.0,0.2,0.0,No_Alert
Maharashtra,Nashik,Nashik,20.08,74.11,2023-12-23,20.0,10.4,47.2,0.0,0.2,0.0,No_Alert
Maharashtra,Nashik,Nashik,20.08,74.11,2023-12-25,20.8,6.9,46.6,0.0,0.2,0.0,No_Alert
Maharashtra,Nashik,Nashik,20.08,74.11,2023-12-27,23.0,6.8,48.6,0.4,0.2,0.0,No_Alert
Maharashtra,Nashik,Nashik,20.08,74.11,2023-12-29,23.0,8.6,44.3,0.0,0.2,0.0,No_Alert
Maharashtra,Nashik,Nashik,20.08,74.11,2023-12-31,21.2,11.7,48.7,0.0,0.2,0.0,No_Alert
Maharashtra,Pune,Pune,18.15,74.58,2023-01-01,21.4,9.8,45.0,0.0,0.2,0.0,No_Alert
Maharashtra,Pune,Pune,18.15,74.58,2023-01-03,25.8,10.4,45.6,0.0,0.2,0.0,No_Alert
Maharashtra,Pune,Pune,18.15,74.58,2023-01-05,24.5,10.5,43.2,0.0,0.2,0.0,No_Alert
Maharashtra,Pune,Pune,18.15,74.58,2023-01-07,23.2,13.0,46.8,0.0,0.2,0.0,No_Alert
Maharashtra,Pune,Pune,18.15,74.58,2023-01-09,25.8,9.7,46.1,0.0,0.2,0.0,No_Alert
Maharashtra,Pune,Pune,18.15,74.58,2023-01-11,27.5,12.6,38.3,0.0,0.2,0.0,No_Alert
Maharashtra,Pune,Pune,18.15,74.58,2023-01-13,28.3,12.8,49.7,0.0,0.2,0.0,No_Alert
Maharashtra,Pune,Pune,18.15,74.58,2023-01-15,27.3,15.7,49.4,0.0,0.2,0.0,No_Alert
Maharashtra,Pune,Pune,18.15,74.58,2023-01-17,27.6,13.1,51.3,0.0,0.2,0.0,No_Alert
Maharashtra,Pune,Pune,18.15,74.58,2023-01-19,28.7,15.7,45.3,0.0,0.2,0.0,No_Alert
Maharashtra,Pune,Pune,18.15,74.58,2023-01-21,29.2,18.4,51.5,0.0,0.2,0.0,No_Alert
Maharashtra,Pune,Pune,18.15,74.58,2023-01-23,28.6,14.7,50.4,0.0,0.2,0.0,No_Alert
Maharashtra,Pune,Pune,18.15,74.58,2023-01-25,25.8,14.7,42.6,0.0,0.2,0.0,No_Alert
Maharashtra,Pune,Pune,18.15,74.58,2023-01-27,27.8,15.3,50.3,0.3,0.2,0.0,No_Alert
Maharashtra,Pune,Pune,18.15,74.58,2023-01-29,29.0,16.2,44.2,0.0,0.2,0.0,No_Alert
Maharashtra,Pune,Pune,18.15,74.58,2023-01-31,28.7,15.7,45.4,0.0,0.2,0.0,No_Alert
Maharashtra,Pune,Pune,18.15,74.58,2023-02-02,31.7,16.5,54.2,0.0,0.2,0.0,No_Alert
Maharashtra,Pune,Pune,18.15,74.58,2023-02-04,31.6,21.1,46.4,0.0,0.2,0.0,No_Alert
Maharashtra,Pune,Pune,18.15,74.58,2023-02-06,29.8,19.4,40.5,0.0,0.2,0.0,No_Alert
Maharashtra,Pune,Pune,18.15,74.58,2023-02-08,33.9,17.6,47.2,0.4,0.2,0.0,No_Alert
Maharashtra,Pune,Pune,18.15,74.58,2023-02-10,28.7,17.1,44.3,0.0,0.2,0.0,No_Alert
Maharashtra,Pune,Pune,18.15,74.58,2023-02-12,29.1,18.9,53.2,0.0,0.2,0.0,No_Alert
Maharashtra,Pune,Pune,18.15,74.58,2023-02-14,32.6,15.5,54.1,0.0,0.2,0.0,No_Alert
Maharashtra,Pune,Pune,18.15,74.58,2023-02-16,31.9,17.2,43.3,0.0,0.2,0.0,No_Alert
Maharashtra,Pune,Pune,18.15,74.58,2023-02-18,33.3,19.1,42.7,0.0,0.2,0.0,No_Alert
Maharashtra,Pune,Pune,18.15,74.58,2023-02-20,36.7,23.1,45.6,0.0,0.2,0.0,No_Alert
Maharashtra,Pune,Pune,18.15,74.58,2023-02-22,35.6,21.8,40.1,0.0,0.2,0.0,No_Alert
Maharashtra,Pune,Pune,18.15,74.58,2023-02-24,31.9,18.6,42.4,0.0,0.2,0.0,No_Alert
Maharashtra,Pune,Pune,18.15,74.58,2023-02-26,37.6,22.2,41.1,0.0,0.2,0.0,No_Alert
Maharashtra,Pune,Pune,18.15,74.58,2023-02-28,34.2,21.6,50.7,0.0,0.2,0.0,No_Alert
Maharashtra,Pune,Pune,18.15,74.58,2023-03-02,37.9,22.9,52.0,0.3,0.2,0.0,No_Alert
Maharashtra,Pune,Pune,18.15,74.58,2023-03-04,37.3,21.1,49.0,0.0,0.2,0.0,No_Alert
Maharashtra,Pune,Pune,18.15,74.58,2023-03-06,36.6,21.7,38.6,0.0,0.2,0.0,No_Alert
Maharashtra,Pune,Pune,18.15,74.58,2023-03-08,36.3,26.6,43.4,0.0,0.2,0.0,No_Alert
Maharashtra,Pune,Pune,18.15,74.58,2023-03-10,38.3,22.3,43.5,0.0,0.2,0.0,No_Alert
Maharashtra,Pune,Pune,18.15,74.58,2023-03-12,40.4,23.9,44.7,0.0,0.2,0.0,No_Alert
Maharashtra,Pune,Pune,18.15,74.58,2023-03-14,35.0,22.5,45.3,0.0,0.2,0.0,No_Alert
Maharashtra,Pune,Pune,18.15,74.58,2023-03-16,38.9,24.3,46.2,0.0,0.2,0.0,No_Alert
Maharashtra,Pune,Pune,18.15,74.58,2023-03-18,38.2,26.3,43.9,0.0,0.2,0.0,No_Alert
Maharashtra,Pune,Pune,18.15,74.58,2023-03-20,38.3,26.0,46.6,0.0,0.2,0.0,No_Alert
Maharashtra,Pune,Pune,18.15,74.58,2023-03-22,41.9,26.0,52.5,0.0,0.2,0.0,No_Alert
Maharashtra,Pune,Pune,18.15,74.58,2023-03-24,41.5,27.7,39.3,0.0,0.2,0.0,No_Alert
Maharashtra,Pune,Pune,18.15,74.58,2023-03-26,41.8,26.5,46.9,0.2,0.2,0.0,No_Alert
Maharashtra,Pune,Pune,18.15,74.58,2023-03-28,40.1,28.8,53.8,0.0,0.2,0.0,No_Alert
Maharashtra,Pune,Pune,18.15,74.58,2023-03-30,40.6,29.2,44.0,0.0,0.2,0.0,No_Alert
Maharashtra,Pune,Pune,18.15,74.58,2023-04-01,40.6,27.0,40.8,0.4,0.2,0.0,No_Alert
Maharashtra,Pune,Pune,18.15,74.58,2023-04-03,42.9,28.3,52.5,0.0,0.2,0.0,No_Alert
Maharashtra,Pune,Pune,18.15,74.58,2023-04-05,41.8,29.9,40.5,0.0,0.2,0.0,No_Alert
Maharashtra,Pune,Pune,18.15,74.58,2023-04-07,44.5,28.5,47.9,0.0,0.2,0.0,No_Alert
Maharashtra,Pune,Pune,18.15,74.58,2023-04-09,41.3,25.6,38.6,0.1,0.2,0.0,No_Alert
Maharashtra,Pune,Pune,18.15,74.58,2023-04-11,45.5,28.5,54.2,0.0,0.2,0.0,No_Alert
Maharashtra,Pune,Pune,18.15,74.58,2023-04-13,43.1,30.3,49.1,0.0,0.2,0.0,No_Alert
Maharashtra,Pune,Pune,18.15,74.58,2023-04-15,42.9,30.5,44.1,0.0,0.2,0.0,No_Alert
Maharashtra,Pune,Pune,18.15,74.58,2023-04-17,43.9,30.3,45.7,0.0,0.2,0.0,No_Alert
Maharashtra,Pune,Pune,18.15,74.58,2023-04-19,42.7,29.3,41.6,0.0,0.2,0.0,No_Alert
Maharashtra,Pune,Pune,18.15,74.58,2023-04-21,43.6,29.8,41.7,0.0,0.2,0.0,No_Alert
Maharashtra,Pune,Pune,18.15,74.58,2023-04-23,41.5,27.2,52.7,0.2,0.2,0.0,No_Alert
Maharashtra,Pune,Pune,18.15,74.58,2023-04-25,42.2,30.7,47.1,0.0,0.2,0.0,No_Alert
Maharashtra,Pune,Pune,18.15,74.58,2023-04-27,45.3,29.3,44.5,0.0,0.2,0.0,No_Alert
Maharashtra,Pune,Pune,18.15,74.58,2023-04-29,45.1,29.6,53.5,0.0,0.2,0.0,No_Alert
Maharashtra,Pune,Pune,18.15,74.58,2023-05-01,44.0,29.8,40.0,0.3,0.2,0.0,No_Alert
Maharashtra,Pune,Pune,18.15,74.58,2023-05-03,41.3,29.9,42.8,0.0,0.2,0.0,No_Alert
Maharashtra,Pune,Pune,18.15,74.58,2023-05-05,44.1,32.8,45.7,0.0,0.2,0.0,No_Alert
Maharashtra,Pune,Pune,18.15,74.58,2023-05-07,44.7,33.4,44.3,0.4,0.2,0.0,No_Alert
Maharashtra,Pune,Pune,18.15,74.58,2023-05-09,45.1,30.9,53.5,0.0,0.2,0.0,No_Alert
Maharashtra,Pune,Pune,18.15,74.58,2023-05-11,42.9,29.5,51.2,0.0,0.2,0.0,No_Alert
Maharashtra,Pune,Pune,18.15,74.58,2023-05-13,46.3,32.7,49.0,0.0,0.2,0.0,No_Alert
Maharashtra,Pune,Pune,18.15,74.58,2023-05-15,42.3,32.2,40.4,0.2,0.2,0.0,No_Alert
Maharashtra,Pune,Pune,18.15,74.58,2023-05-17,45.9,32.9,39.9,0.0,0.2,0.0,No_Alert
Maharashtra,Pune,Pune,18.15,74.58,2023-05-19,44.7,32.2,40.2,0.0,0.2,0.0,No_Alert
Maharashtra,Pune,Pune,18.15,74.58,2023-05-21,43.5,29.5,47.0,0.0,0.2,0.0,No_Alert
Maharashtra,Pune,Pune,18.15,74.58,2023-05-23,43.4,30.8,52.0,0.0,0.2,0.0,No_Alert
Maharashtra,Pune,Pune,18.15,74.58,2023-05-25,43.2,33.6,51.7,0.2,0.2,0.0,No_Alert
Maharashtra,Pune,Pune,18.15,74.58,2023-05-27,45.5,33.3,44.5,0.0,0.2,0.0,No_Alert
Maharashtra,Pune,Pune,18.15,74.58,2023-05-29,45.1,31.7,52.4,0.0,0.2,0.0,No_Alert
Maharashtra,Pune,Pune,18.15,74.58,2023-05-31,43.4,28.0,38.9,0.0,0.2,0.0,No_Alert
Maharashtra,Pune,Pune,18.15,74.58,2023-06-02,43.0,31.4,64.8,0.3,2.1,-85.7,No_Alert
Maharashtra,Pune,Pune,18.15,74.58,2023-06-04,45.0,31.1,51.8,0.4,2.3,-82.6,No_Alert
Maharashtra,Pune,Pune,18.15,74.58,2023-06-06,42.7,30.2,64.1,3.5,2.5,40.0,No_Alert
Maharashtra,Pune,Pune,18.15,74.58,2023-06-08,41.4,29.7,59.9,0.0,2.8,-100.0,No_Alert
Maharashtra,Pune,Pune,18.15,74.58,2023-06-10,43.6,30.4,63.4,0.0,3.0,-100.0,No_Alert
Maharashtra,Pune,Pune,18.15,74.58,2023-06-12,45.0,31.0,59.6,0.0,3.2,-100.0,No_Alert
Maharashtra,Pune,Pune,18.15,74.58,2023-06-14,43.7,29.1,65.6,3.3,3.4,-2.9,No_Alert
Maharashtra,Pune,Pune,18.15,74.58,2023-06-16,42.9,29.8,63.9,0.0,3.6,-100.0,No_Alert
Maharashtra,Pune,Pune,18.15,74.58,2023-06-18,44.1,31.9,70.7,0.0,3.8,-100.0,No_Alert
Maharashtra,Pune,Pune,18.15,74.58,2023-06-20,40.0,28.0,64.6,0.0,4.0,-100.0,No_Alert
Maharashtra,Pune,Pune,18.15,74.58,2023-06-22,40.4,29.1,74.2,0.0,4.2,-100.0,No_Alert
Maharashtra,Pune,Pune,18.15,74.58,2023-06-24,42.9,30.7,79.4,4.3,4.4,-2.3,No_Alert
Maharashtra,Pune,Pune,18.15,74.58,2023-06-26,39.6,27.6,65.7,0.0,4.6,-100.0,No_Alert
Maharashtra,Pune,Pune,18.15,74.58,2023-06-28,41.7,29.5,66.5,10.4,4.8,116.7,No_Alert
Maharashtra,Pune,Pune,18.15,74.58,2023-06-30,37.6,26.5,78.1,0.0,4.9,-100.0,No_Alert
Maharashtra,Pune,Pune,18.15,74.58,2023-07-02,40.1,27.5,71.7,6.5,5.1,27.5,No_Alert
Maharashtra,Pune,Pune,18.15,74.58,2023-07-04,39.5,27.3,76.9,10.1,5.3,90.6,No_Alert
Maharashtra,Pune,Pune,18.15,74.58,2023-07-06,42.0,26.3,79.9,10.7,5.4,98.1,No_Alert
Maharashtra,Pune,Pune,18.15,74.58,2023-07-08,41.0,28.4,81.8,0.0,5.5,-100.0,No_Alert
Maharashtra,Pune,Pune,18.15,74.58,2023-07-10,40.9,25.0,82.9,4.0,5.7,-29.8,No_Alert
Maharashtra,Pune,Pune,18.15,74.58,2023-07-12,37.9,27.2,79.7,0.0,5.8,-100.0,No_Alert
Maharashtra,Pune,Pune,18.15,74.58,2023-07-14,37.9,23.3,87.3,7.4,5.9,25.4,No_Alert
Maharashtra,Pune,Pune,18.15,74.58,2023-07-16,37.1,23.5,75.2,0.0,6.0,-100.0,No_Alert
Maharashtra,Pune,Pune,18.15,74.58,2023-07-18,37.7,26.0,85.5,3.3,6.0,-45.0,No_Alert
Maharashtra,Pune,Pune,18.15,74.58,2023-07-20,35.1,25.0,79.4,4.8,6.1,-21.3,No_Alert
Maharashtra,Pune,Pune,18.15,74.58,2023-07-22,37.9,25.2,80.5,0.0,6.2,-100.0,No_Alert
Maharashtra,Pune,Pune,18.15,74.58,2023-07-24,37.9,23.0,76.4,3.5,6.2,-43.5,No_Alert
Maharashtra,Pune,Pune,18.15,74.58,2023-07-26,34.2,22.9,87.6,0.0,6.3,-100.0,No_Alert
Maharashtra,Pune,Pune,18.15,74.58,2023-07-28,37.2,23.6,77.2,7.4,6.3,17.5,No_Alert
Maharashtra,Pune,Pune,18.15,74.58,2023-07-30,35.2,19.4,78.2,13.8,6.3,119.0,No_Alert
Maharashtra,Pune,Pune,18.15,74.58,2023-08-01,33.3,24.6,87.7,0.1,6.3,-98.4,No_Alert
Maharashtra,Pune,Pune,18.15,74.58,2023-08-03,35.6,22.1,76.0,0.0,6.3,-100.0,No_Alert
Maharashtra,Pune,Pune,18.15,74.58,2023-08-05,31.6,19.3,81.5,4.5,6.3,-28.6,No_Alert
Maharashtra,Pune,Pune,18.15,74.58,2023-08-07,33.8,18.9,83.5,0.0,6.3,-100.0,No_Alert
Maharashtra,Pune,Pune,18.15,74.58,2023-08-09,32.6,18.9,77.8,6.2,6.2,0.0,No_Alert
Maharashtra,Pune,Pune,18.15,74.58,2023-08-11,34.2,22.4,83.3,0.0,6.2,-100.0,No_Alert
Maharashtra,Pune,Pune,18.15,74.58,2023-08-13,31.6,20.5,82.2,0.0,6.1,-100.0,No_Alert
Maharashtra,Pune,Pune,18.15,74.58,2023-08-15,34.3,22.7,82.6,8.1,6.0,35.0,No_Alert
Maharashtra,Pune,Pune,18.15,74.58,2023-08-17,35.3,22.4,81.2,4.8,5.9,-18.6,No_Alert
Maharashtra,Pune,Pune,18.15,74.58,2023-08-19,30.5,18.0,81.6,0.0,5.8,-100.0,No_Alert
Maharashtra,Pune,Pune,18.15,74.58,2023-08-21,30.5,16.3,75.9,0.0,5.7,-100.0,No_Alert
Maharashtra,Pune,Pune,18.15,74.58,2023-08-23,29.8,14.1,80.5,2.1,5.6,-62.5,No_Alert
Maharashtra,Pune,Pune,18.15,74.58,2023-08-25,30.5,17.6,76.1,0.0,5.5,-100.0,No_Alert
Maharashtra,Pune,Pune,18.15,74.58,2023-08-27,29.6,15.8,77.6,7.9,5.3,49.1,No_Alert
Maharashtra,Pune,Pune,18.15,74.58,2023-08-29,32.0,19.2,71.6,11.1,5.2,113.5,No_Alert
Maharashtra,Pune,Pune,18.15,74.58,2023-08-31,26.1,14.8,82.3,0.0,5.0,-100.0,No_Alert
Maharashtra,Pune,Pune,18.15,74.58,2023-09-02,32.0,18.4,81.7,9.1,4.9,85.7,No_Alert
Maharashtra,Pune,Pune,18.15,74.58,2023-09-04,25.8,14.8,68.5,3.2,4.7,-31.9,No_Alert
Maharashtra,Pune,Pune,18.15,74.58,2023-09-06,27.6,13.8,66.5,3.6,4.5,-20.0,No_Alert
Maharashtra,Pune,Pune,18.15,74.58,2023-09-08,26.0,16.1,65.8,2.3,4.3,-46.5,No_Alert
Maharashtra,Pune,Pune,18.15,74.58,2023-09-10,29.2,14.7,70.2,0.0,4.1,-100.0,No_Alert
Maharashtra,Pune,Pune,18.15,74.58,2023-09-12,25.7,13.7,64.7,0.0,3.9,-100.0,No_Alert
Maharashtra,Pune,Pune,18.15,74.58,2023-09-14,26.4,12.8,64.0,0.0,3.7,-100.0,No_Alert
Maharashtra,Pune,Pune,18.15,74.58,2023-09-16,24.2,11.3,60.7,3.2,3.5,-8.6,No_Alert
Maharashtra,Pune,Pune,18.15,74.58,2023-09-18,26.3,12.9,71.5,5.0,3.3,51.5,No_Alert
Maharashtra,Pune,Pune,18.15,74.58,2023-09-20,25.5,13.2,65.7,0.9,3.1,-71.0,No_Alert
Maharashtra,Pune,Pune,18.15,74.58,2023-09-22,27.6,11.1,57.9,5.3,2.9,82.8,No_Alert
Maharashtra,Pune,Pune,18.15,74.58,2023-09-24,24.2,10.1,65.1,0.0,2.6,-100.0,No_Alert
Maharashtra,Pune,Pune,18.15,74.58,2023-09-26,27.4,12.9,60.6,0.0,2.4,-100.0,No_Alert
Maharashtra,Pune,Pune,18.15,74.58,2023-09-28,20.7,11.5,63.1,3.7,2.2,68.2,No_Alert
Maharashtra,Pune,Pune,18.15,74.58,2023-09-30,26.4,9.8,62.4,0.0,2.0,-100.0,No_Alert
Maharashtra,Pune,Pune,18.15,74.58,2023-10-02,25.2,11.9,51.9,0.0,0.2,0.0,No_Alert
Maharashtra,Pune,Pune,18.15,74.58,2023-10-04,26.4,10.3,47.1,0.0,0.2,0.0,No_Alert
Maharashtra,Pune,Pune,18.15,74.58,2023-10-06,20.6,7.8,40.5,0.0,0.2,0.0,No_Alert
Maharashtra,Pune,Pune,18.15,74.58,2023-10-08,23.6,9.6,43.2,0.0,0.2,0.0,No_Alert
Maharashtra,Pune,Pune,18.15,74.58,2023-10-10,21.7,9.5,48.4,0.2,0.2,0.0,No_Alert
Maharashtra,Pune,Pune,18.15,74.58,2023-10-12,19.8,7.0,43.9,0.0,0.2,0.0,No_Alert
Maharashtra,Pune,Pune,18.15,74.58,2023-10-14,22.9,11.3,46.3,0.0,0.2,0.0,No_Alert
Maharashtra,Pune,Pune,18.15,74.58,2023-10-16,19.3,7.7,52.1,0.0,0.2,0.0,No_Alert
Maharashtra,Pune,Pune,18.15,74.58,2023-10-18,22.7,7.7,43.7,0.0,0.2,0.0,No_Alert
Maharashtra,Pune,Pune,18.15,74.58,2023-10-20,21.8,7.3,43.7,0.0,0.2,0.0,No_Alert
Maharashtra,Pune,Pune,18.15,74.58,2023-10-22,21.8,10.8,42.6,0.0,0.2,0.0,No_Alert
Maharashtra,Pune,Pune,18.15,74.58,2023-10-24,19.7,6.2,50.2,0.0,0.2,0.0,No_Alert
Maharashtra,Pune,Pune,18.15,74.58,2023-10-26,18.9,6.1,49.8,0.0,0.2,0.0,No_Alert
Maharashtra,Pune,Pune,18.15,74.58,2023-10-28,18.3,5.2,44.2,0.0,0.2,0.0,No_Alert
Maharashtra,Pune,Pune,18.15,74.58,2023-10-30,19.4,5.6,41.0,0.2,0.2,0.0,No_Alert
Maharashtra,Pune,Pune,18.15,74.58,2023-11-01,19.7,5.5,42.6,0.4,0.2,0.0,No_Alert
Maharashtra,Pune,Pune,18.15,74.58,2023-11-03,21.3,10.8,42.2,0.0,0.2,0.0,No_Alert
Maharashtra,Pune,Pune,18.15,74.58,2023-11-05,17.6,6.1,49.9,0.0,0.2,0.0,No_Alert
Maharashtra,Pune,Pune,18.15,74.58,2023-11-07,22.4,5.3,44.6,0.0,0.2,0.0,No_Alert
Maharashtra,Pune,Pune,18.15,74.58,2023-11-09,20.8,9.7,40.1,0.0,0.2,0.0,No_Alert
Maharashtra,Pune,Pune,18.15,74.58,2023-11-11,19.2,8.6,38.3,0.0,0.2,0.0,No_Alert
Maharashtra,Pune,Pune,18.15,74.58,2023-11-13,21.2,7.2,44.1,0.0,0.2,0.0,No_Alert
Maharashtra,Pune,Pune,18.15,74.58,2023-11-15,18.1,6.8,45.2,0.0,0.2,0.0,No_Alert
Maharashtra,Pune,Pune,18.15,74.58,2023-11-17,19.0,5.1,51.4,0.0,0.2,0.0,No_Alert
Maharashtra,Pune,Pune,18.15,74.58,2023-11-19,19.2,6.6,48.5,0.0,0.2,0.0,No_Alert
Maharashtra,Pune,Pune,18.15,74.58,2023-11-21,21.9,7.4,40.7,0.0,0.2,0.0,No_Alert
Maharashtra,Pune,Pune,18.15,74.58,2023-11-23,17.9,4.9,42.5,0.0,0.2,0.0,No_Alert
Maharashtra,Pune,Pune,18.15,74.58,2023-11-25,18.3,5.6,41.4,0.1,0.2,0.0,No_Alert
Maharashtra,Pune,Pune,18.15,74.58,2023-11-27,21.2,4.9,49.2,0.0,0.2,0.0,No_Alert
Maharashtra,Pune,Pune,18.15,74.58,2023-11-29,22.8,5.8,38.9,0.0,0.2,0.0,No_Alert
Maharashtra,Pune,Pune,18.15,74.58,2023-12-01,19.4,8.9,51.5,0.3,0.2,0.0,No_Alert
Maharashtra,Pune,Pune,18.15,74.58,2023-12-03,20.0,8.7,41.1,0.3,0.2,0.0,No_Alert
Maharashtra,Pune,Pune,18.15,74.58,2023-12-05,19.1,6.1,49.8,0.0,0.2,0.0,No_Alert
Maharashtra,Pune,Pune,18.15,74.58,2023-12-07,23.8,9.9,40.1,0.2,0.2,0.0,No_Alert
Maharashtra,Pune,Pune,18.15,74.58,2023-12-09,22.3,8.4,53.3,0.4,0.2,0.0,No_Alert
Maharashtra,Pune,Pune,18.15,74.58,2023-12-11,22.5,8.6,39.1,0.0,0.2,0.0,No_Alert
Maharashtra,Pune,Pune,18.15,74.58,2023-12-13,21.6,11.2,53.2,0.0,0.2,0.0,No_Alert
Maharashtra,Pune,Pune,18.15,74.58,2023-12-15,24.3,10.8,50.1,0.2,0.2,0.0,No_Alert
Maharashtra,Pune,Pune,18.15,74.58,2023-12-17,23.6,10.0,44.3,0.0,0.2,0.0,No_Alert
Maharashtra,Pune,Pune,18.15,74.58,2023-12-19,23.5,10.4,46.4,0.0,0.2,0.0,No_Alert
Maharashtra,Pune,Pune,18.15,74.58,2023-12-21,19.3,9.6,50.4,0.0,0.2,0.0,No_Alert
Maharashtra,Pune,Pune,18.15,74.58,2023-12-23,22.5,7.0,39.0,0.0,0.2,0.0,No_Alert
Maharashtra,Pune,Pune,18.15,74.58,2023-12-25,24.5,9.6,52.6,0.0,0.2,0.0,No_Alert
Maharashtra,Pune,Pune,18.15,74.58,2023-12-27,24.7,9.1,48.7,0.0,0.2,0.0,No_Alert
Maharashtra,Pune,Pune,18.15,74.58,2023-12-29,25.5,9.4,38.5,0.0,0.2,0.0,No_Alert
Maharashtra,Pune,Pune,18.15,74.58,2023-12-31,25.8,14.0,42.2,0.0,0.2,0.0,No_Alert
Karnataka,Belagavi,Belagavi,16.73,75.07,2023-01-01,25.2,8.9,48.8,0.1,0.2,0.0,No_Alert
Karnataka,Belagavi,Belagavi,16.73,75.07,2023-01-03,28.0,11.4,48.9,0.0,0.2,0.0,No_Alert
Karnataka,Belagavi,Belagavi,16.73,75.07,2023-01-05,26.7,14.4,49.5,0.0,0.2,0.0,No_Alert
Karnataka,Belagavi,Belagavi,16.73,75.07,2023-01-07,26.4,11.1,41.0,0.2,0.2,0.0,No_Alert
Karnataka,Belagavi,Belagavi,16.73,75.07,2023-01-09,25.8,14.2,42.5,0.0,0.2,0.0,No_Alert
Karnataka,Belagavi,Belagavi,16.73,75.07,2023-01-11,28.3,13.9,49.6,0.0,0.2,0.0,No_Alert
Karnataka,Belagavi,Belagavi,16.73,75.07,2023-01-13,25.5,12.8,45.9,0.0,0.2,0.0,No_Alert
Karnataka,Belagavi,Belagavi,16.73,75.07,2023-01-15,26.0,11.6,44.3,0.0,0.2,0.0,No_Alert
Karnataka,Belagavi,Belagavi,16.73,75.07,2023-01-17,26.3,14.0,50.3,0.0,0.2,0.0,No_Alert
Karnataka,Belagavi,Belagavi,16.73,75.07,2023-01-19,27.6,16.2,43.0,0.0,0.2,0.0,No_Alert
Karnataka,Belagavi,Belagavi,16.73,75.07,2023-01-21,26.6,14.2,48.6,0.0,0.2,0.0,No_Alert
Karnataka,Belagavi,Belagavi,16.73,75.07,2023-01-23,32.1,16.9,46.9,0.0,0.2,0.0,No_Alert
Karnataka,Belagavi,Belagavi,16.73,75.07,2023-01-25,27.5,15.1,48.5,0.1,0.2,0.0,No_Alert
Karnataka,Belagavi,Belagavi,16.73,75.07,2023-01-27,30.1,15.8,53.0,0.0,0.2,0.0,No_Alert
Karnataka,Belagavi,Belagavi,16.73,75.07,2023-01-29,29.0,15.9,44.1,0.0,0.2,0.0,No_Alert
Karnataka,Belagavi,Belagavi,16.73,75.07,2023-01-31,28.8,16.3,41.7,0.0,0.2,0.0,No_Alert
Karnataka,Belagavi,Belagavi,16.73,75.07,2023-02-02,31.2,20.1,52.0,0.0,0.2,0.0,No_Alert
Karnataka,Belagavi,Belagavi,16.73,75.07,2023-02-04,31.2,20.7,49.3,0.2,0.2,0.0,No_Alert
Karnataka,Belagavi,Belagavi,16.73,75.07,2023-02-06,31.0,19.3,45.3,0.0,0.2,0.0,No_Alert
Karnataka,Belagavi,Belagavi,16.73,75.07,2023-02-08,33.2,22.0,50.2,0.0,0.2,0.0,No_Alert
Karnataka,Belagavi,Belagavi,16.73,75.07,2023-02-10,33.9,22.4,47.6,0.4,0.2,0.0,No_Alert
Karnataka,Belagavi,Belagavi,16.73,75.07,2023-02-12,32.1,18.7,49.1,0.0,0.2,0.0,No_Alert
Karnataka,Belagavi,Belagavi,16.73,75.07,2023-02-14,33.9,18.4,50.4,0.0,0.2,0.0,No_Alert
Karnataka,Belagavi,Belagavi,16.73,75.07,2023-02-16,35.2,19.4,43.5,0.0,0.2,0.0,No_Alert
Karnataka,Belagavi,Belagavi,16.73,75.07,2023-02-18,33.1,17.6,49.8,0.0,0.2,0.0,No_Alert
Karnataka,Belagavi,Belagavi,16.73,75.07,2023-02-20,32.9,22.2,53.8,0.0,0.2,0.0,No_Alert
Karnataka,Belagavi,Belagavi,16.73,75.07,2023-02-22,35.1,20.6,50.6,0.0,0.2,0.0,No_Alert
Karnataka,Belagavi,Belagavi,16.73,75.07,2023-02-24,34.6,21.7,41.0,0.0,0.2,0.0,No_Alert
Karnataka,Belagavi,Belagavi,16.73,75.07,2023-02-26,37.1,25.5,46.1,0.0,0.2,0.0,No_Alert
Karnataka,Belagavi,Belagavi,16.73,75.07,2023-02-28,36.7,19.6,47.5,0.0,0.2,0.0,No_Alert
Karnataka,Belagavi,Belagavi,16.73,75.07,2023-03-02,36.5,21.3,49.2,0.0,0.2,0.0,No_Alert
Karnataka,Belagavi,Belagavi,16.73,75.07,2023-03-04,33.0,24.6,38.9,0.0,0.2,0.0,No_Alert
Karnataka,Belagavi,Belagavi,16.73,75.07,2023-03-06,38.3,23.2,51.6,0.0,0.2,0.0,No_Alert
Karnataka,Belagavi,Belagavi,16.73,75.07,2023-03-08,37.4,24.9,53.0,0.0,0.2,0.0,No_Alert
Karnataka,Belagavi,Belagavi,16.73,75.07,2023-03-10,38.4,21.1,44.6,0.0,0.2,0.0,No_Alert
Karnataka,Belagavi,Belagavi,16.73,75.07,2023-03-12,38.0,22.4,51.4,0.0,0.2,0.0,No_Alert
Karnataka,Belagavi,Belagavi,16.73,75.07,2023-03-14,38.2,22.5,49.0,0.2,0.2,0.0,No_Alert
Karnataka,Belagavi,Belagavi,16.73,75.07,2023-03-16,37.7,25.4,38.7,0.0,0.2,0.0,No_Alert
Karnataka,Belagavi,Belagavi,16.73,75.07,2023-03-18,40.2,24.8,44.6,0.0,0.2,0.0,No_Alert
Karnataka,Belagavi,Belagavi,16.73,75.07,2023-03-20,40.6,24.1,54.1,0.0,0.2,0.0,No_Alert
Karnataka,Belagavi,Belagavi,16.73,75.07,2023-03-22,37.3,23.9,48.2,0.4,0.2,0.0,No_Alert
Karnataka,Belagavi,Belagavi,16.73,75.07,2023-03-24,41.1,29.6,53.0,0.0,0.2,0.0,No_Alert
Karnataka,Belagavi,Belagavi,16.73,75.07,2023-03-26,40.2,28.7,53.9,0.1,0.2,0.0,No_Alert
Karnataka,Belagavi,Belagavi,16.73,75.07,2023-03-28,43.4,30.1,39.0,0.0,0.2,0.0,No_Alert
Karnataka,Belagavi,Belagavi,16.73,75.07,2023-03-30,42.5,28.0,52.4,0.0,0.2,0.0,No_Alert
Karnataka,Belagavi,Belagavi,16.73,75.07,2023-04-01,42.7,27.1,46.7,0.3,0.2,0.0,No_Alert
Karnataka,Belagavi,Belagavi,16.73,75.07,2023-04-03,41.3,25.2,51.7,0.0,0.2,0.0,No_Alert
Karnataka,Belagavi,Belagavi,16.73,75.07,2023-04-05,41.6,28.8,49.8,0.0,0.2,0.0,No_Alert
Karnataka,Belagavi,Belagavi,16.73,75.07,2023-04-07,39.5,29.1,43.4,0.3,0.2,0.0,No_Alert
Karnataka,Belagavi,Belagavi,16.73,75.07,2023-04-09,38.6,29.1,39.9,0.0,0.2,0.0,No_Alert
Karnataka,Belagavi,Belagavi,16.73,75.07,2023-04-11,44.8,29.6,53.7,0.0,0.2,0.0,No_Alert
Karnataka,Belagavi,Belagavi,16.73,75.07,2023-04-13,42.0,27.1,41.1,0.0,0.2,0.0,No_Alert
Karnataka,Belagavi,Belagavi,16.73,75.07,2023-04-15,42.2,29.8,53.5,0.3,0.2,0.0,No_Alert
Karnataka,Belagavi,Belagavi,16.73,75.07,2023-04-17,45.4,30.0,47.3,0.0,0.2,0.0,No_Alert
Karnataka,Belagavi,Belagavi,16.73,75.07,2023-04-19,43.3,31.3,54.1,0.2,0.2,0.0,No_Alert
Karnataka,Belagavi,Belagavi,16.73,75.07,2023-04-21,43.8,32.6,46.5,0.0,0.2,0.0,No_Alert
Karnataka,Belagavi,Belagavi,16.73,75.07,2023-04-23,43.9,31.3,48.6,0.0,0.2,0.0,No_Alert
Karnataka,Belagavi,Belagavi,16.73,75.07,2023-04-25,44.4,29.9,40.4,0.1,0.2,0.0,No_Alert
Karnataka,Belagavi,Belagavi,16.73,75.07,2023-04-27,46.2,33.2,40.1,0.0,0.2,0.0,No_Alert
Karnataka,Belagavi,Belagavi,16.73,75.07,2023-04-29,45.5,29.2,44.5,0.1,0.2,0.0,No_Alert
Karnataka,Belagavi,Belagavi,16.73,75.07,2023-05-01,43.6,31.3,43.3,0.0,0.2,0.0,No_Alert
Karnataka,Belagavi,Belagavi,16.73,75.07,2023-05-03,47.3,30.5,41.2,0.0,0.2,0.0,No_Alert
Karnataka,Belagavi,Belagavi,16.73,75.07,2023-05-05,45.5,31.7,38.2,0.0,0.2,0.0,No_Alert
Karnataka,Belagavi,Belagavi,16.73,75.07,2023-05-07,43.8,29.1,40.9,0.4,0.2,0.0,No_Alert
Karnataka,Belagavi,Belagavi,16.73,75.07,2023-05-09,42.3,33.2,48.0,0.0,0.2,0.0,No_Alert
Karnataka,Belagavi,Belagavi,16.73,75.07,2023-05-11,43.1,32.7,50.1,0.0,0.2,0.0,No_Alert
Karnataka,Belagavi,Belagavi,16.73,75.07,2023-05-13,46.5,33.9,51.9,0.0,0.2,0.0,No_Alert
Karnataka,Belagavi,Belagavi,16.73,75.07,2023-05-15,42.8,28.7,53.9,0.0,0.2,0.0,No_Alert
Karnataka,Belagavi,Belagavi,16.73,75.07,2023-05-17,43.3,29.8,53.8,0.0,0.2,0.0,No_Alert
Karnataka,Belagavi,Belagavi,16.73,75.07,2023-05-19,43.9,28.2,47.5,0.0,0.2,0.0,No_Alert
Karnataka,Belagavi,Belagavi,16.73,75.07,2023-05-21,47.3,34.2,42.6,0.0,0.2,0.0,No_Alert
Karnataka,Belagavi,Belagavi,16.73,75.07,2023-05-23,45.7,32.7,47.4,0.0,0.2,0.0,No_Alert
Karnataka,Belagavi,Belagavi,16.73,75.07,2023-05-25,44.4,31.2,39.7,0.2,0.2,0.0,No_Alert
Karnataka,Belagavi,Belagavi,16.73,75.07,2023-05-27,42.0,31.8,43.3,0.0,0.2,0.0,No_Alert
Karnataka,Belagavi,Belagavi,16.73,75.07,2023-05-29,43.9,30.1,51.1,0.0,0.2,0.0,No_Alert
Karnataka,Belagavi,Belagavi,16.73,75.07,2023-05-31,45.7,30.1,52.9,0.0,0.2,0.0,No_Alert
Karnataka,Belagavi,Belagavi,16.73,75.07,2023-06-02,41.8,29.9,50.7,0.0,2.6,-100.0,No_Alert
Karnataka,Belagavi,Belagavi,16.73,75.07,2023-06-04,45.1,32.0,65.0,1.5,2.9,-48.3,No_Alert
Karnataka,Belagavi,Belagavi,16.73,75.07,2023-06-06,43.6,31.7,55.1,1.2,3.2,-62.5,No_Alert
Karnataka,Belagavi,Belagavi,16.73,75.07,2023-06-08,41.6,28.9,65.6,0.4,3.4,-88.2,No_Alert
Karnataka,Belagavi,Belagavi,16.73,75.07,2023-06-10,41.0,30.9,55.8,0.0,3.7,-100.0,No_Alert
Karnataka,Belagavi,Belagavi,16.73,75.07,2023-06-12,43.3,29.9,60.6,3.6,4.0,-10.0,No_Alert
Karnataka,Belagavi,Belagavi,16.73,75.07,2023-06-14,41.8,31.5,66.9,0.0,4.3,-100.0,No_Alert
Karnataka,Belagavi,Belagavi,16.73,75.07,2023-06-16,41.1,31.5,71.1,0.0,4.5,-100.0,No_Alert
Karnataka,Belagavi,Belagavi,16.73,75.07,2023-06-18,43.6,26.3,73.7,0.0,4.8,-100.0,No_Alert
Karnataka,Belagavi,Belagavi,16.73,75.07,2023-06-20,43.8,31.6,71.8,1.4,5.0,-72.0,No_Alert
Karnataka,Belagavi,Belagavi,16.73,75.07,2023-06-22,39.0,26.2,68.4,10.0,5.3,88.7,No_Alert
Karnataka,Belagavi,Belagavi,16.73,75.07,2023-06-24,40.3,25.9,66.2,5.4,5.5,-1.8,No_Alert
Karnataka,Belagavi,Belagavi,16.73,75.07,2023-06-26,43.4,26.5,68.0,3.7,5.7,-35.1,No_Alert
Karnataka,Belagavi,Belagavi,16.73,75.07,2023-06-28,41.8,29.4,79.6,10.4,6.0,73.3,No_Alert
Karnataka,Belagavi,Belagavi,16.73,75.07,2023-06-30,39.6,26.5,78.3,13.2,6.2,112.9,No_Alert
Karnataka,Belagavi,Belagavi,16.73,75.07,2023-07-02,39.7,26.1,81.9,0.0,6.4,-100.0,No_Alert
Karnataka,Belagavi,Belagavi,16.73,75.07,2023-07-04,41.9,26.6,80.0,9.2,6.6,39.4,No_Alert
Karnataka,Belagavi,Belagavi,16.73,75.07,2023-07-06,39.8,25.0,84.4,2.0,6.7,-70.1,No_Alert
Karnataka,Belagavi,Belagavi,16.73,75.07,2023-07-08,41.0,25.5,82.0,5.3,6.9,-23.2,No_Alert
Karnataka,Belagavi,Belagavi,16.73,75.07,2023-07-10,39.4,24.0,81.0,0.0,7.1,-100.0,No_Alert
Karnataka,Belagavi,Belagavi,16.73,75.07,2023-07-12,41.4,26.3,84.5,0.0,7.2,-100.0,No_Alert
Karnataka,Belagavi,Belagavi,16.73,75.07,2023-07-14,38.9,28.6,87.3,15.7,7.3,115.1,No_Alert
Karnataka,Belagavi,Belagavi,16.73,75.07,2023-07-16,39.9,26.1,82.7,0.0,7.5,-100.0,No_Alert
Karnataka,Belagavi,Belagavi,16.73,75.07,2023-07-18,37.3,26.7,86.9,0.0,7.6,-100.0,No_Alert
Karnataka,Belagavi,Belagavi,16.73,75.07,2023-07-20,38.1,23.6,85.1,0.0,7.7,-100.0,No_Alert
Karnataka,Belagavi,Belagavi,16.73,75.07,2023-07-22,36.3,22.8,90.5,0.0,7.7,-100.0,No_Alert
Karnataka,Belagavi,Belagavi,16.73,75.07,2023-07-24,38.5,24.4,80.5,0.0,7.8,-100.0,No_Alert
Karnataka,Belagavi,Belagavi,16.73,75.07,2023-07-26,37.3,23.5,86.1,4.7,7.8,-39.7,No_Alert
Karnataka,Belagavi,Belagavi,16.73,75.07,2023-07-28,36.6,21.1,82.0,8.9,7.9,12.7,No_Alert
Karnataka,Belagavi,Belagavi,16.73,75.07,2023-07-30,37.0,22.0,87.6,0.0,7.9,-100.0,No_Alert
Karnataka,Belagavi,Belagavi,16.73,75.07,2023-08-01,34.3,21.7,80.0,0.0,7.9,-100.0,No_Alert
Karnataka,Belagavi,Belagavi,16.73,75.07,2023-08-03,35.9,19.1,87.3,3.3,7.9,-58.2,No_Alert
Karnataka,Belagavi,Belagavi,16.73,75.07,2023-08-05,34.8,21.4,90.2,0.0,7.9,-100.0,No_Alert
Karnataka,Belagavi,Belagavi,16.73,75.07,2023-08-07,33.4,22.0,75.2,0.0,7.8,-100.0,No_Alert
Karnataka,Belagavi,Belagavi,16.73,75.07,2023-08-09,34.1,21.8,84.7,9.2,7.8,17.9,No_Alert
Karnataka,Belagavi,Belagavi,16.73,75.07,2023-08-11,35.9,19.1,78.7,0.0,7.7,-100.0,No_Alert
Karnataka,Belagavi,Belagavi,16.73,75.07,2023-08-13,34.1,20.4,79.7,12.8,7.6,68.4,No_Alert
Karnataka,Belagavi,Belagavi,16.73,75.07,2023-08-15,34.4,23.9,76.1,0.0,7.5,-100.0,No_Alert
Karnataka,Belagavi,Belagavi,16.73,75.07,2023-08-17,32.5,18.0,81.8,0.0,7.4,-100.0,No_Alert
Karnataka,Belagavi,Belagavi,16.73,75.07,2023-08-19,34.1,18.1,73.9,5.2,7.3,-28.8,No_Alert
Karnataka,Belagavi,Belagavi,16.73,75.07,2023-08-21,34.0,17.5,79.9,15.6,7.1,119.7,No_Alert
Karnataka,Belagavi,Belagavi,16.73,75.07,2023-08-23,29.6,15.0,84.9,8.8,7.0,25.7,No_Alert
Karnataka,Belagavi,Belagavi,16.73,75.07,2023-08-25,32.3,19.1,75.7,2.1,6.8,-69.1,No_Alert
Karnataka,Belagavi,Belagavi,16.73,75.07,2023-08-27,32.1,16.7,70.6,0.0,6.7,-100.0,No_Alert
Karnataka,Belagavi,Belagavi,16.73,75.07,2023-08-29,29.1,14.5,76.3,10.0,6.5,53.8,No_Alert
Karnataka,Belagavi,Belagavi,16.73,75.07,2023-08-31,29.4,18.7,82.8,0.0,6.3,-100.0,No_Alert
Karnataka,Belagavi,Belagavi,16.73,75.07,2023-09-02,28.9,17.3,71.9,0.0,6.1,-100.0,No_Alert
Karnataka,Belagavi,Belagavi,16.73,75.07,2023-09-04,26.6,16.9,70.2,5.7,5.9,-3.4,No_Alert
Karnataka,Belagavi,Belagavi,16.73,75.07,2023-09-06,27.8,18.8,72.9,1.1,5.6,-80.4,No_Alert
Karnataka,Belagavi,Belagavi,16.73,75.07,2023-09-08,26.2,15.2,78.6,3.1,5.4,-42.6,No_Alert
Karnataka,Belagavi,Belagavi,16.73,75.07,2023-09-10,25.1,14.0,78.1,0.0,5.2,-100.0,No_Alert
Karnataka,Belagavi,Belagavi,16.73,75.07,2023-09-12,28.0,12.0,66.4,1.4,4.9,-71.4,No_Alert
Karnataka,Belagavi,Belagavi,16.73,75.07,2023-09-14,26.1,15.7,63.6,0.0,4.7,-100.0,No_Alert
Karnataka,Belagavi,Belagavi,16.73,75.07,2023-09-16,25.4,13.8,68.9,0.0,4.4,-100.0,No_Alert
Karnataka,Belagavi,Belagavi,16.73,75.07,2023-09-18,26.5,13.1,67.4,0.0,4.1,-100.0,No_Alert
Karnataka,Belagavi,Belagavi,16.73,75.07,2023-09-20,24.1,11.2,57.3,0.0,3.9,-100.0,No_Alert
Karnataka,Belagavi,Belagavi,16.73,75.07,2023-09-22,24.6,15.2,64.2,0.0,3.6,-100.0,No_Alert
Karnataka,Belagavi,Belagavi,16.73,75.07,2023-09-24,27.3,11.3,53.1,1.4,3.3,-57.6,No_Alert
Karnataka,Belagavi,Belagavi,16.73,75.07,2023-09-26,27.7,12.8,65.5,1.3,3.0,-56.7,No_Alert
Karnataka,Belagavi,Belagavi,16.73,75.07,2023-09-28,23.4,9.5,64.6,4.5,2.7,66.7,No_Alert
Karnataka,Belagavi,Belagavi,16.73,75.07,2023-09-30,25.3,9.2,65.0,0.0,2.5,-100.0,No_Alert
Karnataka,Belagavi,Belagavi,16.73,75.07,2023-10-02,23.4,11.6,38.9,0.0,0.2,0.0,No_Alert
Karnataka,Belagavi,Belagavi,16.73,75.07,2023-10-04,22.1,9.7,41.0,0.0,0.2,0.0,No_Alert
Karnataka,Belagavi,Belagavi,16.73,75.07,2023-10-06,24.2,10.2,44.1,0.0,0.2,0.0,No_Alert
Karnataka,Belagavi,Belagavi,16.73,75.07,2023-10-08,24.3,12.1,40.1,0.0,0.2,0.0,No_Alert
Karnataka,Belagavi,Belagavi,16.73,75.07,2023-10-10,22.8,9.1,50.0,0.0,0.2,0.0,No_Alert
Karnataka,Belagavi,Belagavi,16.73,75.07,2023-10-12,21.9,11.1,44.3,0.0,0.2,0.0,No_Alert
Karnataka,Belagavi,Belagavi,16.73,75.07,2023-10-14,21.4,7.1,46.1,0.3,0.2,0.0,No_Alert
Karnataka,Belagavi,Belagavi,16.73,75.07,2023-10-16,21.8,9.1,43.9,0.0,0.2,0.0,No_Alert
Karnataka,Belagavi,Belagavi,16.73,75.07,2023-10-18,25.1,12.3,51.6,0.4,0.2,0.0,No_Alert
Karnataka,Belagavi,Belagavi,16.73,75.07,2023-10-20,22.9,8.7,41.1,0.0,0.2,0.0,No_Alert
Karnataka,Belagavi,Belagavi,16.73,75.07,2023-10-22,21.2,8.6,47.7,0.0,0.2,0.0,No_Alert
Karnataka,Belagavi,Belagavi,16.73,75.07,2023-10-24,20.0,7.2,54.0,0.0,0.2,0.0,No_Alert
Karnataka,Belagavi,Belagavi,16.73,75.07,2023-10-26,19.9,8.2,50.2,0.3,0.2,0.0,No_Alert
Karnataka,Belagavi,Belagavi,16.73,75.07,2023-10-28,22.8,8.5,40.8,0.3,0.2,0.0,No_Alert
Karnataka,Belagavi,Belagavi,16.73,75.07,2023-10-30,22.4,6.7,54.0,0.0,0.2,0.0,No_Alert
Karnataka,Belagavi,Belagavi,16.73,75.07,2023-11-01,19.6,6.8,49.9,0.3,0.2,0.0,No_Alert
Karnataka,Belagavi,Belagavi,16.73,75.07,2023-11-03,19.1,6.7,41.9,0.0,0.2,0.0,No_Alert
Karnataka,Belagavi,Belagavi,16.73,75.07,2023-11-05,22.9,6.7,44.8,0.2,0.2,0.0,No_Alert
Karnataka,Belagavi,Belagavi,16.73,75.07,2023-11-07,18.9,5.9,47.1,0.0,0.2,0.0,No_Alert
Karnataka,Belagavi,Belagavi,16.73,75.07,2023-11-09,22.1,10.8,44.5,0.0,0.2,0.0,No_Alert
Karnataka,Belagavi,Belagavi,16.73,75.07,2023-11-11,19.9,8.7,43.7,0.0,0.2,0.0,No_Alert
Karnataka,Belagavi,Belagavi,16.73,75.07,2023-11-13,22.5,8.3,40.2,0.0,0.2,0.0,No_Alert
Karnataka,Belagavi,Belagavi,16.73,75.07,2023-11-15,19.2,8.1,39.6,0.0,0.2,0.0,No_Alert
Karnataka,Belagavi,Belagavi,16.73,75.07,2023-11-17,21.5,10.0,39.4,0.0,0.2,0.0,No_Alert
Karnataka,Belagavi,Belagavi,16.73,75.07,2023-11-19,20.4,8.2,48.8,0.0,0.2,0.0,No_Alert
Karnataka,Belagavi,Belagavi,16.73,75.07,2023-11-21,21.9,11.9,42.2,0.0,0.2,0.0,No_Alert
Karnataka,Belagavi,Belagavi,16.73,75.07,2023-11-23,20.8,5.8,42.3,0.0,0.2,0.0,No_Alert
Karnataka,Belagavi,Belagavi,16.73,75.07,2023-11-25,23.5,7.1,43.6,0.0,0.2,0.0,No_Alert
Karnataka,Belagavi,Belagavi,16.73,75.07,2023-11-27,18.7,8.1,40.3,0.0,0.2,0.0,No_Alert
Karnataka,Belagavi,Belagavi,16.73,75.07,2023-11-29,18.9,9.7,48.8,0.0,0.2,0.0,No_Alert
Karnataka,Belagavi,Belagavi,16.73,75.07,2023-12-01,20.8,9.8,47.9,0.0,0.2,0.0,No_Alert
Karnataka,Belagavi,Belagavi,16.73,75.07,2023-12-03,24.4,8.5,49.9,0.0,0.2,0.0,No_Alert
Karnataka,Belagavi,Belagavi,16.73,75.07,2023-12-05,25.1,12.0,53.1,0.2,0.2,0.0,No_Alert
Karnataka,Belagavi,Belagavi,16.73,75.07,2023-12-07,20.7,10.5,47.1,0.0,0.2,0.0,No_Alert
Karnataka,Belagavi,Belagavi,16.73,75.07,2023-12-09,23.4,9.5,43.3,0.0,0.2,0.0,No_Alert
Karnataka,Belagavi,Belagavi,16.73,75.07,2023-12-11,22.4,7.1,52.2,0.0,0.2,0.0,No_Alert
Karnataka,Belagavi,Belagavi,16.73,75.07,2023-12-13,21.0,10.7,44.8,0.0,0.2,0.0,No_Alert
Karnataka,Belagavi,Belagavi,16.73,75.07,2023-12-15,22.7,10.3,51.1,0.0,0.2,0.0,No_Alert
Karnataka,Belagavi,Belagavi,16.73,75.07,2023-12-17,26.7,13.6,49.2,0.0,0.2,0.0,No_Alert
Karnataka,Belagavi,Belagavi,16.73,75.07,2023-12-19,26.7,9.4,45.9,0.0,0.2,0.0,No_Alert
Karnataka,Belagavi,Belagavi,16.73,75.07,2023-12-21,24.4,9.2,51.8,0.0,0.2,0.0,No_Alert
Karnataka,Belagavi,Belagavi,16.73,75.07,2023-12-23,22.8,11.8,39.2,0.0,0.2,0.0,No_Alert
Karnataka,Belagavi,Belagavi,16.73,75.07,2023-12-25,25.6,10.7,47.7,0.0,0.2,0.0,No_Alert
Karnataka,Belagavi,Belagavi,16.73,75.07,2023-12-27,25.6,9.1,52.4,0.0,0.2,0.0,No_Alert
Karnataka,Belagavi,Belagavi,16.73,75.07,2023-12-29,24.0,11.7,49.2,0.0,0.2,0.0,No_Alert
Karnataka,Belagavi,Belagavi,16.73,75.07,2023-12-31,23.1,9.4,47.9,0.0,0.2,0.0,No_Alert
Karnataka,Mysuru,Mysuru,12.12,76.68,2023-01-01,31.1,18.3,54.5,0.0,0.2,0.0,No_Alert
Karnataka,Mysuru,Mysuru,12.12,76.68,2023-01-03,29.8,17.1,49.3,0.0,0.2,0.0,No_Alert
Karnataka,Mysuru,Mysuru,12.12,76.68,2023-01-05,25.1,16.0,49.4,0.0,0.2,0.0,No_Alert
Karnataka,Mysuru,Mysuru,12.12,76.68,2023-01-07,27.8,17.0,56.5,0.1,0.2,0.0,No_Alert
Karnataka,Mysuru,Mysuru,12.12,76.68,2023-01-09,29.0,13.7,49.5,0.4,0.2,0.0,No_Alert
Karnataka,Mysuru,Mysuru,12.12,76.68,2023-01-11,31.1,16.6,46.0,0.0,0.2,0.0,No_Alert
Karnataka,Mysuru,Mysuru,12.12,76.68,2023-01-13,31.2,16.7,56.0,0.0,0.2,0.0,No_Alert
Karnataka,Mysuru,Mysuru,12.12,76.68,2023-01-15,30.6,17.1,54.4,0.0,0.2,0.0,No_Alert
Karnataka,Mysuru,Mysuru,12.12,76.68,2023-01-17,32.7,19.2,43.7,0.0,0.2,0.0,No_Alert
Karnataka,Mysuru,Mysuru,12.12,76.68,2023-01-19,30.0,20.7,44.7,0.4,0.2,0.0,No_Alert
Karnataka,Mysuru,Mysuru,12.12,76.68,2023-01-21,28.6,17.1,52.2,0.0,0.2,0.0,No_Alert
Karnataka,Mysuru,Mysuru,12.12,76.68,2023-01-23,34.5,17.7,49.1,0.0,0.2,0.0,No_Alert
Karnataka,Mysuru,Mysuru,12.12,76.68,2023-01-25,34.9,20.7,43.2,0.2,0.2,0.0,No_Alert
Karnataka,Mysuru,Mysuru,12.12,76.68,2023-01-27,33.9,18.1,56.4,0.0,0.2,0.0,No_Alert
Karnataka,Mysuru,Mysuru,12.12,76.68,2023-01-29,30.8,20.4,48.9,0.0,0.2,0.0,No_Alert
Karnataka,Mysuru,Mysuru,12.12,76.68,2023-01-31,34.9,22.1,55.7,0.0,0.2,0.0,No_Alert
Karnataka,Mysuru,Mysuru,12.12,76.68,2023-02-02,32.8,18.9,57.8,0.0,0.2,0.0,No_Alert
Karnataka,Mysuru,Mysuru,12.12,76.68,2023-02-04,36.2,18.5,45.1,0.0,0.2,0.0,No_Alert
Karnataka,Mysuru,Mysuru,12.12,76.68,2023-02-06,33.4,20.0,46.1,0.0,0.2,0.0,No_Alert
Karnataka,Mysuru,Mysuru,12.12,76.68,2023-02-08,33.8,16.8,55.4,0.0,0.2,0.0,No_Alert
Karnataka,Mysuru,Mysuru,12.12,76.68,2023-02-10,33.7,23.7,51.8,0.0,0.2,0.0,No_Alert
Karnataka,Mysuru,Mysuru,12.12,76.68,2023-02-12,34.7,19.9,58.1,0.0,0.2,0.0,No_Alert
Karnataka,Mysuru,Mysuru,12.12,76.68,2023-02-14,31.3,18.1,57.2,0.0,0.2,0.0,No_Alert
Karnataka,Mysuru,Mysuru,12.12,76.68,2023-02-16,35.5,21.9,54.0,0.0,0.2,0.0,No_Alert
Karnataka,Mysuru,Mysuru,12.12,76.68,2023-02-18,35.4,22.0,57.9,0.0,0.2,0.0,No_Alert
Karnataka,Mysuru,Mysuru,12.12,76.68,2023-02-20,33.6,21.6,58.1,0.0,0.2,0.0,No_Alert
Karnataka,Mysuru,Mysuru,12.12,76.68,2023-02-22,36.9,21.6,44.4,0.0,0.2,0.0,No_Alert
Karnataka,Mysuru,Mysuru,12.12,76.68,2023-02-24,34.6,22.8,49.2,0.0,0.2,0.0,No_Alert
Karnataka,Mysuru,Mysuru,12.12,76.68,2023-02-26,33.9,21.5,46.7,0.0,0.2,0.0,No_Alert
Karnataka,Mysuru,Mysuru,12.12,76.68,2023-02-28,38.6,22.9,54.4,0.0,0.2,0.0,No_Alert
Karnataka,Mysuru,Mysuru,12.12,76.68,2023-03-02,38.1,25.4,45.5,0.4,0.2,0.0,No_Alert
Karnataka,Mysuru,Mysuru,12.12,76.68,2023-03-04,39.7,23.6,45.0,0.0,0.2,0.0,No_Alert
Karnataka,Mysuru,Mysuru,12.12,76.68,2023-03-06,38.6,24.9,49.7,0.0,0.2,0.0,No_Alert
Karnataka,Mysuru,Mysuru,12.12,76.68,2023-03-08,36.2,24.3,48.5,0.0,0.2,0.0,No_Alert
Karnataka,Mysuru,Mysuru,12.12,76.68,2023-03-10,36.8,25.0,50.4,0.0,0.2,0.0,No_Alert
Karnataka,Mysuru,Mysuru,12.12,76.68,2023-03-12,41.5,24.6,48.0,0.0,0.2,0.0,No_Alert
Karnataka,Mysuru,Mysuru,12.12,76.68,2023-03-14,40.1,26.0,55.8,0.0,0.2,0.0,No_Alert
Karnataka,Mysuru,Mysuru,12.12,76.68,2023-03-16,38.9,24.7,54.3,0.0,0.2,0.0,No_Alert
Karnataka,Mysuru,Mysuru,12.12,76.68,2023-03-18,37.5,23.7,43.8,0.0,0.2,0.0,No_Alert
Karnataka,Mysuru,Mysuru,12.12,76.68,2023-03-20,39.5,27.6,43.3,0.0,0.2,0.0,No_Alert
Karnataka,Mysuru,Mysuru,12.12,76.68,2023-03-22,43.3,26.4,55.3,0.0,0.2,0.0,No_Alert
Karnataka,Mysuru,Mysuru,12.12,76.68,2023-03-24,41.0,25.6,46.4,0.0,0.2,0.0,No_Alert
Karnataka,Mysuru,Mysuru,12.12,76.68,2023-03-26,37.9,28.2,51.0,0.0,0.2,0.0,No_Alert
Karnataka,Mysuru,Mysuru,12.12,76.68,2023-03-28,43.1,27.2,51.3,0.0,0.2,0.0,No_Alert
Karnataka,Mysuru,Mysuru,12.12,76.68,2023-03-30,40.7,24.5,56.1,0.0,0.2,0.0,No_Alert
Karnataka,Mysuru,Mysuru,12.12,76.68,2023-04-01,39.5,27.1,58.7,0.0,0.2,0.0,No_Alert
Karnataka,Mysuru,Mysuru,12.12,76.68,2023-04-03,41.8,30.1,44.6,0.0,0.2,0.0,No_Alert
Karnataka,Mysuru,Mysuru,12.12,76.68,2023-04-05,39.3,28.6,57.9,0.0,0.2,0.0,No_Alert
Karnataka,Mysuru,Mysuru,12.12,76.68,2023-04-07,42.4,29.7,59.0,0.0,0.2,0.0,No_Alert
Karnataka,Mysuru,Mysuru,12.12,76.68,2023-04-09,38.7,30.0,51.9,0.0,0.2,0.0,No_Alert
Karnataka,Mysuru,Mysuru,12.12,76.68,2023-04-11,40.7,26.8,52.3,0.0,0.2,0.0,No_Alert
Karnataka,Mysuru,Mysuru,12.12,76.68,2023-04-13,44.0,29.1,44.8,0.0,0.2,0.0,No_Alert
Karnataka,Mysuru,Mysuru,12.12,76.68,2023-04-15,43.2,28.4,51.7,0.0,0.2,0.0,No_Alert
Karnataka,Mysuru,Mysuru,12.12,76.68,2023-04-17,41.5,31.4,51.9,0.0,0.2,0.0,No_Alert
Karnataka,Mysuru,Mysuru,12.12,76.68,2023-04-19,40.7,30.4,45.6,0.0,0.2,0.0,No_Alert
Karnataka,Mysuru,Mysuru,12.12,76.68,2023-04-21,44.3,30.5,51.8,0.0,0.2,0.0,No_Alert
Karnataka,Mysuru,Mysuru,12.12,76.68,2023-04-23,46.5,30.0,52.8,0.0,0.2,0.0,No_Alert
Karnataka,Mysuru,Mysuru,12.12,76.68,2023-04-25,46.2,32.2,45.8,0.0,0.2,0.0,No_Alert
Karnataka,Mysuru,Mysuru,12.12,76.68,2023-04-27,41.7,28.4,56.7,0.0,0.2,0.0,No_Alert
Karnataka,Mysuru,Mysuru,12.12,76.68,2023-04-29,44.8,32.3,44.5,0.0,0.2,0.0,No_Alert
Karnataka,Mysuru,Mysuru,12.12,76.68,2023-05-01,42.6,31.7,50.9,0.0,0.2,0.0,No_Alert
Karnataka,Mysuru,Mysuru,12.12,76.68,2023-05-03,46.6,29.3,48.9,0.0,0.2,0.0,No_Alert
Karnataka,Mysuru,Mysuru,12.12,76.68,2023-05-05,42.4,29.9,57.9,0.0,0.2,0.0,No_Alert
Karnataka,Mysuru,Mysuru,12.12,76.68,2023-05-07,44.5,32.5,55.1,0.0,0.2,0.0,No_Alert
Karnataka,Mysuru,Mysuru,12.12,76.68,2023-05-09,42.8,31.5,56.7,0.0,0.2,0.0,No_Alert
Karnataka,Mysuru,Mysuru,12.12,76.68,2023-05-11,45.9,30.8,45.9,0.0,0.2,0.0,No_Alert
Karnataka,Mysuru,Mysuru,12.12,76.68,2023-05-13,41.5,27.2,48.5,0.0,0.2,0.0,No_Alert
Karnataka,Mysuru,Mysuru,12.12,76.68,2023-05-15,41.3,31.6,47.6,0.4,0.2,0.0,No_Alert
Karnataka,Mysuru,Mysuru,12.12,76.68,2023-05-17,41.5,29.9,45.1,0.0,0.2,0.0,No_Alert
Karnataka,Mysuru,Mysuru,12.12,76.68,2023-05-19,44.6,28.9,47.5,0.0,0.2,0.0,No_Alert
Karnataka,Mysuru,Mysuru,12.12,76.68,2023-05-21,44.7,32.4,48.7,0.4,0.2,0.0,No_Alert
Karnataka,Mysuru,Mysuru,12.12,76.68,2023-05-23,41.2,27.9,59.1,0.0,0.2,0.0,No_Alert
Karnataka,Mysuru,Mysuru,12.12,76.68,2023-05-25,44.2,31.5,48.5,0.0,0.2,0.0,No_Alert
Karnataka,Mysuru,Mysuru,12.12,76.68,2023-05-27,43.4,28.6,44.9,0.0,0.2,0.0,No_Alert
Karnataka,Mysuru,Mysuru,12.12,76.68,2023-05-29,42.4,29.5,53.3,0.0,0.2,0.0,No_Alert
Karnataka,Mysuru,Mysuru,12.12,76.68,2023-05-31,41.8,27.8,46.0,0.0,0.2,0.0,No_Alert
Karnataka,Mysuru,Mysuru,12.12,76.68,2023-06-02,42.4,31.5,70.2,3.8,2.3,65.2,No_Alert
Karnataka,Mysuru,Mysuru,12.12,76.68,2023-06-04,45.0,32.0,64.5,0.0,2.6,-100.0,No_Alert
Karnataka,Mysuru,Mysuru,12.12,76.68,2023-06-06,44.2,31.6,64.8,0.0,2.8,-100.0,No_Alert
Karnataka,Mysuru,Mysuru,12.12,76.68,2023-06-08,39.9,30.0,67.1,0.0,3.1,-100.0,No_Alert
Karnataka,Mysuru,Mysuru,12.12,76.68,2023-06-10,42.2,28.8,64.5,3.7,3.3,12.1,No_Alert
Karnataka,Mysuru,Mysuru,12.12,76.68,2023-06-12,44.3,31.4,65.1,1.9,3.6,-47.2,No_Alert
Karnataka,Mysuru,Mysuru,12.12,76.68,2023-06-14,45.2,28.9,70.7,0.0,3.8,-100.0,No_Alert
Karnataka,Mysuru,Mysuru,12.12,76.68,2023-06-16,45.0,31.4,65.8,8.6,4.0,115.0,No_Alert
Karnataka,Mysuru,Mysuru,12.12,76.68,2023-06-18,39.5,26.6,72.6,0.0,4.3,-100.0,No_Alert
Karnataka,Mysuru,Mysuru,12.12,76.68,2023-06-20,39.7,27.6,73.0,0.0,4.5,-100.0,No_Alert
Karnataka,Mysuru,Mysuru,12.12,76.68,2023-06-22,40.7,29.6,76.5,0.0,4.7,-100.0,No_Alert
Karnataka,Mysuru,Mysuru,12.12,76.68,2023-06-24,40.4,26.9,69.4,0.7,4.9,-85.7,No_Alert
Karnataka,Mysuru,Mysuru,12.12,76.68,2023-06-26,41.8,30.4,81.6,10.4,5.1,103.9,No_Alert
Karnataka,Mysuru,Mysuru,12.12,76.68,2023-06-28,43.1,26.1,73.3,0.0,5.3,-100.0,No_Alert
Karnataka,Mysuru,Mysuru,12.12,76.68,2023-06-30,42.2,26.7,80.8,0.0,5.5,-100.0,No_Alert
Karnataka,Mysuru,Mysuru,12.12,76.68,2023-07-02,40.1,26.5,84.1,0.0,5.7,-100.0,No_Alert
Karnataka,Mysuru,Mysuru,12.12,76.68,2023-07-04,42.8,25.7,79.0,2.5,5.8,-56.9,No_Alert
Karnataka,Mysuru,Mysuru,12.12,76.68,2023-07-06,38.6,25.1,76.1,0.0,6.0,-100.0,No_Alert
Karnataka,Mysuru,Mysuru,12.12,76.68,2023-07-08,41.7,24.6,87.0,11.0,6.1,80.3,No_Alert
Karnataka,Mysuru,Mysuru,12.12,76.68,2023-07-10,36.6,26.8,87.4,0.0,6.3,-100.0,No_Alert
Karnataka,Mysuru,Mysuru,12.12,76.68,2023-07-12,38.2,24.9,83.8,2.0,6.4,-68.8,No_Alert
Karnataka,Mysuru,Mysuru,12.12,76.68,2023-07-14,41.0,28.6,77.9,0.0,6.5,-100.0,No_Alert
Karnataka,Mysuru,Mysuru,12.12,76.68,2023-07-16,41.9,29.3,78.7,5.7,6.6,-13.6,No_Alert
Karnataka,Mysuru,Mysuru,12.12,76.68,2023-07-18,41.8,24.5,86.0,13.2,6.7,97.0,No_Alert
Karnataka,Mysuru,Mysuru,12.12,76.68,2023-07-20,34.9,25.3,90.8,0.0,6.8,-100.0,No_Alert
Karnataka,Mysuru,Mysuru,12.12,76.68,2023-07-22,39.5,24.0,90.3,0.0,6.9,-100.0,No_Alert
Karnataka,Mysuru,Mysuru,12.12,76.68,2023-07-24,39.6,22.9,81.5,9.6,6.9,39.1,No_Alert
Karnataka,Mysuru,Mysuru,12.12,76.68,2023-07-26,39.3,23.7,80.3,1.0,7.0,-85.7,No_Alert
Karnataka,Mysuru,Mysuru,12.12,76.68,2023-07-28,40.9,26.4,91.1,13.9,7.0,98.6,No_Alert
Karnataka,Mysuru,Mysuru,12.12,76.68,2023-07-30,39.0,23.9,94.9,14.4,7.0,105.7,No_Alert
Karnataka,Mysuru,Mysuru,12.12,76.68,2023-08-01,34.4,24.0,88.5,0.0,7.0,-100.0,No_Alert
Karnataka,Mysuru,Mysuru,12.12,76.68,2023-08-03,38.1,23.3,85.3,0.0,7.0,-100.0,No_Alert
Karnataka,Mysuru,Mysuru,12.12,76.68,2023-08-05,36.3,23.8,92.5,0.0,7.0,-100.0,No_Alert
Karnataka,Mysuru,Mysuru,12.12,76.68,2023-08-07,37.5,23.3,95.9,0.0,6.9,-100.0,No_Alert
Karnataka,Mysuru,Mysuru,12.12,76.68,2023-08-09,38.3,22.5,83.7,9.5,6.9,37.7,No_Alert
Karnataka,Mysuru,Mysuru,12.12,76.68,2023-08-11,34.0,21.8,80.2,0.0,6.8,-100.0,No_Alert
Karnataka,Mysuru,Mysuru,12.12,76.68,2023-08-13,35.9,20.6,95.0,4.1,6.8,-39.7,No_Alert
Karnataka,Mysuru,Mysuru,12.12,76.68,2023-08-15,34.7,22.1,90.8,0.0,6.7,-100.0,No_Alert
Karnataka,Mysuru,Mysuru,12.12,76.68,2023-08-17,36.5,22.4,80.2,14.1,6.6,113.6,No_Alert
Karnataka,Mysuru,Mysuru,12.12,76.68,2023-08-19,32.9,21.2,86.2,0.0,6.5,-100.0,No_Alert
Karnataka,Mysuru,Mysuru,12.12,76.68,2023-08-21,34.4,23.4,82.5,11.5,6.3,82.5,No_Alert
Karnataka,Mysuru,Mysuru,12.12,76.68,2023-08-23,36.0,23.7,85.8,6.2,6.2,0.0,No_Alert
Karnataka,Mysuru,Mysuru,12.12,76.68,2023-08-25,32.7,17.6,85.0,0.0,6.1,-100.0,No_Alert
Karnataka,Mysuru,Mysuru,12.12,76.68,2023-08-27,31.8,18.1,81.5,0.0,5.9,-100.0,No_Alert
Karnataka,Mysuru,Mysuru,12.12,76.68,2023-08-29,32.3,21.7,89.2,0.0,5.8,-100.0,No_Alert
Karnataka,Mysuru,Mysuru,12.12,76.68,2023-08-31,33.8,22.0,79.4,4.4,5.6,-21.4,No_Alert
Karnataka,Mysuru,Mysuru,12.12,76.68,2023-09-02,30.8,17.9,73.5,0.0,5.4,-100.0,No_Alert
Karnataka,Mysuru,Mysuru,12.12,76.68,2023-09-04,34.0,17.4,78.0,0.0,5.2,-100.0,No_Alert
Karnataka,Mysuru,Mysuru,12.12,76.68,2023-09-06,32.4,19.0,71.3,0.0,5.0,-100.0,No_Alert
Karnataka,Mysuru,Mysuru,12.12,76.68,2023-09-08,28.9,17.2,73.7,0.0,4.8,-100.0,No_Alert
Karnataka,Mysuru,Mysuru,12.12,76.68,2023-09-10,30.9,16.8,80.0,3.1,4.6,-32.6,No_Alert
Karnataka,Mysuru,Mysuru,12.12,76.68,2023-09-12,31.7,18.9,66.8,2.7,4.4,-38.6,No_Alert
Karnataka,Mysuru,Mysuru,12.12,76.68,2023-09-14,30.8,20.1,72.0,4.5,4.1,9.8,No_Alert
Karnataka,Mysuru,Mysuru,12.12,76.68,2023-09-16,30.5,15.2,67.3,6.2,3.9,59.0,No_Alert
Karnataka,Mysuru,Mysuru,12.12,76.68,2023-09-18,27.5,19.1,65.3,0.0,3.7,-100.0,No_Alert
Karnataka,Mysuru,Mysuru,12.12,76.68,2023-09-20,30.7,14.5,62.6,0.0,3.4,-100.0,No_Alert
Karnataka,Mysuru,Mysuru,12.12,76.68,2023-09-22,29.7,14.6,64.5,4.0,3.2,25.0,No_Alert
Karnataka,Mysuru,Mysuru,12.12,76.68,2023-09-24,28.9,16.5,59.9,0.3,2.9,-89.7,No_Alert
Karnataka,Mysuru,Mysuru,12.12,76.68,2023-09-26,28.1,16.3,59.2,0.0,2.7,-100.0,No_Alert
Karnataka,Mysuru,Mysuru,12.12,76.68,2023-09-28,28.1,14.4,64.5,0.0,2.4,-100.0,No_Alert
Karnataka,Mysuru,Mysuru,12.12,76.68,2023-09-30,28.3,13.2,68.9,3.7,2.2,68.2,No_Alert
Karnataka,Mysuru,Mysuru,12.12,76.68,2023-10-02,25.5,15.2,51.8,0.0,0.2,0.0,No_Alert
Karnataka,Mysuru,Mysuru,12.12,76.68,2023-10-04,28.6,17.3,53.0,0.0,0.2,0.0,No_Alert
Karnataka,Mysuru,Mysuru,12.12,76.68,2023-10-06,27.4,13.1,47.3,0.0,0.2,0.0,No_Alert
Karnataka,Mysuru,Mysuru,12.12,76.68,2023-10-08,25.9,13.2,55.0,0.0,0.2,0.0,No_Alert
Karnataka,Mysuru,Mysuru,12.12,76.68,2023-10-10,26.8,14.5,57.1,0.0,0.2,0.0,No_Alert
Karnataka,Mysuru,Mysuru,12.12,76.68,2023-10-12,28.2,15.7,43.7,0.0,0.2,0.0,No_Alert
Karnataka,Mysuru,Mysuru,12.12,76.68,2023-10-14,26.4,15.9,47.9,0.0,0.2,0.0,No_Alert
Karnataka,Mysuru,Mysuru,12.12,76.68,2023-10-16,28.8,14.4,50.8,0.0,0.2,0.0,No_Alert
Karnataka,Mysuru,Mysuru,12.12,76.68,2023-10-18,28.5,14.1,43.5,0.0,0.2,0.0,No_Alert
Karnataka,Mysuru,Mysuru,12.12,76.68,2023-10-20,25.6,12.8,50.2,0.0,0.2,0.0,No_Alert
Karnataka,Mysuru,Mysuru,12.12,76.68,2023-10-22,24.6,14.1,47.5,0.0,0.2,0.0,No_Alert
Karnataka,Mysuru,Mysuru,12.12,76.68,2023-10-24,28.2,13.5,47.8,0.4,0.2,0.0,No_Alert
Karnataka,Mysuru,Mysuru,12.12,76.68,2023-10-26,25.2,14.3,45.2,0.0,0.2,0.0,No_Alert
Karnataka,Mysuru,Mysuru,12.12,76.68,2023-10-28,23.7,12.6,53.7,0.0,0.2,0.0,No_Alert
Karnataka,Mysuru,Mysuru,12.12,76.68,2023-10-30,23.9,12.3,51.6,0.0,0.2,0.0,No_Alert
Karnataka,Mysuru,Mysuru,12.12,76.68,2023-11-01,24.4,12.8,48.1,0.0,0.2,0.0,No_Alert
Karnataka,Mysuru,Mysuru,12.12,76.68,2023-11-03,28.8,12.6,51.7,0.0,0.2,0.0,No_Alert
Karnataka,Mysuru,Mysuru,12.12,76.68,2023-11-05,28.7,11.8,51.8,0.0,0.2,0.0,No_Alert
Karnataka,Mysuru,Mysuru,12.12,76.68,2023-11-07,24.6,10.2,56.9,0.1,0.2,0.0,No_Alert
Karnataka,Mysuru,Mysuru,12.12,76.68,2023-11-09,24.5,11.6,58.6,0.0,0.2,0.0,No_Alert
Karnataka,Mysuru,Mysuru,12.12,76.68,2023-11-11,25.4,9.4,43.4,0.0,0.2,0.0,No_Alert
Karnataka,Mysuru,Mysuru,12.12,76.68,2023-11-13,22.9,10.2,47.3,0.0,0.2,0.0,No_Alert
Karnataka,Mysuru,Mysuru,12.12,76.68,2023-11-15,25.5,16.1,54.0,0.0,0.2,0.0,No_Alert
Karnataka,Mysuru,Mysuru,12.12,76.68,2023-11-17,22.4,13.4,47.0,0.0,0.2,0.0,No_Alert
Karnataka,Mysuru,Mysuru,12.12,76.68,2023-11-19,26.9,11.2,56.1,0.0,0.2,0.0,No_Alert
Karnataka,Mysuru,Mysuru,12.12,76.68,2023-11-21,27.1,13.2,57.2,0.0,0.2,0.0,No_Alert
Karnataka,Mysuru,Mysuru,12.12,76.68,2023-11-23,26.4,13.6,57.4,0.0,0.2,0.0,No_Alert
Karnataka,Mysuru,Mysuru,12.12,76.68,2023-11-25,28.4,15.6,52.0,0.0,0.2,0.0,No_Alert
Karnataka,Mysuru,Mysuru,12.12,76.68,2023-11-27,24.0,15.0,43.5,0.0,0.2,0.0,No_Alert
Karnataka,Mysuru,Mysuru,12.12,76.68,2023-11-29,26.4,14.2,45.8,0.0,0.2,0.0,No_Alert
Karnataka,Mysuru,Mysuru,12.12,76.68,2023-12-01,26.9,14.5,53.4,0.0,0.2,0.0,No_Alert
Karnataka,Mysuru,Mysuru,12.12,76.68,2023-12-03,25.6,11.7,51.5,0.0,0.2,0.0,No_Alert
Karnataka,Mysuru,Mysuru,12.12,76.68,2023-12-05,26.2,14.4,55.3,0.0,0.2,0.0,No_Alert
Karnataka,Mysuru,Mysuru,12.12,76.68,2023-12-07,29.0,13.9,48.7,0.0,0.2,0.0,No_Alert
Karnataka,Mysuru,Mysuru,12.12,76.68,2023-12-09,26.1,13.9,46.7,0.0,0.2,0.0,No_Alert
Karnataka,Mysuru,Mysuru,12.12,76.68,2023-12-11,27.3,16.1,52.5,0.3,0.2,0.0,No_Alert
Karnataka,Mysuru,Mysuru,12.12,76.68,2023-12-13,27.1,12.2,47.6,0.0,0.2,0.0,No_Alert
Karnataka,Mysuru,Mysuru,12.12,76.68,2023-12-15,24.2,13.8,47.8,0.0,0.2,0.0,No_Alert
Karnataka,Mysuru,Mysuru,12.12,76.68,2023-12-17,29.8,14.8,49.4,0.0,0.2,0.0,No_Alert
Karnataka,Mysuru,Mysuru,12.12,76.68,2023-12-19,24.6,16.0,50.7,0.4,0.2,0.0,No_Alert
Karnataka,Mysuru,Mysuru,12.12,76.68,2023-12-21,28.1,15.1,46.6,0.0,0.2,0.0,No_Alert
Karnataka,Mysuru,Mysuru,12.12,76.68,2023-12-23,28.8,16.7,47.0,0.0,0.2,0.0,No_Alert
Karnataka,Mysuru,Mysuru,12.12,76.68,2023-12-25,25.8,16.5,56.5,0.1,0.2,0.0,No_Alert
Karnataka,Mysuru,Mysuru,12.12,76.68,2023-12-27,28.5,14.5,48.8,0.0,0.2,0.0,No_Alert
Karnataka,Mysuru,Mysuru,12.12,76.68,2023-12-29,31.3,17.3,47.7,0.0,0.2,0.0,No_Alert
Karnataka,Mysuru,Mysuru,12.12,76.68,2023-12-31,29.8,13.9,50.0,0.0,0.2,0.0,No_Alert
Andhra Pradesh,Guntur,Guntur,16.24,80.64,2023-01-01,26.0,12.0,46.2,0.0,0.3,0.0,No_Alert
Andhra Pradesh,Guntur,Guntur,16.24,80.64,2023-01-03,27.0,11.9,45.1,0.0,0.3,0.0,No_Alert
Andhra Pradesh,Guntur,Guntur,16.24,80.64,2023-01-05,25.0,14.5,39.0,0.0,0.3,0.0,No_Alert
Andhra Pradesh,Guntur,Guntur,16.24,80.64,2023-01-07,24.0,10.0,50.1,0.0,0.3,0.0,No_Alert
Andhra Pradesh,Guntur,Guntur,16.24,80.64,2023-01-09,26.1,16.9,39.9,0.0,0.3,0.0,No_Alert
Andhra Pradesh,Guntur,Guntur,16.24,80.64,2023-01-11,26.1,14.5,44.9,0.0,0.3,0.0,No_Alert
Andhra Pradesh,Guntur,Guntur,16.24,80.64,2023-01-13,28.0,15.5,38.5,0.4,0.3,0.0,No_Alert
Andhra Pradesh,Guntur,Guntur,16.24,80.64,2023-01-15,27.9,13.7,52.2,0.0,0.3,0.0,No_Alert
Andhra Pradesh,Guntur,Guntur,16.24,80.64,2023-01-17,28.1,16.4,51.9,0.0,0.3,0.0,No_Alert
Andhra Pradesh,Guntur,Guntur,16.24,80.64,2023-01-19,26.8,16.2,41.3,0.0,0.3,0.0,No_Alert
Andhra Pradesh,Guntur,Guntur,16.24,80.64,2023-01-21,27.4,14.0,48.3,0.2,0.3,0.0,No_Alert
Andhra Pradesh,Guntur,Guntur,16.24,80.64,2023-01-23,29.2,18.0,42.7,0.5,0.3,0.0,No_Alert
Andhra Pradesh,Guntur,Guntur,16.24,80.64,2023-01-25,30.6,19.3,48.7,0.0,0.3,0.0,No_Alert
Andhra Pradesh,Guntur,Guntur,16.24,80.64,2023-01-27,27.7,13.7,52.4,0.2,0.3,0.0,No_Alert
Andhra Pradesh,Guntur,Guntur,16.24,80.64,2023-01-29,29.4,15.1,46.6,0.0,0.3,0.0,No_Alert
Andhra Pradesh,Guntur,Guntur,16.24,80.64,2023-01-31,32.7,20.2,49.2,0.0,0.3,0.0,No_Alert
Andhra Pradesh,Guntur,Guntur,16.24,80.64,2023-02-02,32.5,19.0,41.5,0.0,0.3,0.0,No_Alert
Andhra Pradesh,Guntur,Guntur,16.24,80.64,2023-02-04,33.0,17.9,47.8,0.4,0.3,0.0,No_Alert
Andhra Pradesh,Guntur,Guntur,16.24,80.64,2023-02-06,30.5,17.8,46.5,0.0,0.3,0.0,No_Alert
Andhra Pradesh,Guntur,Guntur,16.24,80.64,2023-02-08,32.2,19.5,44.2,0.0,0.3,0.0,No_Alert
Andhra Pradesh,Guntur,Guntur,16.24,80.64,2023-02-10,32.9,19.8,51.4,0.0,0.3,0.0,No_Alert
Andhra Pradesh,Guntur,Guntur,16.24,80.64,2023-02-12,30.3,17.8,47.3,0.0,0.3,0.0,No_Alert
Andhra Pradesh,Guntur,Guntur,16.24,80.64,2023-02-14,35.4,20.0,39.9,0.0,0.3,0.0,No_Alert
Andhra Pradesh,Guntur,Guntur,16.24,80.64,2023-02-16,36.2,20.2,41.8,0.0,0.3,0.0,No_Alert
Andhra Pradesh,Guntur,Guntur,16.24,80.64,2023-02-18,33.6,18.9,47.0,0.4,0.3,0.0,No_Alert
Andhra Pradesh,Guntur,Guntur,16.24,80.64,2023-02-20,35.3,22.3,40.3,0.0,0.3,0.0,No_Alert
Andhra Pradesh,Guntur,Guntur,16.24,80.64,2023-02-22,35.6,18.2,42.4,0.0,0.3,0.0,No_Alert
Andhra Pradesh,Guntur,Guntur,16.24,80.64,2023-02-24,31.6,21.3,51.8,0.0,0.3,0.0,No_Alert
Andhra Pradesh,Guntur,Guntur,16.24,80.64,2023-02-26,35.3,20.9,49.6,0.0,0.3,0.0,No_Alert
Andhra Pradesh,Guntur,Guntur,16.24,80.64,2023-02-28,37.3,23.9,43.0,0.0,0.3,0.0,No_Alert
Andhra Pradesh,Guntur,Guntur,16.24,80.64,2023-03-02,36.4,23.6,41.0,0.0,0.3,0.0,No_Alert
Andhra Pradesh,Guntur,Guntur,16.24,80.64,2023-03-04,39.5,25.2,41.6,0.1,0.3,0.0,No_Alert
Andhra Pradesh,Guntur,Guntur,16.24,80.64,2023-03-06,38.2,21.2,42.9,0.0,0.3,0.0,No_Alert
Andhra Pradesh,Guntur,Guntur,16.24,80.64,2023-03-08,37.6,25.0,49.3,0.0,0.3,0.0,No_Alert
Andhra Pradesh,Guntur,Guntur,16.24,80.64,2023-03-10,40.7,27.4,40.6,0.0,0.3,0.0,No_Alert
Andhra Pradesh,Guntur,Guntur,16.24,80.64,2023-03-12,37.6,22.3,49.5,0.0,0.3,0.0,No_Alert
Andhra Pradesh,Guntur,Guntur,16.24,80.64,2023-03-14,38.3,25.3,39.1,0.0,0.3,0.0,No_Alert
Andhra Pradesh,Guntur,Guntur,16.24,80.64,2023-03-16,36.9,25.3,46.3,0.0,0.3,0.0,No_Alert
Andhra Pradesh,Guntur,Guntur,16.24,80.64,2023-03-18,37.6,25.9,48.6,0.0,0.3,0.0,No_Alert
Andhra Pradesh,Guntur,Guntur,16.24,80.64,2023-03-20,39.5,27.8,50.3,0.0,0.3,0.0,No_Alert
Andhra Pradesh,Guntur,Guntur,16.24,80.64,2023-03-22,36.1,24.0,40.9,0.0,0.3,0.0,No_Alert
Andhra Pradesh,Guntur,Guntur,16.24,80.64,2023-03-24,40.9,26.5,43.4,0.0,0.3,0.0,No_Alert
Andhra Pradesh,Guntur,Guntur,16.24,80.64,2023-03-26,39.5,24.7,41.2,0.0,0.3,0.0,No_Alert
Andhra Pradesh,Guntur,Guntur,16.24,80.64,2023-03-28,39.6,24.9,46.6,0.0,0.3,0.0,No_Alert
Andhra Pradesh,Guntur,Guntur,16.24,80.64,2023-03-30,42.1,27.4,40.5,0.0,0.3,0.0,No_Alert
Andhra Pradesh,Guntur,Guntur,16.24,80.64,2023-04-01,39.6,27.8,46.7,0.1,0.3,0.0,No_Alert
Andhra Pradesh,Guntur,Guntur,16.24,80.64,2023-04-03,42.3,26.5,48.9,0.0,0.3,0.0,No_Alert
Andhra Pradesh,Guntur,Guntur,16.24,80.64,2023-04-05,38.4,29.5,52.3,0.0,0.3,0.0,No_Alert
Andhra Pradesh,Guntur,Guntur,16.24,80.64,2023-04-07,42.0,30.9,45.6,0.5,0.3,0.0,No_Alert
Andhra Pradesh,Guntur,Guntur,16.24,80.64,2023-04-09,43.6,30.0,47.5,0.0,0.3,0.0,No_Alert
Andhra Pradesh,Guntur,Guntur,16.24,80.64,2023-04-11,42.5,26.7,43.1,0.0,0.3,0.0,No_Alert
Andhra Pradesh,Guntur,Guntur,16.24,80.64,2023-04-13,41.8,31.8,43.1,0.0,0.3,0.0,No_Alert
Andhra Pradesh,Guntur,Guntur,16.24,80.64,2023-04-15,44.5,29.6,48.7,0.0,0.3,0.0,No_Alert
Andhra Pradesh,Guntur,Guntur,16.24,80.64,2023-04-17,41.5,31.7,44.4,0.0,0.3,0.0,No_Alert
Andhra Pradesh,Guntur,Guntur,16.24,80.64,2023-04-19,44.4,30.8,45.9,0.0,0.3,0.0,No_Alert
Andhra Pradesh,Guntur,Guntur,16.24,80.64,2023-04-21,43.5,29.8,48.2,0.0,0.3,0.0,No_Alert
Andhra Pradesh,Guntur,Guntur,16.24,80.64,2023-04-23,44.0,28.6,40.5,0.0,0.3,0.0,No_Alert
Andhra Pradesh,Guntur,Guntur,16.24,80.64,2023-04-25,45.6,32.4,50.7,0.5,0.3,0.0,No_Alert
Andhra Pradesh,Guntur,Guntur,16.24,80.64,2023-04-27,41.6,31.2,39.6,0.0,0.3,0.0,No_Alert
Andhra Pradesh,Guntur,Guntur,16.24,80.64,2023-04-29,44.4,29.8,54.1,0.0,0.3,0.0,No_Alert
Andhra Pradesh,Guntur,Guntur,16.24,80.64,2023-05-01,42.8,32.1,44.2,0.0,0.3,0.0,No_Alert
Andhra Pradesh,Guntur,Guntur,16.24,80.64,2023-05-03,42.4,28.2,50.9,0.0,0.3,0.0,No_Alert
Andhra Pradesh,Guntur,Guntur,16.24,80.64,2023-05-05,41.7,28.7,51.9,0.0,0.3,0.0,No_Alert
Andhra Pradesh,Guntur,Guntur,16.24,80.64,2023-05-07,41.1,31.6,50.7,0.0,0.3,0.0,No_Alert
Andhra Pradesh,Guntur,Guntur,16.24,80.64,2023-05-09,43.8,29.7,38.9,0.0,0.3,0.0,No_Alert
Andhra Pradesh,Guntur,Guntur,16.24,80.64,2023-05-11,45.6,33.3,49.7,0.0,0.3,0.0,No_Alert
Andhra Pradesh,Guntur,Guntur,16.24,80.64,2023-05-13,44.2,30.4,53.4,0.3,0.3,0.0,No_Alert
Andhra Pradesh,Guntur,Guntur,16.24,80.64,2023-05-15,43.5,28.0,49.2,0.0,0.3,0.0,No_Alert
Andhra Pradesh,Guntur,Guntur,16.24,80.64,2023-05-17,44.4,32.9,42.4,0.0,0.3,0.0,No_Alert
Andhra Pradesh,Guntur,Guntur,16.24,80.64,2023-05-19,42.4,29.8,48.9,0.0,0.3,0.0,No_Alert
Andhra Pradesh,Guntur,Guntur,16.24,80.64,2023-05-21,43.4,34.2,51.2,0.0,0.3,0.0,No_Alert
Andhra Pradesh,Guntur,Guntur,16.24,80.64,2023-05-23,45.2,34.7,38.9,0.5,0.3,0.0,No_Alert
Andhra Pradesh,Guntur,Guntur,16.24,80.64,2023-05-25,43.6,30.6,50.0,0.0,0.3,0.0,No_Alert
Andhra Pradesh,Guntur,Guntur,16.24,80.64,2023-05-27,43.4,30.7,49.3,0.0,0.3,0.0,No_Alert
Andhra Pradesh,Guntur,Guntur,16.24,80.64,2023-05-29,43.2,30.5,45.1,0.0,0.3,0.0,No_Alert
Andhra Pradesh,Guntur,Guntur,16.24,80.64,2023-05-31,44.8,28.3,48.5,0.0,0.3,0.0,No_Alert
Andhra Pradesh,Guntur,Guntur,16.24,80.64,2023-06-02,42.9,31.5,61.2,2.2,2.8,-21.4,No_Alert
Andhra Pradesh,Guntur,Guntur,16.24,80.64,2023-06-04,42.3,27.4,66.9,6.6,3.0,120.0,No_Alert
Andhra Pradesh,Guntur,Guntur,16.24,80.64,2023-06-06,43.2,32.7,66.6,3.4,3.3,3.0,No_Alert
Andhra Pradesh,Guntur,Guntur,16.24,80.64,2023-06-08,46.4,30.2,68.4,0.0,3.6,-100.0,No_Alert
Andhra Pradesh,Guntur,Guntur,16.24,80.64,2023-06-10,46.8,33.4,61.8,0.0,3.9,-100.0,No_Alert
Andhra Pradesh,Guntur,Guntur,16.24,80.64,2023-06-12,43.0,28.8,70.1,7.8,4.2,85.7,No_Alert
Andhra Pradesh,Guntur,Guntur,16.24,80.64,2023-06-14,40.9,27.6,63.2,7.0,4.5,55.6,No_Alert
Andhra Pradesh,Guntur,Guntur,16.24,80.64,2023-06-16,43.7,29.9,61.1,10.6,4.8,120.8,No_Alert
Andhra Pradesh,Guntur,Guntur,16.24,80.64,2023-06-18,40.2,29.9,69.7,2.3,5.0,-54.0,No_Alert
Andhra Pradesh,Guntur,Guntur,16.24,80.64,2023-06-20,41.2,30.2,64.7,0.0,5.3,-100.0,No_Alert
Andhra Pradesh,Guntur,Guntur,16.24,80.64,2023-06-22,41.8,28.1,73.4,3.5,5.6,-37.5,No_Alert
Andhra Pradesh,Guntur,Guntur,16.24,80.64,2023-06-24,40.9,30.1,69.1,2.2,5.8,-62.1,No_Alert
Andhra Pradesh,Guntur,Guntur,16.24,80.64,2023-06-26,38.2,25.8,78.6,13.4,6.1,119.7,No_Alert
Andhra Pradesh,Guntur,Guntur,16.24,80.64,2023-06-28,43.7,30.2,68.4,6.5,6.3,3.2,No_Alert
Andhra Pradesh,Guntur,Guntur,16.24,80.64,2023-06-30,41.8,25.4,78.6,5.2,6.5,-20.0,No_Alert
Andhra Pradesh,Guntur,Guntur,16.24,80.64,2023-07-02,42.2,28.5,74.4,0.0,6.7,-100.0,No_Alert
Andhra Pradesh,Guntur,Guntur,16.24,80.64,2023-07-04,38.4,27.7,83.4,0.0,6.9,-100.0,No_Alert
Andhra Pradesh,Guntur,Guntur,16.24,80.64,2023-07-06,40.2,28.0,82.9,2.4,7.1,-66.2,No_Alert
Andhra Pradesh,Guntur,Guntur,16.24,80.64,2023-07-08,38.0,26.5,79.0,0.0,7.3,-100.0,No_Alert
Andhra Pradesh,Guntur,Guntur,16.24,80.64,2023-07-10,41.3,24.4,77.6,0.5,7.5,-93.3,No_Alert
Andhra Pradesh,Guntur,Guntur,16.24,80.64,2023-07-12,37.3,26.5,85.4,0.0,7.6,-100.0,No_Alert
Andhra Pradesh,Guntur,Guntur,16.24,80.64,2023-07-14,40.9,26.5,83.0,0.0,7.7,-100.0,No_Alert
Andhra Pradesh,Guntur,Guntur,16.24,80.64,2023-07-16,37.0,26.3,77.0,16.8,7.9,112.7,No_Alert
Andhra Pradesh,Guntur,Guntur,16.24,80.64,2023-07-18,35.8,26.7,88.4,0.0,8.0,-100.0,No_Alert
Andhra Pradesh,Guntur,Guntur,16.24,80.64,2023-07-20,35.3,22.4,82.6,0.0,8.1,-100.0,No_Alert
Andhra Pradesh,Guntur,Guntur,16.24,80.64,2023-07-22,39.4,25.3,79.9,0.2,8.2,-97.6,No_Alert
Andhra Pradesh,Guntur,Guntur,16.24,80.64,2023-07-24,36.4,25.4,76.4,0.0,8.2,-100.0,No_Alert
Andhra Pradesh,Guntur,Guntur,16.24,80.64,2023-07-26,34.6,25.4,88.3,0.0,8.3,-100.0,No_Alert
Andhra Pradesh,Guntur,Guntur,16.24,80.64,2023-07-28,36.8,26.0,82.4,0.0,8.3,-100.0,No_Alert
Andhra Pradesh,Guntur,Guntur,16.24,80.64,2023-07-30,33.8,24.6,84.0,5.3,8.3,-36.1,No_Alert
Andhra Pradesh,Guntur,Guntur,16.24,80.64,2023-08-01,38.2,24.0,75.9,15.6,8.3,88.0,No_Alert
Andhra Pradesh,Guntur,Guntur,16.24,80.64,2023-08-03,34.8,22.9,88.2,0.0,8.3,-100.0,No_Alert
Andhra Pradesh,Guntur,Guntur,16.24,80.64,2023-08-05,31.6,18.7,84.4,14.4,8.3,73.5,No_Alert
Andhra Pradesh,Guntur,Guntur,16.24,80.64,2023-08-07,37.4,23.2,87.6,0.0,8.2,-100.0,No_Alert
Andhra Pradesh,Guntur,Guntur,16.24,80.64,2023-08-09,34.6,23.9,78.7,17.3,8.2,111.0,No_Alert
Andhra Pradesh,Guntur,Guntur,16.24,80.64,2023-08-11,32.3,18.5,76.4,0.0,8.1,-100.0,No_Alert
Andhra Pradesh,Guntur,Guntur,16.24,80.64,2023-08-13,35.0,21.6,82.5,0.0,8.0,-100.0,No_Alert
Andhra Pradesh,Guntur,Guntur,16.24,80.64,2023-08-15,35.3,19.3,82.6,0.0,7.9,-100.0,No_Alert
Andhra Pradesh,Guntur,Guntur,16.24,80.64,2023-08-17,32.1,21.3,81.1,0.0,7.8,-100.0,No_Alert
Andhra Pradesh,Guntur,Guntur,16.24,80.64,2023-08-19,33.9,21.1,87.8,5.9,7.7,-23.4,No_Alert
Andhra Pradesh,Guntur,Guntur,16.24,80.64,2023-08-21,33.1,19.1,72.2,2.3,7.5,-69.3,No_Alert
Andhra Pradesh,Guntur,Guntur,16.24,80.64,2023-08-23,29.5,19.8,84.5,14.5,7.4,95.9,No_Alert
Andhra Pradesh,Guntur,Guntur,16.24,80.64,2023-08-25,31.6,18.1,76.4,4.0,7.2,-44.4,No_Alert
Andhra Pradesh,Guntur,Guntur,16.24,80.64,2023-08-27,30.9,18.1,79.4,0.0,7.0,-100.0,No_Alert
Andhra Pradesh,Guntur,Guntur,16.24,80.64,2023-08-29,28.1,17.7,68.8,0.0,6.8,-100.0,No_Alert
Andhra Pradesh,Guntur,Guntur,16.24,80.64,2023-08-31,29.8,15.1,72.1,0.0,6.6,-100.0,No_Alert
Andhra Pradesh,Guntur,Guntur,16.24,80.64,2023-09-02,33.1,19.1,71.2,0.0,6.4,-100.0,No_Alert
Andhra Pradesh,Guntur,Guntur,16.24,80.64,2023-09-04,30.3,14.9,71.7,0.0,6.2,-100.0,No_Alert
Andhra Pradesh,Guntur,Guntur,16.24,80.64,2023-09-06,31.4,18.0,70.4,0.0,5.9,-100.0,No_Alert
Andhra Pradesh,Guntur,Guntur,16.24,80.64,2023-09-08,28.6,15.2,78.4,10.5,5.7,84.2,No_Alert
Andhra Pradesh,Guntur,Guntur,16.24,80.64,2023-09-10,28.0,14.0,74.8,0.0,5.4,-100.0,No_Alert
Andhra Pradesh,Guntur,Guntur,16.24,80.64,2023-09-12,30.9,16.8,68.8,10.1,5.2,94.2,No_Alert
Andhra Pradesh,Guntur,Guntur,16.24,80.64,2023-09-14,27.2,13.6,66.9,4.7,4.9,-4.1,No_Alert
Andhra Pradesh,Guntur,Guntur,16.24,80.64,2023-09-16,28.9,16.3,65.5,0.0,4.6,-100.0,No_Alert
Andhra Pradesh,Guntur,Guntur,16.24,80.64,2023-09-18,28.0,14.2,65.9,0.0,4.4,-100.0,No_Alert
Andhra Pradesh,Guntur,Guntur,16.24,80.64,2023-09-20,25.5,11.2,59.5,0.0,4.1,-100.0,No_Alert
Andhra Pradesh,Guntur,Guntur,16.24,80.64,2023-09-22,24.6,14.9,62.8,0.0,3.8,-100.0,No_Alert
Andhra Pradesh,Guntur,Guntur,16.24,80.64,2023-09-24,23.9,10.8,59.9,5.9,3.5,68.6,No_Alert
Andhra Pradesh,Guntur,Guntur,16.24,80.64,2023-09-26,26.3,12.0,51.9,0.0,3.2,-100.0,No_Alert
Andhra Pradesh,Guntur,Guntur,16.24,80.64,2023-09-28,25.0,13.4,56.1,2.6,2.9,-10.3,No_Alert
Andhra Pradesh,Guntur,Guntur,16.24,80.64,2023-09-30,27.1,14.7,64.0,2.5,2.6,-3.8,No_Alert
Andhra Pradesh,Guntur,Guntur,16.24,80.64,2023-10-02,25.4,13.7,43.6,0.0,0.3,0.0,No_Alert
Andhra Pradesh,Guntur,Guntur,16.24,80.64,2023-10-04,26.3,11.6,53.8,0.0,0.3,0.0,No_Alert
Andhra Pradesh,Guntur,Guntur,16.24,80.64,2023-10-06,24.8,12.5,38.8,0.0,0.3,0.0,No_Alert
Andhra Pradesh,Guntur,Guntur,16.24,80.64,2023-10-08,25.6,11.2,54.0,0.0,0.3,0.0,No_Alert
Andhra Pradesh,Guntur,Guntur,16.24,80.64,2023-10-10,22.8,12.0,38.5,0.0,0.3,0.0,No_Alert
Andhra Pradesh,Guntur,Guntur,16.24,80.64,2023-10-12,22.6,9.6,39.1,0.0,0.3,0.0,No_Alert
Andhra Pradesh,Guntur,Guntur,16.24,80.64,2023-10-14,24.9,9.3,43.0,0.0,0.3,0.0,No_Alert
Andhra Pradesh,Guntur,Guntur,16.24,80.64,2023-10-16,23.4,9.0,46.6,0.0,0.3,0.0,No_Alert
Andhra Pradesh,Guntur,Guntur,16.24,80.64,2023-10-18,24.2,13.0,38.4,0.1,0.3,0.0,No_Alert
Andhra Pradesh,Guntur,Guntur,16.24,80.64,2023-10-20,23.3,11.0,48.7,0.0,0.3,0.0,No_Alert
Andhra Pradesh,Guntur,Guntur,16.24,80.64,2023-10-22,23.3,8.3,53.3,0.0,0.3,0.0,No_Alert
Andhra Pradesh,Guntur,Guntur,16.24,80.64,2023-10-24,22.6,9.7,51.6,0.0,0.3,0.0,No_Alert
Andhra Pradesh,Guntur,Guntur,16.24,80.64,2023-10-26,20.2,10.1,43.7,0.0,0.3,0.0,No_Alert
Andhra Pradesh,Guntur,Guntur,16.24,80.64,2023-10-28,22.2,9.3,39.0,0.0,0.3,0.0,No_Alert
Andhra Pradesh,Guntur,Guntur,16.24,80.64,2023-10-30,23.4,8.2,40.6,0.0,0.3,0.0,No_Alert
Andhra Pradesh,Guntur,Guntur,16.24,80.64,2023-11-01,19.7,7.9,40.3,0.0,0.3,0.0,No_Alert
Andhra Pradesh,Guntur,Guntur,16.24,80.64,2023-11-03,21.9,7.2,42.7,0.0,0.3,0.0,No_Alert
Andhra Pradesh,Guntur,Guntur,16.24,80.64,2023-11-05,21.2,10.0,46.5,0.0,0.3,0.0,No_Alert
Andhra Pradesh,Guntur,Guntur,16.24,80.64,2023-11-07,22.0,10.3,48.2,0.1,0.3,0.0,No_Alert
Andhra Pradesh,Guntur,Guntur,16.24,80.64,2023-11-09,23.3,8.0,46.3,0.0,0.3,0.0,No_Alert
Andhra Pradesh,Guntur,Guntur,16.24,80.64,2023-11-11,20.5,9.6,50.7,0.0,0.3,0.0,No_Alert
Andhra Pradesh,Guntur,Guntur,16.24,80.64,2023-11-13,25.2,11.4,51.6,0.0,0.3,0.0,No_Alert
Andhra Pradesh,Guntur,Guntur,16.24,80.64,2023-11-15,19.2,6.2,38.2,0.0,0.3,0.0,No_Alert
Andhra Pradesh,Guntur,Guntur,16.24,80.64,2023-11-17,21.7,12.0,41.9,0.0,0.3,0.0,No_Alert
Andhra Pradesh,Guntur,Guntur,16.24,80.64,2023-11-19,23.7,9.2,41.5,0.0,0.3,0.0,No_Alert
Andhra Pradesh,Guntur,Guntur,16.24,80.64,2023-11-21,20.1,9.8,45.8,0.0,0.3,0.0,No_Alert
Andhra Pradesh,Guntur,Guntur,16.24,80.64,2023-11-23,23.8,7.5,52.7,0.0,0.3,0.0,No_Alert
Andhra Pradesh,Guntur,Guntur,16.24,80.64,2023-11-25,22.6,5.3,38.4,0.0,0.3,0.0,No_Alert
Andhra Pradesh,Guntur,Guntur,16.24,80.64,2023-11-27,21.8,10.9,44.7,0.0,0.3,0.0,No_Alert
Andhra Pradesh,Guntur,Guntur,16.24,80.64,2023-11-29,23.3,10.4,41.6,0.2,0.3,0.0,No_Alert
Andhra Pradesh,Guntur,Guntur,16.24,80.64,2023-12-01,21.8,11.8,44.5,0.0,0.3,0.0,No_Alert
Andhra Pradesh,Guntur,Guntur,16.24,80.64,2023-12-03,24.0,10.9,52.0,0.0,0.3,0.0,No_Alert
Andhra Pradesh,Guntur,Guntur,16.24,80.64,2023-12-05,21.5,7.2,43.6,0.0,0.3,0.0,No_Alert
Andhra Pradesh,Guntur,Guntur,16.24,80.64,2023-12-07,19.7,6.8,40.5,0.0,0.3,0.0,No_Alert
Andhra Pradesh,Guntur,Guntur,16.24,80.64,2023-12-09,24.9,9.8,45.9,0.0,0.3,0.0,No_Alert
Andhra Pradesh,Guntur,Guntur,16.24,80.64,2023-12-11,25.8,12.0,41.8,0.0,0.3,0.0,No_Alert
Andhra Pradesh,Guntur,Guntur,16.24,80.64,2023-12-13,19.5,9.7,41.8,0.3,0.3,0.0,No_Alert
Andhra Pradesh,Guntur,Guntur,16.24,80.64,2023-12-15,21.9,10.9,49.2,0.0,0.3,0.0,No_Alert
Andhra Pradesh,Guntur,Guntur,16.24,80.64,2023-12-17,23.2,10.3,50.5,0.0,0.3,0.0,No_Alert
Andhra Pradesh,Guntur,Guntur,16.24,80.64,2023-12-19,23.5,7.3,52.0,0.0,0.3,0.0,No_Alert
Andhra Pradesh,Guntur,Guntur,16.24,80.64,2023-12-21,25.7,12.0,53.3,0.0,0.3,0.0,No_Alert
Andhra Pradesh,Guntur,Guntur,16.24,80.64,2023-12-23,24.6,13.2,38.6,0.0,0.3,0.0,No_Alert
Andhra Pradesh,Guntur,Guntur,16.24,80.64,2023-12-25,24.1,11.3,53.4,0.0,0.3,0.0,No_Alert
Andhra Pradesh,Guntur,Guntur,16.24,80.64,2023-12-27,26.6,11.3,50.9,0.0,0.3,0.0,No_Alert
Andhra Pradesh,Guntur,Guntur,16.24,80.64,2023-12-29,26.9,13.3,45.9,0.0,0.3,0.0,No_Alert
Andhra Pradesh,Guntur,Guntur,16.24,80.64,2023-12-31,23.1,12.5,52.7,0.3,0.3,0.0,No_Alert
Telangana,Nalgonda,Nalgonda,16.87,79.57,2023-01-01,25.2,13.5,54.2,0.0,0.2,0.0,No_Alert
Telangana,Nalgonda,Nalgonda,16.87,79.57,2023-01-03,27.8,13.2,42.8,0.0,0.2,0.0,No_Alert
Telangana,Nalgonda,Nalgonda,16.87,79.57,2023-01-05,26.6,14.2,43.6,0.0,0.2,0.0,No_Alert
Telangana,Nalgonda,Nalgonda,16.87,79.57,2023-01-07,27.9,11.8,39.5,0.0,0.2,0.0,No_Alert
Telangana,Nalgonda,Nalgonda,16.87,79.57,2023-01-09,29.3,15.0,51.5,0.0,0.2,0.0,No_Alert
Telangana,Nalgonda,Nalgonda,16.87,79.57,2023-01-11,28.8,11.3,44.8,0.0,0.2,0.0,No_Alert
Telangana,Nalgonda,Nalgonda,16.87,79.57,2023-01-13,29.2,13.4,46.7,0.0,0.2,0.0,No_Alert
Telangana,Nalgonda,Nalgonda,16.87,79.57,2023-01-15,27.0,13.2,50.9,0.1,0.2,0.0,No_Alert
Telangana,Nalgonda,Nalgonda,16.87,79.57,2023-01-17,27.4,12.9,49.3,0.0,0.2,0.0,No_Alert
Telangana,Nalgonda,Nalgonda,16.87,79.57,2023-01-19,25.3,12.8,47.4,0.0,0.2,0.0,No_Alert
Telangana,Nalgonda,Nalgonda,16.87,79.57,2023-01-21,27.1,15.6,44.1,0.0,0.2,0.0,No_Alert
Telangana,Nalgonda,Nalgonda,16.87,79.57,2023-01-23,28.8,16.4,38.9,0.0,0.2,0.0,No_Alert
Telangana,Nalgonda,Nalgonda,16.87,79.57,2023-01-25,31.5,14.1,42.1,0.0,0.2,0.0,No_Alert
Telangana,Nalgonda,Nalgonda,16.87,79.57,2023-01-27,27.7,15.6,38.9,0.0,0.2,0.0,No_Alert
Telangana,Nalgonda,Nalgonda,16.87,79.57,2023-01-29,30.7,14.6,52.0,0.0,0.2,0.0,No_Alert
Telangana,Nalgonda,Nalgonda,16.87,79.57,2023-01-31,28.6,16.5,42.8,0.0,0.2,0.0,No_Alert
Telangana,Nalgonda,Nalgonda,16.87,79.57,2023-02-02,34.2,17.4,43.3,0.0,0.2,0.0,No_Alert
Telangana,Nalgonda,Nalgonda,16.87,79.57,2023-02-04,28.3,19.2,45.8,0.0,0.2,0.0,No_Alert
Telangana,Nalgonda,Nalgonda,16.87,79.57,2023-02-06,29.7,17.9,40.8,0.0,0.2,0.0,No_Alert
Telangana,Nalgonda,Nalgonda,16.87,79.57,2023-02-08,35.0,19.4,47.5,0.0,0.2,0.0,No_Alert
Telangana,Nalgonda,Nalgonda,16.87,79.57,2023-02-10,32.9,17.8,53.6,0.0,0.2,0.0,No_Alert
Telangana,Nalgonda,Nalgonda,16.87,79.57,2023-02-12,33.7,19.0,47.0,0.0,0.2,0.0,No_Alert
Telangana,Nalgonda,Nalgonda,16.87,79.57,2023-02-14,31.8,18.4,52.7,0.0,0.2,0.0,No_Alert
Telangana,Nalgonda,Nalgonda,16.87,79.57,2023-02-16,33.4,22.6,47.9,0.0,0.2,0.0,No_Alert
Telangana,Nalgonda,Nalgonda,16.87,79.57,2023-02-18,34.7,21.6,47.6,0.0,0.2,0.0,No_Alert
Telangana,Nalgonda,Nalgonda,16.87,79.57,2023-02-20,31.2,21.5,52.5,0.0,0.2,0.0,No_Alert
Telangana,Nalgonda,Nalgonda,16.87,79.57,2023-02-22,32.9,22.9,42.7,0.0,0.2,0.0,No_Alert
Telangana,Nalgonda,Nalgonda,16.87,79.57,2023-02-24,33.2,20.7,46.7,0.0,0.2,0.0,No_Alert
Telangana,Nalgonda,Nalgonda,16.87,79.57,2023-02-26,33.7,21.3,51.5,0.0,0.2,0.0,No_Alert
Telangana,Nalgonda,Nalgonda,16.87,79.57,2023-02-28,32.1,19.4,49.3,0.0,0.2,0.0,No_Alert
Telangana,Nalgonda,Nalgonda,16.87,79.57,2023-03-02,34.7,21.1,51.5,0.0,0.2,0.0,No_Alert
Telangana,Nalgonda,Nalgonda,16.87,79.57,2023-03-04,33.4,23.3,46.6,0.0,0.2,0.0,No_Alert
Telangana,Nalgonda,Nalgonda,16.87,79.57,2023-03-06,32.9,21.0,46.5,0.0,0.2,0.0,No_Alert
Telangana,Nalgonda,Nalgonda,16.87,79.57,2023-03-08,37.0,20.8,45.4,0.0,0.2,0.0,No_Alert
Telangana,Nalgonda,Nalgonda,16.87,79.57,2023-03-10,36.5,22.5,53.0,0.0,0.2,0.0,No_Alert
Telangana,Nalgonda,Nalgonda,16.87,79.57,2023-03-12,34.3,22.5,49.9,0.0,0.2,0.0,No_Alert
Telangana,Nalgonda,Nalgonda,16.87,79.57,2023-03-14,40.9,27.6,44.8,0.0,0.2,0.0,No_Alert
Telangana,Nalgonda,Nalgonda,16.87,79.57,2023-03-16,37.5,25.3,44.4,0.0,0.2,0.0,No_Alert
Telangana,Nalgonda,Nalgonda,16.87,79.57,2023-03-18,40.1,25.8,39.7,0.2,0.2,0.0,No_Alert
Telangana,Nalgonda,Nalgonda,16.87,79.57,2023-03-20,41.1,26.3,48.1,0.0,0.2,0.0,No_Alert
Telangana,Nalgonda,Nalgonda,16.87,79.57,2023-03-22,39.9,29.8,43.8,0.0,0.2,0.0,No_Alert
Telangana,Nalgonda,Nalgonda,16.87,79.57,2023-03-24,40.8,29.4,51.8,0.0,0.2,0.0,No_Alert
Telangana,Nalgonda,Nalgonda,16.87,79.57,2023-03-26,43.4,28.0,51.7,0.0,0.2,0.0,No_Alert
Telangana,Nalgonda,Nalgonda,16.87,79.57,2023-03-28,41.9,30.4,38.3,0.0,0.2,0.0,No_Alert
Telangana,Nalgonda,Nalgonda,16.87,79.57,2023-03-30,42.6,29.5,51.7,0.0,0.2,0.0,No_Alert
Telangana,Nalgonda,Nalgonda,16.87,79.57,2023-04-01,43.9,28.1,47.4,0.0,0.2,0.0,No_Alert
Telangana,Nalgonda,Nalgonda,16.87,79.57,2023-04-03,39.2,26.0,53.9,0.0,0.2,0.0,No_Alert
Telangana,Nalgonda,Nalgonda,16.87,79.57,2023-04-05,42.1,30.8,39.9,0.0,0.2,0.0,No_Alert
Telangana,Nalgonda,Nalgonda,16.87,79.57,2023-04-07,42.7,28.9,42.9,0.0,0.2,0.0,No_Alert
Telangana,Nalgonda,Nalgonda,16.87,79.57,2023-04-09,43.5,30.0,49.3,0.0,0.2,0.0,No_Alert
Telangana,Nalgonda,Nalgonda,16.87,79.57,2023-04-11,43.0,26.2,49.3,0.0,0.2,0.0,No_Alert
Telangana,Nalgonda,Nalgonda,16.87,79.57,2023-04-13,43.6,29.0,41.5,0.0,0.2,0.0,No_Alert
Telangana,Nalgonda,Nalgonda,16.87,79.57,2023-04-15,45.0,29.5,38.6,0.0,0.2,0.0,No_Alert
Telangana,Nalgonda,Nalgonda,16.87,79.57,2023-04-17,44.3,28.8,50.1,0.0,0.2,0.0,No_Alert
Telangana,Nalgonda,Nalgonda,16.87,79.57,2023-04-19,41.4,31.1,45.3,0.0,0.2,0.0,No_Alert
Telangana,Nalgonda,Nalgonda,16.87,79.57,2023-04-21,42.9,27.8,49.7,0.0,0.2,0.0,No_Alert
Telangana,Nalgonda,Nalgonda,16.87,79.57,2023-04-23,42.8,31.3,48.3,0.0,0.2,0.0,No_Alert
Telangana,Nalgonda,Nalgonda,16.87,79.57,2023-04-25,45.0,29.0,50.3,0.0,0.2,0.0,No_Alert
Telangana,Nalgonda,Nalgonda,16.87,79.57,2023-04-27,43.3,33.7,46.9,0.0,0.2,0.0,No_Alert
Telangana,Nalgonda,Nalgonda,16.87,79.57,2023-04-29,43.3,30.9,38.9,0.2,0.2,0.0,No_Alert
Telangana,Nalgonda,Nalgonda,16.87,79.57,2023-05-01,44.4,32.1,46.8,0.0,0.2,0.0,No_Alert
Telangana,Nalgonda,Nalgonda,16.87,79.57,2023-05-03,43.0,31.6,46.1,0.0,0.2,0.0,No_Alert
Telangana,Nalgonda,Nalgonda,16.87,79.57,2023-05-05,42.3,32.2,46.2,0.0,0.2,0.0,No_Alert
Telangana,Nalgonda,Nalgonda,16.87,79.57,2023-05-07,44.2,32.6,48.8,0.0,0.2,0.0,No_Alert
Telangana,Nalgonda,Nalgonda,16.87,79.57,2023-05-09,43.4,32.1,39.2,0.0,0.2,0.0,No_Alert
Telangana,Nalgonda,Nalgonda,16.87,79.57,2023-05-11,42.6,31.8,49.7,0.0,0.2,0.0,No_Alert
Telangana,Nalgonda,Nalgonda,16.87,79.57,2023-05-13,40.5,28.2,44.5,0.0,0.2,0.0,No_Alert
Telangana,Nalgonda,Nalgonda,16.87,79.57,2023-05-15,42.9,31.9,40.4,0.0,0.2,0.0,No_Alert
Telangana,Nalgonda,Nalgonda,16.87,79.57,2023-05-17,47.0,32.6,50.0,0.0,0.2,0.0,No_Alert
Telangana,Nalgonda,Nalgonda,16.87,79.57,2023-05-19,42.4,29.0,47.5,0.0,0.2,0.0,No_Alert
Telangana,Nalgonda,Nalgonda,16.87,79.57,2023-05-21,42.7,30.4,49.8,0.0,0.2,0.0,No_Alert
Telangana,Nalgonda,Nalgonda,16.87,79.57,2023-05-23,44.6,30.8,39.9,0.0,0.2,0.0,No_Alert
Telangana,Nalgonda,Nalgonda,16.87,79.57,2023-05-25,46.4,34.2,47.1,0.0,0.2,0.0,No_Alert
Telangana,Nalgonda,Nalgonda,16.87,79.57,2023-05-27,47.4,29.7,54.2,0.3,0.2,0.0,No_Alert
Telangana,Nalgonda,Nalgonda,16.87,79.57,2023-05-29,46.1,32.4,39.8,0.0,0.2,0.0,No_Alert
Telangana,Nalgonda,Nalgonda,16.87,79.57,2023-05-31,45.0,29.4,46.3,0.0,0.2,0.0,No_Alert
Telangana,Nalgonda,Nalgonda,16.87,79.57,2023-06-02,43.8,33.3,51.8,0.0,2.5,-100.0,No_Alert
Telangana,Nalgonda,Nalgonda,16.87,79.57,2023-06-04,46.5,30.8,57.4,0.0,2.7,-100.0,No_Alert
Telangana,Nalgonda,Nalgonda,16.87,79.57,2023-06-06,41.0,28.7,68.1,5.7,3.0,90.0,No_Alert
Telangana,Nalgonda,Nalgonda,16.87,79.57,2023-06-08,42.9,29.3,65.4,0.9,3.3,-72.7,No_Alert
Telangana,Nalgonda,Nalgonda,16.87,79.57,2023-06-10,45.9,31.0,58.1,0.0,3.5,-100.0,No_Alert
Telangana,Nalgonda,Nalgonda,16.87,79.57,2023-06-12,44.0,31.0,67.6,5.6,3.8,47.4,No_Alert
Telangana,Nalgonda,Nalgonda,16.87,79.57,2023-06-14,42.4,31.3,58.1,4.9,4.0,22.5,No_Alert
Telangana,Nalgonda,Nalgonda,16.87,79.57,2023-06-16,40.3,27.3,71.0,0.0,4.3,-100.0,No_Alert
Telangana,Nalgonda,Nalgonda,16.87,79.57,2023-06-18,43.5,29.9,71.3,0.0,4.5,-100.0,No_Alert
Telangana,Nalgonda,Nalgonda,16.87,79.57,2023-06-20,43.5,30.4,66.7,9.1,4.8,89.6,No_Alert
Telangana,Nalgonda,Nalgonda,16.87,79.57,2023-06-22,41.3,28.0,77.1,6.8,5.0,36.0,No_Alert
Telangana,Nalgonda,Nalgonda,16.87,79.57,2023-06-24,42.0,29.5,64.5,8.2,5.2,57.7,No_Alert
Telangana,Nalgonda,Nalgonda,16.87,79.57,2023-06-26,38.3,29.7,67.1,0.6,5.4,-88.9,No_Alert
Telangana,Nalgonda,Nalgonda,16.87,79.57,2023-06-28,39.5,29.5,67.9,0.0,5.6,-100.0,No_Alert
Telangana,Nalgonda,Nalgonda,16.87,79.57,2023-06-30,41.4,28.8,69.8,12.6,5.8,117.2,No_Alert
Telangana,Nalgonda,Nalgonda,16.87,79.57,2023-07-02,39.2,28.7,73.8,0.0,6.0,-100.0,No_Alert
Telangana,Nalgonda,Nalgonda,16.87,79.57,2023-07-04,41.8,29.6,75.9,0.0,6.2,-100.0,No_Alert
Telangana,Nalgonda,Nalgonda,16.87,79.57,2023-07-06,38.6,26.2,70.9,9.0,6.4,40.6,No_Alert
Telangana,Nalgonda,Nalgonda,16.87,79.57,2023-07-08,41.1,28.1,81.3,12.7,6.5,95.4,No_Alert
Telangana,Nalgonda,Nalgonda,16.87,79.57,2023-07-10,41.7,28.2,83.5,6.7,6.7,0.0,No_Alert
Telangana,Nalgonda,Nalgonda,16.87,79.57,2023-07-12,39.4,27.7,81.4,12.3,6.8,80.9,No_Alert
Telangana,Nalgonda,Nalgonda,16.87,79.57,2023-07-14,40.8,24.1,76.1,0.0,6.9,-100.0,No_Alert
Telangana,Nalgonda,Nalgonda,16.87,79.57,2023-07-16,37.7,27.5,79.0,0.0,7.0,-100.0,No_Alert
Telangana,Nalgonda,Nalgonda,16.87,79.57,2023-07-18,35.9,25.4,87.6,0.0,7.1,-100.0,No_Alert
Telangana,Nalgonda,Nalgonda,16.87,79.57,2023-07-20,35.2,24.6,78.5,0.0,7.2,-100.0,No_Alert
Telangana,Nalgonda,Nalgonda,16.87,79.57,2023-07-22,37.4,20.8,85.3,6.7,7.3,-8.2,No_Alert
Telangana,Nalgonda,Nalgonda,16.87,79.57,2023-07-24,35.5,25.4,79.9,15.6,7.4,110.8,No_Alert
Telangana,Nalgonda,Nalgonda,16.87,79.57,2023-07-26,36.8,25.5,86.2,0.0,7.4,-100.0,No_Alert
Telangana,Nalgonda,Nalgonda,16.87,79.57,2023-07-28,34.7,23.6,77.7,0.0,7.4,-100.0,No_Alert
Telangana,Nalgonda,Nalgonda,16.87,79.57,2023-07-30,37.0,21.3,85.0,0.0,7.4,-100.0,No_Alert
Telangana,Nalgonda,Nalgonda,16.87,79.57,2023-08-01,36.4,23.3,86.7,0.0,7.5,-100.0,No_Alert
Telangana,Nalgonda,Nalgonda,16.87,79.57,2023-08-03,36.6,21.8,81.7,7.1,7.4,-4.1,No_Alert
Telangana,Nalgonda,Nalgonda,16.87,79.57,2023-08-05,35.7,23.9,84.6,0.0,7.4,-100.0,No_Alert
Telangana,Nalgonda,Nalgonda,16.87,79.57,2023-08-07,36.7,23.6,85.0,0.4,7.4,-94.6,No_Alert
Telangana,Nalgonda,Nalgonda,16.87,79.57,2023-08-09,33.2,17.9,90.7,0.0,7.3,-100.0,No_Alert
Telangana,Nalgonda,Nalgonda,16.87,79.57,2023-08-11,36.9,21.6,74.6,0.0,7.3,-100.0,No_Alert
Telangana,Nalgonda,Nalgonda,16.87,79.57,2023-08-13,32.4,18.0,82.3,7.0,7.2,-2.8,No_Alert
Telangana,Nalgonda,Nalgonda,16.87,79.57,2023-08-15,33.0,21.5,88.7,0.0,7.1,-100.0,No_Alert
Telangana,Nalgonda,Nalgonda,16.87,79.57,2023-08-17,35.8,20.9,84.0,0.0,7.0,-100.0,No_Alert
Telangana,Nalgonda,Nalgonda,16.87,79.57,2023-08-19,33.9,21.8,87.8,14.8,6.9,114.5,No_Alert
Telangana,Nalgonda,Nalgonda,16.87,79.57,2023-08-21,31.7,19.6,73.1,0.0,6.7,-100.0,No_Alert
Telangana,Nalgonda,Nalgonda,16.87,79.57,2023-08-23,28.5,17.5,80.6,0.0,6.6,-100.0,No_Alert
Telangana,Nalgonda,Nalgonda,16.87,79.57,2023-08-25,32.0,15.4,81.0,14.2,6.5,118.5,No_Alert
Telangana,Nalgonda,Nalgonda,16.87,79.57,2023-08-27,29.1,17.3,79.5,12.4,6.3,96.8,No_Alert
Telangana,Nalgonda,Nalgonda,16.87,79.57,2023-08-29,32.8,18.1,82.2,12.5,6.1,104.9,No_Alert
Telangana,Nalgonda,Nalgonda,16.87,79.57,2023-08-31,25.9,16.3,68.0,5.9,5.9,0.0,No_Alert
Telangana,Nalgonda,Nalgonda,16.87,79.57,2023-09-02,30.2,18.5,77.6,0.1,5.7,-98.2,No_Alert
Telangana,Nalgonda,Nalgonda,16.87,79.57,2023-09-04,29.8,13.7,73.6,0.0,5.5,-100.0,No_Alert
Telangana,Nalgonda,Nalgonda,16.87,79.57,2023-09-06,29.9,14.1,76.9,0.0,5.3,-100.0,No_Alert
Telangana,Nalgonda,Nalgonda,16.87,79.57,2023-09-08,28.5,14.4,64.8,3.0,5.1,-41.2,No_Alert
Telangana,Nalgonda,Nalgonda,16.87,79.57,2023-09-10,27.0,13.1,72.3,0.0,4.9,-100.0,No_Alert
Telangana,Nalgonda,Nalgonda,16.87,79.57,2023-09-12,25.8,14.0,75.5,0.0,4.6,-100.0,No_Alert
Telangana,Nalgonda,Nalgonda,16.87,79.57,2023-09-14,30.0,13.7,70.9,0.2,4.4,-95.5,No_Alert
Telangana,Nalgonda,Nalgonda,16.87,79.57,2023-09-16,24.7,14.4,59.0,0.3,4.2,-92.9,No_Alert
Telangana,Nalgonda,Nalgonda,16.87,79.57,2023-09-18,28.7,13.1,67.5,0.0,3.9,-100.0,No_Alert
Telangana,Nalgonda,Nalgonda,16.87,79.57,2023-09-20,28.2,11.6,65.0,4.2,3.6,16.7,No_Alert
Telangana,Nalgonda,Nalgonda,16.87,79.57,2023-09-22,27.9,11.7,54.7,0.0,3.4,-100.0,No_Alert
Telangana,Nalgonda,Nalgonda,16.87,79.57,2023-09-24,28.9,13.1,63.4,5.5,3.1,77.4,No_Alert
Telangana,Nalgonda,Nalgonda,16.87,79.57,2023-09-26,24.5,13.0,59.0,0.0,2.9,-100.0,No_Alert
Telangana,Nalgonda,Nalgonda,16.87,79.57,2023-09-28,26.5,13.2,61.4,5.3,2.6,103.8,No_Alert
Telangana,Nalgonda,Nalgonda,16.87,79.57,2023-09-30,26.1,11.8,61.7,0.0,2.3,-100.0,No_Alert
Telangana,Nalgonda,Nalgonda,16.87,79.57,2023-10-02,25.4,9.8,48.8,0.0,0.2,0.0,No_Alert
Telangana,Nalgonda,Nalgonda,16.87,79.57,2023-10-04,22.0,9.1,42.4,0.0,0.2,0.0,No_Alert
Telangana,Nalgonda,Nalgonda,16.87,79.57,2023-10-06,21.1,11.9,46.2,0.0,0.2,0.0,No_Alert
Telangana,Nalgonda,Nalgonda,16.87,79.57,2023-10-08,22.0,13.1,53.1,0.4,0.2,0.0,No_Alert
Telangana,Nalgonda,Nalgonda,16.87,79.57,2023-10-10,25.1,12.6,45.8,0.0,0.2,0.0,No_Alert
Telangana,Nalgonda,Nalgonda,16.87,79.57,2023-10-12,24.4,8.4,40.2,0.0,0.2,0.0,No_Alert
Telangana,Nalgonda,Nalgonda,16.87,79.57,2023-10-14,21.0,12.5,47.9,0.0,0.2,0.0,No_Alert
Telangana,Nalgonda,Nalgonda,16.87,79.57,2023-10-16,26.0,12.0,45.8,0.0,0.2,0.0,No_Alert
Telangana,Nalgonda,Nalgonda,16.87,79.57,2023-10-18,23.0,9.2,52.0,0.0,0.2,0.0,No_Alert
Telangana,Nalgonda,Nalgonda,16.87,79.57,2023-10-20,20.0,7.7,38.8,0.0,0.2,0.0,No_Alert
Telangana,Nalgonda,Nalgonda,16.87,79.57,2023-10-22,24.3,12.5,39.8,0.0,0.2,0.0,No_Alert
Telangana,Nalgonda,Nalgonda,16.87,79.57,2023-10-24,22.9,9.6,41.9,0.0,0.2,0.0,No_Alert
Telangana,Nalgonda,Nalgonda,16.87,79.57,2023-10-26,20.5,8.9,38.7,0.0,0.2,0.0,No_Alert
Telangana,Nalgonda,Nalgonda,16.87,79.57,2023-10-28,23.2,6.1,42.2,0.0,0.2,0.0,No_Alert
Telangana,Nalgonda,Nalgonda,16.87,79.57,2023-10-30,18.1,7.9,43.7,0.0,0.2,0.0,No_Alert
Telangana,Nalgonda,Nalgonda,16.87,79.57,2023-11-01,19.0,10.3,38.8,0.0,0.2,0.0,No_Alert
Telangana,Nalgonda,Nalgonda,16.87,79.57,2023-11-03,21.4,11.3,47.0,0.0,0.2,0.0,No_Alert
Telangana,Nalgonda,Nalgonda,16.87,79.57,2023-11-05,21.6,7.5,40.3,0.0,0.2,0.0,No_Alert
Telangana,Nalgonda,Nalgonda,16.87,79.57,2023-11-07,20.0,6.2,41.4,0.0,0.2,0.0,No_Alert
Telangana,Nalgonda,Nalgonda,16.87,79.57,2023-11-09,22.2,4.7,49.0,0.0,0.2,0.0,No_Alert
Telangana,Nalgonda,Nalgonda,16.87,79.57,2023-11-11,20.6,9.7,54.1,0.0,0.2,0.0,No_Alert
Telangana,Nalgonda,Nalgonda,16.87,79.57,2023-11-13,19.1,8.1,53.4,0.0,0.2,0.0,No_Alert
Telangana,Nalgonda,Nalgonda,16.87,79.57,2023-11-15,21.9,8.3,48.0,0.0,0.2,0.0,No_Alert
Telangana,Nalgonda,Nalgonda,16.87,79.57,2023-11-17,21.2,9.0,52.7,0.0,0.2,0.0,No_Alert
Telangana,Nalgonda,Nalgonda,16.87,79.57,2023-11-19,18.4,5.9,45.1,0.0,0.2,0.0,No_Alert
Telangana,Nalgonda,Nalgonda,16.87,79.57,2023-11-21,20.0,8.4,48.3,0.0,0.2,0.0,No_Alert
Telangana,Nalgonda,Nalgonda,16.87,79.57,2023-11-23,21.3,10.8,48.7,0.4,0.2,0.0,No_Alert
Telangana,Nalgonda,Nalgonda,16.87,79.57,2023-11-25,19.1,5.5,40.1,0.0,0.2,0.0,No_Alert
Telangana,Nalgonda,Nalgonda,16.87,79.57,2023-11-27,23.5,9.9,39.6,0.4,0.2,0.0,No_Alert
Telangana,Nalgonda,Nalgonda,16.87,79.57,2023-11-29,23.3,9.6,38.9,0.0,0.2,0.0,No_Alert
Telangana,Nalgonda,Nalgonda,16.87,79.57,2023-12-01,24.2,8.8,38.7,0.0,0.2,0.0,No_Alert
Telangana,Nalgonda,Nalgonda,16.87,79.57,2023-12-03,21.8,10.9,44.3,0.0,0.2,0.0,No_Alert
Telangana,Nalgonda,Nalgonda,16.87,79.57,2023-12-05,21.5,9.1,40.0,0.3,0.2,0.0,No_Alert
Telangana,Nalgonda,Nalgonda,16.87,79.57,2023-12-07,22.5,8.7,52.5,0.0,0.2,0.0,No_Alert
Telangana,Nalgonda,Nalgonda,16.87,79.57,2023-12-09,23.9,10.7,54.1,0.4,0.2,0.0,No_Alert
Telangana,Nalgonda,Nalgonda,16.87,79.57,2023-12-11,21.0,9.9,44.9,0.0,0.2,0.0,No_Alert
Telangana,Nalgonda,Nalgonda,16.87,79.57,2023-12-13,22.3,10.1,48.9,0.0,0.2,0.0,No_Alert
Telangana,Nalgonda,Nalgonda,16.87,79.57,2023-12-15,25.0,12.6,48.5,0.0,0.2,0.0,No_Alert
Telangana,Nalgonda,Nalgonda,16.87,79.57,2023-12-17,25.5,12.3,40.4,0.0,0.2,0.0,No_Alert
Telangana,Nalgonda,Nalgonda,16.87,79.57,2023-12-19,26.9,10.8,44.8,0.0,0.2,0.0,No_Alert
Telangana,Nalgonda,Nalgonda,16.87,79.57,2023-12-21,21.3,9.3,39.7,0.0,0.2,0.0,No_Alert
Telangana,Nalgonda,Nalgonda,16.87,79.57,2023-12-23,22.9,9.9,46.5,0.0,0.2,0.0,No_Alert
Telangana,Nalgonda,Nalgonda,16.87,79.57,2023-12-25,23.6,12.4,53.1,0.0,0.2,0.0,No_Alert
Telangana,Nalgonda,Nalgonda,16.87,79.57,2023-12-27,24.6,10.0,49.8,0.2,0.2,0.0,No_Alert
Telangana,Nalgonda,Nalgonda,16.87,79.57,2023-12-29,23.5,11.8,41.4,0.0,0.2,0.0,No_Alert
Telangana,Nalgonda,Nalgonda,16.87,79.57,2023-12-31,24.2,10.4,39.0,0.0,0.2,0.0,No_Alert
Tamil Nadu,Thanjavur,Thanjavur,10.96,79.38,2023-01-01,26.8,15.9,58.8,0.0,0.3,0.0,No_Alert
Tamil Nadu,Thanjavur,Thanjavur,10.96,79.38,2023-01-03,27.8,16.2,43.7,0.0,0.3,0.0,No_Alert
Tamil Nadu,Thanjavur,Thanjavur,10.96,79.38,2023-01-05,30.0,16.0,56.9,0.0,0.3,0.0,No_Alert
Tamil Nadu,Thanjavur,Thanjavur,10.96,79.38,2023-01-07,29.0,14.0,55.0,0.0,0.3,0.0,No_Alert
Tamil Nadu,Thanjavur,Thanjavur,10.96,79.38,2023-01-09,30.0,17.1,46.4,0.3,0.3,0.0,No_Alert
Tamil Nadu,Thanjavur,Thanjavur,10.96,79.38,2023-01-11,26.9,17.8,45.8,0.0,0.3,0.0,No_Alert
Tamil Nadu,Thanjavur,Thanjavur,10.96,79.38,2023-01-13,27.9,18.5,56.3,0.0,0.3,0.0,No_Alert
Tamil Nadu,Thanjavur,Thanjavur,10.96,79.38,2023-01-15,28.9,16.2,48.1,0.5,0.3,0.0,No_Alert
Tamil Nadu,Thanjavur,Thanjavur,10.96,79.38,2023-01-17,30.9,16.0,46.7,0.0,0.3,0.0,No_Alert
Tamil Nadu,Thanjavur,Thanjavur,10.96,79.38,2023-01-19,33.7,19.7,55.6,0.0,0.3,0.0,No_Alert
Tamil Nadu,Thanjavur,Thanjavur,10.96,79.38,2023-01-21,29.8,16.2,52.9,0.0,0.3,0.0,No_Alert
Tamil Nadu,Thanjavur,Thanjavur,10.96,79.38,2023-01-23,29.3,16.5,43.4,0.0,0.3,0.0,No_Alert
Tamil Nadu,Thanjavur,Thanjavur,10.96,79.38,2023-01-25,31.4,20.1,52.7,0.0,0.3,0.0,No_Alert
Tamil Nadu,Thanjavur,Thanjavur,10.96,79.38,2023-01-27,34.7,22.5,46.1,0.0,0.3,0.0,No_Alert
Tamil Nadu,Thanjavur,Thanjavur,10.96,79.38,2023-01-29,31.6,19.3,57.5,0.0,0.3,0.0,No_Alert
Tamil Nadu,Thanjavur,Thanjavur,10.96,79.38,2023-01-31,35.5,21.4,57.7,0.0,0.3,0.0,No_Alert
Tamil Nadu,Thanjavur,Thanjavur,10.96,79.38,2023-02-02,33.4,22.4,50.8,0.0,0.3,0.0,No_Alert
Tamil Nadu,Thanjavur,Thanjavur,10.96,79.38,2023-02-04,31.6,20.0,47.3,0.0,0.3,0.0,No_Alert
Tamil Nadu,Thanjavur,Thanjavur,10.96,79.38,2023-02-06,33.9,24.0,49.1,0.0,0.3,0.0,No_Alert
Tamil Nadu,Thanjavur,Thanjavur,10.96,79.38,2023-02-08,37.5,24.5,49.6,0.0,0.3,0.0,No_Alert
Tamil Nadu,Thanjavur,Thanjavur,10.96,79.38,2023-02-10,36.6,20.7,49.7,0.0,0.3,0.0,No_Alert
Tamil Nadu,Thanjavur,Thanjavur,10.96,79.38,2023-02-12,35.4,24.3,54.5,0.0,0.3,0.0,No_Alert
Tamil Nadu,Thanjavur,Thanjavur,10.96,79.38,2023-02-14,37.7,20.7,55.5,0.0,0.3,0.0,No_Alert
Tamil Nadu,Thanjavur,Thanjavur,10.96,79.38,2023-02-16,33.1,21.5,44.7,0.0,0.3,0.0,No_Alert
Tamil Nadu,Thanjavur,Thanjavur,10.96,79.38,2023-02-18,34.7,23.0,44.8,0.0,0.3,0.0,No_Alert
Tamil Nadu,Thanjavur,Thanjavur,10.96,79.38,2023-02-20,35.1,23.1,57.3,0.0,0.3,0.0,No_Alert
Tamil Nadu,Thanjavur,Thanjavur,10.96,79.38,2023-02-22,36.9,24.6,56.2,0.5,0.3,0.0,No_Alert
Tamil Nadu,Thanjavur,Thanjavur,10.96,79.38,2023-02-24,38.4,24.2,45.0,0.2,0.3,0.0,No_Alert
Tamil Nadu,Thanjavur,Thanjavur,10.96,79.38,2023-02-26,34.5,23.4,43.8,0.0,0.3,0.0,No_Alert
Tamil Nadu,Thanjavur,Thanjavur,10.96,79.38,2023-02-28,37.8,26.1,58.9,0.1,0.3,0.0,No_Alert
Tamil Nadu,Thanjavur,Thanjavur,10.96,79.38,2023-03-02,36.9,25.3,52.0,0.0,0.3,0.0,No_Alert
Tamil Nadu,Thanjavur,Thanjavur,10.96,79.38,2023-03-04,39.7,25.3,46.4,0.0,0.3,0.0,No_Alert
Tamil Nadu,Thanjavur,Thanjavur,10.96,79.38,2023-03-06,37.8,26.4,48.0,0.0,0.3,0.0,No_Alert
Tamil Nadu,Thanjavur,Thanjavur,10.96,79.38,2023-03-08,39.1,26.3,49.5,0.0,0.3,0.0,No_Alert
Tamil Nadu,Thanjavur,Thanjavur,10.96,79.38,2023-03-10,39.8,24.8,56.5,0.0,0.3,0.0,No_Alert
Tamil Nadu,Thanjavur,Thanjavur,10.96,79.38,2023-03-12,37.2,27.0,53.0,0.0,0.3,0.0,No_Alert
Tamil Nadu,Thanjavur,Thanjavur,10.96,79.38,2023-03-14,40.4,25.1,53.4,0.0,0.3,0.0,No_Alert
Tamil Nadu,Thanjavur,Thanjavur,10.96,79.38,2023-03-16,39.0,23.3,48.3,0.0,0.3,0.0,No_Alert
Tamil Nadu,Thanjavur,Thanjavur,10.96,79.38,2023-03-18,37.1,26.7,43.9,0.0,0.3,0.0,No_Alert
Tamil Nadu,Thanjavur,Thanjavur,10.96,79.38,2023-03-20,41.9,27.7,56.1,0.0,0.3,0.0,No_Alert
Tamil Nadu,Thanjavur,Thanjavur,10.96,79.38,2023-03-22,38.4,27.7,44.5,0.0,0.3,0.0,No_Alert
Tamil Nadu,Thanjavur,Thanjavur,10.96,79.38,2023-03-24,39.7,28.3,47.3,0.0,0.3,0.0,No_Alert
Tamil Nadu,Thanjavur,Thanjavur,10.96,79.38,2023-03-26,40.9,27.5,54.1,0.0,0.3,0.0,No_Alert
Tamil Nadu,Thanjavur,Thanjavur,10.96,79.38,2023-03-28,43.8,29.5,46.2,0.0,0.3,0.0,No_Alert
Tamil Nadu,Thanjavur,Thanjavur,10.96,79.38,2023-03-30,38.5,27.3,54.5,0.5,0.3,0.0,No_Alert
Tamil Nadu,Thanjavur,Thanjavur,10.96,79.38,2023-04-01,41.1,29.8,50.8,0.0,0.3,0.0,No_Alert
Tamil Nadu,Thanjavur,Thanjavur,10.96,79.38,2023-04-03,44.1,27.0,53.2,0.0,0.3,0.0,No_Alert
Tamil Nadu,Thanjavur,Thanjavur,10.96,79.38,2023-04-05,43.1,27.7,53.6,0.0,0.3,0.0,No_Alert
Tamil Nadu,Thanjavur,Thanjavur,10.96,79.38,2023-04-07,41.8,28.3,44.2,0.0,0.3,0.0,No_Alert
Tamil Nadu,Thanjavur,Thanjavur,10.96,79.38,2023-04-09,44.4,29.5,47.2,0.0,0.3,0.0,No_Alert
Tamil Nadu,Thanjavur,Thanjavur,10.96,79.38,2023-04-11,42.4,28.6,45.2,0.0,0.3,0.0,No_Alert
Tamil Nadu,Thanjavur,Thanjavur,10.96,79.38,2023-04-13,39.0,29.7,49.5,0.0,0.3,0.0,No_Alert
Tamil Nadu,Thanjavur,Thanjavur,10.96,79.38,2023-04-15,42.3,32.6,47.9,0.0,0.3,0.0,No_Alert
Tamil Nadu,Thanjavur,Thanjavur,10.96,79.38,2023-04-17,42.6,28.0,52.4,0.0,0.3,0.0,No_Alert
Tamil Nadu,Thanjavur,Thanjavur,10.96,79.38,2023-04-19,43.4,29.1,45.2,0.0,0.3,0.0,No_Alert
Tamil Nadu,Thanjavur,Thanjavur,10.96,79.38,2023-04-21,40.9,32.7,47.7,0.0,0.3,0.0,No_Alert
Tamil Nadu,Thanjavur,Thanjavur,10.96,79.38,2023-04-23,43.1,30.6,47.5,0.0,0.3,0.0,No_Alert
Tamil Nadu,Thanjavur,Thanjavur,10.96,79.38,2023-04-25,41.3,30.2,53.5,0.0,0.3,0.0,No_Alert
Tamil Nadu,Thanjavur,Thanjavur,10.96,79.38,2023-04-27,44.0,27.3,45.1,0.0,0.3,0.0,No_Alert
Tamil Nadu,Thanjavur,Thanjavur,10.96,79.38,2023-04-29,45.7,31.1,51.9,0.0,0.3,0.0,No_Alert
Tamil Nadu,Thanjavur,Thanjavur,10.96,79.38,2023-05-01,41.2,28.4,53.2,0.0,0.3,0.0,No_Alert
Tamil Nadu,Thanjavur,Thanjavur,10.96,79.38,2023-05-03,41.9,30.4,59.2,0.0,0.3,0.0,No_Alert
Tamil Nadu,Thanjavur,Thanjavur,10.96,79.38,2023-05-05,40.6,28.2,52.5,0.0,0.3,0.0,No_Alert
Tamil Nadu,Thanjavur,Thanjavur,10.96,79.38,2023-05-07,42.1,30.7,46.6,0.0,0.3,0.0,No_Alert
Tamil Nadu,Thanjavur,Thanjavur,10.96,79.38,2023-05-09,45.4,28.7,50.7,0.0,0.3,0.0,No_Alert
Tamil Nadu,Thanjavur,Thanjavur,10.96,79.38,2023-05-11,42.2,31.7,47.1,0.0,0.3,0.0,No_Alert
Tamil Nadu,Thanjavur,Thanjavur,10.96,79.38,2023-05-13,41.7,31.4,55.9,0.0,0.3,0.0,No_Alert
Tamil Nadu,Thanjavur,Thanjavur,10.96,79.38,2023-05-15,42.5,29.6,50.5,0.0,0.3,0.0,No_Alert
Tamil Nadu,Thanjavur,Thanjavur,10.96,79.38,2023-05-17,44.3,30.7,57.9,0.0,0.3,0.0,No_Alert
Tamil Nadu,Thanjavur,Thanjavur,10.96,79.38,2023-05-19,40.9,28.5,50.5,0.0,0.3,0.0,No_Alert
Tamil Nadu,Thanjavur,Thanjavur,10.96,79.38,2023-05-21,39.9,28.5,45.2,0.0,0.3,0.0,No_Alert
Tamil Nadu,Thanjavur,Thanjavur,10.96,79.38,2023-05-23,40.9,29.2,55.1,0.0,0.3,0.0,No_Alert
Tamil Nadu,Thanjavur,Thanjavur,10.96,79.38,2023-05-25,43.5,30.9,55.7,0.3,0.3,0.0,No_Alert
Tamil Nadu,Thanjavur,Thanjavur,10.96,79.38,2023-05-27,42.0,30.6,47.8,0.0,0.3,0.0,No_Alert
Tamil Nadu,Thanjavur,Thanjavur,10.96,79.38,2023-05-29,41.7,29.0,45.7,0.4,0.3,0.0,No_Alert
Tamil Nadu,Thanjavur,Thanjavur,10.96,79.38,2023-05-31,45.6,30.0,50.6,0.0,0.3,0.0,No_Alert
Tamil Nadu,Thanjavur,Thanjavur,10.96,79.38,2023-06-02,45.4,30.3,57.0,5.7,2.9,96.6,No_Alert
Tamil Nadu,Thanjavur,Thanjavur,10.96,79.38,2023-06-04,42.5,30.4,61.7,6.8,3.2,112.5,No_Alert
Tamil Nadu,Thanjavur,Thanjavur,10.96,79.38,2023-06-06,40.8,29.5,66.4,0.0,3.5,-100.0,No_Alert
Tamil Nadu,Thanjavur,Thanjavur,10.96,79.38,2023-06-08,44.0,30.5,69.1,0.0,3.8,-100.0,No_Alert
Tamil Nadu,Thanjavur,Thanjavur,10.96,79.38,2023-06-10,43.7,31.4,70.9,1.9,4.1,-53.7,No_Alert
Tamil Nadu,Thanjavur,Thanjavur,10.96,79.38,2023-06-12,40.2,29.4,70.9,0.0,4.4,-100.0,No_Alert
Tamil Nadu,Thanjavur,Thanjavur,10.96,79.38,2023-06-14,42.2,30.7,65.6,0.0,4.7,-100.0,No_Alert
Tamil Nadu,Thanjavur,Thanjavur,10.96,79.38,2023-06-16,41.4,31.1,66.4,0.0,5.0,-100.0,No_Alert
Tamil Nadu,Thanjavur,Thanjavur,10.96,79.38,2023-06-18,43.1,28.6,75.8,0.0,5.3,-100.0,No_Alert
Tamil Nadu,Thanjavur,Thanjavur,10.96,79.38,2023-06-20,44.5,31.3,75.9,9.9,5.6,76.8,No_Alert
Tamil Nadu,Thanjavur,Thanjavur,10.96,79.38,2023-06-22,43.0,29.0,83.6,0.0,5.9,-100.0,No_Alert
Tamil Nadu,Thanjavur,Thanjavur,10.96,79.38,2023-06-24,41.4,30.2,73.1,0.0,6.1,-100.0,No_Alert
Tamil Nadu,Thanjavur,Thanjavur,10.96,79.38,2023-06-26,43.9,30.2,76.8,0.0,6.4,-100.0,No_Alert
Tamil Nadu,Thanjavur,Thanjavur,10.96,79.38,2023-06-28,43.3,30.7,84.1,0.0,6.6,-100.0,No_Alert
Tamil Nadu,Thanjavur,Thanjavur,10.96,79.38,2023-06-30,43.1,29.1,80.2,7.2,6.9,4.3,No_Alert
Tamil Nadu,Thanjavur,Thanjavur,10.96,79.38,2023-07-02,43.8,28.3,84.9,13.5,7.1,90.1,No_Alert
Tamil Nadu,Thanjavur,Thanjavur,10.96,79.38,2023-07-04,39.9,28.6,89.0,7.1,7.3,-2.7,No_Alert
Tamil Nadu,Thanjavur,Thanjavur,10.96,79.38,2023-07-06,42.7,29.1,74.9,12.5,7.5,66.7,No_Alert
Tamil Nadu,Thanjavur,Thanjavur,10.96,79.38,2023-07-08,40.8,27.5,81.6,0.0,7.7,-100.0,No_Alert
Tamil Nadu,Thanjavur,Thanjavur,10.96,79.38,2023-07-10,37.7,25.3,81.4,15.9,7.9,101.3,No_Alert
Tamil Nadu,Thanjavur,Thanjavur,10.96,79.38,2023-07-12,39.2,28.6,89.9,6.1,8.0,-23.8,No_Alert
Tamil Nadu,Thanjavur,Thanjavur,10.96,79.38,2023-07-14,39.0,25.3,88.8,11.0,8.2,34.1,No_Alert
Tamil Nadu,Thanjavur,Thanjavur,10.96,79.38,2023-07-16,39.9,28.4,92.5,0.0,8.3,-100.0,No_Alert
Tamil Nadu,Thanjavur,Thanjavur,10.96,79.38,2023-07-18,36.9,25.3,80.1,0.0,8.4,-100.0,No_Alert
Tamil Nadu,Thanjavur,Thanjavur,10.96,79.38,2023-07-20,36.5,26.3,92.0,14.8,8.5,74.1,No_Alert
Tamil Nadu,Thanjavur,Thanjavur,10.96,79.38,2023-07-22,39.4,24.0,87.7,0.0,8.6,-100.0,No_Alert
Tamil Nadu,Thanjavur,Thanjavur,10.96,79.38,2023-07-24,38.5,25.4,85.9,0.0,8.7,-100.0,No_Alert
Tamil Nadu,Thanjavur,Thanjavur,10.96,79.38,2023-07-26,39.6,27.1,90.1,0.0,8.7,-100.0,No_Alert
Tamil Nadu,Thanjavur,Thanjavur,10.96,79.38,2023-07-28,38.8,27.0,93.9,0.0,8.7,-100.0,No_Alert
Tamil Nadu,Thanjavur,Thanjavur,10.96,79.38,2023-07-30,35.6,21.0,82.5,0.0,8.8,-100.0,No_Alert
Tamil Nadu,Thanjavur,Thanjavur,10.96,79.38,2023-08-01,37.7,23.4,87.8,0.0,8.8,-100.0,No_Alert
Tamil Nadu,Thanjavur,Thanjavur,10.96,79.38,2023-08-03,35.2,21.5,82.0,9.3,8.8,5.7,No_Alert
Tamil Nadu,Thanjavur,Thanjavur,10.96,79.38,2023-08-05,35.1,23.4,93.9,2.6,8.7,-70.1,No_Alert
Tamil Nadu,Thanjavur,Thanjavur,10.96,79.38,2023-08-07,38.5,22.4,83.0,12.9,8.7,48.3,No_Alert
Tamil Nadu,Thanjavur,Thanjavur,10.96,79.38,2023-08-09,38.6,25.3,88.5,0.0,8.6,-100.0,No_Alert
Tamil Nadu,Thanjavur,Thanjavur,10.96,79.38,2023-08-11,34.2,25.7,87.6,16.5,8.5,94.1,No_Alert
Tamil Nadu,Thanjavur,Thanjavur,10.96,79.38,2023-08-13,36.7,20.3,94.5,0.0,8.5,-100.0,No_Alert
Tamil Nadu,Thanjavur,Thanjavur,10.96,79.38,2023-08-15,32.0,19.6,83.6,15.6,8.3,88.0,No_Alert
Tamil Nadu,Thanjavur,Thanjavur,10.96,79.38,2023-08-17,36.2,20.4,85.6,0.0,8.2,-100.0,No_Alert
Tamil Nadu,Thanjavur,Thanjavur,10.96,79.38,2023-08-19,36.2,23.3,91.0,0.0,8.1,-100.0,No_Alert
Tamil Nadu,Thanjavur,Thanjavur,10.96,79.38,2023-08-21,37.4,24.3,91.1,0.0,7.9,-100.0,No_Alert
Tamil Nadu,Thanjavur,Thanjavur,10.96,79.38,2023-08-23,33.4,20.5,89.1,3.1,7.8,-60.3,No_Alert
Tamil Nadu,Thanjavur,Thanjavur,10.96,79.38,2023-08-25,32.7,19.4,89.8,1.3,7.6,-82.9,No_Alert
Tamil Nadu,Thanjavur,Thanjavur,10.96,79.38,2023-08-27,35.2,19.2,81.9,0.0,7.4,-100.0,No_Alert
Tamil Nadu,Thanjavur,Thanjavur,10.96,79.38,2023-08-29,30.0,19.4,87.8,0.0,7.2,-100.0,No_Alert
Tamil Nadu,Thanjavur,Thanjavur,10.96,79.38,2023-08-31,30.6,16.3,72.6,8.3,7.0,18.6,No_Alert
Tamil Nadu,Thanjavur,Thanjavur,10.96,79.38,2023-09-02,32.5,20.1,78.2,6.5,6.7,-3.0,No_Alert
Tamil Nadu,Thanjavur,Thanjavur,10.96,79.38,2023-09-04,31.1,20.2,84.1,4.9,6.5,-24.6,No_Alert
Tamil Nadu,Thanjavur,Thanjavur,10.96,79.38,2023-09-06,33.7,15.8,73.8,0.0,6.3,-100.0,No_Alert
Tamil Nadu,Thanjavur,Thanjavur,10.96,79.38,2023-09-08,31.2,17.3,81.0,0.0,6.0,-100.0,No_Alert
Tamil Nadu,Thanjavur,Thanjavur,10.96,79.38,2023-09-10,32.3,20.5,75.9,5.7,5.7,0.0,No_Alert
Tamil Nadu,Thanjavur,Thanjavur,10.96,79.38,2023-09-12,32.0,18.5,71.7,0.0,5.5,-100.0,No_Alert
Tamil Nadu,Thanjavur,Thanjavur,10.96,79.38,2023-09-14,34.1,18.5,75.6,0.0,5.2,-100.0,No_Alert
Tamil Nadu,Thanjavur,Thanjavur,10.96,79.38,2023-09-16,31.4,17.3,67.5,8.5,4.9,73.5,No_Alert
Tamil Nadu,Thanjavur,Thanjavur,10.96,79.38,2023-09-18,33.1,20.1,69.2,0.0,4.6,-100.0,No_Alert
Tamil Nadu,Thanjavur,Thanjavur,10.96,79.38,2023-09-20,32.0,18.8,62.8,0.0,4.3,-100.0,No_Alert
Tamil Nadu,Thanjavur,Thanjavur,10.96,79.38,2023-09-22,29.5,19.2,75.4,3.6,4.0,-10.0,No_Alert
Tamil Nadu,Thanjavur,Thanjavur,10.96,79.38,2023-09-24,33.1,20.3,59.8,7.8,3.7,110.8,No_Alert
Tamil Nadu,Thanjavur,Thanjavur,10.96,79.38,2023-09-26,25.4,13.9,70.8,0.3,3.4,-91.2,No_Alert
Tamil Nadu,Thanjavur,Thanjavur,10.96,79.38,2023-09-28,30.2,16.0,64.2,0.0,3.1,-100.0,No_Alert
Tamil Nadu,Thanjavur,Thanjavur,10.96,79.38,2023-09-30,27.4,18.2,56.8,0.0,2.7,-100.0,No_Alert
Tamil Nadu,Thanjavur,Thanjavur,10.96,79.38,2023-10-02,27.7,16.8,47.4,0.0,0.3,0.0,No_Alert
Tamil Nadu,Thanjavur,Thanjavur,10.96,79.38,2023-10-04,28.8,12.6,44.5,0.0,0.3,0.0,No_Alert
Tamil Nadu,Thanjavur,Thanjavur,10.96,79.38,2023-10-06,24.9,16.2,51.8,0.0,0.3,0.0,No_Alert
Tamil Nadu,Thanjavur,Thanjavur,10.96,79.38,2023-10-08,29.1,12.7,47.2,0.0,0.3,0.0,No_Alert
Tamil Nadu,Thanjavur,Thanjavur,10.96,79.38,2023-10-10,26.1,16.0,57.6,0.3,0.3,0.0,No_Alert
Tamil Nadu,Thanjavur,Thanjavur,10.96,79.38,2023-10-12,26.3,14.3,49.2,0.0,0.3,0.0,No_Alert
Tamil Nadu,Thanjavur,Thanjavur,10.96,79.38,2023-10-14,25.8,16.7,50.8,0.0,0.3,0.0,No_Alert
Tamil Nadu,Thanjavur,Thanjavur,10.96,79.38,2023-10-16,27.0,10.9,51.9,0.6,0.3,0.0,No_Alert
Tamil Nadu,Thanjavur,Thanjavur,10.96,79.38,2023-10-18,29.9,13.9,50.3,0.0,0.3,0.0,No_Alert
Tamil Nadu,Thanjavur,Thanjavur,10.96,79.38,2023-10-20,25.9,13.2,47.9,0.0,0.3,0.0,No_Alert
Tamil Nadu,Thanjavur,Thanjavur,10.96,79.38,2023-10-22,27.6,12.8,45.0,0.0,0.3,0.0,No_Alert
Tamil Nadu,Thanjavur,Thanjavur,10.96,79.38,2023-10-24,28.8,15.0,54.2,0.0,0.3,0.0,No_Alert
Tamil Nadu,Thanjavur,Thanjavur,10.96,79.38,2023-10-26,27.2,13.2,51.8,0.0,0.3,0.0,No_Alert
Tamil Nadu,Thanjavur,Thanjavur,10.96,79.38,2023-10-28,25.9,12.7,45.2,0.0,0.3,0.0,No_Alert
Tamil Nadu,Thanjavur,Thanjavur,10.96,79.38,2023-10-30,28.8,16.3,52.9,0.0,0.3,0.0,No_Alert
Tamil Nadu,Thanjavur,Thanjavur,10.96,79.38,2023-11-01,27.5,14.4,43.9,0.0,0.3,0.0,No_Alert
Tamil Nadu,Thanjavur,Thanjavur,10.96,79.38,2023-11-03,25.9,14.8,55.1,0.0,0.3,0.0,No_Alert
Tamil Nadu,Thanjavur,Thanjavur,10.96,79.38,2023-11-05,28.3,12.6,44.8,0.0,0.3,0.0,No_Alert
Tamil Nadu,Thanjavur,Thanjavur,10.96,79.38,2023-11-07,29.4,13.8,51.9,0.0,0.3,0.0,No_Alert
Tamil Nadu,Thanjavur,Thanjavur,10.96,79.38,2023-11-09,28.3,13.5,58.4,0.1,0.3,0.0,No_Alert
Tamil Nadu,Thanjavur,Thanjavur,10.96,79.38,2023-11-11,26.8,11.1,51.7,0.0,0.3,0.0,No_Alert
Tamil Nadu,Thanjavur,Thanjavur,10.96,79.38,2023-11-13,28.3,13.7,50.4,0.0,0.3,0.0,No_Alert
Tamil Nadu,Thanjavur,Thanjavur,10.96,79.38,2023-11-15,27.5,12.9,48.2,0.0,0.3,0.0,No_Alert
Tamil Nadu,Thanjavur,Thanjavur,10.96,79.38,2023-11-17,27.3,10.9,44.0,0.0,0.3,0.0,No_Alert
Tamil Nadu,Thanjavur,Thanjavur,10.96,79.38,2023-11-19,27.1,15.5,43.8,0.0,0.3,0.0,No_Alert
Tamil Nadu,Thanjavur,Thanjavur,10.96,79.38,2023-11-21,27.1,11.3,57.0,0.0,0.3,0.0,No_Alert
Tamil Nadu,Thanjavur,Thanjavur,10.96,79.38,2023-11-23,27.7,13.6,55.5,0.0,0.3,0.0,No_Alert
Tamil Nadu,Thanjavur,Thanjavur,10.96,79.38,2023-11-25,28.2,11.2,50.2,0.0,0.3,0.0,No_Alert
Tamil Nadu,Thanjavur,Thanjavur,10.96,79.38,2023-11-27,25.5,13.8,53.9,0.0,0.3,0.0,No_Alert
Tamil Nadu,Thanjavur,Thanjavur,10.96,79.38,2023-11-29,28.1,10.2,54.4,0.0,0.3,0.0,No_Alert
Tamil Nadu,Thanjavur,Thanjavur,10.96,79.38,2023-12-01,24.7,15.3,49.1,0.0,0.3,0.0,No_Alert
Tamil Nadu,Thanjavur,Thanjavur,10.96,79.38,2023-12-03,24.9,15.9,54.1,0.0,0.3,0.0,No_Alert
Tamil Nadu,Thanjavur,Thanjavur,10.96,79.38,2023-12-05,27.7,15.4,51.5,0.0,0.3,0.0,No_Alert
Tamil Nadu,Thanjavur,Thanjavur,10.96,79.38,2023-12-07,30.8,13.5,56.9,0.0,0.3,0.0,No_Alert
Tamil Nadu,Thanjavur,Thanjavur,10.96,79.38,2023-12-09,28.4,15.4,48.4,0.0,0.3,0.0,No_Alert
Tamil Nadu,Thanjavur,Thanjavur,10.96,79.38,2023-12-11,26.6,13.2,46.2,0.0,0.3,0.0,No_Alert
Tamil Nadu,Thanjavur,Thanjavur,10.96,79.38,2023-12-13,30.4,13.5,53.4,0.0,0.3,0.0,No_Alert
Tamil Nadu,Thanjavur,Thanjavur,10.96,79.38,2023-12-15,26.3,12.1,56.5,0.0,0.3,0.0,No_Alert
Tamil Nadu,Thanjavur,Thanjavur,10.96,79.38,2023-12-17,28.7,13.5,47.0,0.0,0.3,0.0,No_Alert
Tamil Nadu,Thanjavur,Thanjavur,10.96,79.38,2023-12-19,25.9,14.0,44.9,0.0,0.3,0.0,No_Alert
Tamil Nadu,Thanjavur,Thanjavur,10.96,79.38,2023-12-21,29.5,16.3,48.6,0.0,0.3,0.0,No_Alert
Tamil Nadu,Thanjavur,Thanjavur,10.96,79.38,2023-12-23,28.2,15.6,46.7,0.1,0.3,0.0,No_Alert
Tamil Nadu,Thanjavur,Thanjavur,10.96,79.38,2023-12-25,28.2,14.2,56.5,0.0,0.3,0.0,No_Alert
Tamil Nadu,Thanjavur,Thanjavur,10.96,79.38,2023-12-27,29.8,17.1,43.4,0.3,0.3,0.0,No_Alert
Tamil Nadu,Thanjavur,Thanjavur,10.96,79.38,2023-12-29,28.3,15.2,48.2,0.0,0.3,0.0,No_Alert
Tamil Nadu,Thanjavur,Thanjavur,10.96,79.38,2023-12-31,26.6,17.2,47.7,0.0,0.3,0.0,No_Alert
Tamil Nadu,Coimbatore,Coimbatore,10.66,77.01,2023-01-01,30.8,19.4,56.5,0.0,0.2,0.0,No_Alert
Tamil Nadu,Coimbatore,Coimbatore,10.66,77.01,2023-01-03,28.0,14.9,44.6,0.0,0.2,0.0,No_Alert
Tamil Nadu,Coimbatore,Coimbatore,10.66,77.01,2023-01-05,30.3,17.0,50.0,0.0,0.2,0.0,No_Alert
Tamil Nadu,Coimbatore,Coimbatore,10.66,77.01,2023-01-07,27.7,16.0,56.2,0.2,0.2,0.0,No_Alert
Tamil Nadu,Coimbatore,Coimbatore,10.66,77.01,2023-01-09,33.3,16.8,52.6,0.0,0.2,0.0,No_Alert
Tamil Nadu,Coimbatore,Coimbatore,10.66,77.01,2023-01-11,30.5,16.4,43.4,0.0,0.2,0.0,No_Alert
Tamil Nadu,Coimbatore,Coimbatore,10.66,77.01,2023-01-13,33.1,17.0,45.8,0.0,0.2,0.0,No_Alert
Tamil Nadu,Coimbatore,Coimbatore,10.66,77.01,2023-01-15,33.7,16.7,54.3,0.0,0.2,0.0,No_Alert
Tamil Nadu,Coimbatore,Coimbatore,10.66,77.01,2023-01-17,31.1,16.0,57.0,0.0,0.2,0.0,No_Alert
Tamil Nadu,Coimbatore,Coimbatore,10.66,77.01,2023-01-19,33.2,15.6,53.0,0.0,0.2,0.0,No_Alert
Tamil Nadu,Coimbatore,Coimbatore,10.66,77.01,2023-01-21,33.1,18.0,45.6,0.0,0.2,0.0,No_Alert
Tamil Nadu,Coimbatore,Coimbatore,10.66,77.01,2023-01-23,30.0,21.7,45.3,0.0,0.2,0.0,No_Alert
Tamil Nadu,Coimbatore,Coimbatore,10.66,77.01,2023-01-25,32.2,21.4,57.0,0.0,0.2,0.0,No_Alert
Tamil Nadu,Coimbatore,Coimbatore,10.66,77.01,2023-01-27,33.3,18.6,51.2,0.0,0.2,0.0,No_Alert
Tamil Nadu,Coimbatore,Coimbatore,10.66,77.01,2023-01-29,33.8,19.0,55.9,0.0,0.2,0.0,No_Alert
Tamil Nadu,Coimbatore,Coimbatore,10.66,77.01,2023-01-31,35.7,20.7,56.1,0.0,0.2,0.0,No_Alert
Tamil Nadu,Coimbatore,Coimbatore,10.66,77.01,2023-02-02,31.0,17.3,50.7,0.0,0.2,0.0,No_Alert
Tamil Nadu,Coimbatore,Coimbatore,10.66,77.01,2023-02-04,35.1,23.7,58.7,0.3,0.2,0.0,No_Alert
Tamil Nadu,Coimbatore,Coimbatore,10.66,77.01,2023-02-06,34.9,19.5,44.4,0.0,0.2,0.0,No_Alert
Tamil Nadu,Coimbatore,Coimbatore,10.66,77.01,2023-02-08,37.4,22.4,53.9,0.0,0.2,0.0,No_Alert
Tamil Nadu,Coimbatore,Coimbatore,10.66,77.01,2023-02-10,36.9,24.0,45.1,0.0,0.2,0.0,No_Alert
Tamil Nadu,Coimbatore,Coimbatore,10.66,77.01,2023-02-12,34.8,19.5,48.3,0.0,0.2,0.0,No_Alert
Tamil Nadu,Coimbatore,Coimbatore,10.66,77.01,2023-02-14,34.4,22.7,47.0,0.0,0.2,0.0,No_Alert
Tamil Nadu,Coimbatore,Coimbatore,10.66,77.01,2023-02-16,37.4,24.6,57.9,0.0,0.2,0.0,No_Alert
Tamil Nadu,Coimbatore,Coimbatore,10.66,77.01,2023-02-18,37.1,22.9,53.0,0.3,0.2,0.0,No_Alert
Tamil Nadu,Coimbatore,Coimbatore,10.66,77.01,2023-02-20,38.1,24.7,51.2,0.0,0.2,0.0,No_Alert
Tamil Nadu,Coimbatore,Coimbatore,10.66,77.01,2023-02-22,39.2,24.0,57.8,0.0,0.2,0.0,No_Alert
Tamil Nadu,Coimbatore,Coimbatore,10.66,77.01,2023-02-24,34.9,25.1,48.3,0.1,0.2,0.0,No_Alert
Tamil Nadu,Coimbatore,Coimbatore,10.66,77.01,2023-02-26,37.7,23.6,48.7,0.0,0.2,0.0,No_Alert
Tamil Nadu,Coimbatore,Coimbatore,10.66,77.01,2023-02-28,37.6,25.4,43.3,0.0,0.2,0.0,No_Alert
Tamil Nadu,Coimbatore,Coimbatore,10.66,77.01,2023-03-02,38.2,23.9,55.5,0.0,0.2,0.0,No_Alert
Tamil Nadu,Coimbatore,Coimbatore,10.66,77.01,2023-03-04,39.3,23.5,44.0,0.0,0.2,0.0,No_Alert
Tamil Nadu,Coimbatore,Coimbatore,10.66,77.01,2023-03-06,41.2,27.8,55.1,0.0,0.2,0.0,No_Alert
Tamil Nadu,Coimbatore,Coimbatore,10.66,77.01,2023-03-08,34.9,23.7,49.5,0.0,0.2,0.0,No_Alert
Tamil Nadu,Coimbatore,Coimbatore,10.66,77.01,2023-03-10,37.9,24.6,54.9,0.0,0.2,0.0,No_Alert
Tamil Nadu,Coimbatore,Coimbatore,10.66,77.01,2023-03-12,41.9,24.8,55.3,0.0,0.2,0.0,No_Alert
Tamil Nadu,Coimbatore,Coimbatore,10.66,77.01,2023-03-14,41.4,28.9,44.0,0.0,0.2,0.0,No_Alert
Tamil Nadu,Coimbatore,Coimbatore,10.66,77.01,2023-03-16,36.7,23.8,48.2,0.0,0.2,0.0,No_Alert
Tamil Nadu,Coimbatore,Coimbatore,10.66,77.01,2023-03-18,40.9,27.9,53.9,0.0,0.2,0.0,No_Alert
Tamil Nadu,Coimbatore,Coimbatore,10.66,77.01,2023-03-20,39.4,28.8,52.6,0.0,0.2,0.0,No_Alert
Tamil Nadu,Coimbatore,Coimbatore,10.66,77.01,2023-03-22,38.4,25.0,45.6,0.0,0.2,0.0,No_Alert
Tamil Nadu,Coimbatore,Coimbatore,10.66,77.01,2023-03-24,39.2,26.6,57.5,0.2,0.2,0.0,No_Alert
Tamil Nadu,Coimbatore,Coimbatore,10.66,77.01,2023-03-26,40.3,25.6,59.0,0.0,0.2,0.0,No_Alert
Tamil Nadu,Coimbatore,Coimbatore,10.66,77.01,2023-03-28,41.0,25.4,53.5,0.0,0.2,0.0,No_Alert
Tamil Nadu,Coimbatore,Coimbatore,10.66,77.01,2023-03-30,42.0,27.2,48.5,0.0,0.2,0.0,No_Alert
Tamil Nadu,Coimbatore,Coimbatore,10.66,77.01,2023-04-01,42.0,27.5,45.1,0.0,0.2,0.0,No_Alert
Tamil Nadu,Coimbatore,Coimbatore,10.66,77.01,2023-04-03,37.2,28.5,46.0,0.0,0.2,0.0,No_Alert
Tamil Nadu,Coimbatore,Coimbatore,10.66,77.01,2023-04-05,40.0,27.9,55.8,0.0,0.2,0.0,No_Alert
Tamil Nadu,Coimbatore,Coimbatore,10.66,77.01,2023-04-07,43.1,26.6,53.8,0.0,0.2,0.0,No_Alert
Tamil Nadu,Coimbatore,Coimbatore,10.66,77.01,2023-04-09,44.8,29.9,56.9,0.0,0.2,0.0,No_Alert
Tamil Nadu,Coimbatore,Coimbatore,10.66,77.01,2023-04-11,40.9,26.9,44.6,0.0,0.2,0.0,No_Alert
Tamil Nadu,Coimbatore,Coimbatore,10.66,77.01,2023-04-13,41.9,31.2,48.0,0.0,0.2,0.0,No_Alert
Tamil Nadu,Coimbatore,Coimbatore,10.66,77.01,2023-04-15,39.1,28.1,49.8,0.3,0.2,0.0,No_Alert
Tamil Nadu,Coimbatore,Coimbatore,10.66,77.01,2023-04-17,41.1,30.7,44.5,0.0,0.2,0.0,No_Alert
Tamil Nadu,Coimbatore,Coimbatore,10.66,77.01,2023-04-19,43.6,30.4,52.8,0.0,0.2,0.0,No_Alert
Tamil Nadu,Coimbatore,Coimbatore,10.66,77.01,2023-04-21,42.1,30.6,51.8,0.1,0.2,0.0,No_Alert
Tamil Nadu,Coimbatore,Coimbatore,10.66,77.01,2023-04-23,43.7,32.2,49.5,0.2,0.2,0.0,No_Alert
Tamil Nadu,Coimbatore,Coimbatore,10.66,77.01,2023-04-25,41.9,29.8,54.0,0.0,0.2,0.0,No_Alert
Tamil Nadu,Coimbatore,Coimbatore,10.66,77.01,2023-04-27,46.1,32.2,45.3,0.2,0.2,0.0,No_Alert
Tamil Nadu,Coimbatore,Coimbatore,10.66,77.01,2023-04-29,41.3,30.7,56.7,0.2,0.2,0.0,No_Alert
Tamil Nadu,Coimbatore,Coimbatore,10.66,77.01,2023-05-01,42.0,31.1,45.2,0.0,0.2,0.0,No_Alert
Tamil Nadu,Coimbatore,Coimbatore,10.66,77.01,2023-05-03,44.8,30.6,52.1,0.2,0.2,0.0,No_Alert
Tamil Nadu,Coimbatore,Coimbatore,10.66,77.01,2023-05-05,42.1,28.0,55.1,0.0,0.2,0.0,No_Alert
Tamil Nadu,Coimbatore,Coimbatore,10.66,77.01,2023-05-07,45.9,33.6,47.6,0.0,0.2,0.0,No_Alert
Tamil Nadu,Coimbatore,Coimbatore,10.66,77.01,2023-05-09,45.4,34.2,48.6,0.0,0.2,0.0,No_Alert
Tamil Nadu,Coimbatore,Coimbatore,10.66,77.01,2023-05-11,46.9,32.8,56.6,0.0,0.2,0.0,No_Alert
Tamil Nadu,Coimbatore,Coimbatore,10.66,77.01,2023-05-13,44.2,32.2,45.8,0.0,0.2,0.0,No_Alert
Tamil Nadu,Coimbatore,Coimbatore,10.66,77.01,2023-05-15,44.1,29.6,51.4,0.0,0.2,0.0,No_Alert
Tamil Nadu,Coimbatore,Coimbatore,10.66,77.01,2023-05-17,45.0,32.7,53.9,0.0,0.2,0.0,No_Alert
Tamil Nadu,Coimbatore,Coimbatore,10.66,77.01,2023-05-19,42.5,30.5,53.9,0.0,0.2,0.0,No_Alert
Tamil Nadu,Coimbatore,Coimbatore,10.66,77.01,2023-05-21,40.9,30.0,44.5,0.0,0.2,0.0,No_Alert
Tamil Nadu,Coimbatore,Coimbatore,10.66,77.01,2023-05-23,44.7,29.5,49.3,0.0,0.2,0.0,No_Alert
Tamil Nadu,Coimbatore,Coimbatore,10.66,77.01,2023-05-25,45.4,29.3,44.8,0.0,0.2,0.0,No_Alert
Tamil Nadu,Coimbatore,Coimbatore,10.66,77.01,2023-05-27,43.7,31.2,44.8,0.0,0.2,0.0,No_Alert
Tamil Nadu,Coimbatore,Coimbatore,10.66,77.01,2023-05-29,42.2,31.1,49.8,0.1,0.2,0.0,No_Alert
Tamil Nadu,Coimbatore,Coimbatore,10.66,77.01,2023-05-31,43.7,30.1,43.8,0.0,0.2,0.0,No_Alert
Tamil Nadu,Coimbatore,Coimbatore,10.66,77.01,2023-06-02,40.0,31.0,66.5,0.0,1.9,-100.0,No_Alert
Tamil Nadu,Coimbatore,Coimbatore,10.66,77.01,2023-06-04,41.4,31.3,60.5,4.0,2.1,90.5,No_Alert
Tamil Nadu,Coimbatore,Coimbatore,10.66,77.01,2023-06-06,43.6,29.1,67.4,0.0,2.3,-100.0,No_Alert
Tamil Nadu,Coimbatore,Coimbatore,10.66,77.01,2023-06-08,41.3,29.3,59.6,1.7,2.5,-32.0,No_Alert
Tamil Nadu,Coimbatore,Coimbatore,10.66,77.01,2023-06-10,45.1,31.0,75.2,4.1,2.7,51.9,No_Alert
Tamil Nadu,Coimbatore,Coimbatore,10.66,77.01,2023-06-12,41.0,28.2,67.0,0.0,2.9,-100.0,No_Alert
Tamil Nadu,Coimbatore,Coimbatore,10.66,77.01,2023-06-14,40.3,27.4,65.5,0.0,3.1,-100.0,No_Alert
Tamil Nadu,Coimbatore,Coimbatore,10.66,77.01,2023-06-16,40.5,28.9,73.2,0.0,3.3,-100.0,No_Alert
Tamil Nadu,Coimbatore,Coimbatore,10.66,77.01,2023-06-18,44.3,30.0,76.4,1.9,3.5,-45.7,No_Alert
Tamil Nadu,Coimbatore,Coimbatore,10.66,77.01,2023-06-20,41.7,28.9,81.6,1.9,3.6,-47.2,No_Alert
Tamil Nadu,Coimbatore,Coimbatore,10.66,77.01,2023-06-22,38.5,25.5,79.5,7.6,3.8,100.0,No_Alert
Tamil Nadu,Coimbatore,Coimbatore,10.66,77.01,2023-06-24,44.3,28.7,84.5,0.0,4.0,-100.0,No_Alert
Tamil Nadu,Coimbatore,Coimbatore,10.66,77.01,2023-06-26,42.9,30.1,76.6,0.0,4.1,-100.0,No_Alert
Tamil Nadu,Coimbatore,Coimbatore,10.66,77.01,2023-06-28,42.4,27.6,83.9,0.0,4.3,-100.0,No_Alert
Tamil Nadu,Coimbatore,Coimbatore,10.66,77.01,2023-06-30,42.4,27.8,82.6,0.0,4.5,-100.0,No_Alert
Tamil Nadu,Coimbatore,Coimbatore,10.66,77.01,2023-07-02,41.2,28.7,87.3,7.1,4.6,54.3,No_Alert
Tamil Nadu,Coimbatore,Coimbatore,10.66,77.01,2023-07-04,41.3,27.7,80.0,0.0,4.7,-100.0,No_Alert
Tamil Nadu,Coimbatore,Coimbatore,10.66,77.01,2023-07-06,38.2,28.1,87.8,0.0,4.9,-100.0,No_Alert
Tamil Nadu,Coimbatore,Coimbatore,10.66,77.01,2023-07-08,42.7,29.2,88.7,0.0,5.0,-100.0,No_Alert
Tamil Nadu,Coimbatore,Coimbatore,10.66,77.01,2023-07-10,39.4,27.2,89.8,0.0,5.1,-100.0,No_Alert
Tamil Nadu,Coimbatore,Coimbatore,10.66,77.01,2023-07-12,42.1,28.6,89.9,0.0,5.2,-100.0,No_Alert
Tamil Nadu,Coimbatore,Coimbatore,10.66,77.01,2023-07-14,40.0,24.9,91.6,0.0,5.3,-100.0,No_Alert
Tamil Nadu,Coimbatore,Coimbatore,10.66,77.01,2023-07-16,41.7,26.3,92.5,0.0,5.4,-100.0,No_Alert
Tamil Nadu,Coimbatore,Coimbatore,10.66,77.01,2023-07-18,37.4,27.2,85.0,2.2,5.5,-60.0,No_Alert
Tamil Nadu,Coimbatore,Coimbatore,10.66,77.01,2023-07-20,38.3,26.6,93.2,11.7,5.5,112.7,No_Alert
Tamil Nadu,Coimbatore,Coimbatore,10.66,77.01,2023-07-22,39.0,22.4,86.2,0.0,5.6,-100.0,No_Alert
Tamil Nadu,Coimbatore,Coimbatore,10.66,77.01,2023-07-24,40.0,23.4,86.3,6.8,5.6,21.4,No_Alert
Tamil Nadu,Coimbatore,Coimbatore,10.66,77.01,2023-07-26,40.9,25.2,92.5,0.0,5.7,-100.0,No_Alert
Tamil Nadu,Coimbatore,Coimbatore,10.66,77.01,2023-07-28,39.2,22.7,95.6,0.0,5.7,-100.0,No_Alert
Tamil Nadu,Coimbatore,Coimbatore,10.66,77.01,2023-07-30,38.8,23.1,81.9,0.1,5.7,-98.2,No_Alert
Tamil Nadu,Coimbatore,Coimbatore,10.66,77.01,2023-08-01,35.8,25.7,83.4,4.7,5.7,-17.5,No_Alert
Tamil Nadu,Coimbatore,Coimbatore,10.66,77.01,2023-08-03,38.9,26.2,82.8,5.1,5.7,-10.5,No_Alert
Tamil Nadu,Coimbatore,Coimbatore,10.66,77.01,2023-08-05,36.9,24.2,94.7,10.8,5.7,89.5,No_Alert
Tamil Nadu,Coimbatore,Coimbatore,10.66,77.01,2023-08-07,34.8,21.4,93.6,6.2,5.6,10.7,No_Alert
Tamil Nadu,Coimbatore,Coimbatore,10.66,77.01,2023-08-09,36.5,24.1,93.8,0.0,5.6,-100.0,No_Alert
Tamil Nadu,Coimbatore,Coimbatore,10.66,77.01,2023-08-11,33.9,23.4,90.6,0.0,5.6,-100.0,No_Alert
Tamil Nadu,Coimbatore,Coimbatore,10.66,77.01,2023-08-13,35.5,22.0,91.9,10.0,5.5,81.8,No_Alert
Tamil Nadu,Coimbatore,Coimbatore,10.66,77.01,2023-08-15,37.0,25.3,94.5,6.2,5.4,14.8,No_Alert
Tamil Nadu,Coimbatore,Coimbatore,10.66,77.01,2023-08-17,36.0,20.6,92.4,0.0,5.3,-100.0,No_Alert
Tamil Nadu,Coimbatore,Coimbatore,10.66,77.01,2023-08-19,35.5,22.4,84.8,2.7,5.3,-49.1,No_Alert
Tamil Nadu,Coimbatore,Coimbatore,10.66,77.01,2023-08-21,34.6,20.4,92.5,0.0,5.2,-100.0,No_Alert
Tamil Nadu,Coimbatore,Coimbatore,10.66,77.01,2023-08-23,35.1,21.3,87.8,10.4,5.0,108.0,No_Alert
Tamil Nadu,Coimbatore,Coimbatore,10.66,77.01,2023-08-25,34.8,19.6,79.9,5.5,4.9,12.2,No_Alert
Tamil Nadu,Coimbatore,Coimbatore,10.66,77.01,2023-08-27,31.7,19.3,78.1,2.8,4.8,-41.7,No_Alert
Tamil Nadu,Coimbatore,Coimbatore,10.66,77.01,2023-08-29,32.8,21.4,85.6,0.0,4.7,-100.0,No_Alert
Tamil Nadu,Coimbatore,Coimbatore,10.66,77.01,2023-08-31,34.8,18.7,73.1,6.0,4.5,33.3,No_Alert
Tamil Nadu,Coimbatore,Coimbatore,10.66,77.01,2023-09-02,29.9,18.4,76.9,0.0,4.4,-100.0,No_Alert
Tamil Nadu,Coimbatore,Coimbatore,10.66,77.01,2023-09-04,31.4,19.7,83.5,0.0,4.2,-100.0,No_Alert
Tamil Nadu,Coimbatore,Coimbatore,10.66,77.01,2023-09-06,32.9,20.7,73.9,0.0,4.1,-100.0,No_Alert
Tamil Nadu,Coimbatore,Coimbatore,10.66,77.01,2023-09-08,29.1,19.9,69.0,3.8,3.9,-2.6,No_Alert
Tamil Nadu,Coimbatore,Coimbatore,10.66,77.01,2023-09-10,30.3,19.9,77.4,5.3,3.7,43.2,No_Alert
Tamil Nadu,Coimbatore,Coimbatore,10.66,77.01,2023-09-12,31.9,16.9,79.8,0.0,3.5,-100.0,No_Alert
Tamil Nadu,Coimbatore,Coimbatore,10.66,77.01,2023-09-14,32.7,21.2,73.2,6.0,3.4,76.5,No_Alert
Tamil Nadu,Coimbatore,Coimbatore,10.66,77.01,2023-09-16,27.6,14.7,77.5,0.0,3.2,-100.0,No_Alert
Tamil Nadu,Coimbatore,Coimbatore,10.66,77.01,2023-09-18,31.8,15.0,63.2,0.0,3.0,-100.0,No_Alert
Tamil Nadu,Coimbatore,Coimbatore,10.66,77.01,2023-09-20,32.5,16.5,69.1,4.0,2.8,42.9,No_Alert
Tamil Nadu,Coimbatore,Coimbatore,10.66,77.01,2023-09-22,31.7,17.5,72.7,0.0,2.6,-100.0,No_Alert
Tamil Nadu,Coimbatore,Coimbatore,10.66,77.01,2023-09-24,27.7,15.6,60.0,0.0,2.4,-100.0,No_Alert
Tamil Nadu,Coimbatore,Coimbatore,10.66,77.01,2023-09-26,30.8,15.4,60.4,1.7,2.2,-22.7,No_Alert
Tamil Nadu,Coimbatore,Coimbatore,10.66,77.01,2023-09-28,29.7,15.0,65.7,2.1,2.0,5.0,No_Alert
Tamil Nadu,Coimbatore,Coimbatore,10.66,77.01,2023-09-30,30.6,17.8,59.0,0.0,1.8,-100.0,No_Alert
Tamil Nadu,Coimbatore,Coimbatore,10.66,77.01,2023-10-02,28.3,15.6,48.4,0.0,0.2,0.0,No_Alert
Tamil Nadu,Coimbatore,Coimbatore,10.66,77.01,2023-10-04,28.2,18.4,45.2,0.0,0.2,0.0,No_Alert
Tamil Nadu,Coimbatore,Coimbatore,10.66,77.01,2023-10-06,28.8,12.8,50.2,0.0,0.2,0.0,No_Alert
Tamil Nadu,Coimbatore,Coimbatore,10.66,77.01,2023-10-08,28.9,15.3,55.9,0.0,0.2,0.0,No_Alert
Tamil Nadu,Coimbatore,Coimbatore,10.66,77.01,2023-10-10,28.4,16.9,51.8,0.3,0.2,0.0,No_Alert
Tamil Nadu,Coimbatore,Coimbatore,10.66,77.01,2023-10-12,29.1,14.1,44.9,0.0,0.2,0.0,No_Alert
Tamil Nadu,Coimbatore,Coimbatore,10.66,77.01,2023-10-14,27.7,11.5,50.1,0.0,0.2,0.0,No_Alert
Tamil Nadu,Coimbatore,Coimbatore,10.66,77.01,2023-10-16,28.6,15.4,57.1,0.0,0.2,0.0,No_Alert
Tamil Nadu,Coimbatore,Coimbatore,10.66,77.01,2023-10-18,25.3,17.1,52.0,0.0,0.2,0.0,No_Alert
Tamil Nadu,Coimbatore,Coimbatore,10.66,77.01,2023-10-20,26.0,15.8,48.9,0.0,0.2,0.0,No_Alert
Tamil Nadu,Coimbatore,Coimbatore,10.66,77.01,2023-10-22,25.3,13.6,54.6,0.0,0.2,0.0,No_Alert
Tamil Nadu,Coimbatore,Coimbatore,10.66,77.01,2023-10-24,28.4,12.2,56.6,0.0,0.2,0.0,No_Alert
Tamil Nadu,Coimbatore,Coimbatore,10.66,77.01,2023-10-26,26.2,15.3,56.2,0.0,0.2,0.0,No_Alert
Tamil Nadu,Coimbatore,Coimbatore,10.66,77.01,2023-10-28,27.6,11.1,53.8,0.0,0.2,0.0,No_Alert
Tamil Nadu,Coimbatore,Coimbatore,10.66,77.01,2023-10-30,25.5,15.7,47.6,0.0,0.2,0.0,No_Alert
Tamil Nadu,Coimbatore,Coimbatore,10.66,77.01,2023-11-01,27.4,15.6,50.9,0.0,0.2,0.0,No_Alert
Tamil Nadu,Coimbatore,Coimbatore,10.66,77.01,2023-11-03,27.4,13.3,50.6,0.0,0.2,0.0,No_Alert
Tamil Nadu,Coimbatore,Coimbatore,10.66,77.01,2023-11-05,26.3,11.9,58.6,0.0,0.2,0.0,No_Alert
Tamil Nadu,Coimbatore,Coimbatore,10.66,77.01,2023-11-07,29.2,13.2,49.0,0.0,0.2,0.0,No_Alert
Tamil Nadu,Coimbatore,Coimbatore,10.66,77.01,2023-11-09,27.7,13.4,53.7,0.2,0.2,0.0,No_Alert
Tamil Nadu,Coimbatore,Coimbatore,10.66,77.01,2023-11-11,29.7,14.3,47.4,0.0,0.2,0.0,No_Alert
Tamil Nadu,Coimbatore,Coimbatore,10.66,77.01,2023-11-13,26.1,15.7,54.4,0.0,0.2,0.0,No_Alert
Tamil Nadu,Coimbatore,Coimbatore,10.66,77.01,2023-11-15,26.1,17.2,43.9,0.0,0.2,0.0,No_Alert
Tamil Nadu,Coimbatore,Coimbatore,10.66,77.01,2023-11-17,26.9,14.1,53.1,0.0,0.2,0.0,No_Alert
Tamil Nadu,Coimbatore,Coimbatore,10.66,77.01,2023-11-19,27.3,16.5,54.2,0.0,0.2,0.0,No_Alert
Tamil Nadu,Coimbatore,Coimbatore,10.66,77.01,2023-11-21,25.0,10.5,46.9,0.0,0.2,0.0,No_Alert
Tamil Nadu,Coimbatore,Coimbatore,10.66,77.01,2023-11-23,29.3,13.8,43.3,0.0,0.2,0.0,No_Alert
Tamil Nadu,Coimbatore,Coimbatore,10.66,77.01,2023-11-25,27.1,13.2,43.9,0.0,0.2,0.0,No_Alert
Tamil Nadu,Coimbatore,Coimbatore,10.66,77.01,2023-11-27,24.6,14.1,53.8,0.3,0.2,0.0,No_Alert
Tamil Nadu,Coimbatore,Coimbatore,10.66,77.01,2023-11-29,25.1,15.4,44.3,0.0,0.2,0.0,No_Alert
Tamil Nadu,Coimbatore,Coimbatore,10.66,77.01,2023-12-01,26.3,14.7,45.2,0.0,0.2,0.0,No_Alert
Tamil Nadu,Coimbatore,Coimbatore,10.66,77.01,2023-12-03,26.8,16.2,50.6,0.0,0.2,0.0,No_Alert
Tamil Nadu,Coimbatore,Coimbatore,10.66,77.01,2023-12-05,26.6,13.7,46.4,0.0,0.2,0.0,No_Alert
Tamil Nadu,Coimbatore,Coimbatore,10.66,77.01,2023-12-07,29.7,17.5,55.0,0.4,0.2,0.0,No_Alert
Tamil Nadu,Coimbatore,Coimbatore,10.66,77.01,2023-12-09,26.1,12.1,57.5,0.0,0.2,0.0,No_Alert
Tamil Nadu,Coimbatore,Coimbatore,10.66,77.01,2023-12-11,26.3,13.2,59.0,0.0,0.2,0.0,No_Alert
Tamil Nadu,Coimbatore,Coimbatore,10.66,77.01,2023-12-13,28.7,11.9,58.9,0.0,0.2,0.0,No_Alert
Tamil Nadu,Coimbatore,Coimbatore,10.66,77.01,2023-12-15,29.2,18.0,58.4,0.0,0.2,0.0,No_Alert
Tamil Nadu,Coimbatore,Coimbatore,10.66,77.01,2023-12-17,29.3,16.5,46.8,0.0,0.2,0.0,No_Alert
Tamil Nadu,Coimbatore,Coimbatore,10.66,77.01,2023-12-19,28.5,17.3,44.2,0.0,0.2,0.0,No_Alert
Tamil Nadu,Coimbatore,Coimbatore,10.66,77.01,2023-12-21,28.2,13.3,58.4,0.0,0.2,0.0,No_Alert
Tamil Nadu,Coimbatore,Coimbatore,10.66,77.01,2023-12-23,30.5,16.7,46.3,0.0,0.2,0.0,No_Alert
Tamil Nadu,Coimbatore,Coimbatore,10.66,77.01,2023-12-25,32.2,16.3,47.8,0.0,0.2,0.0,No_Alert
Tamil Nadu,Coimbatore,Coimbatore,10.66,77.01,2023-12-27,29.4,15.3,44.8,0.2,0.2,0.0,No_Alert
Tamil Nadu,Coimbatore,Coimbatore,10.66,77.01,2023-12-29,31.4,16.1,44.3,0.0,0.2,0.0,No_Alert
Tamil Nadu,Coimbatore,Coimbatore,10.66,77.01,2023-12-31,32.2,15.6,56.3,0.0,0.2,0.0,No_Alert
Rajasthan,Sriganganagar,Sriganganagar,29.71,73.98,2023-01-01,12.7,0.6,39.2,0.0,0.1,0.0,No_Alert
Rajasthan,Sriganganagar,Sriganganagar,29.71,73.98,2023-01-03,20.4,5.7,49.7,0.0,0.1,0.0,No_Alert
Rajasthan,Sriganganagar,Sriganganagar,29.71,73.98,2023-01-05,18.2,2.1,46.6,0.0,0.1,0.0,No_Alert
Rajasthan,Sriganganagar,Sriganganagar,29.71,73.98,2023-01-07,17.1,5.2,46.6,0.0,0.1,0.0,No_Alert
Rajasthan,Sriganganagar,Sriganganagar,29.71,73.98,2023-01-09,17.6,2.4,50.7,0.0,0.1,0.0,No_Alert
Rajasthan,Sriganganagar,Sriganganagar,29.71,73.98,2023-01-11,17.3,3.7,40.1,0.0,0.1,0.0,No_Alert
Rajasthan,Sriganganagar,Sriganganagar,29.71,73.98,2023-01-13,17.6,3.5,52.7,0.0,0.1,0.0,No_Alert
Rajasthan,Sriganganagar,Sriganganagar,29.71,73.98,2023-01-15,19.2,7.3,52.1,0.0,0.1,0.0,No_Alert
Rajasthan,Sriganganagar,Sriganganagar,29.71,73.98,2023-01-17,18.7,9.5,45.6,0.0,0.1,0.0,No_Alert
Rajasthan,Sriganganagar,Sriganganagar,29.71,73.98,2023-01-19,18.5,5.2,48.6,0.0,0.1,0.0,No_Alert
Rajasthan,Sriganganagar,Sriganganagar,29.71,73.98,2023-01-21,19.6,10.0,53.0,0.0,0.1,0.0,No_Alert
Rajasthan,Sriganganagar,Sriganganagar,29.71,73.98,2023-01-23,22.9,10.6,39.6,0.0,0.1,0.0,No_Alert
Rajasthan,Sriganganagar,Sriganganagar,29.71,73.98,2023-01-25,21.5,9.6,47.5,0.0,0.1,0.0,No_Alert
Rajasthan,Sriganganagar,Sriganganagar,29.71,73.98,2023-01-27,21.9,9.4,54.0,0.0,0.1,0.0,No_Alert
Rajasthan,Sriganganagar,Sriganganagar,29.71,73.98,2023-01-29,20.5,7.1,52.7,0.0,0.1,0.0,No_Alert
Rajasthan,Sriganganagar,Sriganganagar,29.71,73.98,2023-01-31,24.7,10.2,40.8,0.0,0.1,0.0,No_Alert
Rajasthan,Sriganganagar,Sriganganagar,29.71,73.98,2023-02-02,24.8,14.6,39.9,0.0,0.1,0.0,No_Alert
Rajasthan,Sriganganagar,Sriganganagar,29.71,73.98,2023-02-04,24.7,14.9,48.7,0.0,0.1,0.0,No_Alert
Rajasthan,Sriganganagar,Sriganganagar,29.71,73.98,2023-02-06,26.3,11.4,47.6,0.0,0.1,0.0,No_Alert
Rajasthan,Sriganganagar,Sriganganagar,29.71,73.98,2023-02-08,25.0,11.1,50.0,0.0,0.1,0.0,No_Alert
Rajasthan,Sriganganagar,Sriganganagar,29.71,73.98,2023-02-10,24.4,10.9,39.5,0.0,0.1,0.0,No_Alert
Rajasthan,Sriganganagar,Sriganganagar,29.71,73.98,2023-02-12,24.8,12.5,48.9,0.0,0.1,0.0,No_Alert
Rajasthan,Sriganganagar,Sriganganagar,29.71,73.98,2023-02-14,29.9,13.2,38.4,0.0,0.1,0.0,No_Alert
Rajasthan,Sriganganagar,Sriganganagar,29.71,73.98,2023-02-16,29.7,13.5,41.9,0.0,0.1,0.0,No_Alert
Rajasthan,Sriganganagar,Sriganganagar,29.71,73.98,2023-02-18,32.6,15.5,50.1,0.1,0.1,0.0,No_Alert
Rajasthan,Sriganganagar,Sriganganagar,29.71,73.98,2023-02-20,30.0,19.2,48.6,0.0,0.1,0.0,No_Alert
Rajasthan,Sriganganagar,Sriganganagar,29.71,73.98,2023-02-22,28.1,15.2,42.2,0.0,0.1,0.0,No_Alert
Rajasthan,Sriganganagar,Sriganganagar,29.71,73.98,2023-02-24,30.2,21.1,48.6,0.0,0.1,0.0,No_Alert
Rajasthan,Sriganganagar,Sriganganagar,29.71,73.98,2023-02-26,35.7,20.6,39.1,0.0,0.1,0.0,No_Alert
Rajasthan,Sriganganagar,Sriganganagar,29.71,73.98,2023-02-28,32.5,19.0,39.0,0.0,0.1,0.0,No_Alert
Rajasthan,Sriganganagar,Sriganganagar,29.71,73.98,2023-03-02,33.7,18.7,43.0,0.0,0.1,0.0,No_Alert
Rajasthan,Sriganganagar,Sriganganagar,29.71,73.98,2023-03-04,31.9,21.2,44.9,0.0,0.1,0.0,No_Alert
Rajasthan,Sriganganagar,Sriganganagar,29.71,73.98,2023-03-06,37.5,20.8,47.6,0.0,0.1,0.0,No_Alert
Rajasthan,Sriganganagar,Sriganganagar,29.71,73.98,2023-03-08,34.4,21.2,52.2,0.0,0.1,0.0,No_Alert
Rajasthan,Sriganganagar,Sriganganagar,29.71,73.98,2023-03-10,35.5,19.7,39.7,0.0,0.1,0.0,No_Alert
Rajasthan,Sriganganagar,Sriganganagar,29.71,73.98,2023-03-12,35.5,24.3,44.9,0.0,0.1,0.0,No_Alert
Rajasthan,Sriganganagar,Sriganganagar,29.71,73.98,2023-03-14,36.4,24.1,44.0,0.0,0.1,0.0,No_Alert
Rajasthan,Sriganganagar,Sriganganagar,29.71,73.98,2023-03-16,38.5,25.3,40.8,0.0,0.1,0.0,No_Alert
Rajasthan,Sriganganagar,Sriganganagar,29.71,73.98,2023-03-18,38.3,26.3,39.3,0.0,0.1,0.0,No_Alert
Rajasthan,Sriganganagar,Sriganganagar,29.71,73.98,2023-03-20,37.5,23.7,46.2,0.0,0.1,0.0,No_Alert
Rajasthan,Sriganganagar,Sriganganagar,29.71,73.98,2023-03-22,38.0,27.5,43.2,0.0,0.1,0.0,No_Alert
Rajasthan,Sriganganagar,Sriganganagar,29.71,73.98,2023-03-24,37.7,25.6,40.0,0.1,0.1,0.0,No_Alert
Rajasthan,Sriganganagar,Sriganganagar,29.71,73.98,2023-03-26,38.3,29.0,40.9,0.0,0.1,0.0,No_Alert
Rajasthan,Sriganganagar,Sriganganagar,29.71,73.98,2023-03-28,40.1,27.1,44.6,0.0,0.1,0.0,No_Alert
Rajasthan,Sriganganagar,Sriganganagar,29.71,73.98,2023-03-30,43.9,26.9,51.1,0.2,0.1,0.0,No_Alert
Rajasthan,Sriganganagar,Sriganganagar,29.71,73.98,2023-04-01,41.9,26.2,42.6,0.0,0.1,0.0,No_Alert
Rajasthan,Sriganganagar,Sriganganagar,29.71,73.98,2023-04-03,41.8,27.3,43.8,0.0,0.1,0.0,No_Alert
Rajasthan,Sriganganagar,Sriganganagar,29.71,73.98,2023-04-05,44.3,30.8,52.3,0.0,0.1,0.0,No_Alert
Rajasthan,Sriganganagar,Sriganganagar,29.71,73.98,2023-04-07,44.7,31.0,43.8,0.1,0.1,0.0,No_Alert
Rajasthan,Sriganganagar,Sriganganagar,29.71,73.98,2023-04-09,41.9,30.4,44.9,0.0,0.1,0.0,No_Alert
Rajasthan,Sriganganagar,Sriganganagar,29.71,73.98,2023-04-11,40.9,30.4,51.6,0.0,0.1,0.0,No_Alert
Rajasthan,Sriganganagar,Sriganganagar,29.71,73.98,2023-04-13,43.9,31.8,43.3,0.0,0.1,0.0,No_Alert
Rajasthan,Sriganganagar,Sriganganagar,29.71,73.98,2023-04-15,45.4,30.0,44.4,0.0,0.1,0.0,No_Alert
Rajasthan,Sriganganagar,Sriganganagar,29.71,73.98,2023-04-17,46.6,32.0,48.6,0.0,0.1,0.0,No_Alert
Rajasthan,Sriganganagar,Sriganganagar,29.71,73.98,2023-04-19,42.0,30.9,53.9,0.0,0.1,0.0,No_Alert
Rajasthan,Sriganganagar,Sriganganagar,29.71,73.98,2023-04-21,42.3,31.3,50.3,0.0,0.1,0.0,No_Alert
Rajasthan,Sriganganagar,Sriganganagar,29.71,73.98,2023-04-23,42.6,30.5,42.3,0.0,0.1,0.0,No_Alert
Rajasthan,Sriganganagar,Sriganganagar,29.71,73.98,2023-04-25,46.0,31.6,38.8,0.0,0.1,0.0,No_Alert
Rajasthan,Sriganganagar,Sriganganagar,29.71,73.98,2023-04-27,47.6,33.9,41.2,0.0,0.1,0.0,No_Alert
Rajasthan,Sriganganagar,Sriganganagar,29.71,73.98,2023-04-29,44.3,30.9,46.9,0.0,0.1,0.0,No_Alert
Rajasthan,Sriganganagar,Sriganganagar,29.71,73.98,2023-05-01,43.3,33.9,46.7,0.0,0.1,0.0,No_Alert
Rajasthan,Sriganganagar,Sriganganagar,29.71,73.98,2023-05-03,47.2,32.0,39.8,0.0,0.1,0.0,No_Alert
Rajasthan,Sriganganagar,Sriganganagar,29.71,73.98,2023-05-05,44.8,33.5,39.7,0.0,0.1,0.0,No_Alert
Rajasthan,Sriganganagar,Sriganganagar,29.71,73.98,2023-05-07,43.9,30.8,42.2,0.0,0.1,0.0,No_Alert
Rajasthan,Sriganganagar,Sriganganagar,29.71,73.98,2023-05-09,46.9,35.7,42.8,0.0,0.1,0.0,No_Alert
Rajasthan,Sriganganagar,Sriganganagar,29.71,73.98,2023-05-11,45.7,32.3,43.5,0.1,0.1,0.0,No_Alert
Rajasthan,Sriganganagar,Sriganganagar,29.71,73.98,2023-05-13,46.3,33.0,43.8,0.0,0.1,0.0,No_Alert
Rajasthan,Sriganganagar,Sriganganagar,29.71,73.98,2023-05-15,47.7,33.7,40.3,0.0,0.1,0.0,No_Alert
Rajasthan,Sriganganagar,Sriganganagar,29.71,73.98,2023-05-17,44.8,30.3,53.3,0.1,0.1,0.0,No_Alert
Rajasthan,Sriganganagar,Sriganganagar,29.71,73.98,2023-05-19,45.5,33.2,49.0,0.0,0.1,0.0,No_Alert
Rajasthan,Sriganganagar,Sriganganagar,29.71,73.98,2023-05-21,45.6,34.2,46.4,0.0,0.1,0.0,No_Alert
Rajasthan,Sriganganagar,Sriganganagar,29.71,73.98,2023-05-23,47.4,31.3,52.7,0.0,0.1,0.0,No_Alert
Rajasthan,Sriganganagar,Sriganganagar,29.71,73.98,2023-05-25,48.1,33.3,44.1,0.0,0.1,0.0,No_Alert
Rajasthan,Sriganganagar,Sriganganagar,29.71,73.98,2023-05-27,45.6,34.1,41.4,0.0,0.1,0.0,No_Alert
Rajasthan,Sriganganagar,Sriganganagar,29.71,73.98,2023-05-29,47.0,31.5,42.3,0.0,0.1,0.0,No_Alert
Rajasthan,Sriganganagar,Sriganganagar,29.71,73.98,2023-05-31,45.9,31.5,45.1,0.0,0.1,0.0,No_Alert
Rajasthan,Sriganganagar,Sriganganagar,29.71,73.98,2023-06-02,41.9,33.3,57.7,0.0,0.9,-100.0,No_Alert
Rajasthan,Sriganganagar,Sriganganagar,29.71,73.98,2023-06-04,46.7,29.8,60.3,0.0,1.0,-100.0,No_Alert
Rajasthan,Sriganganagar,Sriganganagar,29.71,73.98,2023-06-06,43.7,31.3,62.3,0.0,1.1,-100.0,No_Alert
Rajasthan,Sriganganagar,Sriganganagar,29.71,73.98,2023-06-08,45.6,32.8,58.7,0.0,1.1,-100.0,No_Alert
Rajasthan,Sriganganagar,Sriganganagar,29.71,73.98,2023-06-10,47.9,33.6,56.8,0.0,1.2,-100.0,No_Alert
Rajasthan,Sriganganagar,Sriganganagar,29.71,73.98,2023-06-12,44.3,31.3,69.3,1.1,1.3,-15.4,No_Alert
Rajasthan,Sriganganagar,Sriganganagar,29.71,73.98,2023-06-14,43.0,29.6,64.9,1.9,1.4,35.7,No_Alert
Rajasthan,Sriganganagar,Sriganganagar,29.71,73.98,2023-06-16,40.1,30.8,62.7,0.0,1.5,-100.0,No_Alert
Rajasthan,Sriganganagar,Sriganganagar,29.71,73.98,2023-06-18,41.6,28.8,75.9,0.0,1.6,-100.0,No_Alert
Rajasthan,Sriganganagar,Sriganganagar,29.71,73.98,2023-06-20,43.7,29.6,65.6,1.2,1.7,-29.4,No_Alert
Rajasthan,Sriganganagar,Sriganganagar,29.71,73.98,2023-06-22,40.0,27.8,70.9,0.9,1.8,-50.0,No_Alert
Rajasthan,Sriganganagar,Sriganganagar,29.71,73.98,2023-06-24,41.1,29.3,66.3,0.0,1.8,-100.0,No_Alert
Rajasthan,Sriganganagar,Sriganganagar,29.71,73.98,2023-06-26,38.7,27.0,68.1,1.3,1.9,-31.6,No_Alert
Rajasthan,Sriganganagar,Sriganganagar,29.71,73.98,2023-06-28,38.0,27.1,71.5,2.2,2.0,10.0,No_Alert
Rajasthan,Sriganganagar,Sriganganagar,29.71,73.98,2023-06-30,41.8,30.2,81.1,0.0,2.1,-100.0,No_Alert
Rajasthan,Sriganganagar,Sriganganagar,29.71,73.98,2023-07-02,40.0,28.2,78.2,0.0,2.1,-100.0,No_Alert
Rajasthan,Sriganganagar,Sriganganagar,29.71,73.98,2023-07-04,38.9,29.0,78.2,3.7,2.2,68.2,No_Alert
Rajasthan,Sriganganagar,Sriganganagar,29.71,73.98,2023-07-06,39.4,24.4,85.4,0.0,2.2,-100.0,No_Alert
Rajasthan,Sriganganagar,Sriganganagar,29.71,73.98,2023-07-08,39.5,24.9,75.5,0.0,2.3,-100.0,No_Alert
Rajasthan,Sriganganagar,Sriganganagar,29.71,73.98,2023-07-10,36.7,23.4,82.6,0.4,2.4,-83.3,No_Alert
Rajasthan,Sriganganagar,Sriganganagar,29.71,73.98,2023-07-12,39.2,23.8,83.0,0.0,2.4,-100.0,No_Alert
Rajasthan,Sriganganagar,Sriganganagar,29.71,73.98,2023-07-14,38.5,26.9,87.3,0.7,2.4,-70.8,No_Alert
Rajasthan,Sriganganagar,Sriganganagar,29.71,73.98,2023-07-16,37.8,24.5,74.5,5.3,2.5,112.0,No_Alert
Rajasthan,Sriganganagar,Sriganganagar,29.71,73.98,2023-07-18,35.6,22.9,81.4,4.4,2.5,76.0,No_Alert
Rajasthan,Sriganganagar,Sriganganagar,29.71,73.98,2023-07-20,34.7,23.2,78.5,3.9,2.6,50.0,No_Alert
Rajasthan,Sriganganagar,Sriganganagar,29.71,73.98,2023-07-22,38.4,21.8,77.8,2.0,2.6,-23.1,No_Alert
Rajasthan,Sriganganagar,Sriganganagar,29.71,73.98,2023-07-24,34.5,21.2,84.6,0.0,2.6,-100.0,No_Alert
Rajasthan,Sriganganagar,Sriganganagar,29.71,73.98,2023-07-26,32.2,22.7,89.0,2.2,2.6,-15.4,No_Alert
Rajasthan,Sriganganagar,Sriganganagar,29.71,73.98,2023-07-28,32.1,21.5,79.6,0.0,2.6,-100.0,No_Alert
Rajasthan,Sriganganagar,Sriganganagar,29.71,73.98,2023-07-30,34.0,23.0,82.1,5.4,2.6,107.7,No_Alert
Rajasthan,Sriganganagar,Sriganganagar,29.71,73.98,2023-08-01,35.7,22.8,89.0,0.0,2.6,-100.0,No_Alert
Rajasthan,Sriganganagar,Sriganganagar,29.71,73.98,2023-08-03,30.5,17.1,75.6,0.0,2.6,-100.0,No_Alert
Rajasthan,Sriganganagar,Sriganganagar,29.71,73.98,2023-08-05,30.3,16.2,86.6,1.7,2.6,-34.6,No_Alert
Rajasthan,Sriganganagar,Sriganganagar,29.71,73.98,2023-08-07,30.7,15.3,90.9,0.0,2.6,-100.0,No_Alert
Rajasthan,Sriganganagar,Sriganganagar,29.71,73.98,2023-08-09,29.1,19.5,88.7,0.0,2.6,-100.0,No_Alert
Rajasthan,Sriganganagar,Sriganganagar,29.71,73.98,2023-08-11,31.4,16.7,83.7,0.7,2.6,-73.1,No_Alert
Rajasthan,Sriganganagar,Sriganganagar,29.71,73.98,2023-08-13,30.6,18.6,83.6,5.3,2.5,112.0,No_Alert
Rajasthan,Sriganganagar,Sriganganagar,29.71,73.98,2023-08-15,29.9,16.5,86.5,5.3,2.5,112.0,No_Alert
Rajasthan,Sriganganagar,Sriganganagar,29.71,73.98,2023-08-17,30.3,15.4,76.7,0.0,2.5,-100.0,No_Alert
Rajasthan,Sriganganagar,Sriganganagar,29.71,73.98,2023-08-19,26.9,17.4,75.4,1.3,2.4,-45.8,No_Alert
Rajasthan,Sriganganagar,Sriganganagar,29.71,73.98,2023-08-21,24.2,14.7,85.2,2.2,2.4,-8.3,No_Alert
Rajasthan,Sriganganagar,Sriganganagar,29.71,73.98,2023-08-23,25.1,13.0,78.7,0.0,2.3,-100.0,No_Alert
Rajasthan,Sriganganagar,Sriganganagar,29.71,73.98,2023-08-25,27.1,13.9,74.5,2.6,2.3,13.0,No_Alert
Rajasthan,Sriganganagar,Sriganganagar,29.71,73.98,2023-08-27,27.4,14.5,73.3,0.7,2.2,-68.2,No_Alert
Rajasthan,Sriganganagar,Sriganganagar,29.71,73.98,2023-08-29,21.6,10.3,81.1,0.0,2.2,-100.0,No_Alert
Rajasthan,Sriganganagar,Sriganganagar,29.71,73.98,2023-08-31,23.2,8.5,74.7,0.6,2.1,-71.4,No_Alert
Rajasthan,Sriganganagar,Sriganganagar,29.71,73.98,2023-09-02,24.0,9.1,68.1,1.8,2.0,-10.0,No_Alert
Rajasthan,Sriganganagar,Sriganganagar,29.71,73.98,2023-09-04,21.8,11.0,75.6,1.2,2.0,-40.0,No_Alert
Rajasthan,Sriganganagar,Sriganganagar,29.71,73.98,2023-09-06,22.6,7.8,67.1,0.7,1.9,-63.2,No_Alert
Rajasthan,Sriganganagar,Sriganganagar,29.71,73.98,2023-09-08,20.9,7.9,72.8,1.8,1.8,0.0,No_Alert
Rajasthan,Sriganganagar,Sriganganagar,29.71,73.98,2023-09-10,22.9,6.9,73.7,0.7,1.7,-58.8,No_Alert
Rajasthan,Sriganganagar,Sriganganagar,29.71,73.98,2023-09-12,21.7,5.4,62.1,0.0,1.6,-100.0,No_Alert
Rajasthan,Sriganganagar,Sriganganagar,29.71,73.98,2023-09-14,19.8,7.0,70.0,3.5,1.6,118.7,No_Alert
Rajasthan,Sriganganagar,Sriganganagar,29.71,73.98,2023-09-16,19.4,6.4,74.4,1.9,1.5,26.7,No_Alert
Rajasthan,Sriganganagar,Sriganganagar,29.71,73.98,2023-09-18,20.5,5.8,67.8,2.1,1.4,50.0,No_Alert
Rajasthan,Sriganganagar,Sriganganagar,29.71,73.98,2023-09-20,20.3,6.4,57.7,0.6,1.3,-53.8,No_Alert
Rajasthan,Sriganganagar,Sriganganagar,29.71,73.98,2023-09-22,17.1,3.1,60.3,0.0,1.2,-100.0,No_Alert
Rajasthan,Sriganganagar,Sriganganagar,29.71,73.98,2023-09-24,15.9,6.4,60.8,1.6,1.1,45.5,No_Alert
Rajasthan,Sriganganagar,Sriganganagar,29.71,73.98,2023-09-26,19.6,6.4,64.6,0.3,1.0,-70.0,No_Alert
Rajasthan,Sriganganagar,Sriganganagar,29.71,73.98,2023-09-28,16.6,5.4,54.5,1.5,0.9,66.7,No_Alert
Rajasthan,Sriganganagar,Sriganganagar,29.71,73.98,2023-09-30,12.7,4.1,57.2,0.6,0.8,-25.0,No_Alert
Rajasthan,Sriganganagar,Sriganganagar,29.71,73.98,2023-10-02,15.9,1.3,46.1,0.0,0.1,0.0,No_Alert
Rajasthan,Sriganganagar,Sriganganagar,29.71,73.98,2023-10-04,13.5,2.1,38.7,0.2,0.1,0.0,No_Alert
Rajasthan,Sriganganagar,Sriganganagar,29.71,73.98,2023-10-06,14.5,-0.2,45.4,0.0,0.1,0.0,No_Alert
Rajasthan,Sriganganagar,Sriganganagar,29.71,73.98,2023-10-08,16.5,1.1,48.0,0.2,0.1,0.0,No_Alert
Rajasthan,Sriganganagar,Sriganganagar,29.71,73.98,2023-10-10,15.9,3.6,50.3,0.2,0.1,0.0,No_Alert
Rajasthan,Sriganganagar,Sriganganagar,29.71,73.98,2023-10-12,12.0,-1.1,45.3,0.0,0.1,0.0,No_Alert
Rajasthan,Sriganganagar,Sriganganagar,29.71,73.98,2023-10-14,15.0,2.3,48.9,0.0,0.1,0.0,No_Alert
Rajasthan,Sriganganagar,Sriganganagar,29.71,73.98,2023-10-16,12.5,3.4,47.1,0.2,0.1,0.0,No_Alert
Rajasthan,Sriganganagar,Sriganganagar,29.71,73.98,2023-10-18,11.4,-1.3,48.9,0.0,0.1,0.0,No_Alert
Rajasthan,Sriganganagar,Sriganganagar,29.71,73.98,2023-10-20,14.4,-1.6,46.1,0.0,0.1,0.0,No_Alert
Rajasthan,Sriganganagar,Sriganganagar,29.71,73.98,2023-10-22,13.0,-2.9,39.9,0.0,0.1,0.0,No_Alert
Rajasthan,Sriganganagar,Sriganganagar,29.71,73.98,2023-10-24,12.3,-3.1,50.1,0.0,0.1,0.0,No_Alert
Rajasthan,Sriganganagar,Sriganganagar,29.71,73.98,2023-10-26,11.6,1.7,49.8,0.0,0.1,0.0,No_Alert
Rajasthan,Sriganganagar,Sriganganagar,29.71,73.98,2023-10-28,12.6,-4.9,49.6,0.0,0.1,0.0,No_Alert
Rajasthan,Sriganganagar,Sriganganagar,29.71,73.98,2023-10-30,7.8,-0.9,38.4,0.0,0.1,0.0,No_Alert
Rajasthan,Sriganganagar,Sriganganagar,29.71,73.98,2023-11-01,11.6,-2.9,45.2,0.0,0.1,0.0,No_Alert
Rajasthan,Sriganganagar,Sriganganagar,29.71,73.98,2023-11-03,7.7,-2.1,47.2,0.0,0.1,0.0,No_Alert
Rajasthan,Sriganganagar,Sriganganagar,29.71,73.98,2023-11-05,13.1,-3.4,39.1,0.0,0.1,0.0,No_Alert
Rajasthan,Sriganganagar,Sriganganagar,29.71,73.98,2023-11-07,8.3,-3.4,40.5,0.0,0.1,0.0,No_Alert
Rajasthan,Sriganganagar,Sriganganagar,29.71,73.98,2023-11-09,9.9,-4.0,40.7,0.0,0.1,0.0,No_Alert
Rajasthan,Sriganganagar,Sriganganagar,29.71,73.98,2023-11-11,9.7,0.2,52.2,0.0,0.1,0.0,No_Alert
Rajasthan,Sriganganagar,Sriganganagar,29.71,73.98,2023-11-13,11.5,-4.0,47.8,0.0,0.1,0.0,No_Alert
Rajasthan,Sriganganagar,Sriganganagar,29.71,73.98,2023-11-15,8.9,-1.2,45.0,0.2,0.1,0.0,No_Alert
Rajasthan,Sriganganagar,Sriganganagar,29.71,73.98,2023-11-17,9.6,-1.1,43.4,0.0,0.1,0.0,No_Alert
Rajasthan,Sriganganagar,Sriganganagar,29.71,73.98,2023-11-19,12.2,-4.3,40.1,0.0,0.1,0.0,No_Alert
Rajasthan,Sriganganagar,Sriganganagar,29.71,73.98,2023-11-21,10.0,-1.3,39.3,0.0,0.1,0.0,No_Alert
Rajasthan,Sriganganagar,Sriganganagar,29.71,73.98,2023-11-23,11.8,-4.3,49.9,0.0,0.1,0.0,No_Alert
Rajasthan,Sriganganagar,Sriganganagar,29.71,73.98,2023-11-25,7.6,-5.0,39.8,0.0,0.1,0.0,No_Alert
Rajasthan,Sriganganagar,Sriganganagar,29.71,73.98,2023-11-27,10.1,-0.1,51.1,0.0,0.1,0.0,No_Alert
Rajasthan,Sriganganagar,Sriganganagar,29.71,73.98,2023-11-29,8.5,-3.2,53.3,0.0,0.1,0.0,No_Alert
Rajasthan,Sriganganagar,Sriganganagar,29.71,73.98,2023-12-01,12.5,-2.1,46.1,0.0,0.1,0.0,No_Alert
Rajasthan,Sriganganagar,Sriganganagar,29.71,73.98,2023-12-03,12.7,-0.1,46.3,0.0,0.1,0.0,No_Alert
Rajasthan,Sriganganagar,Sriganganagar,29.71,73.98,2023-12-05,14.2,-3.3,42.5,0.0,0.1,0.0,No_Alert
Rajasthan,Sriganganagar,Sriganganagar,29.71,73.98,2023-12-07,13.5,0.5,41.7,0.0,0.1,0.0,No_Alert
Rajasthan,Sriganganagar,Sriganganagar,29.71,73.98,2023-12-09,12.8,-1.4,44.2,0.0,0.1,0.0,No_Alert
Rajasthan,Sriganganagar,Sriganganagar,29.71,73.98,2023-12-11,12.0,-0.7,47.1,0.0,0.1,0.0,No_Alert
Rajasthan,Sriganganagar,Sriganganagar,29.71,73.98,2023-12-13,14.1,1.3,47.5,0.0,0.1,0.0,No_Alert
Rajasthan,Sriganganagar,Sriganganagar,29.71,73.98,2023-12-15,15.2,1.9,50.8,0.1,0.1,0.0,No_Alert
Rajasthan,Sriganganagar,Sriganganagar,29.71,73.98,2023-12-17,11.6,1.9,38.9,0.1,0.1,0.0,No_Alert
Rajasthan,Sriganganagar,Sriganganagar,29.71,73.98,2023-12-19,16.1,2.8,41.3,0.0,0.1,0.0,No_Alert
Rajasthan,Sriganganagar,Sriganganagar,29.71,73.98,2023-12-21,14.5,2.7,49.5,0.0,0.1,0.0,No_Alert
Rajasthan,Sriganganagar,Sriganganagar,29.71,73.98,2023-12-23,14.4,1.6,49.0,0.0,0.1,0.0,No_Alert
Rajasthan,Sriganganagar,Sriganganagar,29.71,73.98,2023-12-25,10.6,0.2,40.7,0.0,0.1,0.0,No_Alert
Rajasthan,Sriganganagar,Sriganganagar,29.71,73.98,2023-12-27,15.5,0.4,42.3,0.0,0.1,0.0,No_Alert
Rajasthan,Sriganganagar,Sriganganagar,29.71,73.98,2023-12-29,19.1,6.2,50.7,0.0,0.1,0.0,No_Alert
Rajasthan,Sriganganagar,Sriganganagar,29.71,73.98,2023-12-31,14.5,4.8,41.6,0.0,0.1,0.0,No_Alert
Rajasthan,Kota,Kota,24.64,75.94,2023-01-01,17.9,8.4,38.6,0.0,0.2,0.0,No_Alert
Rajasthan,Kota,Kota,24.64,75.94,2023-01-03,18.3,8.6,40.7,0.0,0.2,0.0,No_Alert
Rajasthan,Kota,Kota,24.64,75.94,2023-01-05,19.5,6.5,49.8,0.0,0.2,0.0,No_Alert
Rajasthan,Kota,Kota,24.64,75.94,2023-01-07,22.7,6.6,44.6,0.0,0.2,0.0,No_Alert
Rajasthan,Kota,Kota,24.64,75.94,2023-01-09,20.9,6.6,43.5,0.4,0.2,0.0,No_Alert
Rajasthan,Kota,Kota,24.64,75.94,2023-01-11,23.8,10.4,47.4,0.0,0.2,0.0,No_Alert
Rajasthan,Kota,Kota,24.64,75.94,2023-01-13,23.8,10.3,40.6,0.0,0.2,0.0,No_Alert
Rajasthan,Kota,Kota,24.64,75.94,2023-01-15,22.5,11.7,53.6,0.0,0.2,0.0,No_Alert
Rajasthan,Kota,Kota,24.64,75.94,2023-01-17,23.9,11.6,48.5,0.0,0.2,0.0,No_Alert
Rajasthan,Kota,Kota,24.64,75.94,2023-01-19,24.4,11.7,41.3,0.1,0.2,0.0,No_Alert
Rajasthan,Kota,Kota,24.64,75.94,2023-01-21,25.9,10.7,42.6,0.0,0.2,0.0,No_Alert
Rajasthan,Kota,Kota,24.64,75.94,2023-01-23,24.8,9.6,42.0,0.0,0.2,0.0,No_Alert
Rajasthan,Kota,Kota,24.64,75.94,2023-01-25,22.4,8.5,43.1,0.2,0.2,0.0,No_Alert
Rajasthan,Kota,Kota,24.64,75.94,2023-01-27,26.2,9.9,43.2,0.0,0.2,0.0,No_Alert
Rajasthan,Kota,Kota,24.64,75.94,2023-01-29,29.2,14.3,42.1,0.2,0.2,0.0,No_Alert
Rajasthan,Kota,Kota,24.64,75.94,2023-01-31,24.0,13.9,39.7,0.0,0.2,0.0,No_Alert
Rajasthan,Kota,Kota,24.64,75.94,2023-02-02,26.6,13.3,52.5,0.0,0.2,0.0,No_Alert
Rajasthan,Kota,Kota,24.64,75.94,2023-02-04,29.0,15.1,44.4,0.0,0.2,0.0,No_Alert
Rajasthan,Kota,Kota,24.64,75.94,2023-02-06,26.5,14.9,45.7,0.0,0.2,0.0,No_Alert
Rajasthan,Kota,Kota,24.64,75.94,2023-02-08,26.3,12.6,47.9,0.0,0.2,0.0,No_Alert
Rajasthan,Kota,Kota,24.64,75.94,2023-02-10,30.5,16.7,51.0,0.0,0.2,0.0,No_Alert
Rajasthan,Kota,Kota,24.64,75.94,2023-02-12,27.9,14.1,50.1,0.0,0.2,0.0,No_Alert
Rajasthan,Kota,Kota,24.64,75.94,2023-02-14,29.0,16.4,50.7,0.0,0.2,0.0,No_Alert
Rajasthan,Kota,Kota,24.64,75.94,2023-02-16,32.4,18.4,48.8,0.0,0.2,0.0,No_Alert
Rajasthan,Kota,Kota,24.64,75.94,2023-02-18,31.1,17.2,42.6,0.0,0.2,0.0,No_Alert
Rajasthan,Kota,Kota,24.64,75.94,2023-02-20,31.1,16.2,52.7,0.0,0.2,0.0,No_Alert
Rajasthan,Kota,Kota,24.64,75.94,2023-02-22,29.1,17.6,52.7,0.0,0.2,0.0,No_Alert
Rajasthan,Kota,Kota,24.64,75.94,2023-02-24,34.2,19.6,47.6,0.0,0.2,0.0,No_Alert
Rajasthan,Kota,Kota,24.64,75.94,2023-02-26,31.3,20.1,53.8,0.0,0.2,0.0,No_Alert
Rajasthan,Kota,Kota,24.64,75.94,2023-02-28,32.5,21.7,40.7,0.1,0.2,0.0,No_Alert
Rajasthan,Kota,Kota,24.64,75.94,2023-03-02,30.6,22.0,47.7,0.0,0.2,0.0,No_Alert
Rajasthan,Kota,Kota,24.64,75.94,2023-03-04,31.5,20.4,49.5,0.0,0.2,0.0,No_Alert
Rajasthan,Kota,Kota,24.64,75.94,2023-03-06,35.2,22.9,52.9,0.0,0.2,0.0,No_Alert
Rajasthan,Kota,Kota,24.64,75.94,2023-03-08,34.8,19.9,38.8,0.3,0.2,0.0,No_Alert
Rajasthan,Kota,Kota,24.64,75.94,2023-03-10,37.2,23.3,42.5,0.0,0.2,0.0,No_Alert
Rajasthan,Kota,Kota,24.64,75.94,2023-03-12,38.0,24.0,47.0,0.0,0.2,0.0,No_Alert
Rajasthan,Kota,Kota,24.64,75.94,2023-03-14,34.6,24.9,39.3,0.0,0.2,0.0,No_Alert
Rajasthan,Kota,Kota,24.64,75.94,2023-03-16,40.6,27.5,47.0,0.0,0.2,0.0,No_Alert
Rajasthan,Kota,Kota,24.64,75.94,2023-03-18,37.6,25.4,47.3,0.2,0.2,0.0,No_Alert
Rajasthan,Kota,Kota,24.64,75.94,2023-03-20,38.3,25.3,42.5,0.0,0.2,0.0,No_Alert
Rajasthan,Kota,Kota,24.64,75.94,2023-03-22,39.2,28.7,52.6,0.0,0.2,0.0,No_Alert
Rajasthan,Kota,Kota,24.64,75.94,2023-03-24,40.5,25.8,45.2,0.0,0.2,0.0,No_Alert
Rajasthan,Kota,Kota,24.64,75.94,2023-03-26,38.9,27.9,46.2,0.0,0.2,0.0,No_Alert
Rajasthan,Kota,Kota,24.64,75.94,2023-03-28,41.9,25.4,51.1,0.0,0.2,0.0,No_Alert
Rajasthan,Kota,Kota,24.64,75.94,2023-03-30,42.0,27.2,53.0,0.0,0.2,0.0,No_Alert
Rajasthan,Kota,Kota,24.64,75.94,2023-04-01,38.8,25.6,51.3,0.0,0.2,0.0,No_Alert
Rajasthan,Kota,Kota,24.64,75.94,2023-04-03,42.2,28.6,43.5,0.0,0.2,0.0,No_Alert
Rajasthan,Kota,Kota,24.64,75.94,2023-04-05,41.1,28.7,48.1,0.0,0.2,0.0,No_Alert
Rajasthan,Kota,Kota,24.64,75.94,2023-04-07,42.1,27.9,44.9,0.0,0.2,0.0,No_Alert
Rajasthan,Kota,Kota,24.64,75.94,2023-04-09,42.4,27.2,43.9,0.0,0.2,0.0,No_Alert
Rajasthan,Kota,Kota,24.64,75.94,2023-04-11,45.8,30.6,51.5,0.0,0.2,0.0,No_Alert
Rajasthan,Kota,Kota,24.64,75.94,2023-04-13,43.1,29.2,43.9,0.0,0.2,0.0,No_Alert
Rajasthan,Kota,Kota,24.64,75.94,2023-04-15,41.7,31.2,39.8,0.3,0.2,0.0,No_Alert
Rajasthan,Kota,Kota,24.64,75.94,2023-04-17,44.7,29.9,42.3,0.0,0.2,0.0,No_Alert
Rajasthan,Kota,Kota,24.64,75.94,2023-04-19,42.2,29.6,43.4,0.0,0.2,0.0,No_Alert
Rajasthan,Kota,Kota,24.64,75.94,2023-04-21,44.5,30.9,42.3,0.0,0.2,0.0,No_Alert
Rajasthan,Kota,Kota,24.64,75.94,2023-04-23,45.4,32.0,47.5,0.0,0.2,0.0,No_Alert
Rajasthan,Kota,Kota,24.64,75.94,2023-04-25,47.3,31.8,46.8,0.0,0.2,0.0,No_Alert
Rajasthan,Kota,Kota,24.64,75.94,2023-04-27,43.4,30.4,44.2,0.0,0.2,0.0,No_Alert
Rajasthan,Kota,Kota,24.64,75.94,2023-04-29,44.1,31.5,49.0,0.0,0.2,0.0,No_Alert
Rajasthan,Kota,Kota,24.64,75.94,2023-05-01,43.4,33.6,43.3,0.0,0.2,0.0,No_Alert
Rajasthan,Kota,Kota,24.64,75.94,2023-05-03,44.2,32.3,50.7,0.4,0.2,0.0,No_Alert
Rajasthan,Kota,Kota,24.64,75.94,2023-05-05,42.0,31.2,39.2,0.0,0.2,0.0,No_Alert
Rajasthan,Kota,Kota,24.64,75.94,2023-05-07,43.6,33.2,46.2,0.0,0.2,0.0,No_Alert
Rajasthan,Kota,Kota,24.64,75.94,2023-05-09,45.1,34.6,43.7,0.0,0.2,0.0,No_Alert
Rajasthan,Kota,Kota,24.64,75.94,2023-05-11,46.7,34.3,51.0,0.0,0.2,0.0,No_Alert
Rajasthan,Kota,Kota,24.64,75.94,2023-05-13,46.7,31.5,45.0,0.0,0.2,0.0,No_Alert
Rajasthan,Kota,Kota,24.64,75.94,2023-05-15,46.4,33.8,44.8,0.0,0.2,0.0,No_Alert
Rajasthan,Kota,Kota,24.64,75.94,2023-05-17,44.2,31.9,51.1,0.3,0.2,0.0,No_Alert
Rajasthan,Kota,Kota,24.64,75.94,2023-05-19,47.1,32.5,53.3,0.0,0.2,0.0,No_Alert
Rajasthan,Kota,Kota,24.64,75.94,2023-05-21,47.1,34.9,44.0,0.4,0.2,0.0,No_Alert
Rajasthan,Kota,Kota,24.64,75.94,2023-05-23,44.4,35.1,49.0,0.0,0.2,0.0,No_Alert
Rajasthan,Kota,Kota,24.64,75.94,2023-05-25,44.8,32.7,39.8,0.0,0.2,0.0,No_Alert
Rajasthan,Kota,Kota,24.64,75.94,2023-05-27,41.4,29.1,39.3,0.3,0.2,0.0,No_Alert
Rajasthan,Kota,Kota,24.64,75.94,2023-05-29,46.4,32.9,47.9,0.0,0.2,0.0,No_Alert
Rajasthan,Kota,Kota,24.64,75.94,2023-05-31,46.5,31.2,39.4,0.0,0.2,0.0,No_Alert
Rajasthan,Kota,Kota,24.64,75.94,2023-06-02,47.2,31.1,54.4,0.0,2.0,-100.0,No_Alert
Rajasthan,Kota,Kota,24.64,75.94,2023-06-04,45.7,31.1,62.6,0.0,2.2,-100.0,No_Alert
Rajasthan,Kota,Kota,24.64,75.94,2023-06-06,42.9,31.3,63.8,0.0,2.5,-100.0,No_Alert
Rajasthan,Kota,Kota,24.64,75.94,2023-06-08,45.6,33.0,65.0,0.3,2.7,-88.9,No_Alert
Rajasthan,Kota,Kota,24.64,75.94,2023-06-10,42.8,31.1,67.7,1.3,2.9,-55.2,No_Alert
Rajasthan,Kota,Kota,24.64,75.94,2023-06-12,44.0,29.8,66.5,0.0,3.1,-100.0,No_Alert
Rajasthan,Kota,Kota,24.64,75.94,2023-06-14,44.3,29.5,60.3,0.0,3.3,-100.0,No_Alert
Rajasthan,Kota,Kota,24.64,75.94,2023-06-16,44.3,31.2,70.1,0.0,3.5,-100.0,No_Alert
Rajasthan,Kota,Kota,24.64,75.94,2023-06-18,40.9,26.5,63.7,0.0,3.7,-100.0,No_Alert
Rajasthan,Kota,Kota,24.64,75.94,2023-06-20,41.6,31.9,75.8,0.0,3.9,-100.0,No_Alert
Rajasthan,Kota,Kota,24.64,75.94,2023-06-22,41.4,33.1,67.2,0.0,4.1,-100.0,No_Alert
Rajasthan,Kota,Kota,24.64,75.94,2023-06-24,45.4,30.0,65.2,0.0,4.3,-100.0,No_Alert
Rajasthan,Kota,Kota,24.64,75.94,2023-06-26,43.2,26.7,65.9,8.5,4.5,88.9,No_Alert
Rajasthan,Kota,Kota,24.64,75.94,2023-06-28,41.9,27.6,76.4,0.0,4.6,-100.0,No_Alert
Rajasthan,Kota,Kota,24.64,75.94,2023-06-30,40.4,29.5,69.0,6.3,4.8,31.2,No_Alert
Rajasthan,Kota,Kota,24.64,75.94,2023-07-02,41.5,27.4,73.1,9.2,5.0,84.0,No_Alert
Rajasthan,Kota,Kota,24.64,75.94,2023-07-04,43.4,29.5,78.1,0.0,5.1,-100.0,No_Alert
Rajasthan,Kota,Kota,24.64,75.94,2023-07-06,39.9,25.5,80.8,1.9,5.2,-63.5,No_Alert
Rajasthan,Kota,Kota,24.64,75.94,2023-07-08,39.3,26.6,80.5,0.8,5.4,-85.2,No_Alert
Rajasthan,Kota,Kota,24.64,75.94,2023-07-10,39.1,25.5,78.8,0.0,5.5,-100.0,No_Alert
Rajasthan,Kota,Kota,24.64,75.94,2023-07-12,41.7,25.7,76.2,0.0,5.6,-100.0,No_Alert
Rajasthan,Kota,Kota,24.64,75.94,2023-07-14,40.4,23.8,73.5,0.0,5.7,-100.0,No_Alert
Rajasthan,Kota,Kota,24.64,75.94,2023-07-16,39.7,24.0,84.1,6.3,5.8,8.6,No_Alert
Rajasthan,Kota,Kota,24.64,75.94,2023-07-18,37.2,23.5,85.0,0.0,5.9,-100.0,No_Alert
Rajasthan,Kota,Kota,24.64,75.94,2023-07-20,35.5,21.7,82.5,12.0,6.0,100.0,No_Alert
Rajasthan,Kota,Kota,24.64,75.94,2023-07-22,39.6,26.4,84.3,4.7,6.0,-21.7,No_Alert
Rajasthan,Kota,Kota,24.64,75.94,2023-07-24,37.6,23.8,82.5,10.6,6.1,73.8,No_Alert
Rajasthan,Kota,Kota,24.64,75.94,2023-07-26,38.9,21.3,82.5,12.6,6.1,106.6,No_Alert
Rajasthan,Kota,Kota,24.64,75.94,2023-07-28,37.8,20.9,82.5,0.0,6.1,-100.0,No_Alert
Rajasthan,Kota,Kota,24.64,75.94,2023-07-30,33.7,22.8,80.5,10.0,6.1,63.9,No_Alert
Rajasthan,Kota,Kota,24.64,75.94,2023-08-01,33.8,23.1,82.1,2.7,6.1,-55.7,No_Alert
Rajasthan,Kota,Kota,24.64,75.94,2023-08-03,33.6,17.5,90.2,12.7,6.1,108.2,No_Alert
Rajasthan,Kota,Kota,24.64,75.94,2023-08-05,29.9,20.4,90.8,8.5,6.1,39.3,No_Alert
Rajasthan,Kota,Kota,24.64,75.94,2023-08-07,32.2,18.4,78.9,7.3,6.1,19.7,No_Alert
Rajasthan,Kota,Kota,24.64,75.94,2023-08-09,34.9,22.4,78.7,0.0,6.0,-100.0,No_Alert
Rajasthan,Kota,Kota,24.64,75.94,2023-08-11,29.6,17.5,89.2,12.7,6.0,111.7,No_Alert
Rajasthan,Kota,Kota,24.64,75.94,2023-08-13,32.3,18.0,83.6,10.4,5.9,76.3,No_Alert
Rajasthan,Kota,Kota,24.64,75.94,2023-08-15,29.7,20.0,75.1,0.1,5.8,-98.3,No_Alert
Rajasthan,Kota,Kota,24.64,75.94,2023-08-17,30.5,18.4,75.4,1.5,5.8,-74.1,No_Alert
Rajasthan,Kota,Kota,24.64,75.94,2023-08-19,29.1,19.7,82.5,0.0,5.7,-100.0,No_Alert
Rajasthan,Kota,Kota,24.64,75.94,2023-08-21,25.8,17.1,84.5,11.5,5.6,105.4,No_Alert
Rajasthan,Kota,Kota,24.64,75.94,2023-08-23,29.0,13.0,84.2,0.0,5.4,-100.0,No_Alert
Rajasthan,Kota,Kota,24.64,75.94,2023-08-25,24.8,11.8,79.5,0.0,5.3,-100.0,No_Alert
Rajasthan,Kota,Kota,24.64,75.94,2023-08-27,28.0,14.3,80.2,5.7,5.2,9.6,No_Alert
Rajasthan,Kota,Kota,24.64,75.94,2023-08-29,26.7,11.8,84.3,5.4,5.0,8.0,No_Alert
Rajasthan,Kota,Kota,24.64,75.94,2023-08-31,26.9,11.0,74.1,0.0,4.9,-100.0,No_Alert
Rajasthan,Kota,Kota,24.64,75.94,2023-09-02,25.8,14.8,78.5,3.9,4.7,-17.0,No_Alert
Rajasthan,Kota,Kota,24.64,75.94,2023-09-04,24.7,13.5,72.7,2.1,4.6,-54.3,No_Alert
Rajasthan,Kota,Kota,24.64,75.94,2023-09-06,26.1,15.5,69.6,4.4,4.4,0.0,No_Alert
Rajasthan,Kota,Kota,24.64,75.94,2023-09-08,23.1,9.7,78.6,0.4,4.2,-90.5,No_Alert
Rajasthan,Kota,Kota,24.64,75.94,2023-09-10,19.9,9.6,64.0,0.0,4.0,-100.0,No_Alert
Rajasthan,Kota,Kota,24.64,75.94,2023-09-12,26.2,10.1,61.7,4.3,3.8,13.2,No_Alert
Rajasthan,Kota,Kota,24.64,75.94,2023-09-14,21.2,10.7,66.8,0.9,3.6,-75.0,No_Alert
Rajasthan,Kota,Kota,24.64,75.94,2023-09-16,22.6,11.2,58.5,0.0,3.4,-100.0,No_Alert
Rajasthan,Kota,Kota,24.64,75.94,2023-09-18,25.3,8.7,61.2,0.0,3.2,-100.0,No_Alert
Rajasthan,Kota,Kota,24.64,75.94,2023-09-20,24.2,7.6,70.9,0.0,3.0,-100.0,No_Alert
Rajasthan,Kota,Kota,24.64,75.94,2023-09-22,18.4,6.0,69.2,5.3,2.8,89.3,No_Alert
Rajasthan,Kota,Kota,24.64,75.94,2023-09-24,17.3,8.9,68.5,4.0,2.6,53.8,No_Alert
Rajasthan,Kota,Kota,24.64,75.94,2023-09-26,19.2,6.1,54.0,0.0,2.4,-100.0,No_Alert
Rajasthan,Kota,Kota,24.64,75.94,2023-09-28,22.9,7.8,60.6,0.0,2.1,-100.0,No_Alert
Rajasthan,Kota,Kota,24.64,75.94,2023-09-30,18.3,5.6,61.3,0.0,1.9,-100.0,No_Alert
Rajasthan,Kota,Kota,24.64,75.94,2023-10-02,21.3,5.6,40.0,0.0,0.2,0.0,No_Alert
Rajasthan,Kota,Kota,24.64,75.94,2023-10-04,19.9,3.9,45.8,0.1,0.2,0.0,No_Alert
Rajasthan,Kota,Kota,24.64,75.94,2023-10-06,20.9,8.0,52.8,0.0,0.2,0.0,No_Alert
Rajasthan,Kota,Kota,24.64,75.94,2023-10-08,19.3,8.0,52.1,0.1,0.2,0.0,No_Alert
Rajasthan,Kota,Kota,24.64,75.94,2023-10-10,16.9,4.2,43.1,0.0,0.2,0.0,No_Alert
Rajasthan,Kota,Kota,24.64,75.94,2023-10-12,19.1,4.1,47.7,0.0,0.2,0.0,No_Alert
Rajasthan,Kota,Kota,24.64,75.94,2023-10-14,17.4,5.5,38.8,0.0,0.2,0.0,No_Alert
Rajasthan,Kota,Kota,24.64,75.94,2023-10-16,17.2,5.7,46.4,0.0,0.2,0.0,No_Alert
Rajasthan,Kota,Kota,24.64,75.94,2023-10-18,17.3,1.6,43.5,0.0,0.2,0.0,No_Alert
Rajasthan,Kota,Kota,24.64,75.94,2023-10-20,17.1,2.1,52.8,0.0,0.2,0.0,No_Alert
Rajasthan,Kota,Kota,24.64,75.94,2023-10-22,17.8,3.3,39.4,0.0,0.2,0.0,No_Alert
Rajasthan,Kota,Kota,24.64,75.94,2023-10-24,15.9,1.3,39.0,0.0,0.2,0.0,No_Alert
Rajasthan,Kota,Kota,24.64,75.94,2023-10-26,15.5,3.1,51.2,0.2,0.2,0.0,No_Alert
Rajasthan,Kota,Kota,24.64,75.94,2023-10-28,15.2,0.5,45.0,0.0,0.2,0.0,No_Alert
Rajasthan,Kota,Kota,24.64,75.94,2023-10-30,15.6,3.5,43.2,0.0,0.2,0.0,No_Alert
Rajasthan,Kota,Kota,24.64,75.94,2023-11-01,17.7,1.4,46.9,0.0,0.2,0.0,No_Alert
Rajasthan,Kota,Kota,24.64,75.94,2023-11-03,15.0,-0.3,45.7,0.0,0.2,0.0,No_Alert
Rajasthan,Kota,Kota,24.64,75.94,2023-11-05,14.8,2.0,44.0,0.4,0.2,0.0,No_Alert
Rajasthan,Kota,Kota,24.64,75.94,2023-11-07,14.4,1.7,49.9,0.0,0.2,0.0,No_Alert
Rajasthan,Kota,Kota,24.64,75.94,2023-11-09,14.6,1.3,39.4,0.0,0.2,0.0,No_Alert
Rajasthan,Kota,Kota,24.64,75.94,2023-11-11,13.7,4.9,51.4,0.0,0.2,0.0,No_Alert
Rajasthan,Kota,Kota,24.64,75.94,2023-11-13,17.6,5.5,52.4,0.0,0.2,0.0,No_Alert
Rajasthan,Kota,Kota,24.64,75.94,2023-11-15,17.3,0.0,52.9,0.0,0.2,0.0,No_Alert
Rajasthan,Kota,Kota,24.64,75.94,2023-11-17,13.9,4.5,41.1,0.1,0.2,0.0,No_Alert
Rajasthan,Kota,Kota,24.64,75.94,2023-11-19,13.9,-1.1,54.0,0.0,0.2,0.0,No_Alert
Rajasthan,Kota,Kota,24.64,75.94,2023-11-21,13.7,-1.8,52.2,0.4,0.2,0.0,No_Alert
Rajasthan,Kota,Kota,24.64,75.94,2023-11-23,15.1,1.3,45.8,0.0,0.2,0.0,No_Alert
Rajasthan,Kota,Kota,24.64,75.94,2023-11-25,17.2,3.4,53.0,0.0,0.2,0.0,No_Alert
Rajasthan,Kota,Kota,24.64,75.94,2023-11-27,12.5,3.3,50.8,0.0,0.2,0.0,No_Alert
Rajasthan,Kota,Kota,24.64,75.94,2023-11-29,18.2,2.4,52.0,0.0,0.2,0.0,No_Alert
Rajasthan,Kota,Kota,24.64,75.94,2023-12-01,13.9,1.4,44.5,0.0,0.2,0.0,No_Alert
Rajasthan,Kota,Kota,24.64,75.94,2023-12-03,14.7,0.3,51.9,0.0,0.2,0.0,No_Alert
Rajasthan,Kota,Kota,24.64,75.94,2023-12-05,16.7,1.9,39.2,0.0,0.2,0.0,No_Alert
Rajasthan,Kota,Kota,24.64,75.94,2023-12-07,15.3,4.3,48.8,0.0,0.2,0.0,No_Alert
Rajasthan,Kota,Kota,24.64,75.94,2023-12-09,12.6,3.2,42.3,0.0,0.2,0.0,No_Alert
Rajasthan,Kota,Kota,24.64,75.94,2023-12-11,18.8,4.5,53.6,0.0,0.2,0.0,No_Alert
Rajasthan,Kota,Kota,24.64,75.94,2023-12-13,15.5,5.5,39.1,0.3,0.2,0.0,No_Alert
Rajasthan,Kota,Kota,24.64,75.94,2023-12-15,16.5,5.1,45.7,0.0,0.2,0.0,No_Alert
Rajasthan,Kota,Kota,24.64,75.94,2023-12-17,16.9,2.4,49.1,0.0,0.2,0.0,No_Alert
Rajasthan,Kota,Kota,24.64,75.94,2023-12-19,18.2,4.7,43.9,0.0,0.2,0.0,No_Alert
Rajasthan,Kota,Kota,24.64,75.94,2023-12-21,18.1,2.0,46.8,0.0,0.2,0.0,No_Alert
Rajasthan,Kota,Kota,24.64,75.94,2023-12-23,14.7,6.4,46.4,0.0,0.2,0.0,No_Alert
Rajasthan,Kota,Kota,24.64,75.94,2023-12-25,18.7,3.5,48.7,0.2,0.2,0.0,No_Alert
Rajasthan,Kota,Kota,24.64,75.94,2023-12-27,16.5,5.5,49.5,0.2,0.2,0.0,No_Alert
Rajasthan,Kota,Kota,24.64,75.94,2023-12-29,21.1,4.9,43.6,0.0,0.2,0.0,No_Alert
Rajasthan,Kota,Kota,24.64,75.94,2023-12-31,19.5,4.0,51.6,0.0,0.2,0.0,No_Alert
Bihar,Patna,Patna,25.35,85.03,2023-01-01,17.5,6.5,44.0,0.0,0.3,0.0,No_Alert
Bihar,Patna,Patna,25.35,85.03,2023-01-03,20.5,7.0,43.6,0.0,0.3,0.0,No_Alert
Bihar,Patna,Patna,25.35,85.03,2023-01-05,16.7,5.9,51.9,0.0,0.3,0.0,No_Alert
Bihar,Patna,Patna,25.35,85.03,2023-01-07,22.3,9.1,48.4,0.6,0.3,0.0,No_Alert
Bihar,Patna,Patna,25.35,85.03,2023-01-09,23.9,7.0,46.4,0.0,0.3,0.0,No_Alert
Bihar,Patna,Patna,25.35,85.03,2023-01-11,22.1,10.9,53.9,0.1,0.3,0.0,No_Alert
Bihar,Patna,Patna,25.35,85.03,2023-01-13,21.3,6.6,38.6,0.7,0.3,0.0,No_Alert
Bihar,Patna,Patna,25.35,85.03,2023-01-15,24.5,10.8,53.6,0.0,0.3,0.0,No_Alert
Bihar,Patna,Patna,25.35,85.03,2023-01-17,22.8,10.8,48.7,0.0,0.3,0.0,No_Alert
Bihar,Patna,Patna,25.35,85.03,2023-01-19,23.1,8.3,40.9,0.0,0.3,0.0,No_Alert
Bihar,Patna,Patna,25.35,85.03,2023-01-21,20.5,10.1,50.2,0.6,0.3,0.0,No_Alert
Bihar,Patna,Patna,25.35,85.03,2023-01-23,24.0,11.0,38.4,0.0,0.3,0.0,No_Alert
Bihar,Patna,Patna,25.35,85.03,2023-01-25,26.9,10.4,47.8,0.0,0.3,0.0,No_Alert
Bihar,Patna,Patna,25.35,85.03,2023-01-27,25.3,11.0,43.7,0.0,0.3,0.0,No_Alert
Bihar,Patna,Patna,25.35,85.03,2023-01-29,23.5,11.2,51.6,0.0,0.3,0.0,No_Alert
Bihar,Patna,Patna,25.35,85.03,2023-01-31,29.1,12.8,51.6,0.0,0.3,0.0,No_Alert
Bihar,Patna,Patna,25.35,85.03,2023-02-02,29.4,14.6,50.5,0.0,0.3,0.0,No_Alert
Bihar,Patna,Patna,25.35,85.03,2023-02-04,28.8,15.3,43.5,0.0,0.3,0.0,No_Alert
Bihar,Patna,Patna,25.35,85.03,2023-02-06,27.3,15.0,42.8,0.0,0.3,0.0,No_Alert
Bihar,Patna,Patna,25.35,85.03,2023-02-08,29.4,17.5,47.0,0.3,0.3,0.0,No_Alert
Bihar,Patna,Patna,25.35,85.03,2023-02-10,30.2,17.1,48.3,0.0,0.3,0.0,No_Alert
Bihar,Patna,Patna,25.35,85.03,2023-02-12,30.4,17.9,41.4,0.0,0.3,0.0,No_Alert
Bihar,Patna,Patna,25.35,85.03,2023-02-14,30.3,18.4,49.6,0.0,0.3,0.0,No_Alert
Bihar,Patna,Patna,25.35,85.03,2023-02-16,31.6,17.7,42.9,0.0,0.3,0.0,No_Alert
Bihar,Patna,Patna,25.35,85.03,2023-02-18,31.6,20.6,51.4,0.0,0.3,0.0,No_Alert
Bihar,Patna,Patna,25.35,85.03,2023-02-20,31.0,16.6,45.7,0.0,0.3,0.0,No_Alert
Bihar,Patna,Patna,25.35,85.03,2023-02-22,30.7,18.8,53.7,0.0,0.3,0.0,No_Alert
Bihar,Patna,Patna,25.35,85.03,2023-02-24,30.4,17.9,49.2,0.0,0.3,0.0,No_Alert
Bihar,Patna,Patna,25.35,85.03,2023-02-26,31.5,21.0,41.7,0.0,0.3,0.0,No_Alert
Bihar,Patna,Patna,25.35,85.03,2023-02-28,32.9,20.9,42.5,0.0,0.3,0.0,No_Alert
Bihar,Patna,Patna,25.35,85.03,2023-03-02,33.5,21.5,52.6,0.0,0.3,0.0,No_Alert
Bihar,Patna,Patna,25.35,85.03,2023-03-04,33.6,21.4,53.6,0.1,0.3,0.0,No_Alert
Bihar,Patna,Patna,25.35,85.03,2023-03-06,32.5,20.6,52.9,0.0,0.3,0.0,No_Alert
Bihar,Patna,Patna,25.35,85.03,2023-03-08,39.2,22.1,41.7,0.0,0.3,0.0,No_Alert
Bihar,Patna,Patna,25.35,85.03,2023-03-10,34.0,24.0,48.3,0.0,0.3,0.0,No_Alert
Bihar,Patna,Patna,25.35,85.03,2023-03-12,36.6,24.6,49.6,0.0,0.3,0.0,No_Alert
Bihar,Patna,Patna,25.35,85.03,2023-03-14,35.6,22.4,48.7,0.0,0.3,0.0,No_Alert
Bihar,Patna,Patna,25.35,85.03,2023-03-16,38.2,24.0,48.4,0.0,0.3,0.0,No_Alert
Bihar,Patna,Patna,25.35,85.03,2023-03-18,36.9,22.7,38.7,0.0,0.3,0.0,No_Alert
Bihar,Patna,Patna,25.35,85.03,2023-03-20,38.1,24.5,48.3,0.0,0.3,0.0,No_Alert
Bihar,Patna,Patna,25.35,85.03,2023-03-22,36.9,22.9,44.1,0.0,0.3,0.0,No_Alert
Bihar,Patna,Patna,25.35,85.03,2023-03-24,37.9,25.2,45.1,0.0,0.3,0.0,No_Alert
Bihar,Patna,Patna,25.35,85.03,2023-03-26,37.9,25.7,50.9,0.0,0.3,0.0,No_Alert
Bihar,Patna,Patna,25.35,85.03,2023-03-28,40.0,25.6,39.3,0.0,0.3,0.0,No_Alert
Bihar,Patna,Patna,25.35,85.03,2023-03-30,39.4,28.0,53.0,0.0,0.3,0.0,No_Alert
Bihar,Patna,Patna,25.35,85.03,2023-04-01,41.9,24.6,50.6,0.4,0.3,0.0,No_Alert
Bihar,Patna,Patna,25.35,85.03,2023-04-03,40.2,26.4,42.3,0.0,0.3,0.0,No_Alert
Bihar,Patna,Patna,25.35,85.03,2023-04-05,38.8,27.2,52.7,0.0,0.3,0.0,No_Alert
Bihar,Patna,Patna,25.35,85.03,2023-04-07,43.2,31.8,50.4,0.0,0.3,0.0,No_Alert
Bihar,Patna,Patna,25.35,85.03,2023-04-09,38.7,30.1,50.8,0.0,0.3,0.0,No_Alert
Bihar,Patna,Patna,25.35,85.03,2023-04-11,42.5,29.6,46.4,0.0,0.3,0.0,No_Alert
Bihar,Patna,Patna,25.35,85.03,2023-04-13,44.6,29.0,40.3,0.0,0.3,0.0,No_Alert
Bihar,Patna,Patna,25.35,85.03,2023-04-15,41.5,29.2,48.3,0.0,0.3,0.0,No_Alert
Bihar,Patna,Patna,25.35,85.03,2023-04-17,42.9,27.9,44.1,0.0,0.3,0.0,No_Alert
Bihar,Patna,Patna,25.35,85.03,2023-04-19,42.4,30.8,52.6,0.0,0.3,0.0,No_Alert
Bihar,Patna,Patna,25.35,85.03,2023-04-21,41.9,28.2,44.6,0.1,0.3,0.0,No_Alert
Bihar,Patna,Patna,25.35,85.03,2023-04-23,45.3,33.4,50.0,0.0,0.3,0.0,No_Alert
Bihar,Patna,Patna,25.35,85.03,2023-04-25,45.4,33.6,43.5,0.0,0.3,0.0,No_Alert
Bihar,Patna,Patna,25.35,85.03,2023-04-27,43.1,32.8,41.2,0.3,0.3,0.0,No_Alert
Bihar,Patna,Patna,25.35,85.03,2023-04-29,44.6,29.1,45.9,0.0,0.3,0.0,No_Alert
Bihar,Patna,Patna,25.35,85.03,2023-05-01,43.6,32.9,46.9,0.0,0.3,0.0,No_Alert
Bihar,Patna,Patna,25.35,85.03,2023-05-03,47.4,31.8,39.2,0.0,0.3,0.0,No_Alert
Bihar,Patna,Patna,25.35,85.03,2023-05-05,45.7,35.2,49.8,0.0,0.3,0.0,No_Alert
Bihar,Patna,Patna,25.35,85.03,2023-05-07,45.5,33.1,40.8,0.3,0.3,0.0,No_Alert
Bihar,Patna,Patna,25.35,85.03,2023-05-09,45.6,30.2,40.2,0.0,0.3,0.0,No_Alert
Bihar,Patna,Patna,25.35,85.03,2023-05-11,43.2,33.0,40.3,0.2,0.3,0.0,No_Alert
Bihar,Patna,Patna,25.35,85.03,2023-05-13,47.0,32.0,50.3,0.0,0.3,0.0,No_Alert
Bihar,Patna,Patna,25.35,85.03,2023-05-15,44.9,33.1,48.7,0.0,0.3,0.0,No_Alert
Bihar,Patna,Patna,25.35,85.03,2023-05-17,49.2,31.9,52.4,0.0,0.3,0.0,No_Alert
Bihar,Patna,Patna,25.35,85.03,2023-05-19,44.1,35.1,41.4,0.0,0.3,0.0,No_Alert
Bihar,Patna,Patna,25.35,85.03,2023-05-21,47.9,30.3,48.7,0.0,0.3,0.0,No_Alert
Bihar,Patna,Patna,25.35,85.03,2023-05-23,42.0,30.3,49.0,0.0,0.3,0.0,No_Alert
Bihar,Patna,Patna,25.35,85.03,2023-05-25,46.7,34.1,43.6,0.0,0.3,0.0,No_Alert
Bihar,Patna,Patna,25.35,85.03,2023-05-27,47.9,33.1,46.7,0.0,0.3,0.0,No_Alert
Bihar,Patna,Patna,25.35,85.03,2023-05-29,44.5,31.8,48.3,0.0,0.3,0.0,No_Alert
Bihar,Patna,Patna,25.35,85.03,2023-05-31,41.4,29.6,46.4,0.0,0.3,0.0,No_Alert
Bihar,Patna,Patna,25.35,85.03,2023-06-02,46.2,30.7,62.4,2.6,3.2,-18.8,No_Alert
Bihar,Patna,Patna,25.35,85.03,2023-06-04,45.8,29.1,63.9,0.6,3.5,-82.9,No_Alert
Bihar,Patna,Patna,25.35,85.03,2023-06-06,45.0,33.6,55.0,0.0,3.9,-100.0,No_Alert
Bihar,Patna,Patna,25.35,85.03,2023-06-08,45.8,32.6,62.5,0.0,4.2,-100.0,No_Alert
Bihar,Patna,Patna,25.35,85.03,2023-06-10,47.7,33.6,58.9,8.0,4.5,77.8,No_Alert
Bihar,Patna,Patna,25.35,85.03,2023-06-12,44.2,31.7,62.9,0.0,4.9,-100.0,No_Alert
Bihar,Patna,Patna,25.35,85.03,2023-06-14,44.7,31.9,73.5,3.8,5.2,-26.9,No_Alert
Bihar,Patna,Patna,25.35,85.03,2023-06-16,43.5,31.4,68.9,0.8,5.5,-85.5,No_Alert
Bihar,Patna,Patna,25.35,85.03,2023-06-18,44.5,31.6,74.2,0.0,5.8,-100.0,No_Alert
Bihar,Patna,Patna,25.35,85.03,2023-06-20,39.2,27.8,73.4,7.5,6.2,21.0,No_Alert
Bihar,Patna,Patna,25.35,85.03,2023-06-22,44.0,32.7,75.5,9.2,6.5,41.5,No_Alert
Bihar,Patna,Patna,25.35,85.03,2023-06-24,41.0,28.0,73.4,0.0,6.7,-100.0,No_Alert
Bihar,Patna,Patna,25.35,85.03,2023-06-26,44.3,29.6,65.2,12.7,7.0,81.4,No_Alert
Bihar,Patna,Patna,25.35,85.03,2023-06-28,38.0,28.9,73.0,0.0,7.3,-100.0,No_Alert
Bihar,Patna,Patna,25.35,85.03,2023-06-30,41.8,29.3,71.7,0.8,7.5,-89.3,No_Alert
Bihar,Patna,Patna,25.35,85.03,2023-07-02,40.9,27.2,72.9,0.2,7.8,-97.4,No_Alert
Bihar,Patna,Patna,25.35,85.03,2023-07-04,38.9,25.7,71.3,9.3,8.0,16.3,No_Alert
Bihar,Patna,Patna,25.35,85.03,2023-07-06,40.0,25.4,72.0,17.3,8.2,111.0,No_Alert
Bihar,Patna,Patna,25.35,85.03,2023-07-08,38.0,27.2,79.4,0.0,8.4,-100.0,No_Alert
Bihar,Patna,Patna,25.35,85.03,2023-07-10,37.3,24.1,75.6,0.0,8.6,-100.0,No_Alert
Bihar,Patna,Patna,25.35,85.03,2023-07-12,39.5,23.3,82.1,13.8,8.8,56.8,No_Alert
Bihar,Patna,Patna,25.35,85.03,2023-07-14,40.6,27.4,80.2,3.8,9.0,-57.8,No_Alert
Bihar,Patna,Patna,25.35,85.03,2023-07-16,35.7,21.5,83.4,14.8,9.1,62.6,No_Alert
Bihar,Patna,Patna,25.35,85.03,2023-07-18,37.4,23.4,85.3,0.0,9.2,-100.0,No_Alert
Bihar,Patna,Patna,25.35,85.03,2023-07-20,39.5,25.0,85.3,0.0,9.4,-100.0,No_Alert
Bihar,Patna,Patna,25.35,85.03,2023-07-22,35.0,22.3,76.9,19.3,9.4,105.3,No_Alert
Bihar,Patna,Patna,25.35,85.03,2023-07-24,36.7,22.1,79.6,13.7,9.5,44.2,No_Alert
Bihar,Patna,Patna,25.35,85.03,2023-07-26,36.7,22.1,79.9,0.0,9.6,-100.0,No_Alert
Bihar,Patna,Patna,25.35,85.03,2023-07-28,32.7,21.4,86.9,0.0,9.6,-100.0,No_Alert
Bihar,Patna,Patna,25.35,85.03,2023-07-30,34.4,18.5,91.2,18.5,9.6,92.7,No_Alert
Bihar,Patna,Patna,25.35,85.03,2023-08-01,34.3,18.3,89.6,17.8,9.6,85.4,No_Alert
Bihar,Patna,Patna,25.35,85.03,2023-08-03,31.9,17.6,90.6,6.5,9.6,-32.3,No_Alert
Bihar,Patna,Patna,25.35,85.03,2023-08-05,36.0,22.4,89.6,0.0,9.6,-100.0,No_Alert
Bihar,Patna,Patna,25.35,85.03,2023-08-07,32.3,18.4,86.9,5.4,9.5,-43.2,No_Alert
Bihar,Patna,Patna,25.35,85.03,2023-08-09,33.7,17.3,78.4,0.0,9.5,-100.0,No_Alert
Bihar,Patna,Patna,25.35,85.03,2023-08-11,31.3,19.6,88.2,0.0,9.4,-100.0,No_Alert
Bihar,Patna,Patna,25.35,85.03,2023-08-13,29.8,15.9,77.5,14.0,9.3,50.5,No_Alert
Bihar,Patna,Patna,25.35,85.03,2023-08-15,31.2,14.8,86.1,0.0,9.2,-100.0,No_Alert
Bihar,Patna,Patna,25.35,85.03,2023-08-17,31.0,19.8,82.4,10.5,9.0,16.7,No_Alert
Bihar,Patna,Patna,25.35,85.03,2023-08-19,30.9,14.4,88.2,0.0,8.9,-100.0,No_Alert
Bihar,Patna,Patna,25.35,85.03,2023-08-21,25.8,13.1,73.2,3.5,8.7,-59.8,No_Alert
Bihar,Patna,Patna,25.35,85.03,2023-08-23,28.4,16.5,83.0,4.5,8.5,-47.1,No_Alert
Bihar,Patna,Patna,25.35,85.03,2023-08-25,28.7,14.0,73.0,9.6,8.3,15.7,No_Alert
Bihar,Patna,Patna,25.35,85.03,2023-08-27,27.9,16.0,71.5,4.9,8.1,-39.5,No_Alert
Bihar,Patna,Patna,25.35,85.03,2023-08-29,25.6,13.0,75.8,5.5,7.9,-30.4,No_Alert
Bihar,Patna,Patna,25.35,85.03,2023-08-31,26.0,12.3,80.3,3.6,7.7,-53.2,No_Alert
Bihar,Patna,Patna,25.35,85.03,2023-09-02,27.0,10.9,76.5,0.6,7.4,-91.9,No_Alert
Bihar,Patna,Patna,25.35,85.03,2023-09-04,24.6,12.1,73.5,0.0,7.2,-100.0,No_Alert
Bihar,Patna,Patna,25.35,85.03,2023-09-06,23.6,11.0,65.7,9.3,6.9,34.8,No_Alert
Bihar,Patna,Patna,25.35,85.03,2023-09-08,25.7,10.9,78.6,0.0,6.6,-100.0,No_Alert
Bihar,Patna,Patna,25.35,85.03,2023-09-10,20.4,11.7,77.6,0.0,6.3,-100.0,No_Alert
Bihar,Patna,Patna,25.35,85.03,2023-09-12,25.0,12.9,65.2,2.0,6.0,-66.7,No_Alert
Bihar,Patna,Patna,25.35,85.03,2023-09-14,20.2,10.0,73.6,1.8,5.7,-68.4,No_Alert
Bihar,Patna,Patna,25.35,85.03,2023-09-16,19.8,7.5,66.1,0.0,5.4,-100.0,No_Alert
Bihar,Patna,Patna,25.35,85.03,2023-09-18,20.7,8.7,59.4,9.1,5.0,82.0,No_Alert
Bihar,Patna,Patna,25.35,85.03,2023-09-20,21.3,6.6,69.7,3.0,4.7,-36.2,No_Alert
Bihar,Patna,Patna,25.35,85.03,2023-09-22,19.5,6.8,70.4,9.2,4.4,109.1,No_Alert
Bihar,Patna,Patna,25.35,85.03,2023-09-24,20.1,6.4,65.7,1.7,4.0,-57.5,No_Alert
Bihar,Patna,Patna,25.35,85.03,2023-09-26,21.9,8.0,66.8,0.0,3.7,-100.0,No_Alert
Bihar,Patna,Patna,25.35,85.03,2023-09-28,20.7,6.8,63.5,0.0,3.4,-100.0,No_Alert
Bihar,Patna,Patna,25.35,85.03,2023-09-30,21.4,5.6,64.5,0.0,3.0,-100.0,No_Alert
Bihar,Patna,Patna,25.35,85.03,2023-10-02,18.6,8.0,51.1,0.0,0.3,0.0,No_Alert
Bihar,Patna,Patna,25.35,85.03,2023-10-04,20.0,6.4,44.0,0.0,0.3,0.0,No_Alert
Bihar,Patna,Patna,25.35,85.03,2023-10-06,18.0,5.5,45.3,0.0,0.3,0.0,No_Alert
Bihar,Patna,Patna,25.35,85.03,2023-10-08,13.6,4.3,43.2,0.0,0.3,0.0,No_Alert
Bihar,Patna,Patna,25.35,85.03,2023-10-10,14.8,3.3,48.5,0.0,0.3,0.0,No_Alert
Bihar,Patna,Patna,25.35,85.03,2023-10-12,19.0,2.4,47.8,0.0,0.3,0.0,No_Alert
Bihar,Patna,Patna,25.35,85.03,2023-10-14,13.9,1.3,51.0,0.0,0.3,0.0,No_Alert
Bihar,Patna,Patna,25.35,85.03,2023-10-16,14.3,3.7,54.0,0.0,0.3,0.0,No_Alert
Bihar,Patna,Patna,25.35,85.03,2023-10-18,14.2,3.5,51.4,0.0,0.3,0.0,No_Alert
Bihar,Patna,Patna,25.35,85.03,2023-10-20,16.7,2.1,48.4,0.0,0.3,0.0,No_Alert
Bihar,Patna,Patna,25.35,85.03,2023-10-22,14.3,1.9,43.8,0.0,0.3,0.0,No_Alert
Bihar,Patna,Patna,25.35,85.03,2023-10-24,16.4,1.3,48.4,0.6,0.3,0.0,No_Alert
Bihar,Patna,Patna,25.35,85.03,2023-10-26,16.7,0.9,42.2,0.0,0.3,0.0,No_Alert
Bihar,Patna,Patna,25.35,85.03,2023-10-28,14.4,-0.6,52.5,0.0,0.3,0.0,No_Alert
Bihar,Patna,Patna,25.35,85.03,2023-10-30,14.0,3.3,39.4,0.0,0.3,0.0,No_Alert
Bihar,Patna,Patna,25.35,85.03,2023-11-01,13.3,0.6,42.5,0.0,0.3,0.0,No_Alert
Bihar,Patna,Patna,25.35,85.03,2023-11-03,15.0,2.9,44.0,0.0,0.3,0.0,No_Alert
Bihar,Patna,Patna,25.35,85.03,2023-11-05,17.3,0.6,53.4,0.6,0.3,0.0,No_Alert
Bihar,Patna,Patna,25.35,85.03,2023-11-07,13.6,1.5,49.7,0.0,0.3,0.0,No_Alert
Bihar,Patna,Patna,25.35,85.03,2023-11-09,13.5,-0.9,51.7,0.0,0.3,0.0,No_Alert
Bihar,Patna,Patna,25.35,85.03,2023-11-11,11.8,1.9,40.1,0.0,0.3,0.0,No_Alert
Bihar,Patna,Patna,25.35,85.03,2023-11-13,16.6,2.8,49.3,0.0,0.3,0.0,No_Alert
Bihar,Patna,Patna,25.35,85.03,2023-11-15,16.6,-1.0,39.5,0.0,0.3,0.0,No_Alert
Bihar,Patna,Patna,25.35,85.03,2023-11-17,15.6,-0.0,42.1,0.0,0.3,0.0,No_Alert
Bihar,Patna,Patna,25.35,85.03,2023-11-19,11.3,1.2,50.2,0.0,0.3,0.0,No_Alert
Bihar,Patna,Patna,25.35,85.03,2023-11-21,14.6,-0.1,38.9,0.0,0.3,0.0,No_Alert
Bihar,Patna,Patna,25.35,85.03,2023-11-23,12.6,1.6,47.5,0.3,0.3,0.0,No_Alert
Bihar,Patna,Patna,25.35,85.03,2023-11-25,12.5,2.9,42.5,0.0,0.3,0.0,No_Alert
Bihar,Patna,Patna,25.35,85.03,2023-11-27,14.6,2.6,49.2,0.0,0.3,0.0,No_Alert
Bihar,Patna,Patna,25.35,85.03,2023-11-29,17.0,0.5,46.2,0.0,0.3,0.0,No_Alert
Bihar,Patna,Patna,25.35,85.03,2023-12-01,14.3,0.4,49.7,0.0,0.3,0.0,No_Alert
Bihar,Patna,Patna,25.35,85.03,2023-12-03,16.2,2.5,45.7,0.0,0.3,0.0,No_Alert
Bihar,Patna,Patna,25.35,85.03,2023-12-05,13.5,4.7,53.4,0.0,0.3,0.0,No_Alert
Bihar,Patna,Patna,25.35,85.03,2023-12-07,13.3,2.3,41.1,0.0,0.3,0.0,No_Alert
Bihar,Patna,Patna,25.35,85.03,2023-12-09,18.7,4.5,47.9,0.0,0.3,0.0,No_Alert
Bihar,Patna,Patna,25.35,85.03,2023-12-11,15.6,4.8,38.4,0.0,0.3,0.0,No_Alert
Bihar,Patna,Patna,25.35,85.03,2023-12-13,14.3,1.4,42.5,0.0,0.3,0.0,No_Alert
Bihar,Patna,Patna,25.35,85.03,2023-12-15,17.7,4.0,50.7,0.0,0.3,0.0,No_Alert
Bihar,Patna,Patna,25.35,85.03,2023-12-17,19.9,4.0,51.8,0.0,0.3,0.0,No_Alert
Bihar,Patna,Patna,25.35,85.03,2023-12-19,17.0,0.7,45.2,0.0,0.3,0.0,No_Alert
Bihar,Patna,Patna,25.35,85.03,2023-12-21,18.5,5.6,43.7,0.2,0.3,0.0,No_Alert
Bihar,Patna,Patna,25.35,85.03,2023-12-23,14.1,4.7,42.5,0.6,0.3,0.0,No_Alert
Bihar,Patna,Patna,25.35,85.03,2023-12-25,14.1,2.0,50.2,0.0,0.3,0.0,No_Alert
Bihar,Patna,Patna,25.35,85.03,2023-12-27,17.6,4.1,39.9,0.0,0.3,0.0,No_Alert
Bihar,Patna,Patna,25.35,85.03,2023-12-29,19.5,3.3,44.4,0.0,0.3,0.0,No_Alert
Bihar,Patna,Patna,25.35,85.03,2023-12-31,19.4,8.1,48.9,0.5,0.3,0.0,No_Alert
Bihar,Muzaffarpur,Muzaffarpur,26.2,85.42,2023-01-01,18.0,7.2,43.0,0.2,0.3,0.0,No_Alert
Bihar,Muzaffarpur,Muzaffarpur,26.2,85.42,2023-01-03,21.0,4.0,43.9,0.0,0.3,0.0,No_Alert
Bihar,Muzaffarpur,Muzaffarpur,26.2,85.42,2023-01-05,17.4,5.4,41.9,0.0,0.3,0.0,No_Alert
Bihar,Muzaffarpur,Muzaffarpur,26.2,85.42,2023-01-07,20.7,7.3,52.4,0.0,0.3,0.0,No_Alert
Bihar,Muzaffarpur,Muzaffarpur,26.2,85.42,2023-01-09,19.9,6.7,43.4,0.0,0.3,0.0,No_Alert
Bihar,Muzaffarpur,Muzaffarpur,26.2,85.42,2023-01-11,18.4,4.5,39.8,0.0,0.3,0.0,No_Alert
Bihar,Muzaffarpur,Muzaffarpur,26.2,85.42,2023-01-13,21.0,7.9,40.3,0.6,0.3,0.0,No_Alert
Bihar,Muzaffarpur,Muzaffarpur,26.2,85.42,2023-01-15,23.3,7.5,42.6,0.0,0.3,0.0,No_Alert
Bihar,Muzaffarpur,Muzaffarpur,26.2,85.42,2023-01-17,24.8,8.4,39.2,0.0,0.3,0.0,No_Alert
Bihar,Muzaffarpur,Muzaffarpur,26.2,85.42,2023-01-19,20.1,6.1,53.3,0.0,0.3,0.0,No_Alert
Bihar,Muzaffarpur,Muzaffarpur,26.2,85.42,2023-01-21,20.5,9.1,44.6,0.0,0.3,0.0,No_Alert
Bihar,Muzaffarpur,Muzaffarpur,26.2,85.42,2023-01-23,24.0,9.7,39.0,0.0,0.3,0.0,No_Alert
Bihar,Muzaffarpur,Muzaffarpur,26.2,85.42,2023-01-25,24.0,10.8,53.7,0.2,0.3,0.0,No_Alert
Bihar,Muzaffarpur,Muzaffarpur,26.2,85.42,2023-01-27,24.5,9.3,53.5,0.0,0.3,0.0,No_Alert
Bihar,Muzaffarpur,Muzaffarpur,26.2,85.42,2023-01-29,24.4,11.9,46.2,0.0,0.3,0.0,No_Alert
Bihar,Muzaffarpur,Muzaffarpur,26.2,85.42,2023-01-31,28.5,16.0,47.8,0.0,0.3,0.0,No_Alert
Bihar,Muzaffarpur,Muzaffarpur,26.2,85.42,2023-02-02,25.8,13.9,41.6,0.0,0.3,0.0,No_Alert
Bihar,Muzaffarpur,Muzaffarpur,26.2,85.42,2023-02-04,27.1,10.6,51.1,0.0,0.3,0.0,No_Alert
Bihar,Muzaffarpur,Muzaffarpur,26.2,85.42,2023-02-06,27.4,15.3,40.3,0.0,0.3,0.0,No_Alert
Bihar,Muzaffarpur,Muzaffarpur,26.2,85.42,2023-02-08,31.0,16.4,38.5,0.0,0.3,0.0,No_Alert
Bihar,Muzaffarpur,Muzaffarpur,26.2,85.42,2023-02-10,27.8,17.7,41.0,0.0,0.3,0.0,No_Alert
Bihar,Muzaffarpur,Muzaffarpur,26.2,85.42,2023-02-12,27.4,13.8,52.1,0.0,0.3,0.0,No_Alert
Bihar,Muzaffarpur,Muzaffarpur,26.2,85.42,2023-02-14,29.7,14.7,41.2,0.0,0.3,0.0,No_Alert
Bihar,Muzaffarpur,Muzaffarpur,26.2,85.42,2023-02-16,28.8,14.7,52.1,0.2,0.3,0.0,No_Alert
Bihar,Muzaffarpur,Muzaffarpur,26.2,85.42,2023-02-18,30.5,17.6,46.3,0.0,0.3,0.0,No_Alert
Bihar,Muzaffarpur,Muzaffarpur,26.2,85.42,2023-02-20,34.4,18.5,47.2,0.0,0.3,0.0,No_Alert
Bihar,Muzaffarpur,Muzaffarpur,26.2,85.42,2023-02-22,33.0,16.5,42.8,0.0,0.3,0.0,No_Alert
Bihar,Muzaffarpur,Muzaffarpur,26.2,85.42,2023-02-24,32.0,20.8,42.0,0.0,0.3,0.0,No_Alert
Bihar,Muzaffarpur,Muzaffarpur,26.2,85.42,2023-02-26,31.6,22.6,48.4,0.0,0.3,0.0,No_Alert
Bihar,Muzaffarpur,Muzaffarpur,26.2,85.42,2023-02-28,35.4,19.2,51.6,0.0,0.3,0.0,No_Alert
Bihar,Muzaffarpur,Muzaffarpur,26.2,85.42,2023-03-02,35.8,20.8,43.4,0.0,0.3,0.0,No_Alert
Bihar,Muzaffarpur,Muzaffarpur,26.2,85.42,2023-03-04,34.7,17.7,42.7,0.3,0.3,0.0,No_Alert
Bihar,Muzaffarpur,Muzaffarpur,26.2,85.42,2023-03-06,37.0,23.5,46.2,0.0,0.3,0.0,No_Alert
Bihar,Muzaffarpur,Muzaffarpur,26.2,85.42,2023-03-08,37.8,21.7,53.0,0.0,0.3,0.0,No_Alert
Bihar,Muzaffarpur,Muzaffarpur,26.2,85.42,2023-03-10,38.6,22.0,38.3,0.0,0.3,0.0,No_Alert
Bihar,Muzaffarpur,Muzaffarpur,26.2,85.42,2023-03-12,34.0,22.7,45.9,0.0,0.3,0.0,No_Alert
Bihar,Muzaffarpur,Muzaffarpur,26.2,85.42,2023-03-14,37.6,21.7,39.4,0.0,0.3,0.0,No_Alert
Bihar,Muzaffarpur,Muzaffarpur,26.2,85.42,2023-03-16,37.6,23.2,42.3,0.0,0.3,0.0,No_Alert
Bihar,Muzaffarpur,Muzaffarpur,26.2,85.42,2023-03-18,34.6,23.0,40.7,0.4,0.3,0.0,No_Alert
Bihar,Muzaffarpur,Muzaffarpur,26.2,85.42,2023-03-20,35.1,27.0,44.0,0.0,0.3,0.0,No_Alert
Bihar,Muzaffarpur,Muzaffarpur,26.2,85.42,2023-03-22,37.8,28.8,49.5,0.0,0.3,0.0,No_Alert
Bihar,Muzaffarpur,Muzaffarpur,26.2,85.42,2023-03-24,41.1,26.3,40.4,0.0,0.3,0.0,No_Alert
Bihar,Muzaffarpur,Muzaffarpur,26.2,85.42,2023-03-26,40.9,28.9,42.2,0.0,0.3,0.0,No_Alert
Bihar,Muzaffarpur,Muzaffarpur,26.2,85.42,2023-03-28,39.6,27.9,45.6,0.0,0.3,0.0,No_Alert
Bihar,Muzaffarpur,Muzaffarpur,26.2,85.42,2023-03-30,39.1,30.2,50.7,0.1,0.3,0.0,No_Alert
Bihar,Muzaffarpur,Muzaffarpur,26.2,85.42,2023-04-01,41.8,27.7,42.8,0.0,0.3,0.0,No_Alert
Bihar,Muzaffarpur,Muzaffarpur,26.2,85.42,2023-04-03,41.9,27.0,51.8,0.0,0.3,0.0,No_Alert
Bihar,Muzaffarpur,Muzaffarpur,26.2,85.42,2023-04-05,40.9,27.9,42.5,0.0,0.3,0.0,No_Alert
Bihar,Muzaffarpur,Muzaffarpur,26.2,85.42,2023-04-07,41.3,28.1,53.0,0.0,0.3,0.0,No_Alert
Bihar,Muzaffarpur,Muzaffarpur,26.2,85.42,2023-04-09,42.9,28.6,38.9,0.0,0.3,0.0,No_Alert
Bihar,Muzaffarpur,Muzaffarpur,26.2,85.42,2023-04-11,42.9,30.0,51.2,0.0,0.3,0.0,No_Alert
Bihar,Muzaffarpur,Muzaffarpur,26.2,85.42,2023-04-13,42.9,27.8,51.8,0.0,0.3,0.0,No_Alert
Bihar,Muzaffarpur,Muzaffarpur,26.2,85.42,2023-04-15,46.0,32.4,52.7,0.0,0.3,0.0,No_Alert
Bihar,Muzaffarpur,Muzaffarpur,26.2,85.42,2023-04-17,43.0,31.8,45.8,0.0,0.3,0.0,No_Alert
Bihar,Muzaffarpur,Muzaffarpur,26.2,85.42,2023-04-19,44.6,30.0,43.9,0.0,0.3,0.0,No_Alert
Bihar,Muzaffarpur,Muzaffarpur,26.2,85.42,2023-04-21,44.3,33.8,44.8,0.0,0.3,0.0,No_Alert
Bihar,Muzaffarpur,Muzaffarpur,26.2,85.42,2023-04-23,45.2,28.9,44.0,0.0,0.3,0.0,No_Alert
Bihar,Muzaffarpur,Muzaffarpur,26.2,85.42,2023-04-25,47.2,33.1,51.4,0.0,0.3,0.0,No_Alert
Bihar,Muzaffarpur,Muzaffarpur,26.2,85.42,2023-04-27,46.6,33.3,46.6,0.4,0.3,0.0,No_Alert
Bihar,Muzaffarpur,Muzaffarpur,26.2,85.42,2023-04-29,43.1,30.7,40.4,0.0,0.3,0.0,No_Alert
Bihar,Muzaffarpur,Muzaffarpur,26.2,85.42,2023-05-01,47.6,31.3,50.9,0.0,0.3,0.0,No_Alert
Bihar,Muzaffarpur,Muzaffarpur,26.2,85.42,2023-05-03,45.9,29.1,52.5,0.0,0.3,0.0,No_Alert
Bihar,Muzaffarpur,Muzaffarpur,26.2,85.42,2023-05-05,44.2,32.5,50.2,0.0,0.3,0.0,No_Alert
Bihar,Muzaffarpur,Muzaffarpur,26.2,85.42,2023-05-07,43.6,32.5,46.2,0.0,0.3,0.0,No_Alert
Bihar,Muzaffarpur,Muzaffarpur,26.2,85.42,2023-05-09,44.9,33.0,50.4,0.0,0.3,0.0,No_Alert
Bihar,Muzaffarpur,Muzaffarpur,26.2,85.42,2023-05-11,44.6,33.0,53.0,0.0,0.3,0.0,No_Alert
Bihar,Muzaffarpur,Muzaffarpur,26.2,85.42,2023-05-13,45.4,32.9,53.4,0.0,0.3,0.0,No_Alert
Bihar,Muzaffarpur,Muzaffarpur,26.2,85.42,2023-05-15,45.1,32.9,52.7,0.0,0.3,0.0,No_Alert
Bihar,Muzaffarpur,Muzaffarpur,26.2,85.42,2023-05-17,44.9,34.4,47.0,0.0,0.3,0.0,No_Alert
Bihar,Muzaffarpur,Muzaffarpur,26.2,85.42,2023-05-19,46.6,34.2,39.4,0.0,0.3,0.0,No_Alert
Bihar,Muzaffarpur,Muzaffarpur,26.2,85.42,2023-05-21,45.7,33.4,52.4,0.4,0.3,0.0,No_Alert
Bihar,Muzaffarpur,Muzaffarpur,26.2,85.42,2023-05-23,47.3,33.4,46.2,0.0,0.3,0.0,No_Alert
Bihar,Muzaffarpur,Muzaffarpur,26.2,85.42,2023-05-25,47.5,32.2,50.3,0.0,0.3,0.0,No_Alert
Bihar,Muzaffarpur,Muzaffarpur,26.2,85.42,2023-05-27,44.4,30.9,41.7,0.0,0.3,0.0,No_Alert
Bihar,Muzaffarpur,Muzaffarpur,26.2,85.42,2023-05-29,43.6,30.0,45.7,0.0,0.3,0.0,No_Alert
Bihar,Muzaffarpur,Muzaffarpur,26.2,85.42,2023-05-31,42.8,32.5,41.2,0.0,0.3,0.0,No_Alert
Bihar,Muzaffarpur,Muzaffarpur,26.2,85.42,2023-06-02,45.5,29.3,49.9,6.5,3.5,85.7,No_Alert
Bihar,Muzaffarpur,Muzaffarpur,26.2,85.42,2023-06-04,43.7,29.4,55.6,0.0,3.9,-100.0,No_Alert
Bihar,Muzaffarpur,Muzaffarpur,26.2,85.42,2023-06-06,44.3,28.8,57.1,0.0,4.2,-100.0,No_Alert
Bihar,Muzaffarpur,Muzaffarpur,26.2,85.42,2023-06-08,45.4,31.4,64.8,0.0,4.6,-100.0,No_Alert
Bihar,Muzaffarpur,Muzaffarpur,26.2,85.42,2023-06-10,44.0,31.0,64.3,0.0,5.0,-100.0,No_Alert
Bihar,Muzaffarpur,Muzaffarpur,26.2,85.42,2023-06-12,44.8,29.4,71.3,0.0,5.3,-100.0,No_Alert
Bihar,Muzaffarpur,Muzaffarpur,26.2,85.42,2023-06-14,47.4,32.9,58.6,0.0,5.7,-100.0,No_Alert
Bihar,Muzaffarpur,Muzaffarpur,26.2,85.42,2023-06-16,44.1,31.2,64.6,0.0,6.0,-100.0,No_Alert
Bihar,Muzaffarpur,Muzaffarpur,26.2,85.42,2023-06-18,45.3,31.5,72.5,13.1,6.4,104.7,No_Alert
Bihar,Muzaffarpur,Muzaffarpur,26.2,85.42,2023-06-20,42.8,32.3,77.1,0.0,6.7,-100.0,No_Alert
Bihar,Muzaffarpur,Muzaffarpur,26.2,85.42,2023-06-22,45.3,28.9,75.8,0.0,7.0,-100.0,No_Alert
Bihar,Muzaffarpur,Muzaffarpur,26.2,85.42,2023-06-24,41.1,27.8,66.4,0.0,7.4,-100.0,No_Alert
Bihar,Muzaffarpur,Muzaffarpur,26.2,85.42,2023-06-26,42.5,29.8,77.6,3.2,7.7,-58.4,No_Alert
Bihar,Muzaffarpur,Muzaffarpur,26.2,85.42,2023-06-28,42.8,29.4,78.7,16.4,8.0,105.0,No_Alert
Bihar,Muzaffarpur,Muzaffarpur,26.2,85.42,2023-06-30,42.4,27.9,70.3,14.3,8.2,74.4,No_Alert
Bihar,Muzaffarpur,Muzaffarpur,26.2,85.42,2023-07-02,39.6,25.9,81.7,9.4,8.5,10.6,No_Alert
Bihar,Muzaffarpur,Muzaffarpur,26.2,85.42,2023-07-04,41.2,30.0,83.8,0.0,8.8,-100.0,No_Alert
Bihar,Muzaffarpur,Muzaffarpur,26.2,85.42,2023-07-06,38.0,24.5,85.0,0.0,9.0,-100.0,No_Alert
Bihar,Muzaffarpur,Muzaffarpur,26.2,85.42,2023-07-08,40.0,26.1,81.6,0.0,9.2,-100.0,No_Alert
Bihar,Muzaffarpur,Muzaffarpur,26.2,85.42,2023-07-10,41.4,28.4,75.7,0.0,9.4,-100.0,No_Alert
Bihar,Muzaffarpur,Muzaffarpur,26.2,85.42,2023-07-12,38.5,24.9,87.3,0.0,9.6,-100.0,No_Alert
Bihar,Muzaffarpur,Muzaffarpur,26.2,85.42,2023-07-14,39.8,24.8,78.2,0.0,9.8,-100.0,No_Alert
Bihar,Muzaffarpur,Muzaffarpur,26.2,85.42,2023-07-16,39.3,25.5,76.5,15.4,9.9,55.6,No_Alert
Bihar,Muzaffarpur,Muzaffarpur,26.2,85.42,2023-07-18,39.0,24.6,84.2,0.0,10.1,-100.0,No_Alert
Bihar,Muzaffarpur,Muzaffarpur,26.2,85.42,2023-07-20,34.0,22.7,78.4,2.3,10.2,-77.5,No_Alert
Bihar,Muzaffarpur,Muzaffarpur,26.2,85.42,2023-07-22,36.5,21.3,77.5,7.8,10.3,-24.3,No_Alert
Bihar,Muzaffarpur,Muzaffarpur,26.2,85.42,2023-07-24,35.7,19.5,85.5,0.0,10.4,-100.0,No_Alert
Bihar,Muzaffarpur,Muzaffarpur,26.2,85.42,2023-07-26,38.1,23.4,76.3,20.7,10.4,99.0,No_Alert
Bihar,Muzaffarpur,Muzaffarpur,26.2,85.42,2023-07-28,36.0,23.3,86.1,13.7,10.5,30.5,No_Alert
Bihar,Muzaffarpur,Muzaffarpur,26.2,85.42,2023-07-30,31.7,21.6,86.5,0.0,10.5,-100.0,No_Alert
Bihar,Muzaffarpur,Muzaffarpur,26.2,85.42,2023-08-01,32.3,18.6,80.1,23.0,10.5,119.0,No_Alert
Bihar,Muzaffarpur,Muzaffarpur,26.2,85.42,2023-08-03,29.7,19.5,83.2,15.6,10.5,48.6,No_Alert
Bihar,Muzaffarpur,Muzaffarpur,26.2,85.42,2023-08-05,32.9,18.9,78.8,5.1,10.5,-51.4,No_Alert
Bihar,Muzaffarpur,Muzaffarpur,26.2,85.42,2023-08-07,34.1,19.6,78.7,20.4,10.4,96.2,No_Alert
Bihar,Muzaffarpur,Muzaffarpur,26.2,85.42,2023-08-09,29.1,15.9,80.7,6.1,10.3,-40.8,No_Alert
Bihar,Muzaffarpur,Muzaffarpur,26.2,85.42,2023-08-11,32.5,17.1,75.3,0.0,10.3,-100.0,No_Alert
Bihar,Muzaffarpur,Muzaffarpur,26.2,85.42,2023-08-13,26.5,14.0,87.4,13.7,10.1,35.6,No_Alert
Bihar,Muzaffarpur,Muzaffarpur,26.2,85.42,2023-08-15,26.5,17.2,76.0,0.0,10.0,-100.0,No_Alert
Bihar,Muzaffarpur,Muzaffarpur,26.2,85.42,2023-08-17,31.1,17.9,87.6,6.8,9.9,-31.3,No_Alert
Bihar,Muzaffarpur,Muzaffarpur,26.2,85.42,2023-08-19,26.6,15.9,81.8,20.4,9.7,110.3,No_Alert
Bihar,Muzaffarpur,Muzaffarpur,26.2,85.42,2023-08-21,28.4,14.8,86.2,0.0,9.5,-100.0,No_Alert
Bihar,Muzaffarpur,Muzaffarpur,26.2,85.42,2023-08-23,26.5,13.1,72.0,5.1,9.3,-45.2,No_Alert
Bihar,Muzaffarpur,Muzaffarpur,26.2,85.42,2023-08-25,28.7,13.6,84.1,0.0,9.1,-100.0,No_Alert
Bihar,Muzaffarpur,Muzaffarpur,26.2,85.42,2023-08-27,23.8,11.6,84.7,0.0,8.9,-100.0,No_Alert
Bihar,Muzaffarpur,Muzaffarpur,26.2,85.42,2023-08-29,28.3,11.3,70.7,0.0,8.6,-100.0,No_Alert
Bihar,Muzaffarpur,Muzaffarpur,26.2,85.42,2023-08-31,25.4,13.5,75.7,2.8,8.4,-66.7,No_Alert
Bihar,Muzaffarpur,Muzaffarpur,26.2,85.42,2023-09-02,23.7,11.9,68.5,13.8,8.1,70.4,No_Alert
Bihar,Muzaffarpur,Muzaffarpur,26.2,85.42,2023-09-04,21.0,12.4,78.6,14.7,7.8,88.5,No_Alert
Bihar,Muzaffarpur,Muzaffarpur,26.2,85.42,2023-09-06,23.4,9.4,78.4,0.0,7.5,-100.0,No_Alert
Bihar,Muzaffarpur,Muzaffarpur,26.2,85.42,2023-09-08,23.8,11.1,63.3,15.0,7.2,108.3,No_Alert
Bihar,Muzaffarpur,Muzaffarpur,26.2,85.42,2023-09-10,24.9,12.9,65.5,9.9,6.9,43.5,No_Alert
Bihar,Muzaffarpur,Muzaffarpur,26.2,85.42,2023-09-12,21.6,9.4,61.8,0.0,6.5,-100.0,No_Alert
Bihar,Muzaffarpur,Muzaffarpur,26.2,85.42,2023-09-14,19.5,7.0,66.9,0.0,6.2,-100.0,No_Alert
Bihar,Muzaffarpur,Muzaffarpur,26.2,85.42,2023-09-16,20.5,10.9,60.4,0.0,5.9,-100.0,No_Alert
Bihar,Muzaffarpur,Muzaffarpur,26.2,85.42,2023-09-18,21.4,10.4,69.7,4.9,5.5,-10.9,No_Alert
Bihar,Muzaffarpur,Muzaffarpur,26.2,85.42,2023-09-20,20.1,6.7,59.7,0.0,5.1,-100.0,No_Alert
Bihar,Muzaffarpur,Muzaffarpur,26.2,85.42,2023-09-22,21.2,6.0,63.3,0.0,4.8,-100.0,No_Alert
Bihar,Muzaffarpur,Muzaffarpur,26.2,85.42,2023-09-24,16.4,6.4,65.6,7.5,4.4,70.5,No_Alert
Bihar,Muzaffarpur,Muzaffarpur,26.2,85.42,2023-09-26,21.9,5.0,66.3,0.0,4.0,-100.0,No_Alert
Bihar,Muzaffarpur,Muzaffarpur,26.2,85.42,2023-09-28,17.2,7.5,55.8,5.9,3.7,59.5,No_Alert
Bihar,Muzaffarpur,Muzaffarpur,26.2,85.42,2023-09-30,17.2,7.9,49.4,0.0,3.3,-100.0,No_Alert
Bihar,Muzaffarpur,Muzaffarpur,26.2,85.42,2023-10-02,15.7,5.4,45.1,0.0,0.3,0.0,No_Alert
Bihar,Muzaffarpur,Muzaffarpur,26.2,85.42,2023-10-04,16.6,4.5,42.0,0.0,0.3,0.0,No_Alert
Bihar,Muzaffarpur,Muzaffarpur,26.2,85.42,2023-10-06,17.9,2.0,46.4,0.0,0.3,0.0,No_Alert
Bihar,Muzaffarpur,Muzaffarpur,26.2,85.42,2023-10-08,17.0,5.5,39.9,0.2,0.3,0.0,No_Alert
Bihar,Muzaffarpur,Muzaffarpur,26.2,85.42,2023-10-10,19.1,1.9,38.6,0.0,0.3,0.0,No_Alert
Bihar,Muzaffarpur,Muzaffarpur,26.2,85.42,2023-10-12,16.3,4.4,39.3,0.0,0.3,0.0,No_Alert
Bihar,Muzaffarpur,Muzaffarpur,26.2,85.42,2023-10-14,14.6,1.0,40.9,0.0,0.3,0.0,No_Alert
Bihar,Muzaffarpur,Muzaffarpur,26.2,85.42,2023-10-16,15.6,4.2,42.7,0.0,0.3,0.0,No_Alert
Bihar,Muzaffarpur,Muzaffarpur,26.2,85.42,2023-10-18,13.3,1.8,39.3,0.0,0.3,0.0,No_Alert
Bihar,Muzaffarpur,Muzaffarpur,26.2,85.42,2023-10-20,17.6,1.5,44.1,0.0,0.3,0.0,No_Alert
Bihar,Muzaffarpur,Muzaffarpur,26.2,85.42,2023-10-22,16.0,3.0,41.8,0.0,0.3,0.0,No_Alert
Bihar,Muzaffarpur,Muzaffarpur,26.2,85.42,2023-10-24,17.0,3.4,41.0,0.0,0.3,0.0,No_Alert
Bihar,Muzaffarpur,Muzaffarpur,26.2,85.42,2023-10-26,12.4,-2.3,42.9,0.6,0.3,0.0,No_Alert
Bihar,Muzaffarpur,Muzaffarpur,26.2,85.42,2023-10-28,13.4,0.4,49.7,0.0,0.3,0.0,No_Alert
Bihar,Muzaffarpur,Muzaffarpur,26.2,85.42,2023-10-30,12.1,1.3,52.1,0.5,0.3,0.0,No_Alert
Bihar,Muzaffarpur,Muzaffarpur,26.2,85.42,2023-11-01,10.3,1.1,43.1,0.0,0.3,0.0,No_Alert
Bihar,Muzaffarpur,Muzaffarpur,26.2,85.42,2023-11-03,14.4,2.6,47.0,0.0,0.3,0.0,No_Alert
Bihar,Muzaffarpur,Muzaffarpur,26.2,85.42,2023-11-05,17.1,0.1,42.6,0.0,0.3,0.0,No_Alert
Bihar,Muzaffarpur,Muzaffarpur,26.2,85.42,2023-11-07,13.2,0.9,54.0,0.0,0.3,0.0,No_Alert
Bihar,Muzaffarpur,Muzaffarpur,26.2,85.42,2023-11-09,13.1,-2.2,50.4,0.0,0.3,0.0,No_Alert
Bihar,Muzaffarpur,Muzaffarpur,26.2,85.42,2023-11-11,15.8,0.3,53.8,0.0,0.3,0.0,No_Alert
Bihar,Muzaffarpur,Muzaffarpur,26.2,85.42,2023-11-13,12.6,-1.9,52.6,0.0,0.3,0.0,No_Alert
Bihar,Muzaffarpur,Muzaffarpur,26.2,85.42,2023-11-15,15.0,-1.3,40.5,0.0,0.3,0.0,No_Alert
Bihar,Muzaffarpur,Muzaffarpur,26.2,85.42,2023-11-17,14.5,2.4,48.2,0.0,0.3,0.0,No_Alert
Bihar,Muzaffarpur,Muzaffarpur,26.2,85.42,2023-11-19,12.8,-2.4,50.4,0.0,0.3,0.0,No_Alert
Bihar,Muzaffarpur,Muzaffarpur,26.2,85.42,2023-11-21,11.9,2.3,41.0,0.6,0.3,0.0,No_Alert
Bihar,Muzaffarpur,Muzaffarpur,26.2,85.42,2023-11-23,15.8,0.0,46.4,0.0,0.3,0.0,No_Alert
Bihar,Muzaffarpur,Muzaffarpur,26.2,85.42,2023-11-25,11.7,1.6,48.5,0.0,0.3,0.0,No_Alert
Bihar,Muzaffarpur,Muzaffarpur,26.2,85.42,2023-11-27,14.6,-0.4,52.5,0.0,0.3,0.0,No_Alert
Bihar,Muzaffarpur,Muzaffarpur,26.2,85.42,2023-11-29,12.5,2.6,45.5,0.0,0.3,0.0,No_Alert
Bihar,Muzaffarpur,Muzaffarpur,26.2,85.42,2023-12-01,14.3,0.4,47.5,0.0,0.3,0.0,No_Alert
Bihar,Muzaffarpur,Muzaffarpur,26.2,85.42,2023-12-03,14.8,1.1,48.6,0.0,0.3,0.0,No_Alert
Bihar,Muzaffarpur,Muzaffarpur,26.2,85.42,2023-12-05,14.9,0.9,53.8,0.0,0.3,0.0,No_Alert
Bihar,Muzaffarpur,Muzaffarpur,26.2,85.42,2023-12-07,15.3,-0.3,52.1,0.0,0.3,0.0,No_Alert
Bihar,Muzaffarpur,Muzaffarpur,26.2,85.42,2023-12-09,14.4,-1.0,53.8,0.0,0.3,0.0,No_Alert
Bihar,Muzaffarpur,Muzaffarpur,26.2,85.42,2023-12-11,15.3,1.2,50.7,0.0,0.3,0.0,No_Alert
Bihar,Muzaffarpur,Muzaffarpur,26.2,85.42,2023-12-13,18.0,4.3,46.0,0.0,0.3,0.0,No_Alert
Bihar,Muzaffarpur,Muzaffarpur,26.2,85.42,2023-12-15,15.5,2.9,46.3,0.0,0.3,0.0,No_Alert
Bihar,Muzaffarpur,Muzaffarpur,26.2,85.42,2023-12-17,14.1,2.2,40.8,0.0,0.3,0.0,No_Alert
Bihar,Muzaffarpur,Muzaffarpur,26.2,85.42,2023-12-19,15.7,1.4,44.2,0.4,0.3,0.0,No_Alert
Bihar,Muzaffarpur,Muzaffarpur,26.2,85.42,2023-12-21,16.2,5.7,52.2,0.0,0.3,0.0,No_Alert
Bihar,Muzaffarpur,Muzaffarpur,26.2,85.42,2023-12-23,15.3,4.9,41.7,0.0,0.3,0.0,No_Alert
Bihar,Muzaffarpur,Muzaffarpur,26.2,85.42,2023-12-25,14.6,0.6,50.0,0.0,0.3,0.0,No_Alert
Bihar,Muzaffarpur,Muzaffarpur,26.2,85.42,2023-12-27,16.7,8.4,48.1,0.5,0.3,0.0,No_Alert
Bihar,Muzaffarpur,Muzaffarpur,26.2,85.42,2023-12-29,16.4,2.4,39.2,0.0,0.3,0.0,No_Alert
Bihar,Muzaffarpur,Muzaffarpur,26.2,85.42,2023-12-31,18.6,4.7,50.1,0.0,0.3,0.0,No_Alert
Gujarat,Rajkot,Rajkot,21.96,70.8,2023-01-01,19.9,8.9,52.6,0.0,0.2,0.0,No_Alert
Gujarat,Rajkot,Rajkot,21.96,70.8,2023-01-03,22.3,7.5,40.8,0.0,0.2,0.0,No_Alert
Gujarat,Rajkot,Rajkot,21.96,70.8,2023-01-05,22.8,7.1,43.2,0.0,0.2,0.0,No_Alert
Gujarat,Rajkot,Rajkot,21.96,70.8,2023-01-07,19.9,6.6,49.2,0.0,0.2,0.0,No_Alert
Gujarat,Rajkot,Rajkot,21.96,70.8,2023-01-09,23.8,9.4,42.5,0.0,0.2,0.0,No_Alert
Gujarat,Rajkot,Rajkot,21.96,70.8,2023-01-11,22.1,10.9,38.4,0.0,0.2,0.0,No_Alert
Gujarat,Rajkot,Rajkot,21.96,70.8,2023-01-13,26.9,11.1,43.7,0.0,0.2,0.0,No_Alert
Gujarat,Rajkot,Rajkot,21.96,70.8,2023-01-15,25.3,8.2,43.8,0.0,0.2,0.0,No_Alert
Gujarat,Rajkot,Rajkot,21.96,70.8,2023-01-17,25.9,11.1,39.2,0.1,0.2,0.0,No_Alert
Gujarat,Rajkot,Rajkot,21.96,70.8,2023-01-19,24.7,10.7,41.6,0.0,0.2,0.0,No_Alert
Gujarat,Rajkot,Rajkot,21.96,70.8,2023-01-21,27.0,11.8,39.9,0.0,0.2,0.0,No_Alert
Gujarat,Rajkot,Rajkot,21.96,70.8,2023-01-23,26.4,9.5,40.8,0.0,0.2,0.0,No_Alert
Gujarat,Rajkot,Rajkot,21.96,70.8,2023-01-25,24.8,14.2,41.3,0.4,0.2,0.0,No_Alert
Gujarat,Rajkot,Rajkot,21.96,70.8,2023-01-27,25.4,12.5,40.2,0.0,0.2,0.0,No_Alert
Gujarat,Rajkot,Rajkot,21.96,70.8,2023-01-29,26.6,14.3,47.4,0.0,0.2,0.0,No_Alert
Gujarat,Rajkot,Rajkot,21.96,70.8,2023-01-31,28.6,12.5,39.0,0.0,0.2,0.0,No_Alert
Gujarat,Rajkot,Rajkot,21.96,70.8,2023-02-02,28.6,14.2,42.9,0.0,0.2,0.0,No_Alert
Gujarat,Rajkot,Rajkot,21.96,70.8,2023-02-04,30.6,14.1,41.6,0.0,0.2,0.0,No_Alert
Gujarat,Rajkot,Rajkot,21.96,70.8,2023-02-06,32.7,15.8,52.9,0.0,0.2,0.0,No_Alert
Gujarat,Rajkot,Rajkot,21.96,70.8,2023-02-08,32.4,17.0,49.3,0.0,0.2,0.0,No_Alert
Gujarat,Rajkot,Rajkot,21.96,70.8,2023-02-10,29.4,17.2,53.2,0.1,0.2,0.0,No_Alert
Gujarat,Rajkot,Rajkot,21.96,70.8,2023-02-12,31.8,18.8,39.8,0.0,0.2,0.0,No_Alert
Gujarat,Rajkot,Rajkot,21.96,70.8,2023-02-14,30.2,21.3,53.4,0.0,0.2,0.0,No_Alert
Gujarat,Rajkot,Rajkot,21.96,70.8,2023-02-16,30.2,17.8,44.9,0.0,0.2,0.0,No_Alert
Gujarat,Rajkot,Rajkot,21.96,70.8,2023-02-18,29.6,16.5,44.3,0.0,0.2,0.0,No_Alert
Gujarat,Rajkot,Rajkot,21.96,70.8,2023-02-20,34.0,22.2,51.4,0.0,0.2,0.0,No_Alert
Gujarat,Rajkot,Rajkot,21.96,70.8,2023-02-22,36.3,22.5,45.8,0.0,0.2,0.0,No_Alert
Gujarat,Rajkot,Rajkot,21.96,70.8,2023-02-24,34.0,19.9,42.2,0.0,0.2,0.0,No_Alert
Gujarat,Rajkot,Rajkot,21.96,70.8,2023-02-26,35.3,22.0,42.7,0.0,0.2,0.0,No_Alert
Gujarat,Rajkot,Rajkot,21.96,70.8,2023-02-28,33.1,20.8,39.1,0.0,0.2,0.0,No_Alert
Gujarat,Rajkot,Rajkot,21.96,70.8,2023-03-02,36.0,21.5,43.7,0.0,0.2,0.0,No_Alert
Gujarat,Rajkot,Rajkot,21.96,70.8,2023-03-04,35.7,22.2,43.2,0.0,0.2,0.0,No_Alert
Gujarat,Rajkot,Rajkot,21.96,70.8,2023-03-06,37.7,20.7,40.6,0.0,0.2,0.0,No_Alert
Gujarat,Rajkot,Rajkot,21.96,70.8,2023-03-08,35.4,23.9,42.6,0.0,0.2,0.0,No_Alert
Gujarat,Rajkot,Rajkot,21.96,70.8,2023-03-10,34.6,21.0,53.2,0.2,0.2,0.0,No_Alert
Gujarat,Rajkot,Rajkot,21.96,70.8,2023-03-12,40.5,25.7,46.4,0.3,0.2,0.0,No_Alert
Gujarat,Rajkot,Rajkot,21.96,70.8,2023-03-14,38.5,27.0,43.2,0.0,0.2,0.0,No_Alert
Gujarat,Rajkot,Rajkot,21.96,70.8,2023-03-16,36.7,26.1,50.3,0.0,0.2,0.0,No_Alert
Gujarat,Rajkot,Rajkot,21.96,70.8,2023-03-18,38.5,26.2,52.3,0.0,0.2,0.0,No_Alert
Gujarat,Rajkot,Rajkot,21.96,70.8,2023-03-20,41.5,27.9,53.2,0.0,0.2,0.0,No_Alert
Gujarat,Rajkot,Rajkot,21.96,70.8,2023-03-22,41.2,27.4,39.7,0.0,0.2,0.0,No_Alert
Gujarat,Rajkot,Rajkot,21.96,70.8,2023-03-24,41.6,27.5,45.7,0.0,0.2,0.0,No_Alert
Gujarat,Rajkot,Rajkot,21.96,70.8,2023-03-26,38.8,25.7,38.7,0.0,0.2,0.0,No_Alert
Gujarat,Rajkot,Rajkot,21.96,70.8,2023-03-28,40.7,29.1,46.5,0.0,0.2,0.0,No_Alert
Gujarat,Rajkot,Rajkot,21.96,70.8,2023-03-30,42.1,30.0,43.2,0.0,0.2,0.0,No_Alert
Gujarat,Rajkot,Rajkot,21.96,70.8,2023-04-01,41.6,28.9,51.7,0.0,0.2,0.0,No_Alert
Gujarat,Rajkot,Rajkot,21.96,70.8,2023-04-03,42.9,26.5,41.0,0.0,0.2,0.0,No_Alert
Gujarat,Rajkot,Rajkot,21.96,70.8,2023-04-05,41.5,29.9,45.9,0.0,0.2,0.0,No_Alert
Gujarat,Rajkot,Rajkot,21.96,70.8,2023-04-07,40.7,28.5,39.3,0.0,0.2,0.0,No_Alert
Gujarat,Rajkot,Rajkot,21.96,70.8,2023-04-09,43.5,31.2,40.1,0.2,0.2,0.0,No_Alert
Gujarat,Rajkot,Rajkot,21.96,70.8,2023-04-11,41.8,28.0,47.4,0.0,0.2,0.0,No_Alert
Gujarat,Rajkot,Rajkot,21.96,70.8,2023-04-13,45.4,30.0,52.6,0.0,0.2,0.0,No_Alert
Gujarat,Rajkot,Rajkot,21.96,70.8,2023-04-15,43.6,27.6,51.2,0.0,0.2,0.0,No_Alert
Gujarat,Rajkot,Rajkot,21.96,70.8,2023-04-17,41.6,27.6,47.0,0.0,0.2,0.0,No_Alert
Gujarat,Rajkot,Rajkot,21.96,70.8,2023-04-19,44.9,32.0,54.2,0.0,0.2,0.0,No_Alert
Gujarat,Rajkot,Rajkot,21.96,70.8,2023-04-21,45.6,30.0,44.1,0.0,0.2,0.0,No_Alert
Gujarat,Rajkot,Rajkot,21.96,70.8,2023-04-23,43.0,32.3,48.8,0.0,0.2,0.0,No_Alert
Gujarat,Rajkot,Rajkot,21.96,70.8,2023-04-25,41.3,32.3,38.3,0.1,0.2,0.0,No_Alert
Gujarat,Rajkot,Rajkot,21.96,70.8,2023-04-27,44.2,30.5,38.8,0.3,0.2,0.0,No_Alert
Gujarat,Rajkot,Rajkot,21.96,70.8,2023-04-29,44.0,31.9,50.3,0.0,0.2,0.0,No_Alert
Gujarat,Rajkot,Rajkot,21.96,70.8,2023-05-01,46.3,32.4,41.1,0.0,0.2,0.0,No_Alert
Gujarat,Rajkot,Rajkot,21.96,70.8,2023-05-03,44.9,33.4,51.0,0.0,0.2,0.0,No_Alert
Gujarat,Rajkot,Rajkot,21.96,70.8,2023-05-05,43.7,30.5,46.2,0.0,0.2,0.0,No_Alert
Gujarat,Rajkot,Rajkot,21.96,70.8,2023-05-07,48.4,34.8,47.4,0.0,0.2,0.0,No_Alert
Gujarat,Rajkot,Rajkot,21.96,70.8,2023-05-09,44.4,30.1,39.4,0.0,0.2,0.0,No_Alert
Gujarat,Rajkot,Rajkot,21.96,70.8,2023-05-11,46.4,31.4,38.3,0.0,0.2,0.0,No_Alert
Gujarat,Rajkot,Rajkot,21.96,70.8,2023-05-13,48.7,31.0,43.5,0.0,0.2,0.0,No_Alert
Gujarat,Rajkot,Rajkot,21.96,70.8,2023-05-15,45.5,33.0,43.9,0.0,0.2,0.0,No_Alert
Gujarat,Rajkot,Rajkot,21.96,70.8,2023-05-17,45.8,30.6,41.5,0.0,0.2,0.0,No_Alert
Gujarat,Rajkot,Rajkot,21.96,70.8,2023-05-19,46.7,29.4,49.0,0.0,0.2,0.0,No_Alert
Gujarat,Rajkot,Rajkot,21.96,70.8,2023-05-21,44.0,30.2,46.3,0.0,0.2,0.0,No_Alert
Gujarat,Rajkot,Rajkot,21.96,70.8,2023-05-23,44.1,29.1,48.4,0.0,0.2,0.0,No_Alert
Gujarat,Rajkot,Rajkot,21.96,70.8,2023-05-25,45.9,33.1,48.3,0.1,0.2,0.0,No_Alert
Gujarat,Rajkot,Rajkot,21.96,70.8,2023-05-27,46.3,29.9,49.6,0.0,0.2,0.0,No_Alert
Gujarat,Rajkot,Rajkot,21.96,70.8,2023-05-29,46.6,31.6,46.3,0.4,0.2,0.0,No_Alert
Gujarat,Rajkot,Rajkot,21.96,70.8,2023-05-31,45.3,28.6,48.4,0.0,0.2,0.0,No_Alert
Gujarat,Rajkot,Rajkot,21.96,70.8,2023-06-02,46.5,32.4,54.4,0.4,1.7,-76.5,No_Alert
Gujarat,Rajkot,Rajkot,21.96,70.8,2023-06-04,45.8,33.7,52.4,1.0,1.9,-47.4,No_Alert
Gujarat,Rajkot,Rajkot,21.96,70.8,2023-06-06,43.5,29.6,67.7,0.0,2.1,-100.0,No_Alert
Gujarat,Rajkot,Rajkot,21.96,70.8,2023-06-08,43.3,31.9,66.7,0.0,2.3,-100.0,No_Alert
Gujarat,Rajkot,Rajkot,21.96,70.8,2023-06-10,44.8,29.6,67.5,1.4,2.5,-44.0,No_Alert
Gujarat,Rajkot,Rajkot,21.96,70.8,2023-06-12,45.4,30.0,57.8,0.0,2.7,-100.0,No_Alert
Gujarat,Rajkot,Rajkot,21.96,70.8,2023-06-14,42.9,31.1,72.2,5.6,2.8,100.0,No_Alert
Gujarat,Rajkot,Rajkot,21.96,70.8,2023-06-16,40.1,29.7,60.9,3.7,3.0,23.3,No_Alert
Gujarat,Rajkot,Rajkot,21.96,70.8,2023-06-18,43.7,32.3,73.1,3.7,3.2,15.6,No_Alert
Gujarat,Rajkot,Rajkot,21.96,70.8,2023-06-20,44.1,31.0,68.7,1.2,3.4,-64.7,No_Alert
Gujarat,Rajkot,Rajkot,21.96,70.8,2023-06-22,42.2,31.0,68.0,3.4,3.5,-2.9,No_Alert
Gujarat,Rajkot,Rajkot,21.96,70.8,2023-06-24,42.4,30.3,73.0,8.1,3.7,118.9,No_Alert
Gujarat,Rajkot,Rajkot,21.96,70.8,2023-06-26,40.1,29.1,80.3,0.0,3.8,-100.0,No_Alert
Gujarat,Rajkot,Rajkot,21.96,70.8,2023-06-28,39.8,27.0,78.2,0.0,4.0,-100.0,No_Alert
Gujarat,Rajkot,Rajkot,21.96,70.8,2023-06-30,39.2,26.8,68.9,0.0,4.1,-100.0,No_Alert
Gujarat,Rajkot,Rajkot,21.96,70.8,2023-07-02,41.7,25.6,76.9,0.0,4.3,-100.0,No_Alert
Gujarat,Rajkot,Rajkot,21.96,70.8,2023-07-04,39.2,25.8,72.8,3.7,4.4,-15.9,No_Alert
Gujarat,Rajkot,Rajkot,21.96,70.8,2023-07-06,39.0,27.3,82.9,0.0,4.5,-100.0,No_Alert
Gujarat,Rajkot,Rajkot,21.96,70.8,2023-07-08,40.0,27.2,80.3,0.0,4.6,-100.0,No_Alert
Gujarat,Rajkot,Rajkot,21.96,70.8,2023-07-10,38.8,24.0,85.8,0.0,4.7,-100.0,No_Alert
Gujarat,Rajkot,Rajkot,21.96,70.8,2023-07-12,39.8,25.6,88.0,5.5,4.8,14.6,No_Alert
Gujarat,Rajkot,Rajkot,21.96,70.8,2023-07-14,40.9,24.9,82.5,4.1,4.9,-16.3,No_Alert
Gujarat,Rajkot,Rajkot,21.96,70.8,2023-07-16,34.6,24.9,82.4,0.0,5.0,-100.0,No_Alert
Gujarat,Rajkot,Rajkot,21.96,70.8,2023-07-18,37.6,24.2,84.4,2.0,5.0,-60.0,No_Alert
Gujarat,Rajkot,Rajkot,21.96,70.8,2023-07-20,35.3,25.4,86.1,0.0,5.1,-100.0,No_Alert
Gujarat,Rajkot,Rajkot,21.96,70.8,2023-07-22,35.7,24.3,90.6,8.4,5.2,61.5,No_Alert
Gujarat,Rajkot,Rajkot,21.96,70.8,2023-07-24,34.7,24.5,90.8,7.7,5.2,48.1,No_Alert
Gujarat,Rajkot,Rajkot,21.96,70.8,2023-07-26,32.2,21.3,81.6,0.0,5.2,-100.0,No_Alert
Gujarat,Rajkot,Rajkot,21.96,70.8,2023-07-28,35.1,23.4,82.2,8.4,5.2,61.5,No_Alert
Gujarat,Rajkot,Rajkot,21.96,70.8,2023-07-30,31.3,20.8,76.8,0.3,5.3,-94.3,No_Alert
Gujarat,Rajkot,Rajkot,21.96,70.8,2023-08-01,37.8,25.1,83.1,0.0,5.3,-100.0,No_Alert
Gujarat,Rajkot,Rajkot,21.96,70.8,2023-08-03,35.4,22.5,79.5,8.3,5.3,56.6,No_Alert
Gujarat,Rajkot,Rajkot,21.96,70.8,2023-08-05,34.3,22.0,84.0,4.9,5.2,-5.8,No_Alert
Gujarat,Rajkot,Rajkot,21.96,70.8,2023-08-07,33.5,17.0,77.9,7.0,5.2,34.6,No_Alert
Gujarat,Rajkot,Rajkot,21.96,70.8,2023-08-09,32.3,19.1,90.5,0.0,5.2,-100.0,No_Alert
Gujarat,Rajkot,Rajkot,21.96,70.8,2023-08-11,34.2,19.8,89.5,0.0,5.1,-100.0,No_Alert
Gujarat,Rajkot,Rajkot,21.96,70.8,2023-08-13,32.1,17.7,87.6,0.0,5.1,-100.0,No_Alert
Gujarat,Rajkot,Rajkot,21.96,70.8,2023-08-15,30.6,21.1,83.8,1.2,5.0,-76.0,No_Alert
Gujarat,Rajkot,Rajkot,21.96,70.8,2023-08-17,30.7,18.5,79.1,3.1,4.9,-36.7,No_Alert
Gujarat,Rajkot,Rajkot,21.96,70.8,2023-08-19,31.1,15.8,73.9,0.0,4.9,-100.0,No_Alert
Gujarat,Rajkot,Rajkot,21.96,70.8,2023-08-21,28.5,19.7,76.7,0.0,4.8,-100.0,No_Alert
Gujarat,Rajkot,Rajkot,21.96,70.8,2023-08-23,28.6,17.4,74.3,0.0,4.7,-100.0,No_Alert
Gujarat,Rajkot,Rajkot,21.96,70.8,2023-08-25,28.3,17.8,74.1,0.0,4.6,-100.0,No_Alert
Gujarat,Rajkot,Rajkot,21.96,70.8,2023-08-27,30.8,15.1,80.1,3.2,4.4,-27.3,No_Alert
Gujarat,Rajkot,Rajkot,21.96,70.8,2023-08-29,27.4,12.2,73.8,0.0,4.3,-100.0,No_Alert
Gujarat,Rajkot,Rajkot,21.96,70.8,2023-08-31,27.9,12.4,74.5,3.2,4.2,-23.8,No_Alert
Gujarat,Rajkot,Rajkot,21.96,70.8,2023-09-02,24.5,11.4,73.9,1.4,4.0,-65.0,No_Alert
Gujarat,Rajkot,Rajkot,21.96,70.8,2023-09-04,28.9,16.1,71.9,0.0,3.9,-100.0,No_Alert
Gujarat,Rajkot,Rajkot,21.96,70.8,2023-09-06,23.3,11.5,72.9,0.0,3.8,-100.0,No_Alert
Gujarat,Rajkot,Rajkot,21.96,70.8,2023-09-08,22.5,9.6,70.4,0.0,3.6,-100.0,No_Alert
Gujarat,Rajkot,Rajkot,21.96,70.8,2023-09-10,25.8,14.7,74.4,5.0,3.4,47.1,No_Alert
Gujarat,Rajkot,Rajkot,21.96,70.8,2023-09-12,24.8,13.0,63.2,0.0,3.3,-100.0,No_Alert
Gujarat,Rajkot,Rajkot,21.96,70.8,2023-09-14,26.8,12.5,59.8,0.0,3.1,-100.0,No_Alert
Gujarat,Rajkot,Rajkot,21.96,70.8,2023-09-16,22.4,12.3,61.8,0.0,2.9,-100.0,No_Alert
Gujarat,Rajkot,Rajkot,21.96,70.8,2023-09-18,25.0,9.1,73.0,1.4,2.8,-50.0,No_Alert
Gujarat,Rajkot,Rajkot,21.96,70.8,2023-09-20,21.3,9.7,56.3,5.1,2.6,96.2,No_Alert
Gujarat,Rajkot,Rajkot,21.96,70.8,2023-09-22,23.4,9.8,68.8,0.0,2.4,-100.0,No_Alert
Gujarat,Rajkot,Rajkot,21.96,70.8,2023-09-24,23.4,10.7,57.8,4.2,2.2,90.9,No_Alert
Gujarat,Rajkot,Rajkot,21.96,70.8,2023-09-26,23.7,8.7,59.2,0.0,2.0,-100.0,No_Alert
Gujarat,Rajkot,Rajkot,21.96,70.8,2023-09-28,18.4,5.7,59.4,1.6,1.8,-11.1,No_Alert
Gujarat,Rajkot,Rajkot,21.96,70.8,2023-09-30,23.3,8.7,64.8,3.5,1.6,118.7,No_Alert
Gujarat,Rajkot,Rajkot,21.96,70.8,2023-10-02,23.9,6.9,47.3,0.3,0.2,0.0,No_Alert
Gujarat,Rajkot,Rajkot,21.96,70.8,2023-10-04,20.4,8.0,50.7,0.0,0.2,0.0,No_Alert
Gujarat,Rajkot,Rajkot,21.96,70.8,2023-10-06,17.6,4.6,45.9,0.0,0.2,0.0,No_Alert
Gujarat,Rajkot,Rajkot,21.96,70.8,2023-10-08,21.1,8.9,43.4,0.0,0.2,0.0,No_Alert
Gujarat,Rajkot,Rajkot,21.96,70.8,2023-10-10,20.4,8.4,48.5,0.0,0.2,0.0,No_Alert
Gujarat,Rajkot,Rajkot,21.96,70.8,2023-10-12,19.7,6.2,44.1,0.0,0.2,0.0,No_Alert
Gujarat,Rajkot,Rajkot,21.96,70.8,2023-10-14,18.1,8.0,39.4,0.2,0.2,0.0,No_Alert
Gujarat,Rajkot,Rajkot,21.96,70.8,2023-10-16,19.2,6.9,42.2,0.0,0.2,0.0,No_Alert
Gujarat,Rajkot,Rajkot,21.96,70.8,2023-10-18,15.3,5.2,43.4,0.0,0.2,0.0,No_Alert
Gujarat,Rajkot,Rajkot,21.96,70.8,2023-10-20,19.8,6.4,49.3,0.0,0.2,0.0,No_Alert
Gujarat,Rajkot,Rajkot,21.96,70.8,2023-10-22,21.0,4.5,48.0,0.0,0.2,0.0,No_Alert
Gujarat,Rajkot,Rajkot,21.96,70.8,2023-10-24,15.8,2.9,44.5,0.0,0.2,0.0,No_Alert
Gujarat,Rajkot,Rajkot,21.96,70.8,2023-10-26,18.5,4.0,53.9,0.0,0.2,0.0,No_Alert
Gujarat,Rajkot,Rajkot,21.96,70.8,2023-10-28,17.3,4.9,51.7,0.0,0.2,0.0,No_Alert
Gujarat,Rajkot,Rajkot,21.96,70.8,2023-10-30,19.8,4.8,39.3,0.0,0.2,0.0,No_Alert
Gujarat,Rajkot,Rajkot,21.96,70.8,2023-11-01,18.7,3.9,44.8,0.0,0.2,0.0,No_Alert
Gujarat,Rajkot,Rajkot,21.96,70.8,2023-11-03,19.6,3.8,41.6,0.0,0.2,0.0,No_Alert
Gujarat,Rajkot,Rajkot,21.96,70.8,2023-11-05,18.2,7.4,44.7,0.0,0.2,0.0,No_Alert
Gujarat,Rajkot,Rajkot,21.96,70.8,2023-11-07,19.2,6.1,39.3,0.0,0.2,0.0,No_Alert
Gujarat,Rajkot,Rajkot,21.96,70.8,2023-11-09,19.5,3.2,50.9,0.4,0.2,0.0,No_Alert
Gujarat,Rajkot,Rajkot,21.96,70.8,2023-11-11,18.8,3.6,49.2,0.2,0.2,0.0,No_Alert
Gujarat,Rajkot,Rajkot,21.96,70.8,2023-11-13,15.1,2.9,47.9,0.0,0.2,0.0,No_Alert
Gujarat,Rajkot,Rajkot,21.96,70.8,2023-11-15,16.2,2.1,38.2,0.0,0.2,0.0,No_Alert
Gujarat,Rajkot,Rajkot,21.96,70.8,2023-11-17,14.2,5.5,47.9,0.3,0.2,0.0,No_Alert
Gujarat,Rajkot,Rajkot,21.96,70.8,2023-11-19,18.2,4.8,43.8,0.0,0.2,0.0,No_Alert
Gujarat,Rajkot,Rajkot,21.96,70.8,2023-11-21,18.5,3.1,50.3,0.0,0.2,0.0,No_Alert
Gujarat,Rajkot,Rajkot,21.96,70.8,2023-11-23,19.3,3.7,50.8,0.4,0.2,0.0,No_Alert
Gujarat,Rajkot,Rajkot,21.96,70.8,2023-11-25,15.8,2.9,40.9,0.0,0.2,0.0,No_Alert
Gujarat,Rajkot,Rajkot,21.96,70.8,2023-11-27,18.2,6.4,49.9,0.0,0.2,0.0,No_Alert
Gujarat,Rajkot,Rajkot,21.96,70.8,2023-11-29,18.3,6.5,42.7,0.0,0.2,0.0,No_Alert
Gujarat,Rajkot,Rajkot,21.96,70.8,2023-12-01,20.4,5.0,44.3,0.0,0.2,0.0,No_Alert
Gujarat,Rajkot,Rajkot,21.96,70.8,2023-12-03,16.2,2.2,53.8,0.0,0.2,0.0,No_Alert
Gujarat,Rajkot,Rajkot,21.96,70.8,2023-12-05,19.7,8.2,49.4,0.3,0.2,0.0,No_Alert
Gujarat,Rajkot,Rajkot,21.96,70.8,2023-12-07,19.7,6.8,50.3,0.2,0.2,0.0,No_Alert
Gujarat,Rajkot,Rajkot,21.96,70.8,2023-12-09,19.5,4.3,39.6,0.0,0.2,0.0,No_Alert
Gujarat,Rajkot,Rajkot,21.96,70.8,2023-12-11,19.4,7.0,42.9,0.0,0.2,0.0,No_Alert
Gujarat,Rajkot,Rajkot,21.96,70.8,2023-12-13,15.5,1.9,42.0,0.0,0.2,0.0,No_Alert
Gujarat,Rajkot,Rajkot,21.96,70.8,2023-12-15,17.9,8.0,40.4,0.0,0.2,0.0,No_Alert
Gujarat,Rajkot,Rajkot,21.96,70.8,2023-12-17,19.7,5.4,38.4,0.0,0.2,0.0,No_Alert
Gujarat,Rajkot,Rajkot,21.96,70.8,2023-12-19,20.7,4.7,41.5,0.0,0.2,0.0,No_Alert
Gujarat,Rajkot,Rajkot,21.96,70.8,2023-12-21,19.4,5.7,52.5,0.0,0.2,0.0,No_Alert
Gujarat,Rajkot,Rajkot,21.96,70.8,2023-12-23,21.0,5.4,53.5,0.0,0.2,0.0,No_Alert
Gujarat,Rajkot,Rajkot,21.96,70.8,2023-12-25,20.3,8.6,49.2,0.0,0.2,0.0,No_Alert
Gujarat,Rajkot,Rajkot,21.96,70.8,2023-12-27,20.1,7.0,49.2,0.0,0.2,0.0,No_Alert
Gujarat,Rajkot,Rajkot,21.96,70.8,2023-12-29,21.9,6.4,42.5,0.0,0.2,0.0,No_Alert
Gujarat,Rajkot,Rajkot,21.96,70.8,2023-12-31,23.5,11.9,47.6,0.0,0.2,0.0,No_Alert
Gujarat,Anand,Anand,22.47,72.79,2023-01-01,18.5,7.5,44.3,0.3,0.2,0.0,No_Alert
Gujarat,Anand,Anand,22.47,72.79,2023-01-03,22.3,8.2,47.7,0.0,0.2,0.0,No_Alert
Gujarat,Anand,Anand,22.47,72.79,2023-01-05,23.9,9.7,43.3,0.0,0.2,0.0,No_Alert
Gujarat,Anand,Anand,22.47,72.79,2023-01-07,20.8,7.0,47.2,0.0,0.2,0.0,No_Alert
Gujarat,Anand,Anand,22.47,72.79,2023-01-09,21.6,11.1,51.9,0.0,0.2,0.0,No_Alert
Gujarat,Anand,Anand,22.47,72.79,2023-01-11,19.5,8.7,41.0,0.0,0.2,0.0,No_Alert
Gujarat,Anand,Anand,22.47,72.79,2023-01-13,24.0,10.3,48.8,0.0,0.2,0.0,No_Alert
Gujarat,Anand,Anand,22.47,72.79,2023-01-15,20.3,8.8,40.7,0.0,0.2,0.0,No_Alert
Gujarat,Anand,Anand,22.47,72.79,2023-01-17,22.0,9.7,39.7,0.0,0.2,0.0,No_Alert
Gujarat,Anand,Anand,22.47,72.79,2023-01-19,26.2,11.1,43.8,0.0,0.2,0.0,No_Alert
Gujarat,Anand,Anand,22.47,72.79,2023-01-21,22.5,11.9,50.1,0.0,0.2,0.0,No_Alert
Gujarat,Anand,Anand,22.47,72.79,2023-01-23,25.0,15.5,49.0,0.0,0.2,0.0,No_Alert
Gujarat,Anand,Anand,22.47,72.79,2023-01-25,28.1,13.9,43.0,0.0,0.2,0.0,No_Alert
Gujarat,Anand,Anand,22.47,72.79,2023-01-27,27.5,15.0,48.4,0.3,0.2,0.0,No_Alert
Gujarat,Anand,Anand,22.47,72.79,2023-01-29,28.9,15.9,52.3,0.0,0.2,0.0,No_Alert
Gujarat,Anand,Anand,22.47,72.79,2023-01-31,29.2,14.5,41.3,0.0,0.2,0.0,No_Alert
Gujarat,Anand,Anand,22.47,72.79,2023-02-02,29.8,14.1,38.7,0.0,0.2,0.0,No_Alert
Gujarat,Anand,Anand,22.47,72.79,2023-02-04,27.1,16.0,44.1,0.0,0.2,0.0,No_Alert
Gujarat,Anand,Anand,22.47,72.79,2023-02-06,30.6,16.4,39.5,0.0,0.2,0.0,No_Alert
Gujarat,Anand,Anand,22.47,72.79,2023-02-08,30.7,15.6,52.5,0.0,0.2,0.0,No_Alert
Gujarat,Anand,Anand,22.47,72.79,2023-02-10,29.3,17.1,54.0,0.0,0.2,0.0,No_Alert
Gujarat,Anand,Anand,22.47,72.79,2023-02-12,29.4,14.7,48.7,0.0,0.2,0.0,No_Alert
Gujarat,Anand,Anand,22.47,72.79,2023-02-14,29.2,18.4,42.2,0.0,0.2,0.0,No_Alert
Gujarat,Anand,Anand,22.47,72.79,2023-02-16,30.6,20.6,45.6,0.3,0.2,0.0,No_Alert
Gujarat,Anand,Anand,22.47,72.79,2023-02-18,28.7,15.6,49.7,0.0,0.2,0.0,No_Alert
Gujarat,Anand,Anand,22.47,72.79,2023-02-20,31.9,17.9,51.0,0.0,0.2,0.0,No_Alert
Gujarat,Anand,Anand,22.47,72.79,2023-02-22,35.2,19.0,38.8,0.3,0.2,0.0,No_Alert
Gujarat,Anand,Anand,22.47,72.79,2023-02-24,34.5,18.5,41.8,0.2,0.2,0.0,No_Alert
Gujarat,Anand,Anand,22.47,72.79,2023-02-26,34.4,21.9,48.5,0.0,0.2,0.0,No_Alert
Gujarat,Anand,Anand,22.47,72.79,2023-02-28,35.8,20.3,49.1,0.0,0.2,0.0,No_Alert
Gujarat,Anand,Anand,22.47,72.79,2023-03-02,35.5,22.0,50.3,0.0,0.2,0.0,No_Alert
Gujarat,Anand,Anand,22.47,72.79,2023-03-04,33.8,20.5,49.5,0.0,0.2,0.0,No_Alert
Gujarat,Anand,Anand,22.47,72.79,2023-03-06,35.9,22.7,38.8,0.3,0.2,0.0,No_Alert
Gujarat,Anand,Anand,22.47,72.79,2023-03-08,33.2,21.8,51.0,0.0,0.2,0.0,No_Alert
Gujarat,Anand,Anand,22.47,72.79,2023-03-10,38.0,23.0,47.8,0.0,0.2,0.0,No_Alert
Gujarat,Anand,Anand,22.47,72.79,2023-03-12,35.7,23.3,51.6,0.0,0.2,0.0,No_Alert
Gujarat,Anand,Anand,22.47,72.79,2023-03-14,39.1,23.4,46.9,0.1,0.2,0.0,No_Alert
Gujarat,Anand,Anand,22.47,72.79,2023-03-16,38.6,25.7,46.8,0.0,0.2,0.0,No_Alert
Gujarat,Anand,Anand,22.47,72.79,2023-03-18,38.6,27.7,39.5,0.0,0.2,0.0,No_Alert
Gujarat,Anand,Anand,22.47,72.79,2023-03-20,41.7,25.8,49.6,0.0,0.2,0.0,No_Alert
Gujarat,Anand,Anand,22.47,72.79,2023-03-22,41.6,27.8,46.4,0.0,0.2,0.0,No_Alert
Gujarat,Anand,Anand,22.47,72.79,2023-03-24,38.5,25.2,50.8,0.0,0.2,0.0,No_Alert
Gujarat,Anand,Anand,22.47,72.79,2023-03-26,40.6,27.3,46.5,0.0,0.2,0.0,No_Alert
Gujarat,Anand,Anand,22.47,72.79,2023-03-28,38.7,27.4,43.5,0.0,0.2,0.0,No_Alert
Gujarat,Anand,Anand,22.47,72.79,2023-03-30,41.2,29.0,49.4,0.0,0.2,0.0,No_Alert
Gujarat,Anand,Anand,22.47,72.79,2023-04-01,40.8,29.4,47.3,0.0,0.2,0.0,No_Alert
Gujarat,Anand,Anand,22.47,72.79,2023-04-03,38.0,25.7,39.0,0.0,0.2,0.0,No_Alert
Gujarat,Anand,Anand,22.47,72.79,2023-04-05,44.5,26.7,46.9,0.0,0.2,0.0,No_Alert
Gujarat,Anand,Anand,22.47,72.79,2023-04-07,42.9,32.8,40.4,0.2,0.2,0.0,No_Alert
Gujarat,Anand,Anand,22.47,72.79,2023-04-09,41.8,29.1,41.8,0.0,0.2,0.0,No_Alert
Gujarat,Anand,Anand,22.47,72.79,2023-04-11,43.6,26.0,42.4,0.0,0.2,0.0,No_Alert
Gujarat,Anand,Anand,22.47,72.79,2023-04-13,42.3,29.2,45.0,0.0,0.2,0.0,No_Alert
Gujarat,Anand,Anand,22.47,72.79,2023-04-15,41.0,28.7,42.4,0.0,0.2,0.0,No_Alert
Gujarat,Anand,Anand,22.47,72.79,2023-04-17,46.5,30.5,45.2,0.0,0.2,0.0,No_Alert
Gujarat,Anand,Anand,22.47,72.79,2023-04-19,42.9,31.4,47.4,0.0,0.2,0.0,No_Alert
Gujarat,Anand,Anand,22.47,72.79,2023-04-21,42.0,29.1,47.3,0.0,0.2,0.0,No_Alert
Gujarat,Anand,Anand,22.47,72.79,2023-04-23,46.8,32.8,52.3,0.0,0.2,0.0,No_Alert
Gujarat,Anand,Anand,22.47,72.79,2023-04-25,44.6,30.6,43.8,0.0,0.2,0.0,No_Alert
Gujarat,Anand,Anand,22.47,72.79,2023-04-27,46.2,30.7,40.3,0.0,0.2,0.0,No_Alert
Gujarat,Anand,Anand,22.47,72.79,2023-04-29,43.3,33.2,39.6,0.0,0.2,0.0,No_Alert
Gujarat,Anand,Anand,22.47,72.79,2023-05-01,47.7,32.3,51.0,0.2,0.2,0.0,No_Alert
Gujarat,Anand,Anand,22.47,72.79,2023-05-03,45.5,35.2,42.5,0.4,0.2,0.0,No_Alert
Gujarat,Anand,Anand,22.47,72.79,2023-05-05,45.7,33.1,53.8,0.2,0.2,0.0,No_Alert
Gujarat,Anand,Anand,22.47,72.79,2023-05-07,47.2,30.7,51.6,0.4,0.2,0.0,No_Alert
Gujarat,Anand,Anand,22.47,72.79,2023-05-09,44.9,31.8,43.0,0.0,0.2,0.0,No_Alert
Gujarat,Anand,Anand,22.47,72.79,2023-05-11,45.4,33.7,53.6,0.0,0.2,0.0,No_Alert
Gujarat,Anand,Anand,22.47,72.79,2023-05-13,45.9,29.9,50.6,0.2,0.2,0.0,No_Alert
Gujarat,Anand,Anand,22.47,72.79,2023-05-15,43.3,31.2,51.2,0.0,0.2,0.0,No_Alert
Gujarat,Anand,Anand,22.47,72.79,2023-05-17,44.3,33.0,42.2,0.0,0.2,0.0,No_Alert
Gujarat,Anand,Anand,22.47,72.79,2023-05-19,47.0,34.8,47.7,0.2,0.2,0.0,No_Alert
Gujarat,Anand,Anand,22.47,72.79,2023-05-21,45.2,31.2,46.2,0.0,0.2,0.0,No_Alert
Gujarat,Anand,Anand,22.47,72.79,2023-05-23,45.2,30.0,52.8,0.0,0.2,0.0,No_Alert
Gujarat,Anand,Anand,22.47,72.79,2023-05-25,42.2,30.8,49.2,0.0,0.2,0.0,No_Alert
Gujarat,Anand,Anand,22.47,72.79,2023-05-27,46.5,29.6,48.5,0.0,0.2,0.0,No_Alert
Gujarat,Anand,Anand,22.47,72.79,2023-05-29,45.9,31.5,48.9,0.0,0.2,0.0,No_Alert
Gujarat,Anand,Anand,22.47,72.79,2023-05-31,41.4,32.2,47.1,0.0,0.2,0.0,No_Alert
Gujarat,Anand,Anand,22.47,72.79,2023-06-02,45.6,30.2,59.0,3.2,2.3,39.1,No_Alert
Gujarat,Anand,Anand,22.47,72.79,2023-06-04,44.9,33.5,51.4,0.0,2.6,-100.0,No_Alert
Gujarat,Anand,Anand,22.47,72.79,2023-06-06,45.6,30.8,57.3,0.0,2.8,-100.0,No_Alert
Gujarat,Anand,Anand,22.47,72.79,2023-06-08,46.2,31.8,61.7,6.3,3.1,103.2,No_Alert
Gujarat,Anand,Anand,22.47,72.79,2023-06-10,45.1,32.7,70.0,0.0,3.3,-100.0,No_Alert
Gujarat,Anand,Anand,22.47,72.79,2023-06-12,41.4,30.5,59.1,1.0,3.6,-72.2,No_Alert
Gujarat,Anand,Anand,22.47,72.79,2023-06-14,42.0,32.8,60.3,0.0,3.8,-100.0,No_Alert
Gujarat,Anand,Anand,22.47,72.79,2023-06-16,42.2,31.1,64.9,0.0,4.0,-100.0,No_Alert
Gujarat,Anand,Anand,22.47,72.79,2023-06-18,40.5,31.6,74.2,0.0,4.3,-100.0,No_Alert
Gujarat,Anand,Anand,22.47,72.79,2023-06-20,42.1,30.3,63.9,0.0,4.5,-100.0,No_Alert
Gujarat,Anand,Anand,22.47,72.79,2023-06-22,40.9,30.3,70.1,0.0,4.7,-100.0,No_Alert
Gujarat,Anand,Anand,22.47,72.79,2023-06-24,45.1,28.0,67.9,0.0,4.9,-100.0,No_Alert
Gujarat,Anand,Anand,22.47,72.79,2023-06-26,40.7,31.4,78.8,0.0,5.1,-100.0,No_Alert
Gujarat,Anand,Anand,22.47,72.79,2023-06-28,40.1,26.7,70.9,10.6,5.3,100.0,No_Alert
Gujarat,Anand,Anand,22.47,72.79,2023-06-30,38.8,25.6,80.6,0.0,5.5,-100.0,No_Alert
Gujarat,Anand,Anand,22.47,72.79,2023-07-02,41.9,28.6,81.2,0.0,5.7,-100.0,No_Alert
Gujarat,Anand,Anand,22.47,72.79,2023-07-04,43.1,29.3,78.4,1.7,5.8,-70.7,No_Alert
Gujarat,Anand,Anand,22.47,72.79,2023-07-06,39.3,24.1,80.4,10.3,6.0,71.7,No_Alert
Gujarat,Anand,Anand,22.47,72.79,2023-07-08,41.7,25.6,76.5,13.1,6.1,114.8,No_Alert
Gujarat,Anand,Anand,22.47,72.79,2023-07-10,41.7,25.5,72.2,8.1,6.3,28.6,No_Alert
Gujarat,Anand,Anand,22.47,72.79,2023-07-12,37.2,25.8,78.1,0.0,6.4,-100.0,No_Alert
Gujarat,Anand,Anand,22.47,72.79,2023-07-14,39.4,24.0,81.6,0.0,6.5,-100.0,No_Alert
Gujarat,Anand,Anand,22.47,72.79,2023-07-16,36.6,27.3,86.7,1.0,6.6,-84.8,No_Alert
Gujarat,Anand,Anand,22.47,72.79,2023-07-18,36.4,24.9,79.0,0.0,6.7,-100.0,No_Alert
Gujarat,Anand,Anand,22.47,72.79,2023-07-20,37.5,21.3,83.3,6.3,6.8,-7.4,No_Alert
Gujarat,Anand,Anand,22.47,72.79,2023-07-22,37.9,24.5,86.2,0.0,6.9,-100.0,No_Alert
Gujarat,Anand,Anand,22.47,72.79,2023-07-24,35.0,22.7,79.2,1.4,6.9,-79.7,No_Alert
Gujarat,Anand,Anand,22.47,72.79,2023-07-26,32.5,23.5,81.6,10.7,7.0,52.9,No_Alert
Gujarat,Anand,Anand,22.47,72.79,2023-07-28,35.7,25.9,89.4,0.0,7.0,-100.0,No_Alert
Gujarat,Anand,Anand,22.47,72.79,2023-07-30,32.9,21.9,82.0,0.0,7.0,-100.0,No_Alert
Gujarat,Anand,Anand,22.47,72.79,2023-08-01,32.1,19.3,76.0,8.1,7.0,15.7,No_Alert
Gujarat,Anand,Anand,22.47,72.79,2023-08-03,33.5,18.9,81.5,4.8,7.0,-31.4,No_Alert
Gujarat,Anand,Anand,22.47,72.79,2023-08-05,32.4,21.8,87.5,0.0,7.0,-100.0,No_Alert
Gujarat,Anand,Anand,22.47,72.79,2023-08-07,34.3,18.2,80.9,2.0,6.9,-71.0,No_Alert
Gujarat,Anand,Anand,22.47,72.79,2023-08-09,34.0,19.8,85.7,0.0,6.9,-100.0,No_Alert
Gujarat,Anand,Anand,22.47,72.79,2023-08-11,29.1,18.8,88.1,0.0,6.8,-100.0,No_Alert
Gujarat,Anand,Anand,22.47,72.79,2023-08-13,32.3,19.1,81.4,3.3,6.8,-51.5,No_Alert
Gujarat,Anand,Anand,22.47,72.79,2023-08-15,29.2,18.2,84.9,1.7,6.7,-74.6,No_Alert
Gujarat,Anand,Anand,22.47,72.79,2023-08-17,26.9,17.4,74.9,6.4,6.6,-3.0,No_Alert
Gujarat,Anand,Anand,22.47,72.79,2023-08-19,26.7,17.9,75.1,5.0,6.5,-23.1,No_Alert
Gujarat,Anand,Anand,22.47,72.79,2023-08-21,31.7,15.4,73.0,0.0,6.3,-100.0,No_Alert
Gujarat,Anand,Anand,22.47,72.79,2023-08-23,30.4,17.7,72.8,0.0,6.2,-100.0,No_Alert
Gujarat,Anand,Anand,22.47,72.79,2023-08-25,29.6,13.2,77.1,10.1,6.1,65.6,No_Alert
Gujarat,Anand,Anand,22.47,72.79,2023-08-27,27.4,12.4,82.5,0.0,5.9,-100.0,No_Alert
Gujarat,Anand,Anand,22.47,72.79,2023-08-29,27.0,13.6,72.2,0.0,5.8,-100.0,No_Alert
Gujarat,Anand,Anand,22.47,72.79,2023-08-31,27.2,14.1,74.8,0.0,5.6,-100.0,No_Alert
Gujarat,Anand,Anand,22.47,72.79,2023-09-02,26.0,13.9,80.0,3.0,5.4,-44.4,No_Alert
Gujarat,Anand,Anand,22.47,72.79,2023-09-04,26.3,12.4,72.4,1.8,5.2,-65.4,No_Alert
Gujarat,Anand,Anand,22.47,72.79,2023-09-06,23.1,12.2,67.2,2.2,5.0,-56.0,No_Alert
Gujarat,Anand,Anand,22.47,72.79,2023-09-08,27.1,12.3,65.9,2.8,4.8,-41.7,No_Alert
Gujarat,Anand,Anand,22.47,72.79,2023-09-10,24.6,10.5,69.3,1.2,4.6,-73.9,No_Alert
Gujarat,Anand,Anand,22.47,72.79,2023-09-12,26.7,14.1,66.8,3.7,4.4,-15.9,No_Alert
Gujarat,Anand,Anand,22.47,72.79,2023-09-14,26.4,12.8,59.9,0.0,4.1,-100.0,No_Alert
Gujarat,Anand,Anand,22.47,72.79,2023-09-16,25.4,13.1,69.0,2.3,3.9,-41.0,No_Alert
Gujarat,Anand,Anand,22.47,72.79,2023-09-18,23.8,12.0,70.9,0.0,3.7,-100.0,No_Alert
Gujarat,Anand,Anand,22.47,72.79,2023-09-20,25.3,10.1,59.0,0.0,3.4,-100.0,No_Alert
Gujarat,Anand,Anand,22.47,72.79,2023-09-22,21.0,10.8,64.7,5.0,3.2,56.2,No_Alert
Gujarat,Anand,Anand,22.47,72.79,2023-09-24,19.6,9.2,54.3,5.1,2.9,75.9,No_Alert
Gujarat,Anand,Anand,22.47,72.79,2023-09-26,23.9,9.7,64.8,4.7,2.7,74.1,No_Alert
Gujarat,Anand,Anand,22.47,72.79,2023-09-28,17.4,6.6,53.5,0.0,2.4,-100.0,No_Alert
Gujarat,Anand,Anand,22.47,72.79,2023-09-30,21.3,7.8,49.9,2.7,2.2,22.7,No_Alert
Gujarat,Anand,Anand,22.47,72.79,2023-10-02,19.9,9.0,42.8,0.0,0.2,0.0,No_Alert
Gujarat,Anand,Anand,22.47,72.79,2023-10-04,21.4,6.5,44.0,0.0,0.2,0.0,No_Alert
Gujarat,Anand,Anand,22.47,72.79,2023-10-06,19.7,8.3,45.8,0.0,0.2,0.0,No_Alert
Gujarat,Anand,Anand,22.47,72.79,2023-10-08,18.6,6.5,44.4,0.0,0.2,0.0,No_Alert
Gujarat,Anand,Anand,22.47,72.79,2023-10-10,16.0,4.1,43.3,0.0,0.2,0.0,No_Alert
Gujarat,Anand,Anand,22.47,72.79,2023-10-12,17.2,4.0,48.9,0.0,0.2,0.0,No_Alert
Gujarat,Anand,Anand,22.47,72.79,2023-10-14,19.4,4.6,38.7,0.0,0.2,0.0,No_Alert
Gujarat,Anand,Anand,22.47,72.79,2023-10-16,21.4,8.8,42.5,0.0,0.2,0.0,No_Alert
Gujarat,Anand,Anand,22.47,72.79,2023-10-18,19.4,5.5,41.5,0.0,0.2,0.0,No_Alert
Gujarat,Anand,Anand,22.47,72.79,2023-10-20,20.3,6.4,45.9,0.0,0.2,0.0,No_Alert
Gujarat,Anand,Anand,22.47,72.79,2023-10-22,16.2,2.7,50.4,0.3,0.2,0.0,No_Alert
Gujarat,Anand,Anand,22.47,72.79,2023-10-24,19.0,2.0,47.4,0.0,0.2,0.0,No_Alert
Gujarat,Anand,Anand,22.47,72.79,2023-10-26,17.7,2.7,39.7,0.0,0.2,0.0,No_Alert
Gujarat,Anand,Anand,22.47,72.79,2023-10-28,17.2,5.7,50.0,0.0,0.2,0.0,No_Alert
Gujarat,Anand,Anand,22.47,72.79,2023-10-30,16.4,5.7,45.1,0.0,0.2,0.0,No_Alert
Gujarat,Anand,Anand,22.47,72.79,2023-11-01,20.6,3.2,42.9,0.2,0.2,0.0,No_Alert
Gujarat,Anand,Anand,22.47,72.79,2023-11-03,17.3,3.7,48.4,0.0,0.2,0.0,No_Alert
Gujarat,Anand,Anand,22.47,72.79,2023-11-05,16.6,2.6,47.5,0.0,0.2,0.0,No_Alert
Gujarat,Anand,Anand,22.47,72.79,2023-11-07,18.2,6.1,38.5,0.0,0.2,0.0,No_Alert
Gujarat,Anand,Anand,22.47,72.79,2023-11-09,14.6,1.9,41.2,0.0,0.2,0.0,No_Alert
Gujarat,Anand,Anand,22.47,72.79,2023-11-11,16.8,4.6,40.5,0.0,0.2,0.0,No_Alert
Gujarat,Anand,Anand,22.47,72.79,2023-11-13,18.0,5.2,45.4,0.0,0.2,0.0,No_Alert
Gujarat,Anand,Anand,22.47,72.79,2023-11-15,14.4,4.1,53.8,0.0,0.2,0.0,No_Alert
Gujarat,Anand,Anand,22.47,72.79,2023-11-17,18.3,2.0,52.8,0.0,0.2,0.0,No_Alert
Gujarat,Anand,Anand,22.47,72.79,2023-11-19,18.1,2.4,53.7,0.0,0.2,0.0,No_Alert
Gujarat,Anand,Anand,22.47,72.79,2023-11-21,18.7,0.9,52.7,0.0,0.2,0.0,No_Alert
Gujarat,Anand,Anand,22.47,72.79,2023-11-23,19.3,5.6,50.0,0.1,0.2,0.0,No_Alert
Gujarat,Anand,Anand,22.47,72.79,2023-11-25,16.7,3.5,46.0,0.0,0.2,0.0,No_Alert
Gujarat,Anand,Anand,22.47,72.79,2023-11-27,15.5,1.8,42.4,0.0,0.2,0.0,No_Alert
Gujarat,Anand,Anand,22.47,72.79,2023-11-29,18.4,3.9,42.0,0.0,0.2,0.0,No_Alert
Gujarat,Anand,Anand,22.47,72.79,2023-12-01,14.5,5.7,40.2,0.0,0.2,0.0,No_Alert
Gujarat,Anand,Anand,22.47,72.79,2023-12-03,14.3,5.1,52.4,0.0,0.2,0.0,No_Alert
Gujarat,Anand,Anand,22.47,72.79,2023-12-05,18.2,6.5,50.7,0.0,0.2,0.0,No_Alert
Gujarat,Anand,Anand,22.47,72.79,2023-12-07,18.6,4.8,43.8,0.0,0.2,0.0,No_Alert
Gujarat,Anand,Anand,22.47,72.79,2023-12-09,18.2,6.1,50.0,0.0,0.2,0.0,No_Alert
Gujarat,Anand,Anand,22.47,72.79,2023-12-11,20.4,3.6,50.8,0.0,0.2,0.0,No_Alert
Gujarat,Anand,Anand,22.47,72.79,2023-12-13,15.4,5.3,47.4,0.2,0.2,0.0,No_Alert
Gujarat,Anand,Anand,22.47,72.79,2023-12-15,16.1,3.8,46.0,0.0,0.2,0.0,No_Alert
Gujarat,Anand,Anand,22.47,72.79,2023-12-17,16.9,5.2,47.4,0.2,0.2,0.0,No_Alert
Gujarat,Anand,Anand,22.47,72.79,2023-12-19,18.0,4.6,48.5,0.0,0.2,0.0,No_Alert
Gujarat,Anand,Anand,22.47,72.79,2023-12-21,19.6,3.7,39.3,0.0,0.2,0.0,No_Alert
Gujarat,Anand,Anand,22.47,72.79,2023-12-23,20.2,5.1,47.3,0.0,0.2,0.0,No_Alert
Gujarat,Anand,Anand,22.47,72.79,2023-12-25,20.6,8.7,46.6,0.2,0.2,0.0,No_Alert
Gujarat,Anand,Anand,22.47,72.79,2023-12-27,22.1,5.0,48.4,0.0,0.2,0.0,No_Alert
Gujarat,Anand,Anand,22.47,72.79,2023-12-29,23.5,10.3,39.0,0.0,0.2,0.0,No_Alert
Gujarat,Anand,Anand,22.47,72.79,2023-12-31,18.0,9.2,38.9,0.2,0.2,0.0,No_Alert
West Bengal,Bardhaman,Bardhaman,23.23,88.37,2023-01-01,21.5,8.0,41.9,0.0,0.4,0.0,No_Alert
West Bengal,Bardhaman,Bardhaman,23.23,88.37,2023-01-03,20.7,9.0,39.8,0.0,0.4,0.0,No_Alert
West Bengal,Bardhaman,Bardhaman,23.23,88.37,2023-01-05,20.6,8.0,53.5,0.0,0.4,0.0,No_Alert
West Bengal,Bardhaman,Bardhaman,23.23,88.37,2023-01-07,22.7,10.3,53.2,0.0,0.4,0.0,No_Alert
West Bengal,Bardhaman,Bardhaman,23.23,88.37,2023-01-09,21.5,10.1,46.4,0.0,0.4,0.0,No_Alert
West Bengal,Bardhaman,Bardhaman,23.23,88.37,2023-01-11,20.5,7.6,48.0,0.0,0.4,0.0,No_Alert
West Bengal,Bardhaman,Bardhaman,23.23,88.37,2023-01-13,22.8,12.4,44.8,0.0,0.4,0.0,No_Alert
West Bengal,Bardhaman,Bardhaman,23.23,88.37,2023-01-15,23.1,8.7,47.6,0.0,0.4,0.0,No_Alert
West Bengal,Bardhaman,Bardhaman,23.23,88.37,2023-01-17,26.2,12.7,48.0,0.0,0.4,0.0,No_Alert
West Bengal,Bardhaman,Bardhaman,23.23,88.37,2023-01-19,21.9,9.3,40.5,0.7,0.4,0.0,No_Alert
West Bengal,Bardhaman,Bardhaman,23.23,88.37,2023-01-21,22.3,12.5,40.0,0.1,0.4,0.0,No_Alert
West Bengal,Bardhaman,Bardhaman,23.23,88.37,2023-01-23,23.5,11.1,48.0,0.0,0.4,0.0,No_Alert
West Bengal,Bardhaman,Bardhaman,23.23,88.37,2023-01-25,28.1,15.8,46.7,0.0,0.4,0.0,No_Alert
West Bengal,Bardhaman,Bardhaman,23.23,88.37,2023-01-27,27.9,15.7,40.2,0.0,0.4,0.0,No_Alert
West Bengal,Bardhaman,Bardhaman,23.23,88.37,2023-01-29,26.7,12.0,41.7,0.0,0.4,0.0,No_Alert
West Bengal,Bardhaman,Bardhaman,23.23,88.37,2023-01-31,24.9,14.6,42.8,0.0,0.4,0.0,No_Alert
West Bengal,Bardhaman,Bardhaman,23.23,88.37,2023-02-02,29.7,17.3,38.8,0.0,0.4,0.0,No_Alert
West Bengal,Bardhaman,Bardhaman,23.23,88.37,2023-02-04,27.2,16.5,49.7,0.0,0.4,0.0,No_Alert
West Bengal,Bardhaman,Bardhaman,23.23,88.37,2023-02-06,29.5,15.9,49.9,0.0,0.4,0.0,No_Alert
West Bengal,Bardhaman,Bardhaman,23.23,88.37,2023-02-08,32.0,16.2,43.1,0.0,0.4,0.0,No_Alert
West Bengal,Bardhaman,Bardhaman,23.23,88.37,2023-02-10,30.3,13.9,52.4,0.0,0.4,0.0,No_Alert
West Bengal,Bardhaman,Bardhaman,23.23,88.37,2023-02-12,28.4,14.2,49.0,0.7,0.4,0.0,No_Alert
West Bengal,Bardhaman,Bardhaman,23.23,88.37,2023-02-14,29.1,15.4,38.7,0.0,0.4,0.0,No_Alert
West Bengal,Bardhaman,Bardhaman,23.23,88.37,2023-02-16,31.4,20.3,53.4,0.0,0.4,0.0,No_Alert
West Bengal,Bardhaman,Bardhaman,23.23,88.37,2023-02-18,32.6,18.7,46.7,0.0,0.4,0.0,No_Alert
West Bengal,Bardhaman,Bardhaman,23.23,88.37,2023-02-20,35.5,19.1,43.9,0.0,0.4,0.0,No_Alert
West Bengal,Bardhaman,Bardhaman,23.23,88.37,2023-02-22,34.9,19.2,38.9,0.0,0.4,0.0,No_Alert
West Bengal,Bardhaman,Bardhaman,23.23,88.37,2023-02-24,32.0,21.3,46.1,0.0,0.4,0.0,No_Alert
West Bengal,Bardhaman,Bardhaman,23.23,88.37,2023-02-26,31.1,18.7,54.0,0.0,0.4,0.0,No_Alert
West Bengal,Bardhaman,Bardhaman,23.23,88.37,2023-02-28,34.6,20.0,38.5,0.7,0.4,0.0,No_Alert
West Bengal,Bardhaman,Bardhaman,23.23,88.37,2023-03-02,36.6,20.8,44.8,0.0,0.4,0.0,No_Alert
West Bengal,Bardhaman,Bardhaman,23.23,88.37,2023-03-04,34.5,20.2,39.3,0.0,0.4,0.0,No_Alert
West Bengal,Bardhaman,Bardhaman,23.23,88.37,2023-03-06,35.3,25.4,41.4,0.0,0.4,0.0,No_Alert
West Bengal,Bardhaman,Bardhaman,23.23,88.37,2023-03-08,39.3,23.2,50.2,0.0,0.4,0.0,No_Alert
West Bengal,Bardhaman,Bardhaman,23.23,88.37,2023-03-10,38.5,20.7,54.1,0.0,0.4,0.0,No_Alert
West Bengal,Bardhaman,Bardhaman,23.23,88.37,2023-03-12,36.9,25.4,50.7,0.0,0.4,0.0,No_Alert
West Bengal,Bardhaman,Bardhaman,23.23,88.37,2023-03-14,35.5,26.7,50.7,0.0,0.4,0.0,No_Alert
West Bengal,Bardhaman,Bardhaman,23.23,88.37,2023-03-16,39.5,24.6,47.4,0.0,0.4,0.0,No_Alert
West Bengal,Bardhaman,Bardhaman,23.23,88.37,2023-03-18,37.5,23.0,54.2,0.0,0.4,0.0,No_Alert
West Bengal,Bardhaman,Bardhaman,23.23,88.37,2023-03-20,41.4,27.1,53.6,0.0,0.4,0.0,No_Alert
West Bengal,Bardhaman,Bardhaman,23.23,88.37,2023-03-22,38.4,24.8,45.2,0.0,0.4,0.0,No_Alert
West Bengal,Bardhaman,Bardhaman,23.23,88.37,2023-03-24,39.4,27.6,42.7,0.0,0.4,0.0,No_Alert
West Bengal,Bardhaman,Bardhaman,23.23,88.37,2023-03-26,38.3,25.0,44.4,0.0,0.4,0.0,No_Alert
West Bengal,Bardhaman,Bardhaman,23.23,88.37,2023-03-28,39.6,27.8,51.3,0.5,0.4,0.0,No_Alert
West Bengal,Bardhaman,Bardhaman,23.23,88.37,2023-03-30,40.6,27.7,40.1,0.0,0.4,0.0,No_Alert
West Bengal,Bardhaman,Bardhaman,23.23,88.37,2023-04-01,41.0,28.5,42.4,0.0,0.4,0.0,No_Alert
West Bengal,Bardhaman,Bardhaman,23.23,88.37,2023-04-03,43.3,30.2,44.0,0.4,0.4,0.0,No_Alert
West Bengal,Bardhaman,Bardhaman,23.23,88.37,2023-04-05,41.3,28.5,41.6,0.0,0.4,0.0,No_Alert
West Bengal,Bardhaman,Bardhaman,23.23,88.37,2023-04-07,43.7,28.3,52.3,0.5,0.4,0.0,No_Alert
West Bengal,Bardhaman,Bardhaman,23.23,88.37,2023-04-09,42.4,29.2,45.8,0.0,0.4,0.0,No_Alert
West Bengal,Bardhaman,Bardhaman,23.23,88.37,2023-04-11,42.6,28.2,44.5,0.0,0.4,0.0,No_Alert
West Bengal,Bardhaman,Bardhaman,23.23,88.37,2023-04-13,44.5,28.0,39.3,0.4,0.4,0.0,No_Alert
West Bengal,Bardhaman,Bardhaman,23.23,88.37,2023-04-15,46.4,32.5,43.9,0.0,0.4,0.0,No_Alert
West Bengal,Bardhaman,Bardhaman,23.23,88.37,2023-04-17,44.2,31.3,51.4,0.0,0.4,0.0,No_Alert
West Bengal,Bardhaman,Bardhaman,23.23,88.37,2023-04-19,42.0,29.1,51.5,0.8,0.4,0.0,No_Alert
West Bengal,Bardhaman,Bardhaman,23.23,88.37,2023-04-21,42.0,28.5,50.2,0.0,0.4,0.0,No_Alert
West Bengal,Bardhaman,Bardhaman,23.23,88.37,2023-04-23,44.9,33.0,40.1,0.0,0.4,0.0,No_Alert
West Bengal,Bardhaman,Bardhaman,23.23,88.37,2023-04-25,44.7,32.4,44.4,0.0,0.4,0.0,No_Alert
West Bengal,Bardhaman,Bardhaman,23.23,88.37,2023-04-27,47.1,33.7,52.2,0.0,0.4,0.0,No_Alert
West Bengal,Bardhaman,Bardhaman,23.23,88.37,2023-04-29,45.6,32.5,44.6,0.0,0.4,0.0,No_Alert
West Bengal,Bardhaman,Bardhaman,23.23,88.37,2023-05-01,43.5,29.6,52.7,0.0,0.4,0.0,No_Alert
West Bengal,Bardhaman,Bardhaman,23.23,88.37,2023-05-03,45.6,31.5,53.1,0.0,0.4,0.0,No_Alert
West Bengal,Bardhaman,Bardhaman,23.23,88.37,2023-05-05,43.5,29.6,48.2,0.0,0.4,0.0,No_Alert
West Bengal,Bardhaman,Bardhaman,23.23,88.37,2023-05-07,42.2,32.6,50.4,0.1,0.4,0.0,No_Alert
West Bengal,Bardhaman,Bardhaman,23.23,88.37,2023-05-09,46.1,32.3,38.3,0.0,0.4,0.0,No_Alert
West Bengal,Bardhaman,Bardhaman,23.23,88.37,2023-05-11,44.5,31.6,49.8,0.0,0.4,0.0,No_Alert
West Bengal,Bardhaman,Bardhaman,23.23,88.37,2023-05-13,45.4,33.5,45.5,0.0,0.4,0.0,No_Alert
West Bengal,Bardhaman,Bardhaman,23.23,88.37,2023-05-15,46.7,34.9,49.9,0.0,0.4,0.0,No_Alert
West Bengal,Bardhaman,Bardhaman,23.23,88.37,2023-05-17,48.3,32.8,46.8,0.0,0.4,0.0,No_Alert
West Bengal,Bardhaman,Bardhaman,23.23,88.37,2023-05-19,44.6,29.6,53.0,0.0,0.4,0.0,No_Alert
West Bengal,Bardhaman,Bardhaman,23.23,88.37,2023-05-21,45.8,30.8,38.3,0.0,0.4,0.0,No_Alert
West Bengal,Bardhaman,Bardhaman,23.23,88.37,2023-05-23,44.9,32.0,49.7,0.0,0.4,0.0,No_Alert
West Bengal,Bardhaman,Bardhaman,23.23,88.37,2023-05-25,44.2,33.3,47.9,0.0,0.4,0.0,No_Alert
West Bengal,Bardhaman,Bardhaman,23.23,88.37,2023-05-27,43.8,29.4,47.7,0.0,0.4,0.0,No_Alert
West Bengal,Bardhaman,Bardhaman,23.23,88.37,2023-05-29,44.3,31.9,53.7,0.0,0.4,0.0,No_Alert
West Bengal,Bardhaman,Bardhaman,23.23,88.37,2023-05-31,42.1,28.5,53.2,0.0,0.4,0.0,No_Alert
West Bengal,Bardhaman,Bardhaman,23.23,88.37,2023-06-02,47.6,32.8,54.3,0.0,4.1,-100.0,No_Alert
West Bengal,Bardhaman,Bardhaman,23.23,88.37,2023-06-04,43.5,30.6,66.8,0.9,4.5,-80.0,No_Alert
West Bengal,Bardhaman,Bardhaman,23.23,88.37,2023-06-06,45.3,29.4,66.2,0.0,4.9,-100.0,No_Alert
West Bengal,Bardhaman,Bardhaman,23.23,88.37,2023-06-08,42.5,29.7,65.4,0.0,5.4,-100.0,No_Alert
West Bengal,Bardhaman,Bardhaman,23.23,88.37,2023-06-10,44.8,29.3,70.8,0.0,5.8,-100.0,No_Alert
West Bengal,Bardhaman,Bardhaman,23.23,88.37,2023-06-12,45.4,28.0,72.4,8.1,6.2,30.6,No_Alert
West Bengal,Bardhaman,Bardhaman,23.23,88.37,2023-06-14,42.9,29.6,71.3,0.0,6.6,-100.0,No_Alert
West Bengal,Bardhaman,Bardhaman,23.23,88.37,2023-06-16,42.2,28.7,62.7,14.0,7.0,100.0,No_Alert
West Bengal,Bardhaman,Bardhaman,23.23,88.37,2023-06-18,41.4,32.2,72.8,0.0,7.4,-100.0,No_Alert
West Bengal,Bardhaman,Bardhaman,23.23,88.37,2023-06-20,39.8,30.2,70.7,0.0,7.8,-100.0,No_Alert
West Bengal,Bardhaman,Bardhaman,23.23,88.37,2023-06-22,41.2,30.8,64.0,0.0,8.2,-100.0,No_Alert
West Bengal,Bardhaman,Bardhaman,23.23,88.37,2023-06-24,43.2,27.8,66.6,0.0,8.6,-100.0,No_Alert
West Bengal,Bardhaman,Bardhaman,23.23,88.37,2023-06-26,43.9,30.9,66.3,12.4,8.9,39.3,No_Alert
West Bengal,Bardhaman,Bardhaman,23.23,88.37,2023-06-28,41.4,30.0,75.1,0.0,9.3,-100.0,No_Alert
West Bengal,Bardhaman,Bardhaman,23.23,88.37,2023-06-30,43.9,27.8,72.7,20.8,9.6,116.7,No_Alert
West Bengal,Bardhaman,Bardhaman,23.23,88.37,2023-07-02,40.4,25.8,70.6,0.0,9.9,-100.0,No_Alert
West Bengal,Bardhaman,Bardhaman,23.23,88.37,2023-07-04,43.3,26.9,76.3,4.2,10.2,-58.8,No_Alert
West Bengal,Bardhaman,Bardhaman,23.23,88.37,2023-07-06,40.3,27.5,77.0,16.9,10.5,61.0,No_Alert
West Bengal,Bardhaman,Bardhaman,23.23,88.37,2023-07-08,39.4,27.2,72.2,0.0,10.8,-100.0,No_Alert
West Bengal,Bardhaman,Bardhaman,23.23,88.37,2023-07-10,37.6,27.2,75.5,0.0,11.0,-100.0,No_Alert
West Bengal,Bardhaman,Bardhaman,23.23,88.37,2023-07-12,37.4,27.0,73.5,1.7,11.2,-84.8,No_Alert
West Bengal,Bardhaman,Bardhaman,23.23,88.37,2023-07-14,36.6,27.8,73.1,0.0,11.4,-100.0,No_Alert
West Bengal,Bardhaman,Bardhaman,23.23,88.37,2023-07-16,38.2,26.2,89.2,0.0,11.6,-100.0,No_Alert
West Bengal,Bardhaman,Bardhaman,23.23,88.37,2023-07-18,36.2,24.9,76.8,25.7,11.8,117.8,No_Alert
West Bengal,Bardhaman,Bardhaman,23.23,88.37,2023-07-20,34.2,21.2,87.5,0.0,11.9,-100.0,No_Alert
West Bengal,Bardhaman,Bardhaman,23.23,88.37,2023-07-22,34.9,22.4,75.1,0.0,12.0,-100.0,No_Alert
West Bengal,Bardhaman,Bardhaman,23.23,88.37,2023-07-24,33.8,21.7,75.6,0.0,12.1,-100.0,No_Alert
West Bengal,Bardhaman,Bardhaman,23.23,88.37,2023-07-26,38.4,23.4,77.1,9.3,12.2,-23.8,No_Alert
West Bengal,Bardhaman,Bardhaman,23.23,88.37,2023-07-28,37.1,23.3,75.7,3.9,12.2,-68.0,No_Alert
West Bengal,Bardhaman,Bardhaman,23.23,88.37,2023-07-30,32.4,23.2,84.0,6.6,12.3,-46.3,No_Alert
West Bengal,Bardhaman,Bardhaman,23.23,88.37,2023-08-01,36.2,21.7,77.5,0.0,12.3,-100.0,No_Alert
West Bengal,Bardhaman,Bardhaman,23.23,88.37,2023-08-03,34.8,20.8,84.7,0.0,12.3,-100.0,No_Alert
West Bengal,Bardhaman,Bardhaman,23.23,88.37,2023-08-05,34.0,19.8,88.6,0.0,12.2,-100.0,No_Alert
West Bengal,Bardhaman,Bardhaman,23.23,88.37,2023-08-07,34.2,21.0,81.6,0.0,12.2,-100.0,No_Alert
West Bengal,Bardhaman,Bardhaman,23.23,88.37,2023-08-09,29.0,19.2,83.4,0.0,12.1,-100.0,No_Alert
West Bengal,Bardhaman,Bardhaman,23.23,88.37,2023-08-11,31.7,18.2,89.8,0.0,12.0,-100.0,No_Alert
West Bengal,Bardhaman,Bardhaman,23.23,88.37,2023-08-13,32.0,17.7,74.4,9.8,11.8,-16.9,No_Alert
West Bengal,Bardhaman,Bardhaman,23.23,88.37,2023-08-15,29.8,15.2,79.6,21.1,11.7,80.3,No_Alert
West Bengal,Bardhaman,Bardhaman,23.23,88.37,2023-08-17,32.5,16.3,87.5,0.0,11.5,-100.0,No_Alert
West Bengal,Bardhaman,Bardhaman,23.23,88.37,2023-08-19,29.2,17.6,76.5,0.0,11.3,-100.0,No_Alert
West Bengal,Bardhaman,Bardhaman,23.23,88.37,2023-08-21,29.7,15.7,87.2,0.0,11.1,-100.0,No_Alert
West Bengal,Bardhaman,Bardhaman,23.23,88.37,2023-08-23,28.5,15.7,79.0,4.6,10.9,-57.8,No_Alert
West Bengal,Bardhaman,Bardhaman,23.23,88.37,2023-08-25,29.9,12.9,82.5,0.0,10.6,-100.0,No_Alert
West Bengal,Bardhaman,Bardhaman,23.23,88.37,2023-08-27,26.3,17.1,80.0,2.3,10.4,-77.9,No_Alert
West Bengal,Bardhaman,Bardhaman,23.23,88.37,2023-08-29,29.0,15.5,81.5,18.1,10.1,79.2,No_Alert
West Bengal,Bardhaman,Bardhaman,23.23,88.37,2023-08-31,27.7,14.6,78.2,0.6,9.8,-93.9,No_Alert
West Bengal,Bardhaman,Bardhaman,23.23,88.37,2023-09-02,26.0,15.1,68.4,0.0,9.4,-100.0,No_Alert
West Bengal,Bardhaman,Bardhaman,23.23,88.37,2023-09-04,27.3,10.5,79.2,14.1,9.1,54.9,No_Alert
West Bengal,Bardhaman,Bardhaman,23.23,88.37,2023-09-06,23.5,12.1,72.9,12.2,8.8,38.6,No_Alert
West Bengal,Bardhaman,Bardhaman,23.23,88.37,2023-09-08,24.8,12.5,69.7,1.1,8.4,-86.9,No_Alert
West Bengal,Bardhaman,Bardhaman,23.23,88.37,2023-09-10,28.1,11.2,75.4,0.0,8.0,-100.0,No_Alert
West Bengal,Bardhaman,Bardhaman,23.23,88.37,2023-09-12,23.9,10.5,74.8,1.0,7.6,-86.8,No_Alert
West Bengal,Bardhaman,Bardhaman,23.23,88.37,2023-09-14,24.1,10.2,65.1,0.0,7.2,-100.0,No_Alert
West Bengal,Bardhaman,Bardhaman,23.23,88.37,2023-09-16,22.9,7.3,66.2,4.7,6.8,-30.9,No_Alert
West Bengal,Bardhaman,Bardhaman,23.23,88.37,2023-09-18,22.2,8.4,63.5,11.7,6.4,82.8,No_Alert
West Bengal,Bardhaman,Bardhaman,23.23,88.37,2023-09-20,22.0,9.4,68.0,0.0,6.0,-100.0,No_Alert
West Bengal,Bardhaman,Bardhaman,23.23,88.37,2023-09-22,25.6,11.2,58.9,0.0,5.6,-100.0,No_Alert
West Bengal,Bardhaman,Bardhaman,23.23,88.37,2023-09-24,22.3,7.2,57.7,0.0,5.1,-100.0,No_Alert
West Bengal,Bardhaman,Bardhaman,23.23,88.37,2023-09-26,21.0,5.8,52.8,7.0,4.7,48.9,No_Alert
West Bengal,Bardhaman,Bardhaman,23.23,88.37,2023-09-28,20.5,6.7,62.4,4.3,4.3,0.0,No_Alert
West Bengal,Bardhaman,Bardhaman,23.23,88.37,2023-09-30,19.0,8.2,59.4,0.0,3.8,-100.0,No_Alert
West Bengal,Bardhaman,Bardhaman,23.23,88.37,2023-10-02,16.8,7.3,45.7,0.0,0.4,0.0,No_Alert
West Bengal,Bardhaman,Bardhaman,23.23,88.37,2023-10-04,18.2,6.9,39.9,0.0,0.4,0.0,No_Alert
West Bengal,Bardhaman,Bardhaman,23.23,88.37,2023-10-06,19.3,6.3,44.7,0.0,0.4,0.0,No_Alert
West Bengal,Bardhaman,Bardhaman,23.23,88.37,2023-10-08,19.6,6.0,40.4,0.0,0.4,0.0,No_Alert
West Bengal,Bardhaman,Bardhaman,23.23,88.37,2023-10-10,20.7,5.6,41.8,0.0,0.4,0.0,No_Alert
West Bengal,Bardhaman,Bardhaman,23.23,88.37,2023-10-12,20.7,3.7,40.8,0.0,0.4,0.0,No_Alert
West Bengal,Bardhaman,Bardhaman,23.23,88.37,2023-10-14,20.1,5.6,53.6,0.0,0.4,0.0,No_Alert
West Bengal,Bardhaman,Bardhaman,23.23,88.37,2023-10-16,14.9,5.8,51.9,0.0,0.4,0.0,No_Alert
West Bengal,Bardhaman,Bardhaman,23.23,88.37,2023-10-18,16.7,3.4,41.4,0.0,0.4,0.0,No_Alert
West Bengal,Bardhaman,Bardhaman,23.23,88.37,2023-10-20,19.9,7.0,50.9,0.0,0.4,0.0,No_Alert
West Bengal,Bardhaman,Bardhaman,23.23,88.37,2023-10-22,14.7,5.8,49.0,0.0,0.4,0.0,No_Alert
West Bengal,Bardhaman,Bardhaman,23.23,88.37,2023-10-24,15.4,2.7,49.3,0.2,0.4,0.0,No_Alert
West Bengal,Bardhaman,Bardhaman,23.23,88.37,2023-10-26,17.3,1.8,43.1,0.0,0.4,0.0,No_Alert
West Bengal,Bardhaman,Bardhaman,23.23,88.37,2023-10-28,17.2,1.1,48.2,0.0,0.4,0.0,No_Alert
West Bengal,Bardhaman,Bardhaman,23.23,88.37,2023-10-30,18.7,7.4,43.4,0.0,0.4,0.0,No_Alert
West Bengal,Bardhaman,Bardhaman,23.23,88.37,2023-11-01,13.7,1.2,50.5,0.0,0.4,0.0,No_Alert
West Bengal,Bardhaman,Bardhaman,23.23,88.37,2023-11-03,17.0,4.1,49.4,0.0,0.4,0.0,No_Alert
West Bengal,Bardhaman,Bardhaman,23.23,88.37,2023-11-05,17.1,3.3,40.1,0.0,0.4,0.0,No_Alert
West Bengal,Bardhaman,Bardhaman,23.23,88.37,2023-11-07,14.5,0.7,46.7,0.1,0.4,0.0,No_Alert
West Bengal,Bardhaman,Bardhaman,23.23,88.37,2023-11-09,15.6,2.7,45.1,0.0,0.4,0.0,No_Alert
West Bengal,Bardhaman,Bardhaman,23.23,88.37,2023-11-11,16.8,4.2,39.0,0.0,0.4,0.0,No_Alert
West Bengal,Bardhaman,Bardhaman,23.23,88.37,2023-11-13,14.9,4.3,50.1,0.0,0.4,0.0,No_Alert
West Bengal,Bardhaman,Bardhaman,23.23,88.37,2023-11-15,16.6,1.0,43.6,0.0,0.4,0.0,No_Alert
West Bengal,Bardhaman,Bardhaman,23.23,88.37,2023-11-17,17.5,5.8,53.4,0.0,0.4,0.0,No_Alert
West Bengal,Bardhaman,Bardhaman,23.23,88.37,2023-11-19,13.5,1.6,46.8,0.0,0.4,0.0,No_Alert
West Bengal,Bardhaman,Bardhaman,23.23,88.37,2023-11-21,15.2,2.7,38.4,0.0,0.4,0.0,No_Alert
West Bengal,Bardhaman,Bardhaman,23.23,88.37,2023-11-23,18.5,4.6,44.9,0.0,0.4,0.0,No_Alert
West Bengal,Bardhaman,Bardhaman,23.23,88.37,2023-11-25,15.5,4.6,42.4,0.0,0.4,0.0,No_Alert
West Bengal,Bardhaman,Bardhaman,23.23,88.37,2023-11-27,14.9,2.0,46.4,0.0,0.4,0.0,No_Alert
West Bengal,Bardhaman,Bardhaman,23.23,88.37,2023-11-29,16.3,2.8,48.6,0.8,0.4,0.0,No_Alert
West Bengal,Bardhaman,Bardhaman,23.23,88.37,2023-12-01,18.0,4.6,53.4,0.0,0.4,0.0,No_Alert
West Bengal,Bardhaman,Bardhaman,23.23,88.37,2023-12-03,14.0,2.5,51.8,0.5,0.4,0.0,No_Alert
West Bengal,Bardhaman,Bardhaman,23.23,88.37,2023-12-05,13.2,1.2,52.4,0.0,0.4,0.0,No_Alert
West Bengal,Bardhaman,Bardhaman,23.23,88.37,2023-12-07,16.5,2.3,40.0,0.0,0.4,0.0,No_Alert
West Bengal,Bardhaman,Bardhaman,23.23,88.37,2023-12-09,17.0,3.3,45.2,0.1,0.4,0.0,No_Alert
West Bengal,Bardhaman,Bardhaman,23.23,88.37,2023-12-11,18.7,6.9,38.4,0.0,0.4,0.0,No_Alert
West Bengal,Bardhaman,Bardhaman,23.23,88.37,2023-12-13,19.1,6.3,49.2,0.0,0.4,0.0,No_Alert
West Bengal,Bardhaman,Bardhaman,23.23,88.37,2023-12-15,19.1,7.7,51.4,0.0,0.4,0.0,No_Alert
West Bengal,Bardhaman,Bardhaman,23.23,88.37,2023-12-17,18.9,6.7,45.0,0.0,0.4,0.0,No_Alert
West Bengal,Bardhaman,Bardhaman,23.23,88.37,2023-12-19,17.1,6.9,44.0,0.0,0.4,0.0,No_Alert
West Bengal,Bardhaman,Bardhaman,23.23,88.37,2023-12-21,17.8,7.4,44.4,0.0,0.4,0.0,No_Alert
West Bengal,Bardhaman,Bardhaman,23.23,88.37,2023-12-23,18.1,9.4,50.5,0.5,0.4,0.0,No_Alert
West Bengal,Bardhaman,Bardhaman,23.23,88.37,2023-12-25,22.2,8.8,41.0,0.0,0.4,0.0,No_Alert
West Bengal,Bardhaman,Bardhaman,23.23,88.37,2023-12-27,19.2,8.3,51.6,0.0,0.4,0.0,No_Alert
West Bengal,Bardhaman,Bardhaman,23.23,88.37,2023-12-29,21.6,10.4,38.4,0.6,0.4,0.0,No_Alert
West Bengal,Bardhaman,Bardhaman,23.23,88.37,2023-12-31,18.1,9.5,48.4,0.0,0.4,0.0,No_Alert
Odisha,Cuttack,Cuttack,20.52,85.68,2023-01-01,21.9,8.6,45.5,0.0,0.4,0.0,No_Alert
Odisha,Cuttack,Cuttack,20.52,85.68,2023-01-03,21.6,10.7,50.6,0.0,0.4,0.0,No_Alert
Odisha,Cuttack,Cuttack,20.52,85.68,2023-01-05,21.8,6.7,51.5,0.0,0.4,0.0,No_Alert
Odisha,Cuttack,Cuttack,20.52,85.68,2023-01-07,26.4,13.4,52.3,0.0,0.4,0.0,No_Alert
Odisha,Cuttack,Cuttack,20.52,85.68,2023-01-09,22.8,8.6,47.3,0.0,0.4,0.0,No_Alert
Odisha,Cuttack,Cuttack,20.52,85.68,2023-01-11,23.7,12.4,49.2,0.2,0.4,0.0,No_Alert
Odisha,Cuttack,Cuttack,20.52,85.68,2023-01-13,26.7,9.8,49.4,0.0,0.4,0.0,No_Alert
Odisha,Cuttack,Cuttack,20.52,85.68,2023-01-15,21.1,10.5,50.7,0.0,0.4,0.0,No_Alert
Odisha,Cuttack,Cuttack,20.52,85.68,2023-01-17,26.4,12.7,39.9,0.0,0.4,0.0,No_Alert
Odisha,Cuttack,Cuttack,20.52,85.68,2023-01-19,26.7,14.3,41.7,0.0,0.4,0.0,No_Alert
Odisha,Cuttack,Cuttack,20.52,85.68,2023-01-21,24.8,11.1,44.1,0.0,0.4,0.0,No_Alert
Odisha,Cuttack,Cuttack,20.52,85.68,2023-01-23,26.9,13.1,42.7,0.0,0.4,0.0,No_Alert
Odisha,Cuttack,Cuttack,20.52,85.68,2023-01-25,27.1,15.3,40.8,0.0,0.4,0.0,No_Alert
Odisha,Cuttack,Cuttack,20.52,85.68,2023-01-27,27.8,15.3,51.0,0.0,0.4,0.0,No_Alert
Odisha,Cuttack,Cuttack,20.52,85.68,2023-01-29,25.2,14.7,44.6,0.0,0.4,0.0,No_Alert
Odisha,Cuttack,Cuttack,20.52,85.68,2023-01-31,29.2,14.4,49.4,0.0,0.4,0.0,No_Alert
Odisha,Cuttack,Cuttack,20.52,85.68,2023-02-02,29.1,15.3,53.0,0.0,0.4,0.0,No_Alert
Odisha,Cuttack,Cuttack,20.52,85.68,2023-02-04,27.2,14.5,42.9,0.0,0.4,0.0,No_Alert
Odisha,Cuttack,Cuttack,20.52,85.68,2023-02-06,29.2,14.4,51.3,0.0,0.4,0.0,No_Alert
Odisha,Cuttack,Cuttack,20.52,85.68,2023-02-08,28.1,16.0,43.1,0.0,0.4,0.0,No_Alert
Odisha,Cuttack,Cuttack,20.52,85.68,2023-02-10,29.1,16.1,52.2,0.0,0.4,0.0,No_Alert
Odisha,Cuttack,Cuttack,20.52,85.68,2023-02-12,30.2,17.0,51.1,0.0,0.4,0.0,No_Alert
Odisha,Cuttack,Cuttack,20.52,85.68,2023-02-14,30.1,16.8,38.3,0.0,0.4,0.0,No_Alert
Odisha,Cuttack,Cuttack,20.52,85.68,2023-02-16,34.7,19.9,42.0,0.2,0.4,0.0,No_Alert
Odisha,Cuttack,Cuttack,20.52,85.68,2023-02-18,29.8,16.5,45.4,0.0,0.4,0.0,No_Alert
Odisha,Cuttack,Cuttack,20.52,85.68,2023-02-20,33.0,20.3,45.1,0.0,0.4,0.0,No_Alert
Odisha,Cuttack,Cuttack,20.52,85.68,2023-02-22,35.3,22.6,38.3,0.5,0.4,0.0,No_Alert
Odisha,Cuttack,Cuttack,20.52,85.68,2023-02-24,32.2,21.4,48.7,0.0,0.4,0.0,No_Alert
Odisha,Cuttack,Cuttack,20.52,85.68,2023-02-26,32.3,18.7,51.8,0.0,0.4,0.0,No_Alert
Odisha,Cuttack,Cuttack,20.52,85.68,2023-02-28,34.2,21.6,45.9,0.0,0.4,0.0,No_Alert
Odisha,Cuttack,Cuttack,20.52,85.68,2023-03-02,36.0,24.2,39.2,0.8,0.4,0.0,No_Alert
Odisha,Cuttack,Cuttack,20.52,85.68,2023-03-04,35.2,21.4,40.2,0.0,0.4,0.0,No_Alert
Odisha,Cuttack,Cuttack,20.52,85.68,2023-03-06,37.0,21.4,43.6,0.0,0.4,0.0,No_Alert
Odisha,Cuttack,Cuttack,20.52,85.68,2023-03-08,34.4,20.8,47.2,0.0,0.4,0.0,No_Alert
Odisha,Cuttack,Cuttack,20.52,85.68,2023-03-10,35.5,25.8,52.3,0.0,0.4,0.0,No_Alert
Odisha,Cuttack,Cuttack,20.52,85.68,2023-03-12,37.4,23.6,49.7,0.0,0.4,0.0,No_Alert
Odisha,Cuttack,Cuttack,20.52,85.68,2023-03-14,39.1,23.3,43.5,0.0,0.4,0.0,No_Alert
Odisha,Cuttack,Cuttack,20.52,85.68,2023-03-16,39.4,25.8,49.3,0.0,0.4,0.0,No_Alert
Odisha,Cuttack,Cuttack,20.52,85.68,2023-03-18,37.0,26.0,49.9,0.0,0.4,0.0,No_Alert
Odisha,Cuttack,Cuttack,20.52,85.68,2023-03-20,38.8,25.4,41.8,0.0,0.4,0.0,No_Alert
Odisha,Cuttack,Cuttack,20.52,85.68,2023-03-22,41.3,26.5,40.5,0.0,0.4,0.0,No_Alert
Odisha,Cuttack,Cuttack,20.52,85.68,2023-03-24,36.8,26.7,46.9,0.0,0.4,0.0,No_Alert
Odisha,Cuttack,Cuttack,20.52,85.68,2023-03-26,41.1,25.7,50.4,0.9,0.4,0.0,No_Alert
Odisha,Cuttack,Cuttack,20.52,85.68,2023-03-28,40.0,27.8,49.6,0.0,0.4,0.0,No_Alert
Odisha,Cuttack,Cuttack,20.52,85.68,2023-03-30,40.5,28.1,38.5,0.0,0.4,0.0,No_Alert
Odisha,Cuttack,Cuttack,20.52,85.68,2023-04-01,39.0,25.4,52.5,0.8,0.4,0.0,No_Alert
Odisha,Cuttack,Cuttack,20.52,85.68,2023-04-03,42.7,27.5,50.9,0.0,0.4,0.0,No_Alert
Odisha,Cuttack,Cuttack,20.52,85.68,2023-04-05,41.6,27.2,42.2,0.0,0.4,0.0,No_Alert
Odisha,Cuttack,Cuttack,20.52,85.68,2023-04-07,45.4,28.6,45.8,0.0,0.4,0.0,No_Alert
Odisha,Cuttack,Cuttack,20.52,85.68,2023-04-09,43.9,30.4,50.8,0.0,0.4,0.0,No_Alert
Odisha,Cuttack,Cuttack,20.52,85.68,2023-04-11,44.6,29.9,39.2,0.0,0.4,0.0,No_Alert
Odisha,Cuttack,Cuttack,20.52,85.68,2023-04-13,44.7,29.5,38.9,0.0,0.4,0.0,No_Alert
Odisha,Cuttack,Cuttack,20.52,85.68,2023-04-15,43.0,28.3,41.5,0.0,0.4,0.0,No_Alert
Odisha,Cuttack,Cuttack,20.52,85.68,2023-04-17,44.5,29.8,46.0,0.0,0.4,0.0,No_Alert
Odisha,Cuttack,Cuttack,20.52,85.68,2023-04-19,40.9,30.2,50.1,0.0,0.4,0.0,No_Alert
Odisha,Cuttack,Cuttack,20.52,85.68,2023-04-21,44.3,31.8,49.2,0.0,0.4,0.0,No_Alert
Odisha,Cuttack,Cuttack,20.52,85.68,2023-04-23,45.5,32.2,54.0,0.7,0.4,0.0,No_Alert
Odisha,Cuttack,Cuttack,20.52,85.68,2023-04-25,45.2,32.4,49.8,0.4,0.4,0.0,No_Alert
Odisha,Cuttack,Cuttack,20.52,85.68,2023-04-27,44.2,28.8,47.3,0.0,0.4,0.0,No_Alert
Odisha,Cuttack,Cuttack,20.52,85.68,2023-04-29,46.0,33.9,43.7,0.0,0.4,0.0,No_Alert
Odisha,Cuttack,Cuttack,20.52,85.68,2023-05-01,41.9,31.5,40.5,0.0,0.4,0.0,No_Alert
Odisha,Cuttack,Cuttack,20.52,85.68,2023-05-03,45.8,32.9,41.2,0.2,0.4,0.0,No_Alert
Odisha,Cuttack,Cuttack,20.52,85.68,2023-05-05,42.8,30.9,44.5,0.0,0.4,0.0,No_Alert
Odisha,Cuttack,Cuttack,20.52,85.68,2023-05-07,45.6,30.2,42.0,0.0,0.4,0.0,No_Alert
Odisha,Cuttack,Cuttack,20.52,85.68,2023-05-09,44.7,32.1,50.3,0.0,0.4,0.0,No_Alert
Odisha,Cuttack,Cuttack,20.52,85.68,2023-05-11,47.5,32.0,42.5,0.0,0.4,0.0,No_Alert
Odisha,Cuttack,Cuttack,20.52,85.68,2023-05-13,46.1,34.6,53.3,0.0,0.4,0.0,No_Alert
Odisha,Cuttack,Cuttack,20.52,85.68,2023-05-15,43.7,31.1,41.3,0.0,0.4,0.0,No_Alert
Odisha,Cuttack,Cuttack,20.52,85.68,2023-05-17,44.8,31.4,52.6,0.0,0.4,0.0,No_Alert
Odisha,Cuttack,Cuttack,20.52,85.68,2023-05-19,46.3,33.1,39.3,0.0,0.4,0.0,No_Alert
Odisha,Cuttack,Cuttack,20.52,85.68,2023-05-21,44.6,32.6,44.7,0.0,0.4,0.0,No_Alert
Odisha,Cuttack,Cuttack,20.52,85.68,2023-05-23,41.5,32.1,43.8,0.0,0.4,0.0,No_Alert
Odisha,Cuttack,Cuttack,20.52,85.68,2023-05-25,45.3,32.8,44.0,0.0,0.4,0.0,No_Alert
Odisha,Cuttack,Cuttack,20.52,85.68,2023-05-27,42.9,28.8,50.7,0.0,0.4,0.0,No_Alert
Odisha,Cuttack,Cuttack,20.52,85.68,2023-05-29,41.5,31.5,48.8,0.0,0.4,0.0,No_Alert
Odisha,Cuttack,Cuttack,20.52,85.68,2023-05-31,45.4,30.9,53.9,0.0,0.4,0.0,No_Alert
Odisha,Cuttack,Cuttack,20.52,85.68,2023-06-02,43.5,32.4,52.3,0.0,4.2,-100.0,No_Alert
Odisha,Cuttack,Cuttack,20.52,85.68,2023-06-04,42.7,33.0,63.8,10.3,4.7,119.1,No_Alert
Odisha,Cuttack,Cuttack,20.52,85.68,2023-06-06,46.8,34.2,61.6,0.0,5.1,-100.0,No_Alert
Odisha,Cuttack,Cuttack,20.52,85.68,2023-06-08,44.7,29.7,56.2,0.0,5.6,-100.0,No_Alert
Odisha,Cuttack,Cuttack,20.52,85.68,2023-06-10,43.5,30.2,63.8,0.0,6.0,-100.0,No_Alert
Odisha,Cuttack,Cuttack,20.52,85.68,2023-06-12,41.9,31.7,66.7,0.0,6.4,-100.0,No_Alert
Odisha,Cuttack,Cuttack,20.52,85.68,2023-06-14,40.4,29.3,64.1,6.0,6.9,-13.0,No_Alert
Odisha,Cuttack,Cuttack,20.52,85.68,2023-06-16,41.6,30.7,64.9,2.4,7.3,-67.1,No_Alert
Odisha,Cuttack,Cuttack,20.52,85.68,2023-06-18,43.0,30.4,69.3,6.6,7.7,-14.3,No_Alert
Odisha,Cuttack,Cuttack,20.52,85.68,2023-06-20,42.6,28.0,75.7,7.7,8.1,-4.9,No_Alert
Odisha,Cuttack,Cuttack,20.52,85.68,2023-06-22,43.2,30.7,76.2,14.2,8.5,67.1,No_Alert
Odisha,Cuttack,Cuttack,20.52,85.68,2023-06-24,43.5,27.9,73.6,0.0,8.9,-100.0,No_Alert
Odisha,Cuttack,Cuttack,20.52,85.68,2023-06-26,42.8,26.0,68.9,0.0,9.3,-100.0,No_Alert
Odisha,Cuttack,Cuttack,20.52,85.68,2023-06-28,38.9,26.3,71.2,0.0,9.6,-100.0,No_Alert
Odisha,Cuttack,Cuttack,20.52,85.68,2023-06-30,41.6,29.2,69.2,0.0,9.9,-100.0,No_Alert
Odisha,Cuttack,Cuttack,20.52,85.68,2023-07-02,38.5,25.8,78.1,0.0,10.3,-100.0,No_Alert
Odisha,Cuttack,Cuttack,20.52,85.68,2023-07-04,39.5,28.1,82.6,0.0,10.6,-100.0,No_Alert
Odisha,Cuttack,Cuttack,20.52,85.68,2023-07-06,40.7,29.4,75.9,8.8,10.9,-19.3,No_Alert
Odisha,Cuttack,Cuttack,20.52,85.68,2023-07-08,39.0,26.4,81.9,0.0,11.1,-100.0,No_Alert
Odisha,Cuttack,Cuttack,20.52,85.68,2023-07-10,39.7,24.3,82.9,0.0,11.4,-100.0,No_Alert
Odisha,Cuttack,Cuttack,20.52,85.68,2023-07-12,36.7,24.5,72.8,0.0,11.6,-100.0,No_Alert
Odisha,Cuttack,Cuttack,20.52,85.68,2023-07-14,39.9,28.0,84.6,0.0,11.8,-100.0,No_Alert
Odisha,Cuttack,Cuttack,20.52,85.68,2023-07-16,38.5,24.2,74.9,8.8,12.0,-26.7,No_Alert
Odisha,Cuttack,Cuttack,20.52,85.68,2023-07-18,39.6,23.8,81.1,0.0,12.2,-100.0,No_Alert
Odisha,Cuttack,Cuttack,20.52,85.68,2023-07-20,34.5,23.0,85.4,0.0,12.3,-100.0,No_Alert
Odisha,Cuttack,Cuttack,20.52,85.68,2023-07-22,34.5,24.3,75.0,0.0,12.4,-100.0,No_Alert
Odisha,Cuttack,Cuttack,20.52,85.68,2023-07-24,36.5,27.0,79.7,0.0,12.5,-100.0,No_Alert
Odisha,Cuttack,Cuttack,20.52,85.68,2023-07-26,36.7,22.0,82.3,23.9,12.6,89.7,No_Alert
Odisha,Cuttack,Cuttack,20.52,85.68,2023-07-28,33.0,20.6,89.9,9.2,12.7,-27.6,No_Alert
Odisha,Cuttack,Cuttack,20.52,85.68,2023-07-30,32.2,18.7,86.3,23.3,12.7,83.5,No_Alert
Odisha,Cuttack,Cuttack,20.52,85.68,2023-08-01,34.4,22.6,81.9,0.0,12.7,-100.0,No_Alert
Odisha,Cuttack,Cuttack,20.52,85.68,2023-08-03,34.3,20.3,83.4,10.2,12.7,-19.7,No_Alert
Odisha,Cuttack,Cuttack,20.52,85.68,2023-08-05,35.9,23.4,79.0,0.0,12.7,-100.0,No_Alert
Odisha,Cuttack,Cuttack,20.52,85.68,2023-08-07,33.5,20.8,91.0,14.2,12.6,12.7,No_Alert
Odisha,Cuttack,Cuttack,20.52,85.68,2023-08-09,33.2,21.7,81.6,0.0,12.5,-100.0,No_Alert
Odisha,Cuttack,Cuttack,20.52,85.68,2023-08-11,32.4,21.3,78.0,0.0,12.4,-100.0,No_Alert
Odisha,Cuttack,Cuttack,20.52,85.68,2023-08-13,30.7,18.9,89.6,0.0,12.3,-100.0,No_Alert
Odisha,Cuttack,Cuttack,20.52,85.68,2023-08-15,31.7,15.7,80.9,0.0,12.1,-100.0,No_Alert
Odisha,Cuttack,Cuttack,20.52,85.68,2023-08-17,29.2,15.5,76.4,0.0,11.9,-100.0,No_Alert
Odisha,Cuttack,Cuttack,20.52,85.68,2023-08-19,28.6,15.6,80.3,24.8,11.7,112.0,No_Alert
Odisha,Cuttack,Cuttack,20.52,85.68,2023-08-21,30.4,19.2,78.5,11.5,11.5,0.0,No_Alert
Odisha,Cuttack,Cuttack,20.52,85.68,2023-08-23,30.0,17.3,82.8,0.0,11.3,-100.0,No_Alert
Odisha,Cuttack,Cuttack,20.52,85.68,2023-08-25,26.8,13.4,82.7,1.0,11.0,-90.9,No_Alert
Odisha,Cuttack,Cuttack,20.52,85.68,2023-08-27,30.8,15.5,74.0,0.0,10.7,-100.0,No_Alert
Odisha,Cuttack,Cuttack,20.52,85.68,2023-08-29,28.3,15.8,72.0,4.7,10.4,-54.8,No_Alert
Odisha,Cuttack,Cuttack,20.52,85.68,2023-08-31,28.2,13.4,78.9,0.0,10.1,-100.0,No_Alert
Odisha,Cuttack,Cuttack,20.52,85.68,2023-09-02,26.7,16.6,67.9,11.2,9.8,14.3,No_Alert
Odisha,Cuttack,Cuttack,20.52,85.68,2023-09-04,29.2,11.8,72.8,0.0,9.4,-100.0,No_Alert
Odisha,Cuttack,Cuttack,20.52,85.68,2023-09-06,26.2,14.5,64.7,18.7,9.1,105.5,No_Alert
Odisha,Cuttack,Cuttack,20.52,85.68,2023-09-08,27.3,14.0,76.4,0.5,8.7,-94.3,No_Alert
Odisha,Cuttack,Cuttack,20.52,85.68,2023-09-10,24.9,13.5,63.1,0.0,8.3,-100.0,No_Alert
Odisha,Cuttack,Cuttack,20.52,85.68,2023-09-12,27.7,10.8,66.8,0.0,7.9,-100.0,No_Alert
Odisha,Cuttack,Cuttack,20.52,85.68,2023-09-14,25.0,11.8,63.2,0.0,7.5,-100.0,No_Alert
Odisha,Cuttack,Cuttack,20.52,85.68,2023-09-16,23.6,14.2,72.3,11.8,7.1,66.2,No_Alert
Odisha,Cuttack,Cuttack,20.52,85.68,2023-09-18,23.3,12.4,71.8,0.0,6.7,-100.0,No_Alert
Odisha,Cuttack,Cuttack,20.52,85.68,2023-09-20,25.4,13.2,71.6,8.5,6.2,37.1,No_Alert
Odisha,Cuttack,Cuttack,20.52,85.68,2023-09-22,23.4,11.3,61.0,0.0,5.8,-100.0,No_Alert
Odisha,Cuttack,Cuttack,20.52,85.68,2023-09-24,22.8,7.3,57.9,4.9,5.3,-7.5,No_Alert
Odisha,Cuttack,Cuttack,20.52,85.68,2023-09-26,24.0,8.6,62.0,3.3,4.9,-32.7,No_Alert
Odisha,Cuttack,Cuttack,20.52,85.68,2023-09-28,24.5,9.9,52.7,8.3,4.4,88.6,No_Alert
Odisha,Cuttack,Cuttack,20.52,85.68,2023-09-30,21.4,11.8,56.2,7.7,4.0,92.5,No_Alert
Odisha,Cuttack,Cuttack,20.52,85.68,2023-10-02,22.9,9.3,39.1,0.0,0.4,0.0,No_Alert
Odisha,Cuttack,Cuttack,20.52,85.68,2023-10-04,20.7,5.4,52.0,0.0,0.4,0.0,No_Alert
Odisha,Cuttack,Cuttack,20.52,85.68,2023-10-06,20.6,6.9,52.7,0.0,0.4,0.0,No_Alert
Odisha,Cuttack,Cuttack,20.52,85.68,2023-10-08,22.4,10.1,41.6,0.0,0.4,0.0,No_Alert
Odisha,Cuttack,Cuttack,20.52,85.68,2023-10-10,21.1,5.7,54.1,0.0,0.4,0.0,No_Alert
Odisha,Cuttack,Cuttack,20.52,85.68,2023-10-12,17.3,7.5,52.2,0.0,0.4,0.0,No_Alert
Odisha,Cuttack,Cuttack,20.52,85.68,2023-10-14,18.0,4.3,51.8,0.0,0.4,0.0,No_Alert
Odisha,Cuttack,Cuttack,20.52,85.68,2023-10-16,20.2,9.8,41.6,0.0,0.4,0.0,No_Alert
Odisha,Cuttack,Cuttack,20.52,85.68,2023-10-18,21.7,7.4,48.9,0.0,0.4,0.0,No_Alert
Odisha,Cuttack,Cuttack,20.52,85.68,2023-10-20,21.6,8.9,49.6,0.0,0.4,0.0,No_Alert
Odisha,Cuttack,Cuttack,20.52,85.68,2023-10-22,19.0,9.7,48.1,0.0,0.4,0.0,No_Alert
Odisha,Cuttack,Cuttack,20.52,85.68,2023-10-24,18.8,5.4,42.6,0.5,0.4,0.0,No_Alert
Odisha,Cuttack,Cuttack,20.52,85.68,2023-10-26,17.1,7.5,51.6,0.0,0.4,0.0,No_Alert
Odisha,Cuttack,Cuttack,20.52,85.68,2023-10-28,20.3,6.9,46.4,0.0,0.4,0.0,No_Alert
Odisha,Cuttack,Cuttack,20.52,85.68,2023-10-30,21.2,5.0,44.9,0.0,0.4,0.0,No_Alert
Odisha,Cuttack,Cuttack,20.52,85.68,2023-11-01,17.6,3.5,44.1,0.0,0.4,0.0,No_Alert
Odisha,Cuttack,Cuttack,20.52,85.68,2023-11-03,17.1,4.4,41.4,0.0,0.4,0.0,No_Alert
Odisha,Cuttack,Cuttack,20.52,85.68,2023-11-05,19.9,6.8,54.0,0.0,0.4,0.0,No_Alert
Odisha,Cuttack,Cuttack,20.52,85.68,2023-11-07,19.5,5.4,53.5,0.0,0.4,0.0,No_Alert
Odisha,Cuttack,Cuttack,20.52,85.68,2023-11-09,21.1,3.7,52.4,0.0,0.4,0.0,No_Alert
Odisha,Cuttack,Cuttack,20.52,85.68,2023-11-11,19.0,4.2,45.9,0.0,0.4,0.0,No_Alert
Odisha,Cuttack,Cuttack,20.52,85.68,2023-11-13,20.5,5.3,42.6,0.0,0.4,0.0,No_Alert
Odisha,Cuttack,Cuttack,20.52,85.68,2023-11-15,17.6,1.7,38.3,0.0,0.4,0.0,No_Alert
Odisha,Cuttack,Cuttack,20.52,85.68,2023-11-17,15.0,6.3,52.8,0.0,0.4,0.0,No_Alert
Odisha,Cuttack,Cuttack,20.52,85.68,2023-11-19,19.6,5.8,53.0,0.0,0.4,0.0,No_Alert
Odisha,Cuttack,Cuttack,20.52,85.68,2023-11-21,16.4,7.5,51.9,0.0,0.4,0.0,No_Alert
Odisha,Cuttack,Cuttack,20.52,85.68,2023-11-23,17.0,3.9,46.3,0.0,0.4,0.0,No_Alert
Odisha,Cuttack,Cuttack,20.52,85.68,2023-11-25,16.4,4.5,53.0,0.0,0.4,0.0,No_Alert
Odisha,Cuttack,Cuttack,20.52,85.68,2023-11-27,17.8,6.4,51.4,0.5,0.4,0.0,No_Alert
Odisha,Cuttack,Cuttack,20.52,85.68,2023-11-29,16.5,6.6,43.1,0.0,0.4,0.0,No_Alert
Odisha,Cuttack,Cuttack,20.52,85.68,2023-12-01,16.2,5.6,48.3,0.0,0.4,0.0,No_Alert
Odisha,Cuttack,Cuttack,20.52,85.68,2023-12-03,18.6,3.4,51.8,0.0,0.4,0.0,No_Alert
Odisha,Cuttack,Cuttack,20.52,85.68,2023-12-05,16.7,4.3,38.3,0.0,0.4,0.0,No_Alert
Odisha,Cuttack,Cuttack,20.52,85.68,2023-12-07,20.8,7.2,46.8,0.0,0.4,0.0,No_Alert
Odisha,Cuttack,Cuttack,20.52,85.68,2023-12-09,19.2,3.6,53.8,0.0,0.4,0.0,No_Alert
Odisha,Cuttack,Cuttack,20.52,85.68,2023-12-11,16.5,4.6,50.6,0.0,0.4,0.0,No_Alert
Odisha,Cuttack,Cuttack,20.52,85.68,2023-12-13,22.1,9.0,40.1,0.0,0.4,0.0,No_Alert
Odisha,Cuttack,Cuttack,20.52,85.68,2023-12-15,22.0,9.0,38.3,0.0,0.4,0.0,No_Alert
Odisha,Cuttack,Cuttack,20.52,85.68,2023-12-17,21.9,5.6,51.9,0.0,0.4,0.0,No_Alert
Odisha,Cuttack,Cuttack,20.52,85.68,2023-12-19,22.7,9.0,45.6,0.0,0.4,0.0,No_Alert
Odisha,Cuttack,Cuttack,20.52,85.68,2023-12-21,22.9,7.2,45.9,0.0,0.4,0.0,No_Alert
Odisha,Cuttack,Cuttack,20.52,85.68,2023-12-23,21.4,11.9,53.8,0.0,0.4,0.0,No_Alert
Odisha,Cuttack,Cuttack,20.52,85.68,2023-12-25,22.9,7.4,46.1,0.0,0.4,0.0,No_Alert
Odisha,Cuttack,Cuttack,20.52,85.68,2023-12-27,21.9,11.5,42.5,0.0,0.4,0.0,No_Alert
Odisha,Cuttack,Cuttack,20.52,85.68,2023-12-29,22.5,6.2,48.5,0.2,0.4,0.0,No_Alert
Odisha,Cuttack,Cuttack,20.52,85.68,2023-12-31,24.5,8.8,42.6,0.0,0.4,0.0,No_Alert
Chhattisgarh,Raipur,Raipur,21.19,81.97,2023-01-01,21.4,9.6,38.2,0.0,0.4,0.0,No_Alert
Chhattisgarh,Raipur,Raipur,21.19,81.97,2023-01-03,23.1,9.2,50.4,0.0,0.4,0.0,No_Alert
Chhattisgarh,Raipur,Raipur,21.19,81.97,2023-01-05,20.4,8.3,50.3,0.8,0.4,0.0,No_Alert
Chhattisgarh,Raipur,Raipur,21.19,81.97,2023-01-07,25.5,11.6,50.1,0.1,0.4,0.0,No_Alert
Chhattisgarh,Raipur,Raipur,21.19,81.97,2023-01-09,22.1,13.1,44.0,0.0,0.4,0.0,No_Alert
Chhattisgarh,Raipur,Raipur,21.19,81.97,2023-01-11,26.2,10.4,50.9,0.0,0.4,0.0,No_Alert
Chhattisgarh,Raipur,Raipur,21.19,81.97,2023-01-13,27.2,12.4,45.0,0.0,0.4,0.0,No_Alert
Chhattisgarh,Raipur,Raipur,21.19,81.97,2023-01-15,25.3,15.1,51.5,0.0,0.4,0.0,No_Alert
Chhattisgarh,Raipur,Raipur,21.19,81.97,2023-01-17,22.3,10.1,43.8,0.0,0.4,0.0,No_Alert
Chhattisgarh,Raipur,Raipur,21.19,81.97,2023-01-19,27.9,12.9,52.6,0.0,0.4,0.0,No_Alert
Chhattisgarh,Raipur,Raipur,21.19,81.97,2023-01-21,27.6,13.2,40.3,0.0,0.4,0.0,No_Alert
Chhattisgarh,Raipur,Raipur,21.19,81.97,2023-01-23,27.9,13.5,49.8,0.0,0.4,0.0,No_Alert
Chhattisgarh,Raipur,Raipur,21.19,81.97,2023-01-25,26.8,12.5,44.6,0.0,0.4,0.0,No_Alert
Chhattisgarh,Raipur,Raipur,21.19,81.97,2023-01-27,26.0,15.2,47.3,0.0,0.4,0.0,No_Alert
Chhattisgarh,Raipur,Raipur,21.19,81.97,2023-01-29,26.3,15.8,38.4,0.0,0.4,0.0,No_Alert
Chhattisgarh,Raipur,Raipur,21.19,81.97,2023-01-31,29.9,14.1,38.9,0.0,0.4,0.0,No_Alert
Chhattisgarh,Raipur,Raipur,21.19,81.97,2023-02-02,27.9,16.7,49.2,0.7,0.4,0.0,No_Alert
Chhattisgarh,Raipur,Raipur,21.19,81.97,2023-02-04,28.7,16.3,51.4,0.0,0.4,0.0,No_Alert
Chhattisgarh,Raipur,Raipur,21.19,81.97,2023-02-06,30.0,18.3,48.1,0.0,0.4,0.0,No_Alert
Chhattisgarh,Raipur,Raipur,21.19,81.97,2023-02-08,32.5,18.6,42.7,0.8,0.4,0.0,No_Alert
Chhattisgarh,Raipur,Raipur,21.19,81.97,2023-02-10,30.9,18.3,51.4,0.2,0.4,0.0,No_Alert
Chhattisgarh,Raipur,Raipur,21.19,81.97,2023-02-12,30.3,17.0,42.9,0.0,0.4,0.0,No_Alert
Chhattisgarh,Raipur,Raipur,21.19,81.97,2023-02-14,29.8,18.2,50.0,0.0,0.4,0.0,No_Alert
Chhattisgarh,Raipur,Raipur,21.19,81.97,2023-02-16,31.6,19.6,42.1,0.0,0.4,0.0,No_Alert
Chhattisgarh,Raipur,Raipur,21.19,81.97,2023-02-18,28.5,15.7,51.3,0.0,0.4,0.0,No_Alert
Chhattisgarh,Raipur,Raipur,21.19,81.97,2023-02-20,33.0,19.5,39.0,0.0,0.4,0.0,No_Alert
Chhattisgarh,Raipur,Raipur,21.19,81.97,2023-02-22,34.4,19.6,46.9,0.8,0.4,0.0,No_Alert
Chhattisgarh,Raipur,Raipur,21.19,81.97,2023-02-24,36.1,19.9,43.0,0.0,0.4,0.0,No_Alert
Chhattisgarh,Raipur,Raipur,21.19,81.97,2023-02-26,34.8,21.1,51.8,0.0,0.4,0.0,No_Alert
Chhattisgarh,Raipur,Raipur,21.19,81.97,2023-02-28,31.9,22.6,40.0,0.4,0.4,0.0,No_Alert
Chhattisgarh,Raipur,Raipur,21.19,81.97,2023-03-02,36.6,21.3,44.5,0.0,0.4,0.0,No_Alert
Chhattisgarh,Raipur,Raipur,21.19,81.97,2023-03-04,37.8,22.7,50.9,0.0,0.4,0.0,No_Alert
Chhattisgarh,Raipur,Raipur,21.19,81.97,2023-03-06,33.3,20.7,38.9,0.0,0.4,0.0,No_Alert
Chhattisgarh,Raipur,Raipur,21.19,81.97,2023-03-08,33.9,21.6,52.9,0.0,0.4,0.0,No_Alert
Chhattisgarh,Raipur,Raipur,21.19,81.97,2023-03-10,37.1,24.0,46.5,0.0,0.4,0.0,No_Alert
Chhattisgarh,Raipur,Raipur,21.19,81.97,2023-03-12,36.1,24.7,50.2,0.0,0.4,0.0,No_Alert
Chhattisgarh,Raipur,Raipur,21.19,81.97,2023-03-14,36.4,26.0,42.4,0.0,0.4,0.0,No_Alert
Chhattisgarh,Raipur,Raipur,21.19,81.97,2023-03-16,37.7,24.3,52.5,0.0,0.4,0.0,No_Alert
Chhattisgarh,Raipur,Raipur,21.19,81.97,2023-03-18,38.1,22.7,44.5,0.0,0.4,0.0,No_Alert
Chhattisgarh,Raipur,Raipur,21.19,81.97,2023-03-20,39.8,27.2,49.6,0.0,0.4,0.0,No_Alert
Chhattisgarh,Raipur,Raipur,21.19,81.97,2023-03-22,38.3,25.3,45.3,0.0,0.4,0.0,No_Alert
Chhattisgarh,Raipur,Raipur,21.19,81.97,2023-03-24,40.8,27.8,44.3,0.0,0.4,0.0,No_Alert
Chhattisgarh,Raipur,Raipur,21.19,81.97,2023-03-26,43.7,30.8,43.8,0.0,0.4,0.0,No_Alert
Chhattisgarh,Raipur,Raipur,21.19,81.97,2023-03-28,39.5,27.0,38.3,0.0,0.4,0.0,No_Alert
Chhattisgarh,Raipur,Raipur,21.19,81.97,2023-03-30,39.0,26.4,41.1,0.0,0.4,0.0,No_Alert
Chhattisgarh,Raipur,Raipur,21.19,81.97,2023-04-01,43.7,27.5,47.6,0.1,0.4,0.0,No_Alert
Chhattisgarh,Raipur,Raipur,21.19,81.97,2023-04-03,43.7,27.8,39.7,0.0,0.4,0.0,No_Alert
Chhattisgarh,Raipur,Raipur,21.19,81.97,2023-04-05,42.0,29.3,50.1,0.1,0.4,0.0,No_Alert
Chhattisgarh,Raipur,Raipur,21.19,81.97,2023-04-07,40.7,28.4,41.4,0.8,0.4,0.0,No_Alert
Chhattisgarh,Raipur,Raipur,21.19,81.97,2023-04-09,43.3,30.4,49.1,0.0,0.4,0.0,No_Alert
Chhattisgarh,Raipur,Raipur,21.19,81.97,2023-04-11,39.5,29.8,40.5,0.0,0.4,0.0,No_Alert
Chhattisgarh,Raipur,Raipur,21.19,81.97,2023-04-13,44.0,30.8,38.4,0.0,0.4,0.0,No_Alert
Chhattisgarh,Raipur,Raipur,21.19,81.97,2023-04-15,42.3,28.7,44.6,0.0,0.4,0.0,No_Alert
Chhattisgarh,Raipur,Raipur,21.19,81.97,2023-04-17,43.0,31.6,42.3,0.1,0.4,0.0,No_Alert
Chhattisgarh,Raipur,Raipur,21.19,81.97,2023-04-19,42.2,34.1,48.9,0.0,0.4,0.0,No_Alert
Chhattisgarh,Raipur,Raipur,21.19,81.97,2023-04-21,44.0,31.7,44.9,0.0,0.4,0.0,No_Alert
Chhattisgarh,Raipur,Raipur,21.19,81.97,2023-04-23,41.1,31.4,39.1,0.0,0.4,0.0,No_Alert
Chhattisgarh,Raipur,Raipur,21.19,81.97,2023-04-25,45.2,33.0,46.0,0.0,0.4,0.0,No_Alert
Chhattisgarh,Raipur,Raipur,21.19,81.97,2023-04-27,41.7,30.9,51.0,0.0,0.4,0.0,No_Alert
Chhattisgarh,Raipur,Raipur,21.19,81.97,2023-04-29,44.2,30.9,53.0,0.0,0.4,0.0,No_Alert
Chhattisgarh,Raipur,Raipur,21.19,81.97,2023-05-01,43.9,31.7,41.2,0.0,0.4,0.0,No_Alert
Chhattisgarh,Raipur,Raipur,21.19,81.97,2023-05-03,43.3,31.6,40.4,0.0,0.4,0.0,No_Alert
Chhattisgarh,Raipur,Raipur,21.19,81.97,2023-05-05,43.0,29.5,48.9,0.0,0.4,0.0,No_Alert
Chhattisgarh,Raipur,Raipur,21.19,81.97,2023-05-07,43.8,31.7,42.1,0.0,0.4,0.0,No_Alert
Chhattisgarh,Raipur,Raipur,21.19,81.97,2023-05-09,45.1,35.0,45.2,0.0,0.4,0.0,No_Alert
Chhattisgarh,Raipur,Raipur,21.19,81.97,2023-05-11,45.6,31.9,40.0,0.0,0.4,0.0,No_Alert
Chhattisgarh,Raipur,Raipur,21.19,81.97,2023-05-13,45.4,32.8,42.7,0.0,0.4,0.0,No_Alert
Chhattisgarh,Raipur,Raipur,21.19,81.97,2023-05-15,43.6,31.0,54.1,0.0,0.4,0.0,No_Alert
Chhattisgarh,Raipur,Raipur,21.19,81.97,2023-05-17,44.4,31.1,48.9,0.0,0.4,0.0,No_Alert
Chhattisgarh,Raipur,Raipur,21.19,81.97,2023-05-19,43.7,29.9,42.6,0.0,0.4,0.0,No_Alert
Chhattisgarh,Raipur,Raipur,21.19,81.97,2023-05-21,45.4,31.3,43.1,0.0,0.4,0.0,No_Alert
Chhattisgarh,Raipur,Raipur,21.19,81.97,2023-05-23,44.7,28.9,52.8,0.0,0.4,0.0,No_Alert
Chhattisgarh,Raipur,Raipur,21.19,81.97,2023-05-25,42.2,30.7,38.3,0.0,0.4,0.0,No_Alert
Chhattisgarh,Raipur,Raipur,21.19,81.97,2023-05-27,43.6,32.3,44.1,0.6,0.4,0.0,No_Alert
Chhattisgarh,Raipur,Raipur,21.19,81.97,2023-05-29,46.7,32.5,39.2,0.0,0.4,0.0,No_Alert
Chhattisgarh,Raipur,Raipur,21.19,81.97,2023-05-31,42.6,31.1,38.3,0.8,0.4,0.0,No_Alert
Chhattisgarh,Raipur,Raipur,21.19,81.97,2023-06-02,43.0,29.3,52.7,0.0,3.8,-100.0,No_Alert
Chhattisgarh,Raipur,Raipur,21.19,81.97,2023-06-04,44.8,33.0,54.0,0.0,4.2,-100.0,No_Alert
Chhattisgarh,Raipur,Raipur,21.19,81.97,2023-06-06,42.2,32.2,63.3,6.6,4.6,43.5,No_Alert
Chhattisgarh,Raipur,Raipur,21.19,81.97,2023-06-08,41.9,28.7,56.2,0.0,5.0,-100.0,No_Alert
Chhattisgarh,Raipur,Raipur,21.19,81.97,2023-06-10,45.4,34.5,66.5,0.0,5.4,-100.0,No_Alert
Chhattisgarh,Raipur,Raipur,21.19,81.97,2023-06-12,40.7,29.1,62.5,1.9,5.8,-67.2,No_Alert
Chhattisgarh,Raipur,Raipur,21.19,81.97,2023-06-14,42.8,28.1,60.1,0.0,6.2,-100.0,No_Alert
Chhattisgarh,Raipur,Raipur,21.19,81.97,2023-06-16,45.5,30.8,70.1,5.2,6.5,-20.0,No_Alert
Chhattisgarh,Raipur,Raipur,21.19,81.97,2023-06-18,45.1,31.9,65.9,1.7,6.9,-75.4,No_Alert
Chhattisgarh,Raipur,Raipur,21.19,81.97,2023-06-20,42.5,29.1,69.2,0.0,7.3,-100.0,No_Alert
Chhattisgarh,Raipur,Raipur,21.19,81.97,2023-06-22,45.6,29.0,65.6,9.6,7.6,26.3,No_Alert
Chhattisgarh,Raipur,Raipur,21.19,81.97,2023-06-24,43.7,30.2,69.4,12.7,8.0,58.7,No_Alert
Chhattisgarh,Raipur,Raipur,21.19,81.97,2023-06-26,41.8,30.7,68.8,0.0,8.3,-100.0,No_Alert
Chhattisgarh,Raipur,Raipur,21.19,81.97,2023-06-28,41.8,30.5,81.0,0.0,8.6,-100.0,No_Alert
Chhattisgarh,Raipur,Raipur,21.19,81.97,2023-06-30,42.4,27.7,69.3,13.5,8.9,51.7,No_Alert
Chhattisgarh,Raipur,Raipur,21.19,81.97,2023-07-02,42.3,31.0,69.6,1.0,9.2,-89.1,No_Alert
Chhattisgarh,Raipur,Raipur,21.19,81.97,2023-07-04,38.6,29.1,81.8,8.3,9.5,-12.6,No_Alert
Chhattisgarh,Raipur,Raipur,21.19,81.97,2023-07-06,41.9,24.8,74.0,0.0,9.7,-100.0,No_Alert
Chhattisgarh,Raipur,Raipur,21.19,81.97,2023-07-08,36.6,25.3,72.1,5.0,10.0,-50.0,No_Alert
Chhattisgarh,Raipur,Raipur,21.19,81.97,2023-07-10,36.8,24.2,78.0,13.8,10.2,35.3,No_Alert
Chhattisgarh,Raipur,Raipur,21.19,81.97,2023-07-12,37.8,28.1,85.5,4.8,10.4,-53.8,No_Alert
Chhattisgarh,Raipur,Raipur,21.19,81.97,2023-07-14,39.2,27.6,76.5,4.3,10.6,-59.4,No_Alert
Chhattisgarh,Raipur,Raipur,21.19,81.97,2023-07-16,38.3,23.5,85.9,13.4,10.8,24.1,No_Alert
Chhattisgarh,Raipur,Raipur,21.19,81.97,2023-07-18,40.3,24.2,85.6,0.0,10.9,-100.0,No_Alert
Chhattisgarh,Raipur,Raipur,21.19,81.97,2023-07-20,39.0,23.4,79.1,0.0,11.1,-100.0,No_Alert
Chhattisgarh,Raipur,Raipur,21.19,81.97,2023-07-22,37.3,21.0,75.3,18.2,11.2,62.5,No_Alert
Chhattisgarh,Raipur,Raipur,21.19,81.97,2023-07-24,36.7,24.4,78.5,13.8,11.2,23.2,No_Alert
Chhattisgarh,Raipur,Raipur,21.19,81.97,2023-07-26,32.9,20.2,80.4,0.0,11.3,-100.0,No_Alert
Chhattisgarh,Raipur,Raipur,21.19,81.97,2023-07-28,33.4,19.0,76.3,0.0,11.4,-100.0,No_Alert
Chhattisgarh,Raipur,Raipur,21.19,81.97,2023-07-30,37.2,23.5,78.6,0.0,11.4,-100.0,No_Alert
Chhattisgarh,Raipur,Raipur,21.19,81.97,2023-08-01,33.6,24.6,78.9,7.1,11.4,-37.7,No_Alert
Chhattisgarh,Raipur,Raipur,21.19,81.97,2023-08-03,36.5,20.9,83.1,15.3,11.4,34.2,No_Alert
Chhattisgarh,Raipur,Raipur,21.19,81.97,2023-08-05,32.7,20.2,80.1,8.8,11.3,-22.1,No_Alert
Chhattisgarh,Raipur,Raipur,21.19,81.97,2023-08-07,34.8,21.6,89.0,21.6,11.3,91.2,No_Alert
Chhattisgarh,Raipur,Raipur,21.19,81.97,2023-08-09,30.4,17.8,87.7,0.0,11.2,-100.0,No_Alert
Chhattisgarh,Raipur,Raipur,21.19,81.97,2023-08-11,33.5,19.8,84.4,2.1,11.1,-81.1,No_Alert
Chhattisgarh,Raipur,Raipur,21.19,81.97,2023-08-13,29.5,19.1,83.6,0.0,11.0,-100.0,No_Alert
Chhattisgarh,Raipur,Raipur,21.19,81.97,2023-08-15,34.3,18.4,76.9,19.1,10.8,76.9,No_Alert
Chhattisgarh,Raipur,Raipur,21.19,81.97,2023-08-17,33.2,18.9,76.0,6.1,10.7,-43.0,No_Alert
Chhattisgarh,Raipur,Raipur,21.19,81.97,2023-08-19,30.5,16.4,82.8,0.0,10.5,-100.0,No_Alert
Chhattisgarh,Raipur,Raipur,21.19,81.97,2023-08-21,33.1,15.6,80.7,0.0,10.3,-100.0,No_Alert
Chhattisgarh,Raipur,Raipur,21.19,81.97,2023-08-23,30.4,18.4,84.1,16.1,10.1,59.4,No_Alert
Chhattisgarh,Raipur,Raipur,21.19,81.97,2023-08-25,27.7,15.4,73.0,11.1,9.9,12.1,No_Alert
Chhattisgarh,Raipur,Raipur,21.19,81.97,2023-08-27,27.4,19.0,79.9,0.0,9.6,-100.0,No_Alert
Chhattisgarh,Raipur,Raipur,21.19,81.97,2023-08-29,28.9,14.0,75.7,19.0,9.3,104.3,No_Alert
Chhattisgarh,Raipur,Raipur,21.19,81.97,2023-08-31,26.0,14.5,70.1,12.8,9.1,40.7,No_Alert
Chhattisgarh,Raipur,Raipur,21.19,81.97,2023-09-02,29.6,17.9,70.0,0.0,8.8,-100.0,No_Alert
Chhattisgarh,Raipur,Raipur,21.19,81.97,2023-09-04,28.6,11.4,80.5,2.7,8.5,-68.2,No_Alert
Chhattisgarh,Raipur,Raipur,21.19,81.97,2023-09-06,26.7,10.7,76.7,17.7,8.1,118.5,No_Alert
Chhattisgarh,Raipur,Raipur,21.19,81.97,2023-09-08,25.7,13.3,64.4,0.0,7.8,-100.0,No_Alert
Chhattisgarh,Raipur,Raipur,21.19,81.97,2023-09-10,24.4,10.9,72.8,0.0,7.5,-100.0,No_Alert
Chhattisgarh,Raipur,Raipur,21.19,81.97,2023-09-12,23.7,12.8,62.7,4.9,7.1,-31.0,No_Alert
Chhattisgarh,Raipur,Raipur,21.19,81.97,2023-09-14,26.3,14.8,67.3,0.0,6.7,-100.0,No_Alert
Chhattisgarh,Raipur,Raipur,21.19,81.97,2023-09-16,26.6,10.2,70.6,0.0,6.3,-100.0,No_Alert
Chhattisgarh,Raipur,Raipur,21.19,81.97,2023-09-18,26.4,14.2,66.2,0.0,6.0,-100.0,No_Alert
Chhattisgarh,Raipur,Raipur,21.19,81.97,2023-09-20,24.9,10.4,57.7,1.2,5.6,-78.6,No_Alert
Chhattisgarh,Raipur,Raipur,21.19,81.97,2023-09-22,24.5,9.9,67.0,0.0,5.2,-100.0,No_Alert
Chhattisgarh,Raipur,Raipur,21.19,81.97,2023-09-24,22.6,12.9,56.6,1.5,4.8,-68.8,No_Alert
Chhattisgarh,Raipur,Raipur,21.19,81.97,2023-09-26,22.4,8.5,62.7,9.0,4.4,104.5,No_Alert
Chhattisgarh,Raipur,Raipur,21.19,81.97,2023-09-28,20.5,10.6,65.4,3.1,4.0,-22.5,No_Alert
Chhattisgarh,Raipur,Raipur,21.19,81.97,2023-09-30,19.8,7.0,56.2,0.0,3.6,-100.0,No_Alert
Chhattisgarh,Raipur,Raipur,21.19,81.97,2023-10-02,22.6,6.3,46.9,0.0,0.4,0.0,No_Alert
Chhattisgarh,Raipur,Raipur,21.19,81.97,2023-10-04,19.2,8.2,49.2,0.0,0.4,0.0,No_Alert
Chhattisgarh,Raipur,Raipur,21.19,81.97,2023-10-06,21.8,5.0,49.1,0.0,0.4,0.0,No_Alert
Chhattisgarh,Raipur,Raipur,21.19,81.97,2023-10-08,23.2,7.6,45.6,0.0,0.4,0.0,No_Alert
Chhattisgarh,Raipur,Raipur,21.19,81.97,2023-10-10,22.4,8.5,42.1,0.0,0.4,0.0,No_Alert
Chhattisgarh,Raipur,Raipur,21.19,81.97,2023-10-12,19.1,6.2,39.4,0.0,0.4,0.0,No_Alert
Chhattisgarh,Raipur,Raipur,21.19,81.97,2023-10-14,21.8,10.0,47.1,0.0,0.4,0.0,No_Alert
Chhattisgarh,Raipur,Raipur,21.19,81.97,2023-10-16,20.0,3.1,39.6,0.9,0.4,0.0,No_Alert
Chhattisgarh,Raipur,Raipur,21.19,81.97,2023-10-18,17.6,6.1,39.4,0.3,0.4,0.0,No_Alert
Chhattisgarh,Raipur,Raipur,21.19,81.97,2023-10-20,19.7,6.0,50.0,0.0,0.4,0.0,No_Alert
Chhattisgarh,Raipur,Raipur,21.19,81.97,2023-10-22,21.9,8.6,44.0,0.0,0.4,0.0,No_Alert
Chhattisgarh,Raipur,Raipur,21.19,81.97,2023-10-24,17.3,3.4,45.7,0.0,0.4,0.0,No_Alert
Chhattisgarh,Raipur,Raipur,21.19,81.97,2023-10-26,17.4,6.2,47.4,0.0,0.4,0.0,No_Alert
Chhattisgarh,Raipur,Raipur,21.19,81.97,2023-10-28,18.4,8.9,39.4,0.0,0.4,0.0,No_Alert
Chhattisgarh,Raipur,Raipur,21.19,81.97,2023-10-30,18.4,6.8,51.8,0.0,0.4,0.0,No_Alert
Chhattisgarh,Raipur,Raipur,21.19,81.97,2023-11-01,15.3,3.8,49.1,0.0,0.4,0.0,No_Alert
Chhattisgarh,Raipur,Raipur,21.19,81.97,2023-11-03,18.6,3.2,42.5,0.0,0.4,0.0,No_Alert
Chhattisgarh,Raipur,Raipur,21.19,81.97,2023-11-05,17.3,2.5,40.9,0.0,0.4,0.0,No_Alert
Chhattisgarh,Raipur,Raipur,21.19,81.97,2023-11-07,14.9,3.5,44.5,0.0,0.4,0.0,No_Alert
Chhattisgarh,Raipur,Raipur,21.19,81.97,2023-11-09,16.7,3.0,41.3,0.0,0.4,0.0,No_Alert
Chhattisgarh,Raipur,Raipur,21.19,81.97,2023-11-11,21.2,3.9,39.8,0.1,0.4,0.0,No_Alert
Chhattisgarh,Raipur,Raipur,21.19,81.97,2023-11-13,18.1,1.8,38.8,0.0,0.4,0.0,No_Alert
Chhattisgarh,Raipur,Raipur,21.19,81.97,2023-11-15,20.5,5.1,44.7,0.0,0.4,0.0,No_Alert
Chhattisgarh,Raipur,Raipur,21.19,81.97,2023-11-17,16.2,2.5,42.4,0.0,0.4,0.0,No_Alert
Chhattisgarh,Raipur,Raipur,21.19,81.97,2023-11-19,18.8,4.2,52.9,0.0,0.4,0.0,No_Alert
Chhattisgarh,Raipur,Raipur,21.19,81.97,2023-11-21,21.1,7.6,42.3,0.0,0.4,0.0,No_Alert
Chhattisgarh,Raipur,Raipur,21.19,81.97,2023-11-23,18.6,7.1,47.0,0.9,0.4,0.0,No_Alert
Chhattisgarh,Raipur,Raipur,21.19,81.97,2023-11-25,19.6,5.1,40.7,0.0,0.4,0.0,No_Alert
Chhattisgarh,Raipur,Raipur,21.19,81.97,2023-11-27,16.4,2.6,39.6,0.0,0.4,0.0,No_Alert
Chhattisgarh,Raipur,Raipur,21.19,81.97,2023-11-29,21.1,4.0,49.8,0.0,0.4,0.0,No_Alert
Chhattisgarh,Raipur,Raipur,21.19,81.97,2023-12-01,17.9,2.9,38.2,0.0,0.4,0.0,No_Alert
Chhattisgarh,Raipur,Raipur,21.19,81.97,2023-12-03,19.7,4.6,43.7,0.0,0.4,0.0,No_Alert
Chhattisgarh,Raipur,Raipur,21.19,81.97,2023-12-05,18.7,4.9,50.8,0.0,0.4,0.0,No_Alert
Chhattisgarh,Raipur,Raipur,21.19,81.97,2023-12-07,16.9,2.2,45.6,0.0,0.4,0.0,No_Alert
Chhattisgarh,Raipur,Raipur,21.19,81.97,2023-12-09,19.1,4.7,52.7,0.0,0.4,0.0,No_Alert
Chhattisgarh,Raipur,Raipur,21.19,81.97,2023-12-11,15.2,4.8,44.7,0.0,0.4,0.0,No_Alert
Chhattisgarh,Raipur,Raipur,21.19,81.97,2023-12-13,20.2,6.5,42.3,0.0,0.4,0.0,No_Alert
Chhattisgarh,Raipur,Raipur,21.19,81.97,2023-12-15,22.7,6.0,43.6,0.9,0.4,0.0,No_Alert
Chhattisgarh,Raipur,Raipur,21.19,81.97,2023-12-17,18.7,7.6,49.0,0.0,0.4,0.0,No_Alert
Chhattisgarh,Raipur,Raipur,21.19,81.97,2023-12-19,22.0,6.4,41.3,0.0,0.4,0.0,No_Alert
Chhattisgarh,Raipur,Raipur,21.19,81.97,2023-12-21,17.7,7.6,51.4,0.0,0.4,0.0,No_Alert
Chhattisgarh,Raipur,Raipur,21.19,81.97,2023-12-23,18.5,4.4,38.8,0.0,0.4,0.0,No_Alert
Chhattisgarh,Raipur,Raipur,21.19,81.97,2023-12-25,22.0,6.6,49.4,0.0,0.4,0.0,No_Alert
Chhattisgarh,Raipur,Raipur,21.19,81.97,2023-12-27,18.6,6.2,46.5,0.0,0.4,0.0,No_Alert
Chhattisgarh,Raipur,Raipur,21.19,81.97,2023-12-29,20.3,9.9,44.9,0.0,0.4,0.0,No_Alert
Chhattisgarh,Raipur,Raipur,21.19,81.97,2023-12-31,24.1,7.3,38.2,0.0,0.4,0.0,No_Alert
