State,District,Village,Latitude,Longitude,Date,Temp_Mean_C,Temp_Max_C,Temp_Min_C,Humidity_percent,Rainfall_mm,Solar_Radiation_MJ_per_m2_day,Wind_Speed_m_per_s,Surface_Pressure_kPa
Punjab,Ludhiana,Sahnewal,30.9,75.85,2023-01-01,8.23,12.83,1.63,40.0,0.0,20.94,3.91,100.62
Punjab,Ludhiana,Sahnewal,30.9,75.85,2023-01-04,9.27,13.55,4.91,45.6,0.1,19.97,3.22,100.77
Punjab,Ludhiana,Sahnewal,30.9,75.85,2023-01-07,10.59,18.38,4.28,45.1,0.2,19.66,3.32,100.71
Punjab,Ludhiana,Sahnewal,30.9,75.85,2023-01-10,9.83,15.07,2.57,41.7,0.0,22.03,2.16,100.89
Punjab,Ludhiana,Sahnewal,30.9,75.85,2023-01-13,11.92,16.17,7.68,42.1,0.1,21.19,2.28,100.95
Punjab,Ludhiana,Sahnewal,30.9,75.85,2023-01-16,12.0,19.18,5.21,42.7,0.0,21.58,4.02,101.29
Punjab,Ludhiana,Sahnewal,30.9,75.85,2023-01-19,14.14,19.29,6.22,40.7,0.0,22.5,3.47,100.62
Punjab,Ludhiana,Sahnewal,30.9,75.85,2023-01-22,14.82,21.88,8.53,52.8,0.0,22.26,3.75,101.07
Punjab,Ludhiana,Sahnewal,30.9,75.85,2023-01-25,15.45,21.27,8.09,53.9,0.0,22.13,4.24,101.11
Punjab,Ludhiana,Sahnewal,30.9,75.85,2023-01-28,17.59,24.88,12.45,45.0,0.0,19.57,3.38,100.96
Punjab,Ludhiana,Sahnewal,30.9,75.85,2023-01-31,16.04,20.5,11.8,51.1,0.0,20.47,1.23,100.66
Punjab,Ludhiana,Sahnewal,30.9,75.85,2023-02-03,17.81,24.01,10.28,51.9,0.1,20.59,4.08,100.92
Punjab,Ludhiana,Sahnewal,30.9,75.85,2023-02-06,18.48,26.02,10.65,41.2,0.0,20.4,2.92,101.06
Punjab,Ludhiana,Sahnewal,30.9,75.85,2023-02-09,19.14,23.15,13.46,44.7,0.0,23.29,3.95,101.14
Punjab,Ludhiana,Sahnewal,30.9,75.85,2023-02-12,20.85,27.32,14.14,39.7,0.1,22.59,4.06,100.9
Punjab,Ludhiana,Sahnewal,30.9,75.85,2023-02-15,21.45,25.86,14.91,39.8,0.0,20.31,1.53,100.72
Punjab,Ludhiana,Sahnewal,30.9,75.85,2023-02-18,22.22,26.43,18.22,41.2,0.0,20.93,4.81,101.08
Punjab,Ludhiana,Sahnewal,30.9,75.85,2023-02-21,22.6,27.61,17.21,44.6,0.0,22.87,3.12,101.39
Punjab,Ludhiana,Sahnewal,30.9,75.85,2023-02-24,24.49,30.43,20.15,40.4,0.0,20.53,3.08,100.61
Punjab,Ludhiana,Sahnewal,30.9,75.85,2023-02-27,26.88,33.0,22.3,47.5,0.0,21.59,2.28,101.37
Punjab,Ludhiana,Sahnewal,30.9,75.85,2023-03-02,27.54,34.33,22.5,44.7,0.0,22.56,1.1,100.85
Punjab,Ludhiana,Sahnewal,30.9,75.85,2023-03-05,26.53,33.78,18.59,52.4,0.1,22.75,2.45,101.18
Punjab,Ludhiana,Sahnewal,30.9,75.85,2023-03-08,27.44,33.51,22.01,39.3,0.0,20.59,2.71,101.36
Punjab,Ludhiana,Sahnewal,30.9,75.85,2023-03-11,28.97,36.72,21.02,54.1,0.0,20.36,4.33,100.77
Punjab,Ludhiana,Sahnewal,30.9,75.85,2023-03-14,29.08,33.9,22.58,53.2,0.1,21.39,1.77,100.66
Punjab,Ludhiana,Sahnewal,30.9,75.85,2023-03-17,31.3,38.94,24.17,50.8,0.0,20.19,1.33,101.22
Punjab,Ludhiana,Sahnewal,30.9,75.85,2023-03-20,31.12,38.33,23.24,45.1,0.0,23.26,2.7,100.69
Punjab,Ludhiana,Sahnewal,30.9,75.85,2023-03-23,31.36,38.98,24.14,41.1,0.1,23.4,2.2,101.12
Punjab,Ludhiana,Sahnewal,30.9,75.85,2023-03-26,32.71,38.9,28.19,39.0,0.2,22.07,0.5,100.94
Punjab,Ludhiana,Sahnewal,30.9,75.85,2023-03-29,34.99,42.3,30.15,42.8,0.0,20.44,2.41,101.06
Punjab,Ludhiana,Sahnewal,30.9,75.85,2023-04-01,33.84,39.52,29.32,53.4,0.0,21.31,0.92,100.93
Punjab,Ludhiana,Sahnewal,30.9,75.85,2023-04-04,36.47,42.48,30.34,47.2,0.0,21.24,1.72,100.74
Punjab,Ludhiana,Sahnewal,30.9,75.85,2023-04-07,34.34,41.54,29.65,46.4,0.1,21.7,2.24,101.04
Punjab,Ludhiana,Sahnewal,30.9,75.85,2023-04-10,37.26,41.69,31.02,42.8,0.0,22.56,3.87,101.0
Punjab,Ludhiana,Sahnewal,30.9,75.85,2023-04-13,37.13,44.17,29.48,45.9,0.0,21.5,1.27,100.95
Punjab,Ludhiana,Sahnewal,30.9,75.85,2023-04-16,37.54,43.45,29.77,50.0,0.1,23.24,2.68,100.8
Punjab,Ludhiana,Sahnewal,30.9,75.85,2023-04-19,38.07,45.84,30.71,41.0,0.0,21.24,3.47,100.65
Punjab,Ludhiana,Sahnewal,30.9,75.85,2023-04-22,38.81,45.94,31.22,41.3,0.1,22.12,3.13,100.71
Punjab,Ludhiana,Sahnewal,30.9,75.85,2023-04-25,39.81,47.68,34.93,54.0,0.0,21.42,4.69,100.72
Punjab,Ludhiana,Sahnewal,30.9,75.85,2023-04-28,38.78,44.84,33.42,41.9,0.0,22.36,2.68,100.61
Punjab,Ludhiana,Sahnewal,30.9,75.85,2023-05-01,39.42,45.18,35.34,44.1,0.0,21.52,5.47,101.22
Punjab,Ludhiana,Sahnewal,30.9,75.85,2023-05-04,40.89,45.31,35.83,39.4,0.1,20.56,3.94,100.69
Punjab,Ludhiana,Sahnewal,30.9,75.85,2023-05-07,39.42,47.06,32.14,42.9,0.0,23.15,1.4,100.66
Punjab,Ludhiana,Sahnewal,30.9,75.85,2023-05-10,38.45,45.2,32.75,40.0,0.1,22.01,2.13,101.23
Punjab,Ludhiana,Sahnewal,30.9,75.85,2023-05-13,38.61,46.03,34.34,52.6,0.0,20.83,0.64,100.81
Punjab,Ludhiana,Sahnewal,30.9,75.85,2023-05-16,38.77,44.88,33.82,40.6,0.0,19.68,2.05,100.75
Punjab,Ludhiana,Sahnewal,30.9,75.85,2023-05-19,39.3,44.52,32.26,43.4,0.0,20.19,2.69,100.79
Punjab,Ludhiana,Sahnewal,30.9,75.85,2023-05-22,38.34,45.27,32.14,41.8,0.0,23.21,2.96,100.68
Punjab,Ludhiana,Sahnewal,30.9,75.85,2023-05-25,40.63,46.36,34.65,52.2,0.0,21.5,1.72,100.87
Punjab,Ludhiana,Sahnewal,30.9,75.85,2023-05-28,40.51,47.33,33.96,45.3,0.0,19.69,0.3,100.69
Punjab,Ludhiana,Sahnewal,30.9,75.85,2023-05-31,38.01,44.97,32.98,41.4,0.0,22.84,3.82,100.82
Punjab,Ludhiana,Sahnewal,30.9,75.85,2023-06-03,38.26,43.43,32.42,52.9,1.6,17.15,1.72,101.36
Punjab,Ludhiana,Sahnewal,30.9,75.85,2023-06-06,40.14,46.33,35.16,67.9,1.2,16.93,3.78,100.97
Punjab,Ludhiana,Sahnewal,30.9,75.85,2023-06-09,38.37,43.18,32.35,54.5,1.1,15.27,2.81,100.91
Punjab,Ludhiana,Sahnewal,30.9,75.85,2023-06-12,36.59,40.68,31.37,60.2,3.6,16.45,2.8,101.16
Punjab,Ludhiana,Sahnewal,30.9,75.85,2023-06-15,38.66,44.21,33.35,74.1,0.7,16.66,1.34,101.11
Punjab,Ludhiana,Sahnewal,30.9,75.85,2023-06-18,35.66,43.0,28.09,70.3,6.4,16.46,3.58,100.99
Punjab,Ludhiana,Sahnewal,30.9,75.85,2023-06-21,37.5,44.72,30.2,71.4,11.7,15.41,3.74,101.15
Punjab,Ludhiana,Sahnewal,30.9,75.85,2023-06-24,35.12,39.24,30.59,69.6,0.6,15.51,1.49,101.09
Punjab,Ludhiana,Sahnewal,30.9,75.85,2023-06-27,35.86,41.82,31.85,78.3,8.2,13.7,2.29,101.02
Punjab,Ludhiana,Sahnewal,30.9,75.85,2023-06-30,35.15,39.42,28.21,71.1,0.5,12.3,2.71,101.18
Punjab,Ludhiana,Sahnewal,30.9,75.85,2023-07-03,35.42,41.4,29.89,76.2,7.6,13.88,2.13,101.08
Punjab,Ludhiana,Sahnewal,30.9,75.85,2023-07-06,33.71,38.02,29.12,73.9,9.3,11.64,2.66,100.64
Punjab,Ludhiana,Sahnewal,30.9,75.85,2023-07-09,31.84,38.53,25.07,81.8,2.4,12.14,2.73,100.96
Punjab,Ludhiana,Sahnewal,30.9,75.85,2023-07-12,31.66,36.13,24.08,75.3,27.9,13.51,3.9,101.25
Punjab,Ludhiana,Sahnewal,30.9,75.85,2023-07-15,32.36,38.16,27.29,76.4,21.8,10.34,2.92,101.06
Punjab,Ludhiana,Sahnewal,30.9,75.85,2023-07-18,29.05,35.15,21.24,75.9,13.2,11.3,3.98,100.78
Punjab,Ludhiana,Sahnewal,30.9,75.85,2023-07-21,30.47,36.41,26.37,74.5,5.3,10.89,1.78,100.83
Punjab,Ludhiana,Sahnewal,30.9,75.85,2023-07-24,27.33,32.7,22.06,88.3,0.0,11.95,3.07,101.33
Punjab,Ludhiana,Sahnewal,30.9,75.85,2023-07-27,28.15,35.76,22.99,81.2,4.0,12.85,2.37,101.06
Punjab,Ludhiana,Sahnewal,30.9,75.85,2023-07-30,26.19,31.9,21.09,76.2,0.9,12.14,2.28,100.79
Punjab,Ludhiana,Sahnewal,30.9,75.85,2023-08-02,24.98,31.03,20.22,81.4,25.0,12.34,5.08,101.24
Punjab,Ludhiana,Sahnewal,30.9,75.85,2023-08-05,25.14,32.8,17.38,84.0,10.1,9.05,2.68,101.19
Punjab,Ludhiana,Sahnewal,30.9,75.85,2023-08-08,24.24,29.39,20.05,89.7,1.1,10.83,1.71,100.87
Punjab,Ludhiana,Sahnewal,30.9,75.85,2023-08-11,22.26,29.21,14.35,78.6,8.3,10.29,1.86,100.72
Punjab,Ludhiana,Sahnewal,30.9,75.85,2023-08-14,20.9,25.73,13.27,81.7,1.9,12.89,2.45,101.39
Punjab,Ludhiana,Sahnewal,30.9,75.85,2023-08-17,20.81,25.37,16.04,74.5,3.1,9.86,2.85,101.05
Punjab,Ludhiana,Sahnewal,30.9,75.85,2023-08-20,21.17,28.17,15.52,78.7,5.4,11.27,3.57,100.86
Punjab,Ludhiana,Sahnewal,30.9,75.85,2023-08-23,17.75,22.86,9.88,73.0,5.0,12.6,3.25,100.81
Punjab,Ludhiana,Sahnewal,30.9,75.85,2023-08-26,17.36,22.96,11.58,85.1,12.9,13.92,2.27,100.61
Punjab,Ludhiana,Sahnewal,30.9,75.85,2023-08-29,15.78,22.62,8.2,76.1,5.8,10.81,1.02,101.25
Punjab,Ludhiana,Sahnewal,30.9,75.85,2023-09-01,17.33,25.22,12.34,68.8,1.0,13.32,4.24,101.14
Punjab,Ludhiana,Sahnewal,30.9,75.85,2023-09-04,16.68,23.57,10.09,77.7,3.6,13.89,4.49,100.78
Punjab,Ludhiana,Sahnewal,30.9,75.85,2023-09-07,15.73,22.31,10.51,65.9,1.6,14.72,3.23,101.15
Punjab,Ludhiana,Sahnewal,30.9,75.85,2023-09-10,12.43,16.71,6.33,71.4,2.6,13.57,2.68,100.83
Punjab,Ludhiana,Sahnewal,30.9,75.85,2023-09-13,12.62,20.46,6.05,74.4,3.1,14.15,2.71,100.79
Punjab,Ludhiana,Sahnewal,30.9,75.85,2023-09-16,13.3,20.11,8.07,58.7,3.1,16.46,2.12,101.12
Punjab,Ludhiana,Sahnewal,30.9,75.85,2023-09-19,12.39,17.29,8.25,61.8,2.2,17.06,3.17,100.75
Punjab,Ludhiana,Sahnewal,30.9,75.85,2023-09-22,11.23,18.18,5.21,57.7,12.7,16.16,3.11,100.77
Punjab,Ludhiana,Sahnewal,30.9,75.85,2023-09-25,10.37,15.55,2.56,60.3,0.7,16.4,2.14,100.92
Punjab,Ludhiana,Sahnewal,30.9,75.85,2023-09-28,9.37,17.17,4.79,56.7,0.7,20.0,3.0,100.64
Punjab,Ludhiana,Sahnewal,30.9,75.85,2023-10-01,7.87,15.47,0.34,50.5,0.3,23.2,3.05,100.85
Punjab,Ludhiana,Sahnewal,30.9,75.85,2023-10-04,6.6,14.35,-0.38,39.3,0.0,20.99,2.17,100.73
Punjab,Ludhiana,Sahnewal,30.9,75.85,2023-10-07,5.45,10.57,0.04,54.1,0.0,23.33,3.44,100.76
Punjab,Ludhiana,Sahnewal,30.9,75.85,2023-10-10,5.94,13.23,-1.35,45.7,0.0,21.37,1.24,100.75
Punjab,Ludhiana,Sahnewal,30.9,75.85,2023-10-13,5.43,13.02,1.31,45.4,0.1,22.54,4.41,100.62
Punjab,Ludhiana,Sahnewal,30.9,75.85,2023-10-16,3.96,8.21,-3.72,42.9,0.1,23.07,2.38,101.36
Punjab,Ludhiana,Sahnewal,30.9,75.85,2023-10-19,5.26,10.31,-1.61,43.9,0.0,19.49,3.48,101.2
Punjab,Ludhiana,Sahnewal,30.9,75.85,2023-10-22,5.75,12.29,-2.02,39.2,0.0,21.38,5.19,100.9
Punjab,Ludhiana,Sahnewal,30.9,75.85,2023-10-25,3.4,9.12,-2.57,53.6,0.0,22.69,2.13,101.18
Punjab,Ludhiana,Sahnewal,30.9,75.85,2023-10-28,4.81,11.9,-1.62,44.0,0.0,20.92,2.88,100.75
Punjab,Ludhiana,Sahnewal,30.9,75.85,2023-10-31,4.34,9.32,0.08,39.3,0.0,20.78,2.4,101.38
Punjab,Ludhiana,Sahnewal,30.9,75.85,2023-11-03,4.51,12.46,-0.55,40.1,0.0,21.47,2.53,100.78
Punjab,Ludhiana,Sahnewal,30.9,75.85,2023-11-06,2.94,9.43,-3.75,50.8,0.1,22.13,1.75,100.69
Punjab,Ludhiana,Sahnewal,30.9,75.85,2023-11-09,4.1,9.27,-2.17,44.8,0.1,20.27,2.81,100.71
Punjab,Ludhiana,Sahnewal,30.9,75.85,2023-11-12,4.16,10.47,-1.15,45.1,0.2,21.5,3.55,100.78
Punjab,Ludhiana,Sahnewal,30.9,75.85,2023-11-15,3.91,10.52,-4.05,40.4,0.0,22.75,3.99,100.62
Punjab,Ludhiana,Sahnewal,30.9,75.85,2023-11-18,2.39,6.87,-2.36,54.4,0.0,23.2,0.93,100.89
Punjab,Ludhiana,Sahnewal,30.9,75.85,2023-11-21,4.19,9.99,-0.85,51.2,0.1,19.9,1.66,100.77
Punjab,Ludhiana,Sahnewal,30.9,75.85,2023-11-24,2.82,7.39,-1.99,42.9,0.0,22.08,2.01,100.75
Punjab,Ludhiana,Sahnewal,30.9,75.85,2023-11-27,1.93,7.24,-4.79,41.8,0.0,20.29,3.15,100.64
Punjab,Ludhiana,Sahnewal,30.9,75.85,2023-11-30,2.42,8.0,-3.78,49.0,0.0,20.13,1.59,101.15
Punjab,Ludhiana,Sahnewal,30.9,75.85,2023-12-03,3.62,8.75,-1.61,54.1,0.0,21.74,2.15,101.28
Punjab,Ludhiana,Sahnewal,30.9,75.85,2023-12-06,5.7,11.15,0.91,50.4,0.0,19.5,3.61,101.31
Punjab,Ludhiana,Sahnewal,30.9,75.85,2023-12-09,4.34,11.62,-1.28,52.9,0.0,20.13,4.06,101.1
Punjab,Ludhiana,Sahnewal,30.9,75.85,2023-12-12,6.21,10.56,-0.28,44.7,0.0,20.06,2.92,100.82
Punjab,Ludhiana,Sahnewal,30.9,75.85,2023-12-15,5.49,13.2,1.06,46.6,0.1,23.34,2.97,101.35
Punjab,Ludhiana,Sahnewal,30.9,75.85,2023-12-18,7.35,13.28,3.14,53.6,0.0,23.09,3.29,101.09
Punjab,Ludhiana,Sahnewal,30.9,75.85,2023-12-21,7.44,12.08,0.29,42.4,0.0,22.86,3.1,100.77
Punjab,Ludhiana,Sahnewal,30.9,75.85,2023-12-24,6.74,12.81,1.2,40.8,0.0,22.37,2.24,101.31
Punjab,Ludhiana,Sahnewal,30.9,75.85,2023-12-27,6.28,12.53,-0.75,39.4,0.1,19.95,1.78,101.09
Punjab,Ludhiana,Sahnewal,30.9,75.85,2023-12-30,7.72,13.4,1.39,45.6,0.0,21.26,2.06,100.94
Punjab,Amritsar,Ajnala,31.83,74.75,2023-01-01,6.68,13.16,0.73,42.6,0.1,22.59,2.19,100.96
Punjab,Amritsar,Ajnala,31.83,74.75,2023-01-04,7.66,12.18,1.94,40.3,0.0,21.52,2.96,100.61
Punjab,Amritsar,Ajnala,31.83,74.75,2023-01-07,10.01,14.34,3.08,51.2,0.0,19.69,1.83,101.34
Punjab,Amritsar,Ajnala,31.83,74.75,2023-01-10,9.3,16.73,1.31,50.5,0.1,20.25,2.78,101.37
Punjab,Amritsar,Ajnala,31.83,74.75,2023-01-13,11.18,19.01,3.52,41.4,0.1,23.2,3.65,101.19
Punjab,Amritsar,Ajnala,31.83,74.75,2023-01-16,11.03,18.62,5.93,51.9,0.0,21.48,3.17,101.32
Punjab,Amritsar,Ajnala,31.83,74.75,2023-01-19,12.05,17.1,6.02,43.9,0.0,20.2,4.04,101.13
Punjab,Amritsar,Ajnala,31.83,74.75,2023-01-22,15.0,19.68,7.86,40.6,0.0,22.02,4.79,100.87
Punjab,Amritsar,Ajnala,31.83,74.75,2023-01-25,15.84,22.06,9.52,52.9,0.0,23.45,2.11,101.22
Punjab,Amritsar,Ajnala,31.83,74.75,2023-01-28,14.95,22.91,8.64,44.6,0.1,21.24,2.07,100.72
Punjab,Amritsar,Ajnala,31.83,74.75,2023-01-31,17.33,21.52,10.05,42.9,0.0,23.41,1.53,100.83
Punjab,Amritsar,Ajnala,31.83,74.75,2023-02-03,16.05,20.19,11.46,48.7,0.0,21.53,2.04,101.3
Punjab,Amritsar,Ajnala,31.83,74.75,2023-02-06,17.41,22.32,10.8,39.2,0.0,20.89,3.54,100.76
Punjab,Amritsar,Ajnala,31.83,74.75,2023-02-09,19.73,26.09,14.92,48.8,0.0,20.01,3.38,101.33
Punjab,Amritsar,Ajnala,31.83,74.75,2023-02-12,19.69,24.29,15.31,49.0,0.1,22.6,2.16,100.59
Punjab,Amritsar,Ajnala,31.83,74.75,2023-02-15,21.87,28.12,16.47,49.1,0.0,23.22,3.25,101.17
Punjab,Amritsar,Ajnala,31.83,74.75,2023-02-18,21.66,29.27,17.48,47.3,0.0,20.43,4.42,100.59
Punjab,Amritsar,Ajnala,31.83,74.75,2023-02-21,23.54,31.3,18.97,42.0,0.0,21.5,3.42,101.09
Punjab,Amritsar,Ajnala,31.83,74.75,2023-02-24,25.29,29.99,20.05,43.6,0.0,23.03,3.13,100.59
Punjab,Amritsar,Ajnala,31.83,74.75,2023-02-27,26.34,33.32,20.48,50.7,0.0,20.38,1.25,100.67
Punjab,Amritsar,Ajnala,31.83,74.75,2023-03-02,25.45,29.61,20.11,50.8,0.1,22.86,2.61,101.02
Punjab,Amritsar,Ajnala,31.83,74.75,2023-03-05,26.99,34.15,20.9,43.0,0.0,23.34,2.04,100.76
Punjab,Amritsar,Ajnala,31.83,74.75,2023-03-08,29.24,33.3,24.2,42.6,0.1,23.25,2.78,101.29
Punjab,Amritsar,Ajnala,31.83,74.75,2023-03-11,28.49,33.44,20.86,48.9,0.1,22.14,1.91,101.36
Punjab,Amritsar,Ajnala,31.83,74.75,2023-03-14,29.79,37.14,23.0,52.5,0.0,22.37,2.02,100.75
Punjab,Amritsar,Ajnala,31.83,74.75,2023-03-17,31.1,35.41,23.46,41.1,0.0,19.9,2.43,101.32
Punjab,Amritsar,Ajnala,31.83,74.75,2023-03-20,31.09,35.66,26.98,39.5,0.1,22.01,2.27,100.63
Punjab,Amritsar,Ajnala,31.83,74.75,2023-03-23,32.63,38.08,25.36,51.9,0.1,19.74,1.26,101.28
Punjab,Amritsar,Ajnala,31.83,74.75,2023-03-26,34.37,42.15,29.94,42.1,0.0,19.61,3.85,101.09
Punjab,Amritsar,Ajnala,31.83,74.75,2023-03-29,34.84,41.37,29.69,40.4,0.0,22.5,1.31,100.75
Punjab,Amritsar,Ajnala,31.83,74.75,2023-04-01,34.03,39.72,29.94,42.9,0.0,22.34,2.21,101.35
Punjab,Amritsar,Ajnala,31.83,74.75,2023-04-04,35.25,42.66,28.78,39.3,0.0,21.22,3.45,101.2
Punjab,Amritsar,Ajnala,31.83,74.75,2023-04-07,35.41,42.23,29.26,42.3,0.1,19.84,3.06,100.58
Punjab,Amritsar,Ajnala,31.83,74.75,2023-04-10,35.57,42.61,27.65,38.9,0.0,21.44,2.25,101.22
Punjab,Amritsar,Ajnala,31.83,74.75,2023-04-13,36.06,42.04,30.67,52.1,0.0,23.25,2.65,101.14
Punjab,Amritsar,Ajnala,31.83,74.75,2023-04-16,37.51,41.95,30.97,40.1,0.1,22.26,3.48,101.21
Punjab,Amritsar,Ajnala,31.83,74.75,2023-04-19,38.37,43.79,32.76,45.1,0.1,19.82,2.97,100.75
Punjab,Amritsar,Ajnala,31.83,74.75,2023-04-22,37.69,45.29,31.69,44.9,0.1,20.41,2.65,100.95
Punjab,Amritsar,Ajnala,31.83,74.75,2023-04-25,38.87,45.89,31.86,49.1,0.0,20.78,3.88,101.11
Punjab,Amritsar,Ajnala,31.83,74.75,2023-04-28,39.82,44.5,34.07,51.2,0.0,19.98,4.39,100.95
Punjab,Amritsar,Ajnala,31.83,74.75,2023-05-01,40.53,45.48,35.77,43.6,0.1,22.85,3.13,100.78
Punjab,Amritsar,Ajnala,31.83,74.75,2023-05-04,39.09,45.17,34.44,44.0,0.0,23.38,3.28,101.16
Punjab,Amritsar,Ajnala,31.83,74.75,2023-05-07,38.59,46.44,34.18,44.9,0.2,22.65,2.69,100.74
Punjab,Amritsar,Ajnala,31.83,74.75,2023-05-10,40.33,44.76,35.5,45.0,0.0,21.07,1.74,101.21
Punjab,Amritsar,Ajnala,31.83,74.75,2023-05-13,40.58,46.58,34.05,46.2,0.0,21.89,1.44,101.31
Punjab,Amritsar,Ajnala,31.83,74.75,2023-05-16,39.81,46.11,32.82,45.5,0.0,22.36,3.73,101.29
Punjab,Amritsar,Ajnala,31.83,74.75,2023-05-19,40.83,47.63,33.42,49.7,0.0,21.29,2.26,100.66
Punjab,Amritsar,Ajnala,31.83,74.75,2023-05-22,39.69,46.82,32.84,48.9,0.0,21.17,4.1,100.95
Punjab,Amritsar,Ajnala,31.83,74.75,2023-05-25,40.18,45.81,33.47,53.7,0.0,22.09,2.97,100.97
Punjab,Amritsar,Ajnala,31.83,74.75,2023-05-28,41.06,45.22,34.89,41.4,0.1,23.24,1.82,101.0
Punjab,Amritsar,Ajnala,31.83,74.75,2023-05-31,38.22,44.52,32.06,50.3,0.0,22.03,3.38,100.91
Punjab,Amritsar,Ajnala,31.83,74.75,2023-06-03,40.49,45.33,33.75,56.7,4.0,16.59,1.73,101.37
Punjab,Amritsar,Ajnala,31.83,74.75,2023-06-06,38.4,42.62,33.3,58.8,0.0,17.18,1.44,100.86
Punjab,Amritsar,Ajnala,31.83,74.75,2023-06-09,37.76,42.66,30.8,69.5,2.7,15.79,3.54,101.22
Punjab,Amritsar,Ajnala,31.83,74.75,2023-06-12,37.73,42.58,33.21,68.9,6.7,16.87,1.54,100.76
Punjab,Amritsar,Ajnala,31.83,74.75,2023-06-15,38.99,44.4,32.43,71.5,7.5,15.63,3.05,100.82
Punjab,Amritsar,Ajnala,31.83,74.75,2023-06-18,37.24,41.74,29.91,66.0,9.2,14.28,2.26,100.92
Punjab,Amritsar,Ajnala,31.83,74.75,2023-06-21,35.61,39.62,28.72,66.6,1.5,13.89,3.34,100.97
Punjab,Amritsar,Ajnala,31.83,74.75,2023-06-24,35.76,42.3,29.12,69.6,14.8,15.59,4.56,101.31
Punjab,Amritsar,Ajnala,31.83,74.75,2023-06-27,36.2,40.76,28.87,75.6,0.1,11.73,3.46,101.34
Punjab,Amritsar,Ajnala,31.83,74.75,2023-06-30,35.15,40.15,30.75,69.3,1.7,14.34,2.47,101.3
Punjab,Amritsar,Ajnala,31.83,74.75,2023-07-03,34.86,39.53,27.3,78.2,10.0,13.49,3.27,101.3
Punjab,Amritsar,Ajnala,31.83,74.75,2023-07-06,34.12,41.47,29.33,80.9,5.2,13.39,0.88,101.03
Punjab,Amritsar,Ajnala,31.83,74.75,2023-07-09,31.78,36.72,27.23,78.9,0.4,11.95,3.58,100.7
Punjab,Amritsar,Ajnala,31.83,74.75,2023-07-12,31.67,37.66,25.51,85.9,0.0,13.13,1.54,101.11
Punjab,Amritsar,Ajnala,31.83,74.75,2023-07-15,31.89,37.39,26.22,88.4,0.6,12.04,3.06,101.09
Punjab,Amritsar,Ajnala,31.83,74.75,2023-07-18,28.61,35.05,21.88,88.7,3.1,13.2,1.65,101.3
Punjab,Amritsar,Ajnala,31.83,74.75,2023-07-21,27.75,34.62,21.25,79.8,15.4,10.55,2.72,100.96
Punjab,Amritsar,Ajnala,31.83,74.75,2023-07-24,28.33,35.41,23.49,81.9,4.3,11.16,3.19,101.24
Punjab,Amritsar,Ajnala,31.83,74.75,2023-07-27,27.05,33.07,21.96,83.3,29.4,11.47,2.06,101.22
Punjab,Amritsar,Ajnala,31.83,74.75,2023-07-30,25.9,31.17,20.71,84.8,8.1,11.94,4.35,101.29
Punjab,Amritsar,Ajnala,31.83,74.75,2023-08-02,25.6,29.8,20.4,75.5,1.7,12.49,3.2,101.07
Punjab,Amritsar,Ajnala,31.83,74.75,2023-08-05,24.98,32.14,17.34,85.0,7.6,11.36,2.35,101.13
Punjab,Amritsar,Ajnala,31.83,74.75,2023-08-08,22.68,29.35,16.85,87.1,0.8,9.67,1.53,100.61
Punjab,Amritsar,Ajnala,31.83,74.75,2023-08-11,23.4,31.05,16.77,80.3,13.5,12.23,2.09,100.82
Punjab,Amritsar,Ajnala,31.83,74.75,2023-08-14,21.36,26.64,15.64,84.1,20.8,9.49,2.51,101.04
Punjab,Amritsar,Ajnala,31.83,74.75,2023-08-17,19.24,23.71,12.0,82.2,18.8,11.28,3.79,101.06
Punjab,Amritsar,Ajnala,31.83,74.75,2023-08-20,20.96,28.88,15.06,78.7,0.8,12.34,2.89,100.75
Punjab,Amritsar,Ajnala,31.83,74.75,2023-08-23,17.63,21.69,13.61,82.0,0.9,13.94,4.52,100.68
Punjab,Amritsar,Ajnala,31.83,74.75,2023-08-26,16.26,23.14,11.29,81.6,1.4,10.63,3.86,101.2
Punjab,Amritsar,Ajnala,31.83,74.75,2023-08-29,17.39,24.82,10.48,69.8,6.5,13.65,0.55,100.78
Punjab,Amritsar,Ajnala,31.83,74.75,2023-09-01,17.2,24.07,13.16,67.3,6.6,14.5,3.37,100.65
Punjab,Amritsar,Ajnala,31.83,74.75,2023-09-04,14.31,21.23,9.65,79.3,4.0,11.93,1.92,100.93
Punjab,Amritsar,Ajnala,31.83,74.75,2023-09-07,14.5,19.08,7.31,69.7,5.8,14.69,3.77,100.92
Punjab,Amritsar,Ajnala,31.83,74.75,2023-09-10,12.73,19.87,4.95,74.7,4.4,13.85,5.31,101.14
Punjab,Amritsar,Ajnala,31.83,74.75,2023-09-13,13.18,18.51,6.76,75.9,8.6,15.62,3.8,100.83
Punjab,Amritsar,Ajnala,31.83,74.75,2023-09-16,11.13,18.69,5.63,69.3,4.1,17.35,3.09,100.58
Punjab,Amritsar,Ajnala,31.83,74.75,2023-09-19,9.81,15.5,3.47,69.5,8.8,14.5,2.04,101.25
Punjab,Amritsar,Ajnala,31.83,74.75,2023-09-22,10.67,18.13,4.38,58.8,6.9,18.14,1.92,100.86
Punjab,Amritsar,Ajnala,31.83,74.75,2023-09-25,7.72,13.93,0.53,55.6,4.5,19.23,0.77,100.77
Punjab,Amritsar,Ajnala,31.83,74.75,2023-09-28,8.55,15.26,2.69,53.7,0.8,19.1,3.09,100.65
Punjab,Amritsar,Ajnala,31.83,74.75,2023-10-01,8.45,15.54,3.52,48.1,0.1,23.02,1.73,101.0
Punjab,Amritsar,Ajnala,31.83,74.75,2023-10-04,6.8,13.16,2.05,41.9,0.0,22.28,1.96,100.9
Punjab,Amritsar,Ajnala,31.83,74.75,2023-10-07,6.3,10.9,2.12,54.8,0.0,19.9,3.78,101.09
Punjab,Amritsar,Ajnala,31.83,74.75,2023-10-10,6.53,11.15,0.14,44.3,0.0,19.56,5.78,101.27
Punjab,Amritsar,Ajnala,31.83,74.75,2023-10-13,5.08,11.35,0.03,51.3,0.0,23.26,3.44,101.2
Punjab,Amritsar,Ajnala,31.83,74.75,2023-10-16,5.58,13.43,0.56,39.4,0.0,20.2,3.08,101.03
Punjab,Amritsar,Ajnala,31.83,74.75,2023-10-19,5.28,11.11,-2.51,53.4,0.0,21.87,2.96,100.9
Punjab,Amritsar,Ajnala,31.83,74.75,2023-10-22,2.61,10.45,-2.42,47.8,0.0,23.3,2.32,100.94
Punjab,Amritsar,Ajnala,31.83,74.75,2023-10-25,2.37,10.23,-5.6,42.3,0.0,20.5,1.93,100.86
Punjab,Amritsar,Ajnala,31.83,74.75,2023-10-28,4.28,11.9,-3.07,39.6,0.1,22.31,1.04,100.63
Punjab,Amritsar,Ajnala,31.83,74.75,2023-10-31,1.74,8.76,-6.02,49.6,0.0,21.84,0.48,101.19
Punjab,Amritsar,Ajnala,31.83,74.75,2023-11-03,1.4,6.69,-3.63,40.8,0.0,20.15,2.84,101.12
Punjab,Amritsar,Ajnala,31.83,74.75,2023-11-06,0.95,7.82,-3.83,39.4,0.1,20.36,3.35,101.33
Punjab,Amritsar,Ajnala,31.83,74.75,2023-11-09,3.39,10.94,-1.17,46.0,0.0,23.19,3.57,100.94
Punjab,Amritsar,Ajnala,31.83,74.75,2023-11-12,1.74,9.03,-4.18,48.9,0.0,20.36,1.62,100.63
Punjab,Amritsar,Ajnala,31.83,74.75,2023-11-15,2.84,9.05,-1.74,52.7,0.0,21.12,3.24,101.25
Punjab,Amritsar,Ajnala,31.83,74.75,2023-11-18,1.73,6.4,-4.24,43.9,0.1,19.93,3.46,101.36
Punjab,Amritsar,Ajnala,31.83,74.75,2023-11-21,0.97,8.55,-5.7,42.2,0.0,20.62,2.77,100.87
Punjab,Amritsar,Ajnala,31.83,74.75,2023-11-24,3.91,11.9,-3.79,40.4,0.0,23.06,3.47,100.63
Punjab,Amritsar,Ajnala,31.83,74.75,2023-11-27,3.29,8.47,-4.62,39.1,0.1,20.84,2.84,101.25
Punjab,Amritsar,Ajnala,31.83,74.75,2023-11-30,2.92,7.67,-2.82,53.4,0.0,21.76,2.85,100.69
Punjab,Amritsar,Ajnala,31.83,74.75,2023-12-03,2.16,9.24,-4.69,41.9,0.0,19.82,1.89,100.8
Punjab,Amritsar,Ajnala,31.83,74.75,2023-12-06,2.56,9.01,-4.27,51.8,0.0,20.28,2.06,100.63
Punjab,Amritsar,Ajnala,31.83,74.75,2023-12-09,4.52,10.15,-2.37,39.7,0.1,20.82,3.89,100.98
Punjab,Amritsar,Ajnala,31.83,74.75,2023-12-12,2.78,10.42,-3.12,52.8,0.0,20.22,1.12,101.25
Punjab,Amritsar,Ajnala,31.83,74.75,2023-12-15,4.3,8.96,-1.18,48.3,0.0,21.55,1.67,100.68
Punjab,Amritsar,Ajnala,31.83,74.75,2023-12-18,5.85,13.12,-1.61,43.9,0.1,21.0,3.2,101.18
Punjab,Amritsar,Ajnala,31.83,74.75,2023-12-21,4.44,11.93,-3.37,46.7,0.0,21.6,2.6,101.36
Punjab,Amritsar,Ajnala,31.83,74.75,2023-12-24,5.52,10.25,1.11,42.8,0.1,19.6,2.75,100.66
Punjab,Amritsar,Ajnala,31.83,74.75,2023-12-27,7.58,12.36,3.51,48.4,0.0,21.57,2.66,101.28
Punjab,Amritsar,Ajnala,31.83,74.75,2023-12-30,8.3,12.48,3.81,46.7,0.0,20.59,2.35,100.68
Haryana,Karnal,Nilokheri,29.85,76.98,2023-01-01,9.2,13.75,2.84,52.6,0.0,21.77,2.79,101.26
Haryana,Karnal,Nilokheri,29.85,76.98,2023-01-04,11.49,17.04,5.81,52.2,0.0,21.06,2.2,101.35
Haryana,Karnal,Nilokheri,29.85,76.98,2023-01-07,11.73,17.08,6.76,44.2,0.0,23.4,3.54,101.25
Haryana,Karnal,Nilokheri,29.85,76.98,2023-01-10,12.69,16.9,6.62,54.1,0.1,20.47,0.72,100.94
Haryana,Karnal,Nilokheri,29.85,76.98,2023-01-13,12.82,18.28,6.7,39.9,0.0,21.49,3.34,101.38
Haryana,Karnal,Nilokheri,29.85,76.98,2023-01-16,14.05,21.8,7.52,51.7,0.1,23.01,2.87,100.63
Haryana,Karnal,Nilokheri,29.85,76.98,2023-01-19,14.47,19.53,7.76,43.2,0.0,23.17,2.25,101.02
Haryana,Karnal,Nilokheri,29.85,76.98,2023-01-22,14.69,22.49,9.54,43.7,0.0,19.96,2.28,101.08
Haryana,Karnal,Nilokheri,29.85,76.98,2023-01-25,17.12,23.18,12.05,46.3,0.0,20.07,3.18,100.84
Haryana,Karnal,Nilokheri,29.85,76.98,2023-01-28,16.35,21.5,11.38,40.2,0.0,22.83,3.17,101.09
Haryana,Karnal,Nilokheri,29.85,76.98,2023-01-31,17.73,24.34,12.93,50.2,0.0,21.67,1.95,100.85
Haryana,Karnal,Nilokheri,29.85,76.98,2023-02-03,17.66,22.54,11.61,44.9,0.0,19.52,2.07,100.88
Haryana,Karnal,Nilokheri,29.85,76.98,2023-02-06,20.43,25.38,14.2,46.7,0.0,23.43,2.31,100.73
Haryana,Karnal,Nilokheri,29.85,76.98,2023-02-09,18.96,26.45,13.2,39.8,0.0,21.23,4.45,101.19
Haryana,Karnal,Nilokheri,29.85,76.98,2023-02-12,20.01,24.91,12.18,50.6,0.0,20.82,1.9,101.09
Haryana,Karnal,Nilokheri,29.85,76.98,2023-02-15,23.16,30.45,17.09,50.6,0.1,22.51,4.0,100.98
Haryana,Karnal,Nilokheri,29.85,76.98,2023-02-18,23.89,30.72,16.23,40.8,0.1,19.49,2.93,101.0
Haryana,Karnal,Nilokheri,29.85,76.98,2023-02-21,25.35,31.63,19.67,51.3,0.1,21.9,1.48,100.91
Haryana,Karnal,Nilokheri,29.85,76.98,2023-02-24,24.73,30.56,17.84,43.5,0.0,21.7,2.14,101.23
Haryana,Karnal,Nilokheri,29.85,76.98,2023-02-27,26.83,32.83,21.05,41.7,0.0,20.05,3.39,101.06
Haryana,Karnal,Nilokheri,29.85,76.98,2023-03-02,26.92,31.27,19.24,44.0,0.1,22.83,3.45,100.94
Haryana,Karnal,Nilokheri,29.85,76.98,2023-03-05,28.79,32.84,24.6,47.8,0.0,23.16,2.63,101.22
Haryana,Karnal,Nilokheri,29.85,76.98,2023-03-08,28.55,36.54,22.48,47.1,0.1,21.03,1.96,100.88
Haryana,Karnal,Nilokheri,29.85,76.98,2023-03-11,30.62,37.33,24.52,40.4,0.0,21.08,3.85,101.05
Haryana,Karnal,Nilokheri,29.85,76.98,2023-03-14,30.33,37.85,22.48,46.6,0.0,21.97,3.72,101.03
Haryana,Karnal,Nilokheri,29.85,76.98,2023-03-17,31.87,36.55,26.6,54.5,0.1,21.53,2.78,100.69
Haryana,Karnal,Nilokheri,29.85,76.98,2023-03-20,32.89,39.65,25.61,54.6,0.1,21.16,3.26,101.01
Haryana,Karnal,Nilokheri,29.85,76.98,2023-03-23,32.48,37.23,27.75,48.9,0.0,20.89,3.49,101.4
Haryana,Karnal,Nilokheri,29.85,76.98,2023-03-26,33.6,37.77,27.96,51.4,0.0,22.24,3.65,101.28
Haryana,Karnal,Nilokheri,29.85,76.98,2023-03-29,34.15,40.82,29.36,46.8,0.0,20.54,2.82,101.12
Haryana,Karnal,Nilokheri,29.85,76.98,2023-04-01,34.65,42.64,28.36,45.4,0.0,20.1,2.83,100.68
Haryana,Karnal,Nilokheri,29.85,76.98,2023-04-04,34.2,40.29,26.91,48.6,0.1,19.72,2.33,100.61
Haryana,Karnal,Nilokheri,29.85,76.98,2023-04-07,36.6,41.89,29.74,44.5,0.0,20.54,4.56,101.07
Haryana,Karnal,Nilokheri,29.85,76.98,2023-04-10,35.9,41.7,30.35,39.7,0.1,21.81,4.07,101.37
Haryana,Karnal,Nilokheri,29.85,76.98,2023-04-13,36.69,43.17,31.69,39.5,0.1,22.89,1.95,101.25
Haryana,Karnal,Nilokheri,29.85,76.98,2023-04-16,36.76,43.17,28.92,46.7,0.1,20.45,4.77,100.91
Haryana,Karnal,Nilokheri,29.85,76.98,2023-04-19,38.45,43.33,33.21,52.8,0.0,22.65,2.83,100.89
Haryana,Karnal,Nilokheri,29.85,76.98,2023-04-22,37.25,45.13,32.09,47.8,0.0,21.61,3.42,100.91
Haryana,Karnal,Nilokheri,29.85,76.98,2023-04-25,38.25,42.51,33.76,52.0,0.0,20.45,3.09,100.79
Haryana,Karnal,Nilokheri,29.85,76.98,2023-04-28,37.45,44.11,32.09,41.3,0.1,19.85,3.56,100.82
Haryana,Karnal,Nilokheri,29.85,76.98,2023-05-01,40.12,44.63,34.35,52.2,0.1,20.11,1.84,100.9
Haryana,Karnal,Nilokheri,29.85,76.98,2023-05-04,40.71,45.54,32.9,46.9,0.0,21.29,4.08,100.71
Haryana,Karnal,Nilokheri,29.85,76.98,2023-05-07,40.12,45.16,32.52,48.2,0.0,20.46,2.26,101.3
Haryana,Karnal,Nilokheri,29.85,76.98,2023-05-10,38.49,44.54,32.32,43.1,0.1,21.01,2.37,101.13
Haryana,Karnal,Nilokheri,29.85,76.98,2023-05-13,39.9,45.15,34.34,40.2,0.0,22.88,2.16,100.69
Haryana,Karnal,Nilokheri,29.85,76.98,2023-05-16,39.91,45.36,33.91,43.6,0.0,20.72,4.13,100.78
Haryana,Karnal,Nilokheri,29.85,76.98,2023-05-19,38.59,45.45,33.46,45.3,0.1,22.57,4.27,100.71
Haryana,Karnal,Nilokheri,29.85,76.98,2023-05-22,38.97,43.09,32.25,49.4,0.0,21.13,1.46,101.13
Haryana,Karnal,Nilokheri,29.85,76.98,2023-05-25,40.12,45.12,32.74,44.4,0.0,20.2,4.45,101.19
Haryana,Karnal,Nilokheri,29.85,76.98,2023-05-28,40.0,44.16,35.84,41.4,0.0,20.69,4.26,100.91
Haryana,Karnal,Nilokheri,29.85,76.98,2023-05-31,37.77,43.01,31.22,41.7,0.1,21.76,2.64,100.95
Haryana,Karnal,Nilokheri,29.85,76.98,2023-06-03,39.45,44.85,35.45,63.7,4.2,17.25,2.05,100.64
Haryana,Karnal,Nilokheri,29.85,76.98,2023-06-06,39.66,46.09,35.47,56.3,0.4,18.67,3.35,101.2
Haryana,Karnal,Nilokheri,29.85,76.98,2023-06-09,37.01,43.79,31.43,66.4,6.4,16.04,4.95,100.67
Haryana,Karnal,Nilokheri,29.85,76.98,2023-06-12,39.2,44.9,31.48,67.5,5.4,17.65,2.04,100.64
Haryana,Karnal,Nilokheri,29.85,76.98,2023-06-15,38.02,43.74,31.98,73.2,0.6,16.81,2.01,100.64
Haryana,Karnal,Nilokheri,29.85,76.98,2023-06-18,37.56,44.78,32.52,69.0,16.9,15.76,2.07,100.65
Haryana,Karnal,Nilokheri,29.85,76.98,2023-06-21,36.01,41.66,31.21,67.1,0.8,15.51,2.59,101.14
Haryana,Karnal,Nilokheri,29.85,76.98,2023-06-24,35.1,40.07,29.04,71.0,15.4,13.58,2.17,100.72
Haryana,Karnal,Nilokheri,29.85,76.98,2023-06-27,35.48,40.82,28.22,74.3,8.5,12.36,4.78,101.13
Haryana,Karnal,Nilokheri,29.85,76.98,2023-06-30,34.96,40.81,27.9,80.4,0.8,12.39,2.36,100.65
Haryana,Karnal,Nilokheri,29.85,76.98,2023-07-03,33.35,38.14,26.54,75.7,0.8,12.11,3.32,100.98
Haryana,Karnal,Nilokheri,29.85,76.98,2023-07-06,32.9,37.57,28.61,70.0,33.1,13.43,4.17,101.39
Haryana,Karnal,Nilokheri,29.85,76.98,2023-07-09,32.78,37.21,26.82,78.0,1.5,12.25,3.6,100.61
Haryana,Karnal,Nilokheri,29.85,76.98,2023-07-12,33.09,39.67,26.58,87.1,7.7,10.77,2.81,100.62
Haryana,Karnal,Nilokheri,29.85,76.98,2023-07-15,31.88,39.23,26.69,76.0,7.6,12.88,3.35,101.34
Haryana,Karnal,Nilokheri,29.85,76.98,2023-07-18,29.25,36.39,21.93,85.7,3.0,10.01,3.2,100.9
Haryana,Karnal,Nilokheri,29.85,76.98,2023-07-21,29.57,35.05,22.25,78.3,0.3,11.35,2.02,101.1
Haryana,Karnal,Nilokheri,29.85,76.98,2023-07-24,29.53,36.35,21.91,90.0,5.4,10.94,3.26,101.07
Haryana,Karnal,Nilokheri,29.85,76.98,2023-07-27,26.45,33.2,21.79,82.3,27.9,9.21,3.51,100.63
Haryana,Karnal,Nilokheri,29.85,76.98,2023-07-30,26.64,31.41,19.75,75.4,14.7,12.23,3.04,100.83
Haryana,Karnal,Nilokheri,29.85,76.98,2023-08-02,26.42,32.47,20.73,80.8,4.6,11.47,1.78,101.26
Haryana,Karnal,Nilokheri,29.85,76.98,2023-08-05,26.24,30.89,21.05,82.3,6.6,10.24,2.94,100.86
Haryana,Karnal,Nilokheri,29.85,76.98,2023-08-08,23.99,31.88,16.36,88.7,28.9,12.79,3.2,101.1
Haryana,Karnal,Nilokheri,29.85,76.98,2023-08-11,24.12,28.36,17.42,84.2,2.7,11.37,3.89,101.12
Haryana,Karnal,Nilokheri,29.85,76.98,2023-08-14,21.66,27.04,14.12,74.2,1.6,11.98,2.47,100.96
Haryana,Karnal,Nilokheri,29.85,76.98,2023-08-17,20.1,26.74,14.61,82.3,4.0,11.62,1.88,100.69
Haryana,Karnal,Nilokheri,29.85,76.98,2023-08-20,19.46,27.02,13.26,73.9,14.5,10.78,2.4,100.68
Haryana,Karnal,Nilokheri,29.85,76.98,2023-08-23,19.59,24.59,13.63,79.9,1.8,12.37,3.71,101.07
Haryana,Karnal,Nilokheri,29.85,76.98,2023-08-26,17.32,22.95,13.03,76.9,13.6,12.63,3.58,101.17
Haryana,Karnal,Nilokheri,29.85,76.98,2023-08-29,18.44,22.9,10.48,80.0,0.7,14.13,2.32,101.37
Haryana,Karnal,Nilokheri,29.85,76.98,2023-09-01,16.97,24.07,12.42,79.5,0.4,12.18,3.18,100.9
Haryana,Karnal,Nilokheri,29.85,76.98,2023-09-04,14.44,20.82,9.59,70.3,7.3,13.39,3.87,101.3
Haryana,Karnal,Nilokheri,29.85,76.98,2023-09-07,15.22,22.89,7.74,66.5,7.7,13.54,1.9,101.21
Haryana,Karnal,Nilokheri,29.85,76.98,2023-09-10,14.73,22.03,10.24,68.1,7.0,16.47,2.75,101.08
Haryana,Karnal,Nilokheri,29.85,76.98,2023-09-13,12.16,18.35,4.94,62.1,12.6,15.91,2.51,100.81
Haryana,Karnal,Nilokheri,29.85,76.98,2023-09-16,11.63,17.42,4.28,67.7,0.5,13.85,4.18,100.75
Haryana,Karnal,Nilokheri,29.85,76.98,2023-09-19,11.93,17.09,5.19,62.5,0.6,17.83,3.95,101.03
Haryana,Karnal,Nilokheri,29.85,76.98,2023-09-22,11.59,18.82,3.79,54.7,1.5,15.52,0.77,101.24
Haryana,Karnal,Nilokheri,29.85,76.98,2023-09-25,8.9,13.63,1.63,63.3,1.6,17.41,2.78,100.73
Haryana,Karnal,Nilokheri,29.85,76.98,2023-09-28,10.63,16.21,3.14,60.1,0.2,17.42,3.25,101.07
Haryana,Karnal,Nilokheri,29.85,76.98,2023-10-01,7.57,12.25,2.13,46.3,0.0,21.03,4.87,100.88
Haryana,Karnal,Nilokheri,29.85,76.98,2023-10-04,6.83,13.15,1.49,39.1,0.0,23.42,3.34,101.14
Haryana,Karnal,Nilokheri,29.85,76.98,2023-10-07,7.04,12.13,1.04,43.0,0.0,21.59,2.96,101.37
Haryana,Karnal,Nilokheri,29.85,76.98,2023-10-10,8.64,12.78,2.4,51.1,0.1,22.57,1.85,100.89
Haryana,Karnal,Nilokheri,29.85,76.98,2023-10-13,6.0,13.18,-1.5,53.8,0.1,20.69,1.75,101.21
Haryana,Karnal,Nilokheri,29.85,76.98,2023-10-16,6.9,12.93,0.35,44.4,0.0,21.1,3.64,100.86
Haryana,Karnal,Nilokheri,29.85,76.98,2023-10-19,7.21,13.14,1.74,42.7,0.0,20.87,3.14,100.71
Haryana,Karnal,Nilokheri,29.85,76.98,2023-10-22,3.88,11.36,-1.94,45.9,0.0,20.68,2.98,100.84
Haryana,Karnal,Nilokheri,29.85,76.98,2023-10-25,4.43,11.34,-1.77,53.8,0.0,23.16,3.12,101.07
Haryana,Karnal,Nilokheri,29.85,76.98,2023-10-28,3.45,8.16,-2.87,54.6,0.0,22.57,0.99,100.66
Haryana,Karnal,Nilokheri,29.85,76.98,2023-10-31,4.41,12.0,-0.7,42.9,0.0,20.13,3.68,100.82
Haryana,Karnal,Nilokheri,29.85,76.98,2023-11-03,4.86,9.73,-0.74,42.0,0.0,22.93,2.4,101.19
Haryana,Karnal,Nilokheri,29.85,76.98,2023-11-06,5.47,11.87,1.15,51.8,0.1,20.84,2.27,100.71
Haryana,Karnal,Nilokheri,29.85,76.98,2023-11-09,3.03,9.18,-4.47,49.0,0.1,20.32,2.03,101.12
Haryana,Karnal,Nilokheri,29.85,76.98,2023-11-12,3.61,10.33,-1.74,39.7,0.0,19.66,4.27,101.1
Haryana,Karnal,Nilokheri,29.85,76.98,2023-11-15,3.38,9.36,-3.01,42.9,0.0,19.53,3.95,101.39
Haryana,Karnal,Nilokheri,29.85,76.98,2023-11-18,2.57,9.03,-4.32,44.1,0.0,20.1,2.22,100.72
Haryana,Karnal,Nilokheri,29.85,76.98,2023-11-21,4.78,9.14,-2.47,45.6,0.0,21.83,1.42,101.08
Haryana,Karnal,Nilokheri,29.85,76.98,2023-11-24,3.6,10.56,-1.43,50.2,0.1,22.58,2.3,100.85
Haryana,Karnal,Nilokheri,29.85,76.98,2023-11-27,5.09,13.0,-0.72,43.3,0.0,23.24,2.89,100.98
Haryana,Karnal,Nilokheri,29.85,76.98,2023-11-30,4.96,12.05,-0.49,54.6,0.0,22.5,2.9,100.67
Haryana,Karnal,Nilokheri,29.85,76.98,2023-12-03,3.34,7.88,-0.9,46.8,0.0,20.2,3.69,100.72
Haryana,Karnal,Nilokheri,29.85,76.98,2023-12-06,4.1,11.05,-3.59,41.4,0.0,22.59,2.45,100.8
Haryana,Karnal,Nilokheri,29.85,76.98,2023-12-09,6.86,12.86,0.32,44.3,0.1,21.32,1.83,100.69
Haryana,Karnal,Nilokheri,29.85,76.98,2023-12-12,6.51,10.78,-0.07,45.2,0.1,19.71,4.73,101.05
Haryana,Karnal,Nilokheri,29.85,76.98,2023-12-15,5.98,13.66,-1.8,48.8,0.0,20.48,2.72,100.79
Haryana,Karnal,Nilokheri,29.85,76.98,2023-12-18,5.84,12.88,-0.73,43.6,0.2,20.34,3.86,101.06
Haryana,Karnal,Nilokheri,29.85,76.98,2023-12-21,6.23,13.68,-1.25,43.1,0.1,22.77,2.62,100.99
Haryana,Karnal,Nilokheri,29.85,76.98,2023-12-24,8.99,13.63,2.26,48.4,0.0,21.79,3.68,101.31
Haryana,Karnal,Nilokheri,29.85,76.98,2023-12-27,7.54,15.08,2.1,51.3,0.1,20.2,4.93,100.84
Haryana,Karnal,Nilokheri,29.85,76.98,2023-12-30,7.62,12.07,-0.28,39.0,0.1,20.08,0.35,101.19
Uttar Pradesh,Meerut,Sardhana,29.15,77.61,2023-01-01,8.77,13.44,2.03,40.2,0.0,23.15,2.37,101.39
Uttar Pradesh,Meerut,Sardhana,29.15,77.61,2023-01-04,9.25,14.19,2.08,49.8,0.0,21.49,0.78,100.79
Uttar Pradesh,Meerut,Sardhana,29.15,77.61,2023-01-07,11.15,15.56,7.07,54.7,0.0,22.99,3.64,100.72
Uttar Pradesh,Meerut,Sardhana,29.15,77.61,2023-01-10,11.87,16.59,5.13,41.2,0.1,21.48,3.59,100.7
Uttar Pradesh,Meerut,Sardhana,29.15,77.61,2023-01-13,12.41,18.39,4.73,44.4,0.0,23.35,4.0,100.83
Uttar Pradesh,Meerut,Sardhana,29.15,77.61,2023-01-16,12.67,17.72,8.39,39.5,0.0,21.11,1.71,101.05
Uttar Pradesh,Meerut,Sardhana,29.15,77.61,2023-01-19,14.03,18.07,7.28,49.2,0.0,21.67,1.76,101.31
Uttar Pradesh,Meerut,Sardhana,29.15,77.61,2023-01-22,15.92,21.52,10.65,45.5,0.2,21.02,0.3,100.92
Uttar Pradesh,Meerut,Sardhana,29.15,77.61,2023-01-25,15.85,20.42,7.85,38.9,0.0,23.18,2.76,100.91
Uttar Pradesh,Meerut,Sardhana,29.15,77.61,2023-01-28,16.2,20.99,11.74,52.3,0.1,23.11,4.17,100.65
Uttar Pradesh,Meerut,Sardhana,29.15,77.61,2023-01-31,18.44,23.73,11.85,47.6,0.0,23.36,4.46,101.29
Uttar Pradesh,Meerut,Sardhana,29.15,77.61,2023-02-03,18.77,25.14,10.79,42.6,0.0,22.45,2.81,100.91
Uttar Pradesh,Meerut,Sardhana,29.15,77.61,2023-02-06,20.27,25.85,14.17,48.6,0.1,20.76,1.94,100.79
Uttar Pradesh,Meerut,Sardhana,29.15,77.61,2023-02-09,20.87,25.93,13.24,46.4,0.1,21.56,1.89,100.99
Uttar Pradesh,Meerut,Sardhana,29.15,77.61,2023-02-12,20.61,25.17,12.9,47.3,0.0,21.58,3.09,100.75
Uttar Pradesh,Meerut,Sardhana,29.15,77.61,2023-02-15,23.32,29.16,16.75,52.0,0.1,22.95,2.12,100.64
Uttar Pradesh,Meerut,Sardhana,29.15,77.61,2023-02-18,22.9,30.23,15.63,40.8,0.0,20.48,3.55,101.25
Uttar Pradesh,Meerut,Sardhana,29.15,77.61,2023-02-21,24.22,30.04,19.87,45.1,0.3,22.26,3.37,100.97
Uttar Pradesh,Meerut,Sardhana,29.15,77.61,2023-02-24,24.99,32.19,17.96,41.2,0.1,20.94,2.07,100.91
Uttar Pradesh,Meerut,Sardhana,29.15,77.61,2023-02-27,25.47,30.99,21.4,42.0,0.0,19.71,2.7,100.75
Uttar Pradesh,Meerut,Sardhana,29.15,77.61,2023-03-02,27.48,32.58,22.19,42.7,0.1,19.84,1.5,100.77
Uttar Pradesh,Meerut,Sardhana,29.15,77.61,2023-03-05,27.46,34.63,20.99,44.7,0.0,21.25,1.31,100.9
Uttar Pradesh,Meerut,Sardhana,29.15,77.61,2023-03-08,29.18,34.36,23.55,49.2,0.1,20.88,1.81,101.35
Uttar Pradesh,Meerut,Sardhana,29.15,77.61,2023-03-11,28.45,36.34,21.61,44.8,0.0,20.79,3.67,100.67
Uttar Pradesh,Meerut,Sardhana,29.15,77.61,2023-03-14,30.96,36.48,24.86,46.7,0.1,22.5,4.12,100.98
Uttar Pradesh,Meerut,Sardhana,29.15,77.61,2023-03-17,30.87,38.23,25.21,46.4,0.1,21.23,3.01,101.0
Uttar Pradesh,Meerut,Sardhana,29.15,77.61,2023-03-20,31.79,39.09,25.11,50.6,0.0,19.64,2.26,101.22
Uttar Pradesh,Meerut,Sardhana,29.15,77.61,2023-03-23,33.31,37.78,28.43,40.0,0.1,19.88,1.65,100.68
Uttar Pradesh,Meerut,Sardhana,29.15,77.61,2023-03-26,33.98,40.23,29.76,49.7,0.1,21.41,4.24,100.94
Uttar Pradesh,Meerut,Sardhana,29.15,77.61,2023-03-29,34.15,42.15,26.89,52.8,0.0,20.81,3.32,101.02
Uttar Pradesh,Meerut,Sardhana,29.15,77.61,2023-04-01,33.07,41.03,27.97,43.0,0.0,20.5,3.6,101.02
Uttar Pradesh,Meerut,Sardhana,29.15,77.61,2023-04-04,34.94,39.14,29.72,52.7,0.1,22.9,1.81,100.81
Uttar Pradesh,Meerut,Sardhana,29.15,77.61,2023-04-07,34.87,39.08,28.72,44.8,0.0,21.43,1.97,101.25
Uttar Pradesh,Meerut,Sardhana,29.15,77.61,2023-04-10,35.41,43.09,29.19,39.6,0.0,21.61,2.32,100.94
Uttar Pradesh,Meerut,Sardhana,29.15,77.61,2023-04-13,37.02,42.31,31.92,51.5,0.0,22.32,3.23,100.97
Uttar Pradesh,Meerut,Sardhana,29.15,77.61,2023-04-16,38.6,44.38,31.09,39.7,0.0,22.03,1.53,100.65
Uttar Pradesh,Meerut,Sardhana,29.15,77.61,2023-04-19,38.81,43.1,32.43,41.7,0.1,21.72,3.17,101.15
Uttar Pradesh,Meerut,Sardhana,29.15,77.61,2023-04-22,38.64,43.82,33.79,52.2,0.0,23.15,1.68,100.77
Uttar Pradesh,Meerut,Sardhana,29.15,77.61,2023-04-25,37.26,41.64,30.13,54.0,0.0,22.11,2.7,101.16
Uttar Pradesh,Meerut,Sardhana,29.15,77.61,2023-04-28,37.73,41.95,30.94,39.5,0.1,20.65,4.97,100.79
Uttar Pradesh,Meerut,Sardhana,29.15,77.61,2023-05-01,39.27,44.54,33.02,41.3,0.1,20.77,3.11,101.25
Uttar Pradesh,Meerut,Sardhana,29.15,77.61,2023-05-04,40.67,46.24,36.54,44.9,0.0,20.37,2.32,101.05
Uttar Pradesh,Meerut,Sardhana,29.15,77.61,2023-05-07,38.18,44.04,31.27,45.7,0.1,19.93,3.04,101.35
Uttar Pradesh,Meerut,Sardhana,29.15,77.61,2023-05-10,41.01,48.77,34.9,43.5,0.0,22.48,2.35,101.01
Uttar Pradesh,Meerut,Sardhana,29.15,77.61,2023-05-13,40.88,45.26,34.95,52.6,0.0,21.64,3.27,100.83
Uttar Pradesh,Meerut,Sardhana,29.15,77.61,2023-05-16,40.8,48.18,35.89,53.6,0.0,21.87,3.09,101.38
Uttar Pradesh,Meerut,Sardhana,29.15,77.61,2023-05-19,39.14,46.91,32.51,39.6,0.0,21.27,2.83,100.75
Uttar Pradesh,Meerut,Sardhana,29.15,77.61,2023-05-22,40.4,45.59,36.12,47.7,0.0,21.68,4.45,101.24
Uttar Pradesh,Meerut,Sardhana,29.15,77.61,2023-05-25,39.71,45.56,35.58,47.0,0.0,22.06,3.69,100.89
Uttar Pradesh,Meerut,Sardhana,29.15,77.61,2023-05-28,38.89,45.54,34.23,41.5,0.1,20.8,3.77,101.28
Uttar Pradesh,Meerut,Sardhana,29.15,77.61,2023-05-31,40.18,46.1,35.58,40.3,0.1,19.94,1.56,100.7
Uttar Pradesh,Meerut,Sardhana,29.15,77.61,2023-06-03,38.71,43.37,32.57,58.5,1.3,16.89,2.83,100.93
Uttar Pradesh,Meerut,Sardhana,29.15,77.61,2023-06-06,37.62,42.13,32.66,66.4,2.2,19.07,5.19,101.0
Uttar Pradesh,Meerut,Sardhana,29.15,77.61,2023-06-09,39.05,45.33,32.29,58.1,5.0,15.53,3.03,100.82
Uttar Pradesh,Meerut,Sardhana,29.15,77.61,2023-06-12,36.38,41.96,30.31,61.1,9.0,14.67,2.16,101.08
Uttar Pradesh,Meerut,Sardhana,29.15,77.61,2023-06-15,38.22,45.06,33.97,62.3,4.1,17.69,2.45,100.64
Uttar Pradesh,Meerut,Sardhana,29.15,77.61,2023-06-18,37.26,44.02,30.0,65.8,8.1,15.06,2.93,101.36
Uttar Pradesh,Meerut,Sardhana,29.15,77.61,2023-06-21,36.13,41.76,31.78,66.0,6.9,15.39,2.73,100.73
Uttar Pradesh,Meerut,Sardhana,29.15,77.61,2023-06-24,35.39,39.95,30.6,67.4,2.2,16.07,4.57,100.99
Uttar Pradesh,Meerut,Sardhana,29.15,77.61,2023-06-27,35.27,42.38,27.64,77.5,6.0,12.48,2.77,101.11
Uttar Pradesh,Meerut,Sardhana,29.15,77.61,2023-06-30,35.7,42.84,31.33,78.5,2.7,11.88,4.26,101.2
Uttar Pradesh,Meerut,Sardhana,29.15,77.61,2023-07-03,32.92,40.23,25.17,83.0,9.0,14.14,2.48,101.25
Uttar Pradesh,Meerut,Sardhana,29.15,77.61,2023-07-06,33.6,39.34,26.3,82.4,14.0,11.62,3.99,101.37
Uttar Pradesh,Meerut,Sardhana,29.15,77.61,2023-07-09,31.47,39.34,24.32,75.1,12.9,11.01,2.5,100.77
Uttar Pradesh,Meerut,Sardhana,29.15,77.61,2023-07-12,31.76,36.7,25.79,86.6,8.5,12.61,1.44,101.24
Uttar Pradesh,Meerut,Sardhana,29.15,77.61,2023-07-15,31.67,39.43,24.36,79.5,0.7,12.11,3.9,101.28
Uttar Pradesh,Meerut,Sardhana,29.15,77.61,2023-07-18,29.85,36.23,22.5,86.5,0.0,11.22,3.28,101.26
Uttar Pradesh,Meerut,Sardhana,29.15,77.61,2023-07-21,29.27,35.69,23.44,79.8,1.9,10.5,2.85,101.28
Uttar Pradesh,Meerut,Sardhana,29.15,77.61,2023-07-24,29.04,34.21,24.69,79.2,9.5,10.71,1.84,100.71
Uttar Pradesh,Meerut,Sardhana,29.15,77.61,2023-07-27,28.39,32.55,21.09,78.2,2.5,12.68,1.26,100.9
Uttar Pradesh,Meerut,Sardhana,29.15,77.61,2023-07-30,26.15,33.7,19.7,89.7,4.0,10.8,3.94,101.4
Uttar Pradesh,Meerut,Sardhana,29.15,77.61,2023-08-02,25.16,32.49,20.51,83.8,0.0,9.51,2.47,101.36
Uttar Pradesh,Meerut,Sardhana,29.15,77.61,2023-08-05,25.07,32.31,20.07,80.9,0.8,11.06,3.58,100.91
Uttar Pradesh,Meerut,Sardhana,29.15,77.61,2023-08-08,25.6,33.17,18.93,76.1,7.7,10.72,1.89,101.37
Uttar Pradesh,Meerut,Sardhana,29.15,77.61,2023-08-11,22.99,29.64,16.47,80.4,5.8,11.79,3.78,100.9
Uttar Pradesh,Meerut,Sardhana,29.15,77.61,2023-08-14,23.93,28.16,16.59,84.7,6.2,11.06,2.15,101.21
Uttar Pradesh,Meerut,Sardhana,29.15,77.61,2023-08-17,22.77,29.68,15.77,73.6,3.0,10.04,4.82,100.72
Uttar Pradesh,Meerut,Sardhana,29.15,77.61,2023-08-20,20.95,27.26,16.76,78.4,10.1,12.33,2.19,100.83
Uttar Pradesh,Meerut,Sardhana,29.15,77.61,2023-08-23,20.57,25.74,14.39,77.8,27.1,12.67,3.31,100.91
Uttar Pradesh,Meerut,Sardhana,29.15,77.61,2023-08-26,20.28,27.12,13.51,74.3,1.2,12.73,1.39,101.27
Uttar Pradesh,Meerut,Sardhana,29.15,77.61,2023-08-29,18.88,24.27,14.32,76.8,13.8,11.46,2.76,100.86
Uttar Pradesh,Meerut,Sardhana,29.15,77.61,2023-09-01,15.78,20.97,10.25,82.5,20.5,11.98,2.19,100.86
Uttar Pradesh,Meerut,Sardhana,29.15,77.61,2023-09-04,17.59,22.38,12.31,72.5,0.7,12.73,2.02,101.38
Uttar Pradesh,Meerut,Sardhana,29.15,77.61,2023-09-07,14.71,19.53,7.07,71.0,10.1,14.72,3.41,101.23
Uttar Pradesh,Meerut,Sardhana,29.15,77.61,2023-09-10,14.02,18.63,6.99,69.6,4.3,15.36,2.81,100.9
Uttar Pradesh,Meerut,Sardhana,29.15,77.61,2023-09-13,15.02,21.14,9.87,70.4,1.5,16.3,2.0,100.64
Uttar Pradesh,Meerut,Sardhana,29.15,77.61,2023-09-16,13.96,20.22,8.54,73.4,1.4,14.74,3.94,101.21
Uttar Pradesh,Meerut,Sardhana,29.15,77.61,2023-09-19,12.75,18.4,5.52,58.2,1.5,16.91,3.34,101.38
Uttar Pradesh,Meerut,Sardhana,29.15,77.61,2023-09-22,11.88,18.64,4.78,60.8,10.2,17.88,2.26,101.25
Uttar Pradesh,Meerut,Sardhana,29.15,77.61,2023-09-25,10.31,15.06,2.83,60.9,2.4,18.18,3.64,101.33
Uttar Pradesh,Meerut,Sardhana,29.15,77.61,2023-09-28,8.98,14.34,4.72,57.0,1.9,19.51,2.15,100.93
Uttar Pradesh,Meerut,Sardhana,29.15,77.61,2023-10-01,9.66,14.75,2.28,51.4,0.1,20.08,1.66,101.15
Uttar Pradesh,Meerut,Sardhana,29.15,77.61,2023-10-04,9.58,15.58,1.99,53.2,0.1,22.76,1.58,100.71
Uttar Pradesh,Meerut,Sardhana,29.15,77.61,2023-10-07,8.85,15.67,2.4,43.2,0.0,21.89,1.15,101.27
Uttar Pradesh,Meerut,Sardhana,29.15,77.61,2023-10-10,7.02,11.87,2.12,40.3,0.1,23.37,3.1,101.17
Uttar Pradesh,Meerut,Sardhana,29.15,77.61,2023-10-13,5.91,13.26,0.61,38.9,0.0,20.03,1.91,100.83
Uttar Pradesh,Meerut,Sardhana,29.15,77.61,2023-10-16,5.4,11.19,-0.82,51.7,0.0,22.78,3.35,101.11
Uttar Pradesh,Meerut,Sardhana,29.15,77.61,2023-10-19,5.82,11.15,-0.45,42.3,0.1,20.31,3.26,101.28
Uttar Pradesh,Meerut,Sardhana,29.15,77.61,2023-10-22,6.85,13.0,2.73,51.2,0.0,21.49,2.48,101.11
Uttar Pradesh,Meerut,Sardhana,29.15,77.61,2023-10-25,6.26,12.6,0.65,47.0,0.0,20.38,2.97,101.3
Uttar Pradesh,Meerut,Sardhana,29.15,77.61,2023-10-28,6.77,13.99,-1.07,44.1,0.2,19.76,2.27,100.97
Uttar Pradesh,Meerut,Sardhana,29.15,77.61,2023-10-31,5.58,12.42,-0.23,44.3,0.0,21.09,2.87,100.83
Uttar Pradesh,Meerut,Sardhana,29.15,77.61,2023-11-03,3.91,10.86,-2.15,45.8,0.0,22.29,3.06,101.06
Uttar Pradesh,Meerut,Sardhana,29.15,77.61,2023-11-06,5.28,13.17,-1.72,54.0,0.1,22.37,3.54,101.18
Uttar Pradesh,Meerut,Sardhana,29.15,77.61,2023-11-09,3.25,8.07,-0.81,52.6,0.1,22.0,2.72,100.74
Uttar Pradesh,Meerut,Sardhana,29.15,77.61,2023-11-12,4.89,12.85,-0.33,39.5,0.0,20.9,3.73,101.33
Uttar Pradesh,Meerut,Sardhana,29.15,77.61,2023-11-15,5.39,11.21,0.98,40.5,0.0,22.58,0.3,101.34
Uttar Pradesh,Meerut,Sardhana,29.15,77.61,2023-11-18,5.38,11.29,-1.9,40.9,0.0,21.73,3.35,101.01
Uttar Pradesh,Meerut,Sardhana,29.15,77.61,2023-11-21,3.7,8.71,-0.38,53.3,0.1,23.26,3.86,101.19
Uttar Pradesh,Meerut,Sardhana,29.15,77.61,2023-11-24,4.35,11.59,-3.02,40.9,0.0,20.33,2.67,101.08
Uttar Pradesh,Meerut,Sardhana,29.15,77.61,2023-11-27,4.5,8.54,-2.82,51.4,0.0,19.65,3.75,100.67
Uttar Pradesh,Meerut,Sardhana,29.15,77.61,2023-11-30,4.54,11.04,-3.0,46.6,0.0,20.3,2.01,100.8
Uttar Pradesh,Meerut,Sardhana,29.15,77.61,2023-12-03,6.55,12.08,2.13,48.3,0.0,20.27,1.52,101.12
Uttar Pradesh,Meerut,Sardhana,29.15,77.61,2023-12-06,6.26,12.01,1.99,50.4,0.0,21.36,3.16,100.93
Uttar Pradesh,Meerut,Sardhana,29.15,77.61,2023-12-09,6.5,13.36,1.54,49.2,0.1,21.36,4.18,101.09
Uttar Pradesh,Meerut,Sardhana,29.15,77.61,2023-12-12,5.06,10.01,-2.89,42.5,0.0,22.63,4.5,101.27
Uttar Pradesh,Meerut,Sardhana,29.15,77.61,2023-12-15,7.2,14.17,3.05,40.3,0.2,22.69,3.11,100.8
Uttar Pradesh,Meerut,Sardhana,29.15,77.61,2023-12-18,8.57,13.44,1.88,53.7,0.0,23.15,2.87,100.82
Uttar Pradesh,Meerut,Sardhana,29.15,77.61,2023-12-21,6.74,10.82,-0.28,40.5,0.2,22.31,3.5,100.74
Uttar Pradesh,Meerut,Sardhana,29.15,77.61,2023-12-24,8.37,12.79,1.22,53.0,0.1,19.48,4.47,101.29
Uttar Pradesh,Meerut,Sardhana,29.15,77.61,2023-12-27,9.09,16.37,3.08,48.7,0.0,22.67,3.1,101.04
Uttar Pradesh,Meerut,Sardhana,29.15,77.61,2023-12-30,8.91,14.5,4.88,50.7,0.0,22.79,2.96,101.26
Uttar Pradesh,Kanpur Dehat,Akbarpur,26.43,79.98,2023-01-01,11.73,16.22,5.13,42.1,0.0,19.92,4.04,100.92
Uttar Pradesh,Kanpur Dehat,Akbarpur,26.43,79.98,2023-01-04,11.26,18.18,3.87,52.4,0.0,20.95,2.61,100.88
Uttar Pradesh,Kanpur Dehat,Akbarpur,26.43,79.98,2023-01-07,13.92,18.51,7.49,54.5,0.1,19.5,3.24,101.19
Uttar Pradesh,Kanpur Dehat,Akbarpur,26.43,79.98,2023-01-10,14.11,20.19,8.28,45.3,0.0,22.07,3.02,101.37
Uttar Pradesh,Kanpur Dehat,Akbarpur,26.43,79.98,2023-01-13,15.21,22.4,7.56,52.2,0.1,19.6,1.98,100.98
Uttar Pradesh,Kanpur Dehat,Akbarpur,26.43,79.98,2023-01-16,16.37,21.09,8.6,45.9,0.1,20.49,1.03,100.88
Uttar Pradesh,Kanpur Dehat,Akbarpur,26.43,79.98,2023-01-19,15.53,20.83,11.15,45.9,0.2,22.09,4.34,101.31
Uttar Pradesh,Kanpur Dehat,Akbarpur,26.43,79.98,2023-01-22,18.23,25.24,13.13,42.8,0.0,19.56,2.1,100.82
Uttar Pradesh,Kanpur Dehat,Akbarpur,26.43,79.98,2023-01-25,18.69,26.37,13.37,51.1,0.1,23.03,3.14,100.72
Uttar Pradesh,Kanpur Dehat,Akbarpur,26.43,79.98,2023-01-28,19.3,24.55,12.79,44.7,0.0,23.34,1.62,100.76
Uttar Pradesh,Kanpur Dehat,Akbarpur,26.43,79.98,2023-01-31,19.22,25.82,13.07,53.8,0.0,23.13,1.83,100.71
Uttar Pradesh,Kanpur Dehat,Akbarpur,26.43,79.98,2023-02-03,19.08,24.23,11.46,39.0,0.0,22.34,0.37,101.43
Uttar Pradesh,Kanpur Dehat,Akbarpur,26.43,79.98,2023-02-06,19.8,25.55,13.05,49.9,0.1,22.49,2.81,100.66
Uttar Pradesh,Kanpur Dehat,Akbarpur,26.43,79.98,2023-02-09,22.18,27.02,17.14,54.2,0.0,21.84,3.57,101.16
Uttar Pradesh,Kanpur Dehat,Akbarpur,26.43,79.98,2023-02-12,22.73,29.51,17.52,39.8,0.0,19.53,2.44,100.73
Uttar Pradesh,Kanpur Dehat,Akbarpur,26.43,79.98,2023-02-15,23.26,31.14,16.51,43.2,0.1,20.19,3.22,100.72
Uttar Pradesh,Kanpur Dehat,Akbarpur,26.43,79.98,2023-02-18,23.52,29.16,16.77,45.9,0.1,19.85,3.63,101.3
Uttar Pradesh,Kanpur Dehat,Akbarpur,26.43,79.98,2023-02-21,23.54,30.86,18.64,52.5,0.1,22.16,2.42,100.86
Uttar Pradesh,Kanpur Dehat,Akbarpur,26.43,79.98,2023-02-24,24.31,29.07,16.69,41.3,0.0,21.82,2.47,100.75
Uttar Pradesh,Kanpur Dehat,Akbarpur,26.43,79.98,2023-02-27,25.39,33.32,19.86,49.2,0.0,20.37,2.26,100.69
Uttar Pradesh,Kanpur Dehat,Akbarpur,26.43,79.98,2023-03-02,25.95,33.36,21.43,54.2,0.0,22.37,3.94,100.84
Uttar Pradesh,Kanpur Dehat,Akbarpur,26.43,79.98,2023-03-05,27.81,33.9,23.36,42.8,0.1,20.62,4.15,100.94
Uttar Pradesh,Kanpur Dehat,Akbarpur,26.43,79.98,2023-03-08,29.79,34.68,25.01,42.3,0.0,20.94,2.09,101.33
Uttar Pradesh,Kanpur Dehat,Akbarpur,26.43,79.98,2023-03-11,28.42,35.07,21.07,42.6,0.0,21.23,1.92,100.73
Uttar Pradesh,Kanpur Dehat,Akbarpur,26.43,79.98,2023-03-14,30.4,37.24,26.02,40.7,0.0,20.17,2.93,100.73
Uttar Pradesh,Kanpur Dehat,Akbarpur,26.43,79.98,2023-03-17,29.95,35.4,24.07,53.8,0.0,19.76,3.87,100.81
Uttar Pradesh,Kanpur Dehat,Akbarpur,26.43,79.98,2023-03-20,32.69,38.94,25.21,54.2,0.1,19.92,3.94,100.83
Uttar Pradesh,Kanpur Dehat,Akbarpur,26.43,79.98,2023-03-23,31.65,39.11,26.81,40.1,0.0,23.17,2.38,101.0
Uttar Pradesh,Kanpur Dehat,Akbarpur,26.43,79.98,2023-03-26,34.0,38.29,28.18,43.9,0.0,22.13,2.48,101.42
Uttar Pradesh,Kanpur Dehat,Akbarpur,26.43,79.98,2023-03-29,33.88,38.6,29.84,49.2,0.0,19.57,3.19,101.01
Uttar Pradesh,Kanpur Dehat,Akbarpur,26.43,79.98,2023-04-01,35.26,41.41,30.32,46.8,0.0,22.08,3.91,101.39
Uttar Pradesh,Kanpur Dehat,Akbarpur,26.43,79.98,2023-04-04,35.83,43.26,30.36,53.2,0.0,20.38,4.23,101.11
Uttar Pradesh,Kanpur Dehat,Akbarpur,26.43,79.98,2023-04-07,36.86,41.18,31.99,39.4,0.0,20.04,3.4,101.1
Uttar Pradesh,Kanpur Dehat,Akbarpur,26.43,79.98,2023-04-10,37.48,43.08,30.76,39.0,0.1,20.41,4.35,101.02
Uttar Pradesh,Kanpur Dehat,Akbarpur,26.43,79.98,2023-04-13,36.67,44.46,30.7,54.7,0.0,20.34,3.14,101.44
Uttar Pradesh,Kanpur Dehat,Akbarpur,26.43,79.98,2023-04-16,36.94,41.84,29.09,43.9,0.0,20.85,2.22,101.17
Uttar Pradesh,Kanpur Dehat,Akbarpur,26.43,79.98,2023-04-19,36.03,41.53,31.38,52.0,0.0,21.91,2.75,101.09
Uttar Pradesh,Kanpur Dehat,Akbarpur,26.43,79.98,2023-04-22,38.46,43.01,33.5,40.7,0.1,20.07,3.9,100.75
Uttar Pradesh,Kanpur Dehat,Akbarpur,26.43,79.98,2023-04-25,38.21,44.53,30.66,39.7,0.0,20.15,1.86,100.96
Uttar Pradesh,Kanpur Dehat,Akbarpur,26.43,79.98,2023-04-28,39.59,46.23,32.15,54.1,0.0,23.24,2.24,100.96
Uttar Pradesh,Kanpur Dehat,Akbarpur,26.43,79.98,2023-05-01,37.31,44.97,32.9,39.1,0.0,20.63,4.78,100.97
Uttar Pradesh,Kanpur Dehat,Akbarpur,26.43,79.98,2023-05-04,38.94,46.34,31.72,49.3,0.0,19.94,2.38,100.83
Uttar Pradesh,Kanpur Dehat,Akbarpur,26.43,79.98,2023-05-07,39.48,45.83,32.28,53.2,0.1,20.25,4.7,101.09
Uttar Pradesh,Kanpur Dehat,Akbarpur,26.43,79.98,2023-05-10,38.17,44.93,33.14,42.6,0.0,21.57,3.78,101.18
Uttar Pradesh,Kanpur Dehat,Akbarpur,26.43,79.98,2023-05-13,37.91,44.87,31.41,46.3,0.1,22.67,3.93,101.18
Uttar Pradesh,Kanpur Dehat,Akbarpur,26.43,79.98,2023-05-16,39.84,46.43,35.12,54.1,0.1,20.41,2.87,100.98
Uttar Pradesh,Kanpur Dehat,Akbarpur,26.43,79.98,2023-05-19,40.57,45.4,34.93,54.2,0.1,20.4,2.71,101.17
Uttar Pradesh,Kanpur Dehat,Akbarpur,26.43,79.98,2023-05-22,39.94,44.45,35.05,42.2,0.0,19.62,1.86,100.74
Uttar Pradesh,Kanpur Dehat,Akbarpur,26.43,79.98,2023-05-25,38.75,44.43,34.44,48.1,0.1,21.78,1.84,100.99
Uttar Pradesh,Kanpur Dehat,Akbarpur,26.43,79.98,2023-05-28,37.91,43.84,33.84,49.6,0.0,20.95,4.03,101.41
Uttar Pradesh,Kanpur Dehat,Akbarpur,26.43,79.98,2023-05-31,39.49,46.84,32.93,49.0,0.1,23.34,3.36,100.88
Uttar Pradesh,Kanpur Dehat,Akbarpur,26.43,79.98,2023-06-03,37.73,45.02,31.33,64.0,5.8,18.46,4.41,100.79
Uttar Pradesh,Kanpur Dehat,Akbarpur,26.43,79.98,2023-06-06,36.74,42.88,29.83,56.8,0.2,15.52,3.52,100.64
Uttar Pradesh,Kanpur Dehat,Akbarpur,26.43,79.98,2023-06-09,37.07,42.13,30.22,70.2,0.1,15.37,4.17,101.38
Uttar Pradesh,Kanpur Dehat,Akbarpur,26.43,79.98,2023-06-12,38.94,43.53,33.59,64.8,1.6,16.0,2.03,100.68
Uttar Pradesh,Kanpur Dehat,Akbarpur,26.43,79.98,2023-06-15,35.89,40.54,31.52,68.4,5.3,14.81,2.9,101.27
Uttar Pradesh,Kanpur Dehat,Akbarpur,26.43,79.98,2023-06-18,37.39,42.76,31.42,63.3,12.8,15.45,3.35,101.19
Uttar Pradesh,Kanpur Dehat,Akbarpur,26.43,79.98,2023-06-21,35.9,42.76,30.98,74.9,8.5,13.06,2.98,101.1
Uttar Pradesh,Kanpur Dehat,Akbarpur,26.43,79.98,2023-06-24,34.81,41.64,27.6,76.5,1.5,12.54,2.13,100.75
Uttar Pradesh,Kanpur Dehat,Akbarpur,26.43,79.98,2023-06-27,34.28,40.61,29.85,75.6,1.6,12.72,1.7,100.97
Uttar Pradesh,Kanpur Dehat,Akbarpur,26.43,79.98,2023-06-30,34.74,41.63,30.61,78.6,1.6,12.4,1.82,101.13
Uttar Pradesh,Kanpur Dehat,Akbarpur,26.43,79.98,2023-07-03,35.24,40.06,30.0,79.1,2.0,11.44,1.62,100.82
Uttar Pradesh,Kanpur Dehat,Akbarpur,26.43,79.98,2023-07-06,34.22,41.53,27.36,85.2,10.8,11.67,2.16,100.68
Uttar Pradesh,Kanpur Dehat,Akbarpur,26.43,79.98,2023-07-09,33.08,37.44,28.89,79.2,1.2,13.8,4.26,101.34
Uttar Pradesh,Kanpur Dehat,Akbarpur,26.43,79.98,2023-07-12,31.96,36.75,27.48,80.2,5.4,11.22,2.54,101.26
Uttar Pradesh,Kanpur Dehat,Akbarpur,26.43,79.98,2023-07-15,30.19,34.47,24.64,80.8,2.2,12.17,1.6,100.81
Uttar Pradesh,Kanpur Dehat,Akbarpur,26.43,79.98,2023-07-18,30.09,36.0,23.24,86.1,3.6,11.06,4.89,101.13
Uttar Pradesh,Kanpur Dehat,Akbarpur,26.43,79.98,2023-07-21,28.71,34.53,22.16,78.9,0.3,13.01,1.78,101.36
Uttar Pradesh,Kanpur Dehat,Akbarpur,26.43,79.98,2023-07-24,28.01,33.87,21.53,79.7,0.6,11.95,2.94,100.7
Uttar Pradesh,Kanpur Dehat,Akbarpur,26.43,79.98,2023-07-27,28.02,32.4,20.17,76.0,2.7,11.92,1.74,100.74
Uttar Pradesh,Kanpur Dehat,Akbarpur,26.43,79.98,2023-07-30,26.36,30.65,21.71,83.9,14.3,9.48,3.59,100.98
Uttar Pradesh,Kanpur Dehat,Akbarpur,26.43,79.98,2023-08-02,26.25,30.74,21.28,90.9,1.0,9.84,4.31,101.23
Uttar Pradesh,Kanpur Dehat,Akbarpur,26.43,79.98,2023-08-05,27.09,34.71,21.2,90.5,7.4,10.01,1.25,101.22
Uttar Pradesh,Kanpur Dehat,Akbarpur,26.43,79.98,2023-08-08,23.98,28.75,16.14,76.6,13.3,10.3,3.14,100.83
Uttar Pradesh,Kanpur Dehat,Akbarpur,26.43,79.98,2023-08-11,23.52,29.4,15.56,76.8,15.0,10.37,3.57,100.91
Uttar Pradesh,Kanpur Dehat,Akbarpur,26.43,79.98,2023-08-14,22.48,28.15,15.19,87.6,6.6,9.31,4.26,101.25
Uttar Pradesh,Kanpur Dehat,Akbarpur,26.43,79.98,2023-08-17,22.9,30.5,15.09,78.2,14.2,12.77,2.7,100.94
Uttar Pradesh,Kanpur Dehat,Akbarpur,26.43,79.98,2023-08-20,21.3,26.82,16.86,75.7,17.6,11.41,3.75,101.14
Uttar Pradesh,Kanpur Dehat,Akbarpur,26.43,79.98,2023-08-23,22.07,29.1,17.1,85.7,11.6,14.04,2.57,101.29
Uttar Pradesh,Kanpur Dehat,Akbarpur,26.43,79.98,2023-08-26,19.34,25.97,13.82,83.3,1.0,12.58,1.14,100.9
Uttar Pradesh,Kanpur Dehat,Akbarpur,26.43,79.98,2023-08-29,20.23,25.61,12.85,82.1,13.8,11.37,4.33,101.18
Uttar Pradesh,Kanpur Dehat,Akbarpur,26.43,79.98,2023-09-01,18.91,23.1,11.43,75.8,3.8,12.59,2.18,101.26
Uttar Pradesh,Kanpur Dehat,Akbarpur,26.43,79.98,2023-09-04,18.5,25.98,13.65,70.9,1.7,12.09,2.69,101.27
Uttar Pradesh,Kanpur Dehat,Akbarpur,26.43,79.98,2023-09-07,16.06,20.34,11.79,75.7,1.2,14.02,3.0,100.96
Uttar Pradesh,Kanpur Dehat,Akbarpur,26.43,79.98,2023-09-10,17.02,24.83,11.78,72.2,11.8,14.56,4.11,100.88
Uttar Pradesh,Kanpur Dehat,Akbarpur,26.43,79.98,2023-09-13,16.48,22.77,12.06,69.7,8.6,15.28,1.84,101.02
Uttar Pradesh,Kanpur Dehat,Akbarpur,26.43,79.98,2023-09-16,14.38,21.9,7.72,61.7,2.0,15.22,4.29,100.74
Uttar Pradesh,Kanpur Dehat,Akbarpur,26.43,79.98,2023-09-19,15.17,19.31,8.81,63.4,5.1,16.05,2.4,100.71
Uttar Pradesh,Kanpur Dehat,Akbarpur,26.43,79.98,2023-09-22,13.32,20.6,6.16,60.1,0.9,17.89,3.02,101.34
Uttar Pradesh,Kanpur Dehat,Akbarpur,26.43,79.98,2023-09-25,14.07,19.8,8.54,63.8,8.5,16.31,2.13,100.88
Uttar Pradesh,Kanpur Dehat,Akbarpur,26.43,79.98,2023-09-28,11.45,18.38,6.7,59.1,1.9,18.77,4.36,101.44
Uttar Pradesh,Kanpur Dehat,Akbarpur,26.43,79.98,2023-10-01,11.55,18.73,6.81,53.4,0.0,22.51,4.76,101.33
Uttar Pradesh,Kanpur Dehat,Akbarpur,26.43,79.98,2023-10-04,10.38,18.08,5.55,39.2,0.0,23.07,4.82,101.04
Uttar Pradesh,Kanpur Dehat,Akbarpur,26.43,79.98,2023-10-07,11.56,17.8,6.98,48.9,0.1,21.17,1.34,101.12
Uttar Pradesh,Kanpur Dehat,Akbarpur,26.43,79.98,2023-10-10,9.04,14.14,3.36,47.0,0.0,19.84,3.71,101.21
Uttar Pradesh,Kanpur Dehat,Akbarpur,26.43,79.98,2023-10-13,10.04,14.99,5.02,47.1,0.0,21.89,2.83,101.36
Uttar Pradesh,Kanpur Dehat,Akbarpur,26.43,79.98,2023-10-16,7.97,14.31,1.09,50.8,0.1,22.32,2.53,101.38
Uttar Pradesh,Kanpur Dehat,Akbarpur,26.43,79.98,2023-10-19,7.13,14.91,1.36,40.2,0.0,22.66,4.69,101.18
Uttar Pradesh,Kanpur Dehat,Akbarpur,26.43,79.98,2023-10-22,7.05,12.89,0.49,54.8,0.0,22.54,2.82,100.76
Uttar Pradesh,Kanpur Dehat,Akbarpur,26.43,79.98,2023-10-25,7.54,14.01,2.33,41.4,0.0,19.81,3.47,100.79
Uttar Pradesh,Kanpur Dehat,Akbarpur,26.43,79.98,2023-10-28,6.98,13.0,2.25,46.5,0.0,23.37,0.4,101.01
Uttar Pradesh,Kanpur Dehat,Akbarpur,26.43,79.98,2023-10-31,6.4,12.77,1.82,41.5,0.0,22.28,3.01,101.41
Uttar Pradesh,Kanpur Dehat,Akbarpur,26.43,79.98,2023-11-03,6.83,12.24,1.12,44.4,0.1,21.04,3.95,101.09
Uttar Pradesh,Kanpur Dehat,Akbarpur,26.43,79.98,2023-11-06,5.49,12.89,-1.43,44.5,0.0,23.16,4.43,100.96
Uttar Pradesh,Kanpur Dehat,Akbarpur,26.43,79.98,2023-11-09,6.66,11.85,0.44,49.4,0.1,23.27,3.38,101.32
Uttar Pradesh,Kanpur Dehat,Akbarpur,26.43,79.98,2023-11-12,7.68,14.04,0.97,44.2,0.1,21.67,3.56,100.96
Uttar Pradesh,Kanpur Dehat,Akbarpur,26.43,79.98,2023-11-15,5.83,10.29,-1.76,51.6,0.0,20.77,1.64,100.93
Uttar Pradesh,Kanpur Dehat,Akbarpur,26.43,79.98,2023-11-18,8.0,13.39,1.87,53.7,0.0,21.38,2.95,100.9
Uttar Pradesh,Kanpur Dehat,Akbarpur,26.43,79.98,2023-11-21,6.54,12.98,-0.6,43.0,0.0,21.03,1.36,101.07
Uttar Pradesh,Kanpur Dehat,Akbarpur,26.43,79.98,2023-11-24,6.32,11.65,-0.97,41.4,0.1,19.56,4.48,100.79
Uttar Pradesh,Kanpur Dehat,Akbarpur,26.43,79.98,2023-11-27,5.82,13.04,1.23,42.4,0.0,20.53,2.63,101.36
Uttar Pradesh,Kanpur Dehat,Akbarpur,26.43,79.98,2023-11-30,8.68,14.88,0.99,40.2,0.1,21.21,1.21,100.79
Uttar Pradesh,Kanpur Dehat,Akbarpur,26.43,79.98,2023-12-03,8.32,15.76,2.78,40.3,0.1,22.49,0.55,100.67
Uttar Pradesh,Kanpur Dehat,Akbarpur,26.43,79.98,2023-12-06,6.53,11.02,2.44,50.1,0.0,19.92,1.23,100.77
Uttar Pradesh,Kanpur Dehat,Akbarpur,26.43,79.98,2023-12-09,7.22,13.66,0.53,54.3,0.0,23.39,1.89,100.84
Uttar Pradesh,Kanpur Dehat,Akbarpur,26.43,79.98,2023-12-12,7.73,15.63,-0.25,50.1,0.0,20.19,3.2,100.76
Uttar Pradesh,Kanpur Dehat,Akbarpur,26.43,79.98,2023-12-15,8.49,15.44,4.25,47.3,0.1,19.61,1.16,101.1
Uttar Pradesh,Kanpur Dehat,Akbarpur,26.43,79.98,2023-12-18,9.22,16.75,2.82,44.2,0.0,23.25,3.46,101.32
Uttar Pradesh,Kanpur Dehat,Akbarpur,26.43,79.98,2023-12-21,11.08,17.33,6.52,41.6,0.0,22.24,4.6,101.26
Uttar Pradesh,Kanpur Dehat,Akbarpur,26.43,79.98,2023-12-24,10.39,14.41,3.2,45.4,0.0,21.75,2.85,101.22
Uttar Pradesh,Kanpur Dehat,Akbarpur,26.43,79.98,2023-12-27,10.61,18.45,2.79,53.7,0.0,20.74,2.23,101.36
Uttar Pradesh,Kanpur Dehat,Akbarpur,26.43,79.98,2023-12-30,12.34,19.49,5.05,54.7,0.1,20.75,3.35,101.24
Madhya Pradesh,Indore,Depalpur,22.85,75.55,2023-01-01,13.63,20.07,8.99,52.5,0.0,20.58,3.17,101.42
Madhya Pradesh,Indore,Depalpur,22.85,75.55,2023-01-04,15.67,20.26,8.62,48.0,0.1,21.82,2.61,101.01
Madhya Pradesh,Indore,Depalpur,22.85,75.55,2023-01-07,16.78,21.12,9.67,40.4,0.0,19.93,3.55,101.25
Madhya Pradesh,Indore,Depalpur,22.85,75.55,2023-01-10,15.35,22.27,8.75,40.4,0.0,22.36,2.02,100.84
Madhya Pradesh,Indore,Depalpur,22.85,75.55,2023-01-13,17.17,22.28,11.68,53.5,0.1,23.47,1.63,101.32
Madhya Pradesh,Indore,Depalpur,22.85,75.55,2023-01-16,18.12,23.95,10.67,45.2,0.1,21.37,3.38,100.77
Madhya Pradesh,Indore,Depalpur,22.85,75.55,2023-01-19,18.76,23.34,12.04,39.7,0.2,21.64,2.77,101.18
Madhya Pradesh,Indore,Depalpur,22.85,75.55,2023-01-22,18.32,23.32,11.06,39.3,0.0,19.82,2.27,101.35
Madhya Pradesh,Indore,Depalpur,22.85,75.55,2023-01-25,20.56,24.7,14.71,46.3,0.1,22.39,1.52,100.82
Madhya Pradesh,Indore,Depalpur,22.85,75.55,2023-01-28,19.0,26.26,14.52,41.8,0.0,20.82,4.74,100.8
Madhya Pradesh,Indore,Depalpur,22.85,75.55,2023-01-31,22.1,27.99,14.96,42.8,0.1,20.36,3.95,101.45
Madhya Pradesh,Indore,Depalpur,22.85,75.55,2023-02-03,22.35,28.87,16.22,52.5,0.0,19.87,2.04,101.4
Madhya Pradesh,Indore,Depalpur,22.85,75.55,2023-02-06,23.19,29.92,16.21,42.5,0.0,22.77,5.0,100.8
Madhya Pradesh,Indore,Depalpur,22.85,75.55,2023-02-09,23.56,29.78,17.94,41.5,0.0,21.36,2.26,101.07
Madhya Pradesh,Indore,Depalpur,22.85,75.55,2023-02-12,23.06,28.53,16.84,51.0,0.0,20.12,3.52,101.44
Madhya Pradesh,Indore,Depalpur,22.85,75.55,2023-02-15,25.95,30.51,19.62,54.3,0.0,21.66,2.17,100.92
Madhya Pradesh,Indore,Depalpur,22.85,75.55,2023-02-18,23.83,28.65,19.33,43.3,0.0,21.73,4.24,100.96
Madhya Pradesh,Indore,Depalpur,22.85,75.55,2023-02-21,27.33,33.87,21.16,52.6,0.0,20.92,2.31,101.16
Madhya Pradesh,Indore,Depalpur,22.85,75.55,2023-02-24,26.12,34.0,21.15,54.4,0.0,19.51,2.16,101.08
Madhya Pradesh,Indore,Depalpur,22.85,75.55,2023-02-27,26.31,33.66,19.63,49.7,0.1,23.44,2.58,101.21
Madhya Pradesh,Indore,Depalpur,22.85,75.55,2023-03-02,28.82,32.82,24.62,45.6,0.2,20.73,2.68,101.0
Madhya Pradesh,Indore,Depalpur,22.85,75.55,2023-03-05,30.09,36.45,22.8,39.0,0.0,20.19,2.74,101.34
Madhya Pradesh,Indore,Depalpur,22.85,75.55,2023-03-08,28.39,36.12,23.32,52.9,0.0,20.77,3.8,101.23
Madhya Pradesh,Indore,Depalpur,22.85,75.55,2023-03-11,28.97,36.29,21.05,40.6,0.1,20.56,2.59,100.79
Madhya Pradesh,Indore,Depalpur,22.85,75.55,2023-03-14,30.53,37.18,22.72,54.7,0.2,21.97,2.46,101.25
Madhya Pradesh,Indore,Depalpur,22.85,75.55,2023-03-17,31.74,37.18,24.14,42.9,0.0,20.11,2.31,100.79
Madhya Pradesh,Indore,Depalpur,22.85,75.55,2023-03-20,32.49,39.69,27.85,46.8,0.0,21.72,1.73,100.68
Madhya Pradesh,Indore,Depalpur,22.85,75.55,2023-03-23,31.51,37.2,26.56,50.9,0.0,22.77,3.45,100.86
Madhya Pradesh,Indore,Depalpur,22.85,75.55,2023-03-26,32.2,38.11,26.65,44.2,0.1,20.36,1.89,101.03
Madhya Pradesh,Indore,Depalpur,22.85,75.55,2023-03-29,33.99,41.69,27.57,41.7,0.0,19.8,1.14,100.94
Madhya Pradesh,Indore,Depalpur,22.85,75.55,2023-04-01,33.28,39.88,27.59,43.7,0.0,23.22,2.82,100.92
Madhya Pradesh,Indore,Depalpur,22.85,75.55,2023-04-04,34.5,42.14,27.68,45.7,0.0,19.66,3.38,100.77
Madhya Pradesh,Indore,Depalpur,22.85,75.55,2023-04-07,36.55,43.14,31.92,48.8,0.0,21.5,2.56,101.27
Madhya Pradesh,Indore,Depalpur,22.85,75.55,2023-04-10,36.61,42.65,31.94,49.5,0.0,22.12,3.2,100.74
Madhya Pradesh,Indore,Depalpur,22.85,75.55,2023-04-13,37.59,41.6,32.7,45.2,0.0,19.83,1.58,100.94
Madhya Pradesh,Indore,Depalpur,22.85,75.55,2023-04-16,36.06,42.75,31.17,45.2,0.1,21.2,0.3,100.8
Madhya Pradesh,Indore,Depalpur,22.85,75.55,2023-04-19,35.83,42.0,27.87,53.5,0.0,21.48,2.14,101.21
Madhya Pradesh,Indore,Depalpur,22.85,75.55,2023-04-22,37.43,44.66,32.26,53.7,0.1,21.37,2.85,100.78
Madhya Pradesh,Indore,Depalpur,22.85,75.55,2023-04-25,37.67,42.18,30.93,50.0,0.0,23.38,4.32,101.31
Madhya Pradesh,Indore,Depalpur,22.85,75.55,2023-04-28,36.81,42.1,32.6,48.1,0.1,20.87,3.24,101.23
Madhya Pradesh,Indore,Depalpur,22.85,75.55,2023-05-01,37.78,44.63,32.68,54.5,0.0,19.49,4.15,101.36
Madhya Pradesh,Indore,Depalpur,22.85,75.55,2023-05-04,38.77,43.39,31.28,50.3,0.0,21.0,3.67,101.21
Madhya Pradesh,Indore,Depalpur,22.85,75.55,2023-05-07,37.01,41.18,31.59,52.8,0.3,20.75,4.28,101.36
Madhya Pradesh,Indore,Depalpur,22.85,75.55,2023-05-10,38.86,46.74,32.28,54.0,0.0,20.26,1.85,101.09
Madhya Pradesh,Indore,Depalpur,22.85,75.55,2023-05-13,38.6,43.95,33.11,47.0,0.0,20.37,2.6,101.07
Madhya Pradesh,Indore,Depalpur,22.85,75.55,2023-05-16,38.43,45.09,33.69,47.3,0.0,22.56,3.96,101.23
Madhya Pradesh,Indore,Depalpur,22.85,75.55,2023-05-19,39.5,45.57,34.51,53.6,0.0,20.98,2.55,101.24
Madhya Pradesh,Indore,Depalpur,22.85,75.55,2023-05-22,39.56,45.49,32.64,42.2,0.0,20.91,3.78,100.92
Madhya Pradesh,Indore,Depalpur,22.85,75.55,2023-05-25,38.09,45.11,31.16,42.1,0.0,22.61,1.95,101.18
Madhya Pradesh,Indore,Depalpur,22.85,75.55,2023-05-28,38.96,44.06,34.72,44.6,0.0,23.32,1.56,101.09
Madhya Pradesh,Indore,Depalpur,22.85,75.55,2023-05-31,38.73,46.59,31.51,42.5,0.0,19.91,3.26,101.06
Madhya Pradesh,Indore,Depalpur,22.85,75.55,2023-06-03,37.62,42.7,31.67,61.8,6.3,19.5,1.23,101.37
Madhya Pradesh,Indore,Depalpur,22.85,75.55,2023-06-06,37.58,43.27,32.33,68.0,0.7,16.13,2.36,101.35
Madhya Pradesh,Indore,Depalpur,22.85,75.55,2023-06-09,36.98,44.39,29.42,61.3,0.8,18.0,5.02,100.97
Madhya Pradesh,Indore,Depalpur,22.85,75.55,2023-06-12,36.03,43.64,30.27,62.8,3.7,15.35,3.79,100.97
Madhya Pradesh,Indore,Depalpur,22.85,75.55,2023-06-15,35.36,40.85,28.32,63.7,5.1,16.26,2.93,100.82
Madhya Pradesh,Indore,Depalpur,22.85,75.55,2023-06-18,35.01,41.7,28.56,65.0,1.1,16.63,3.41,101.14
Madhya Pradesh,Indore,Depalpur,22.85,75.55,2023-06-21,36.26,41.54,32.11,67.3,5.4,15.09,2.41,101.08
Madhya Pradesh,Indore,Depalpur,22.85,75.55,2023-06-24,34.45,39.3,29.21,70.5,2.5,15.78,4.99,100.86
Madhya Pradesh,Indore,Depalpur,22.85,75.55,2023-06-27,36.18,41.15,29.83,71.5,0.2,14.87,4.75,101.32
Madhya Pradesh,Indore,Depalpur,22.85,75.55,2023-06-30,33.91,41.02,28.0,82.8,0.4,12.76,2.99,101.29
Madhya Pradesh,Indore,Depalpur,22.85,75.55,2023-07-03,35.1,41.29,29.55,81.3,0.7,11.85,4.19,101.27
Madhya Pradesh,Indore,Depalpur,22.85,75.55,2023-07-06,33.34,41.31,28.97,77.2,1.6,10.44,3.16,100.97
Madhya Pradesh,Indore,Depalpur,22.85,75.55,2023-07-09,32.73,38.76,27.57,82.3,5.1,14.0,3.04,100.81
Madhya Pradesh,Indore,Depalpur,22.85,75.55,2023-07-12,32.36,38.33,26.87,85.9,1.7,13.28,2.23,101.16
Madhya Pradesh,Indore,Depalpur,22.85,75.55,2023-07-15,31.89,37.02,27.55,88.3,3.5,9.95,3.5,101.2
Madhya Pradesh,Indore,Depalpur,22.85,75.55,2023-07-18,31.14,36.46,25.83,87.3,3.2,10.94,3.71,100.99
Madhya Pradesh,Indore,Depalpur,22.85,75.55,2023-07-21,29.37,36.02,22.71,81.6,4.1,10.02,2.55,101.3
Madhya Pradesh,Indore,Depalpur,22.85,75.55,2023-07-24,29.57,36.9,24.07,86.6,0.2,9.82,4.27,101.21
Madhya Pradesh,Indore,Depalpur,22.85,75.55,2023-07-27,29.0,34.88,24.21,78.0,8.3,11.63,2.43,100.88
Madhya Pradesh,Indore,Depalpur,22.85,75.55,2023-07-30,28.73,33.27,22.28,78.1,5.7,10.06,2.29,101.06
Madhya Pradesh,Indore,Depalpur,22.85,75.55,2023-08-02,27.92,32.46,22.69,86.2,6.3,11.27,2.63,101.3
Madhya Pradesh,Indore,Depalpur,22.85,75.55,2023-08-05,27.06,31.95,21.29,88.5,6.7,11.86,2.08,101.45
Madhya Pradesh,Indore,Depalpur,22.85,75.55,2023-08-08,27.08,33.69,22.65,84.7,0.3,12.68,3.62,101.45
Madhya Pradesh,Indore,Depalpur,22.85,75.55,2023-08-11,26.05,31.12,18.67,77.3,13.7,11.17,4.89,101.02
Madhya Pradesh,Indore,Depalpur,22.85,75.55,2023-08-14,25.62,32.37,19.48,87.6,1.7,12.86,3.01,100.94
Madhya Pradesh,Indore,Depalpur,22.85,75.55,2023-08-17,22.46,27.8,18.19,74.2,7.3,9.98,3.25,100.89
Madhya Pradesh,Indore,Depalpur,22.85,75.55,2023-08-20,24.4,32.02,16.92,87.9,4.2,12.95,3.5,100.9
Madhya Pradesh,Indore,Depalpur,22.85,75.55,2023-08-23,23.67,30.92,16.75,74.7,0.7,13.78,1.5,101.36
Madhya Pradesh,Indore,Depalpur,22.85,75.55,2023-08-26,20.59,27.39,14.73,82.4,4.2,11.21,2.36,101.44
Madhya Pradesh,Indore,Depalpur,22.85,75.55,2023-08-29,20.27,27.25,12.95,72.5,7.8,12.4,2.91,101.43
Madhya Pradesh,Indore,Depalpur,22.85,75.55,2023-09-01,19.81,25.85,13.81,67.5,8.8,14.22,3.49,101.37
Madhya Pradesh,Indore,Depalpur,22.85,75.55,2023-09-04,19.07,23.91,13.68,77.2,6.4,13.31,2.23,101.41
Madhya Pradesh,Indore,Depalpur,22.85,75.55,2023-09-07,18.72,24.75,11.57,67.0,7.2,13.58,2.71,101.32
Madhya Pradesh,Indore,Depalpur,22.85,75.55,2023-09-10,16.9,22.01,10.36,69.8,2.5,14.99,3.02,100.67
Madhya Pradesh,Indore,Depalpur,22.85,75.55,2023-09-13,18.35,23.37,11.03,69.1,4.5,15.71,3.85,100.77
Madhya Pradesh,Indore,Depalpur,22.85,75.55,2023-09-16,17.64,22.81,10.19,71.0,5.1,17.02,1.42,101.43
Madhya Pradesh,Indore,Depalpur,22.85,75.55,2023-09-19,15.25,19.65,9.6,64.6,0.7,15.22,3.38,101.36
Madhya Pradesh,Indore,Depalpur,22.85,75.55,2023-09-22,15.24,19.83,10.51,63.7,0.8,16.81,1.75,101.07
Madhya Pradesh,Indore,Depalpur,22.85,75.55,2023-09-25,16.0,20.07,8.28,55.6,0.1,18.57,2.55,101.13
Madhya Pradesh,Indore,Depalpur,22.85,75.55,2023-09-28,14.55,19.42,7.42,55.3,3.6,17.01,1.5,100.97
Madhya Pradesh,Indore,Depalpur,22.85,75.55,2023-10-01,13.84,18.1,7.27,49.9,0.0,21.68,2.16,101.26
Madhya Pradesh,Indore,Depalpur,22.85,75.55,2023-10-04,12.2,19.55,4.72,39.6,0.0,19.81,2.79,101.06
Madhya Pradesh,Indore,Depalpur,22.85,75.55,2023-10-07,12.17,17.37,6.32,44.7,0.1,22.37,3.22,100.76
Madhya Pradesh,Indore,Depalpur,22.85,75.55,2023-10-10,11.64,15.68,6.33,40.5,0.1,22.6,3.48,100.7
Madhya Pradesh,Indore,Depalpur,22.85,75.55,2023-10-13,12.83,18.48,5.11,45.1,0.0,19.77,2.78,101.43
Madhya Pradesh,Indore,Depalpur,22.85,75.55,2023-10-16,11.71,17.48,5.97,51.1,0.1,21.38,3.25,101.38
Madhya Pradesh,Indore,Depalpur,22.85,75.55,2023-10-19,11.05,17.7,4.81,46.2,0.0,20.46,3.72,101.12
Madhya Pradesh,Indore,Depalpur,22.85,75.55,2023-10-22,12.11,16.43,6.63,52.9,0.2,19.53,1.81,101.35
Madhya Pradesh,Indore,Depalpur,22.85,75.55,2023-10-25,10.65,15.17,5.45,50.2,0.1,20.29,1.79,101.19
Madhya Pradesh,Indore,Depalpur,22.85,75.55,2023-10-28,10.97,17.6,6.88,45.9,0.0,21.86,2.53,101.21
Madhya Pradesh,Indore,Depalpur,22.85,75.55,2023-10-31,9.65,16.81,4.43,47.5,0.1,19.94,3.25,101.26
Madhya Pradesh,Indore,Depalpur,22.85,75.55,2023-11-03,8.83,16.57,4.73,50.4,0.0,20.19,1.87,101.0
Madhya Pradesh,Indore,Depalpur,22.85,75.55,2023-11-06,8.86,14.95,3.66,54.3,0.0,21.22,3.52,100.85
Madhya Pradesh,Indore,Depalpur,22.85,75.55,2023-11-09,11.3,16.59,4.72,52.1,0.0,22.5,2.71,100.71
Madhya Pradesh,Indore,Depalpur,22.85,75.55,2023-11-12,9.69,17.19,4.88,45.8,0.1,20.58,3.27,100.79
Madhya Pradesh,Indore,Depalpur,22.85,75.55,2023-11-15,9.89,15.59,2.13,53.2,0.0,21.72,2.57,101.03
Madhya Pradesh,Indore,Depalpur,22.85,75.55,2023-11-18,11.1,16.31,4.75,50.2,0.0,23.17,2.93,100.76
Madhya Pradesh,Indore,Depalpur,22.85,75.55,2023-11-21,9.32,16.18,5.24,44.8,0.0,21.37,3.37,100.85
Madhya Pradesh,Indore,Depalpur,22.85,75.55,2023-11-24,8.75,13.12,3.98,47.1,0.0,22.76,2.86,101.0
Madhya Pradesh,Indore,Depalpur,22.85,75.55,2023-11-27,9.4,14.37,2.04,39.6,0.1,19.87,3.76,101.15
Madhya Pradesh,Indore,Depalpur,22.85,75.55,2023-11-30,11.41,15.81,7.16,49.9,0.0,22.36,2.45,100.89
Madhya Pradesh,Indore,Depalpur,22.85,75.55,2023-12-03,10.52,15.27,4.78,43.3,0.0,20.67,2.58,100.74
Madhya Pradesh,Indore,Depalpur,22.85,75.55,2023-12-06,11.69,17.67,6.77,40.6,0.0,21.49,4.22,101.25
Madhya Pradesh,Indore,Depalpur,22.85,75.55,2023-12-09,10.69,16.34,3.12,43.2,0.2,23.05,5.19,100.88
Madhya Pradesh,Indore,Depalpur,22.85,75.55,2023-12-12,12.33,18.78,7.51,54.8,0.0,22.71,2.65,101.12
Madhya Pradesh,Indore,Depalpur,22.85,75.55,2023-12-15,10.48,17.93,5.78,42.9,0.0,20.25,1.26,100.75
Madhya Pradesh,Indore,Depalpur,22.85,75.55,2023-12-18,12.61,17.03,6.71,49.2,0.1,19.65,3.17,100.82
Madhya Pradesh,Indore,Depalpur,22.85,75.55,2023-12-21,13.93,19.49,8.23,44.8,0.1,22.44,2.2,101.13
Madhya Pradesh,Indore,Depalpur,22.85,75.55,2023-12-24,13.04,17.79,5.25,54.2,0.1,23.45,1.98,101.04
Madhya Pradesh,Indore,Depalpur,22.85,75.55,2023-12-27,14.49,19.46,7.52,50.2,0.1,22.81,3.37,101.3
Madhya Pradesh,Indore,Depalpur,22.85,75.55,2023-12-30,13.91,19.16,8.44,51.6,0.1,22.85,2.26,101.21
Madhya Pradesh,Bhopal,Berasia,23.63,77.44,2023-01-01,12.81,17.43,6.54,42.2,0.0,19.88,3.69,100.84
Madhya Pradesh,Bhopal,Berasia,23.63,77.44,2023-01-04,15.41,20.73,8.02,43.6,0.0,21.05,4.11,100.67
Madhya Pradesh,Bhopal,Berasia,23.63,77.44,2023-01-07,14.77,20.29,10.72,52.6,0.0,19.48,3.5,100.87
Madhya Pradesh,Bhopal,Berasia,23.63,77.44,2023-01-10,14.16,18.55,7.32,48.1,0.0,20.46,2.62,100.89
Madhya Pradesh,Bhopal,Berasia,23.63,77.44,2023-01-13,17.64,23.12,9.68,53.0,0.0,22.87,4.36,101.31
Madhya Pradesh,Bhopal,Berasia,23.63,77.44,2023-01-16,17.47,23.67,10.22,41.3,0.0,20.54,3.01,100.98
Madhya Pradesh,Bhopal,Berasia,23.63,77.44,2023-01-19,16.64,23.47,10.35,51.3,0.0,21.87,4.41,101.12
Madhya Pradesh,Bhopal,Berasia,23.63,77.44,2023-01-22,17.74,25.46,12.26,40.4,0.0,22.3,1.94,101.41
Madhya Pradesh,Bhopal,Berasia,23.63,77.44,2023-01-25,19.42,26.07,11.67,51.2,0.0,21.32,2.85,100.75
Madhya Pradesh,Bhopal,Berasia,23.63,77.44,2023-01-28,20.06,27.3,15.07,49.7,0.1,19.99,1.93,100.77
Madhya Pradesh,Bhopal,Berasia,23.63,77.44,2023-01-31,20.42,25.76,12.62,54.7,0.0,22.65,2.38,101.44
Madhya Pradesh,Bhopal,Berasia,23.63,77.44,2023-02-03,20.21,24.52,14.4,39.1,0.0,21.12,2.35,101.43
Madhya Pradesh,Bhopal,Berasia,23.63,77.44,2023-02-06,21.69,29.09,14.57,48.2,0.0,20.69,1.8,101.18
Madhya Pradesh,Bhopal,Berasia,23.63,77.44,2023-02-09,22.72,28.01,16.29,54.7,0.0,20.82,2.85,100.67
Madhya Pradesh,Bhopal,Berasia,23.63,77.44,2023-02-12,22.25,26.47,16.56,52.2,0.1,23.34,3.49,101.13
Madhya Pradesh,Bhopal,Berasia,23.63,77.44,2023-02-15,22.77,28.31,17.73,48.7,0.0,21.64,1.67,100.96
Madhya Pradesh,Bhopal,Berasia,23.63,77.44,2023-02-18,24.97,30.59,20.57,50.5,0.1,21.87,3.81,101.36
Madhya Pradesh,Bhopal,Berasia,23.63,77.44,2023-02-21,27.22,34.25,23.04,52.9,0.0,20.58,3.7,101.4
Madhya Pradesh,Bhopal,Berasia,23.63,77.44,2023-02-24,27.5,35.08,22.51,48.0,0.0,20.66,2.9,100.93
Madhya Pradesh,Bhopal,Berasia,23.63,77.44,2023-02-27,27.4,35.11,21.13,53.4,0.0,23.44,1.42,100.69
Madhya Pradesh,Bhopal,Berasia,23.63,77.44,2023-03-02,27.89,34.1,20.98,54.3,0.0,21.39,1.98,101.23
Madhya Pradesh,Bhopal,Berasia,23.63,77.44,2023-03-05,30.08,34.14,24.8,52.8,0.0,22.64,1.88,100.69
Madhya Pradesh,Bhopal,Berasia,23.63,77.44,2023-03-08,29.9,37.1,24.95,44.9,0.0,22.29,1.46,100.92
Madhya Pradesh,Bhopal,Berasia,23.63,77.44,2023-03-11,30.42,38.24,23.3,54.0,0.0,21.54,2.55,100.97
Madhya Pradesh,Bhopal,Berasia,23.63,77.44,2023-03-14,30.39,37.6,25.69,47.7,0.1,23.22,3.59,101.06
Madhya Pradesh,Bhopal,Berasia,23.63,77.44,2023-03-17,32.82,37.48,25.46,45.2,0.0,23.19,2.89,100.72
Madhya Pradesh,Bhopal,Berasia,23.63,77.44,2023-03-20,31.65,36.28,27.12,43.7,0.1,21.8,4.1,101.07
Madhya Pradesh,Bhopal,Berasia,23.63,77.44,2023-03-23,31.72,39.0,24.44,42.3,0.1,22.72,4.05,100.85
Madhya Pradesh,Bhopal,Berasia,23.63,77.44,2023-03-26,31.9,39.37,24.59,40.4,0.1,22.57,1.54,101.45
Madhya Pradesh,Bhopal,Berasia,23.63,77.44,2023-03-29,33.45,40.79,25.77,43.8,0.1,22.21,1.39,101.34
Madhya Pradesh,Bhopal,Berasia,23.63,77.44,2023-04-01,34.72,39.83,29.72,47.5,0.0,22.91,3.37,101.22
Madhya Pradesh,Bhopal,Berasia,23.63,77.44,2023-04-04,35.57,40.05,28.45,51.1,0.0,19.87,2.32,100.89
Madhya Pradesh,Bhopal,Berasia,23.63,77.44,2023-04-07,36.35,42.22,29.09,41.4,0.0,20.87,3.23,100.72
Madhya Pradesh,Bhopal,Berasia,23.63,77.44,2023-04-10,36.76,41.13,30.09,40.1,0.0,22.13,2.39,101.36
Madhya Pradesh,Bhopal,Berasia,23.63,77.44,2023-04-13,36.16,41.96,32.04,44.3,0.0,22.63,2.41,101.09
Madhya Pradesh,Bhopal,Berasia,23.63,77.44,2023-04-16,37.43,41.94,31.89,43.5,0.0,22.43,1.09,100.84
Madhya Pradesh,Bhopal,Berasia,23.63,77.44,2023-04-19,36.67,41.8,29.21,49.0,0.0,20.99,4.89,101.02
Madhya Pradesh,Bhopal,Berasia,23.63,77.44,2023-04-22,37.72,45.17,32.7,42.9,0.0,21.48,1.68,101.28
Madhya Pradesh,Bhopal,Berasia,23.63,77.44,2023-04-25,36.78,42.51,28.82,46.5,0.0,22.83,3.56,100.76
Madhya Pradesh,Bhopal,Berasia,23.63,77.44,2023-04-28,38.48,45.44,30.79,49.4,0.0,21.53,2.19,100.89
Madhya Pradesh,Bhopal,Berasia,23.63,77.44,2023-05-01,38.12,44.0,30.48,53.3,0.1,21.39,3.33,101.4
Madhya Pradesh,Bhopal,Berasia,23.63,77.44,2023-05-04,38.89,46.38,33.23,54.7,0.0,22.87,2.68,101.32
Madhya Pradesh,Bhopal,Berasia,23.63,77.44,2023-05-07,38.23,45.54,33.38,50.8,0.0,21.12,3.39,101.25
Madhya Pradesh,Bhopal,Berasia,23.63,77.44,2023-05-10,37.48,45.39,32.59,44.8,0.0,21.78,4.49,101.38
Madhya Pradesh,Bhopal,Berasia,23.63,77.44,2023-05-13,40.11,46.64,34.64,40.5,0.0,21.55,1.86,101.45
Madhya Pradesh,Bhopal,Berasia,23.63,77.44,2023-05-16,38.54,43.94,32.86,41.5,0.1,21.84,2.26,101.1
Madhya Pradesh,Bhopal,Berasia,23.63,77.44,2023-05-19,38.56,43.56,33.29,46.7,0.0,23.39,2.17,100.71
Madhya Pradesh,Bhopal,Berasia,23.63,77.44,2023-05-22,37.7,43.08,30.57,53.0,0.0,22.6,2.54,101.02
Madhya Pradesh,Bhopal,Berasia,23.63,77.44,2023-05-25,38.74,44.87,34.57,39.9,0.0,22.23,1.16,101.32
Madhya Pradesh,Bhopal,Berasia,23.63,77.44,2023-05-28,37.9,42.17,31.68,49.3,0.0,19.65,4.33,101.05
Madhya Pradesh,Bhopal,Berasia,23.63,77.44,2023-05-31,36.92,43.87,30.42,43.3,0.0,20.41,3.05,101.32
Madhya Pradesh,Bhopal,Berasia,23.63,77.44,2023-06-03,37.97,44.83,32.58,63.3,2.5,18.72,3.38,100.98
Madhya Pradesh,Bhopal,Berasia,23.63,77.44,2023-06-06,38.04,42.81,30.15,63.2,2.4,18.06,3.53,100.85
Madhya Pradesh,Bhopal,Berasia,23.63,77.44,2023-06-09,38.6,42.65,32.82,68.3,5.5,17.79,3.33,100.9
Madhya Pradesh,Bhopal,Berasia,23.63,77.44,2023-06-12,36.45,43.27,31.25,68.0,1.7,17.37,1.15,101.45
Madhya Pradesh,Bhopal,Berasia,23.63,77.44,2023-06-15,36.53,44.48,32.49,72.4,0.1,15.94,1.99,100.97
Madhya Pradesh,Bhopal,Berasia,23.63,77.44,2023-06-18,37.31,42.57,32.48,72.8,3.9,16.23,2.53,101.28
Madhya Pradesh,Bhopal,Berasia,23.63,77.44,2023-06-21,35.23,41.12,31.23,66.2,5.7,15.74,2.82,101.17
Madhya Pradesh,Bhopal,Berasia,23.63,77.44,2023-06-24,35.45,42.38,28.77,67.1,4.3,14.56,2.71,100.91
Madhya Pradesh,Bhopal,Berasia,23.63,77.44,2023-06-27,34.66,39.04,29.27,77.2,5.1,12.38,2.14,101.25
Madhya Pradesh,Bhopal,Berasia,23.63,77.44,2023-06-30,33.46,40.47,28.87,68.6,1.8,13.29,2.54,101.41
Madhya Pradesh,Bhopal,Berasia,23.63,77.44,2023-07-03,33.42,40.41,26.63,77.5,1.9,14.61,4.86,101.43
Madhya Pradesh,Bhopal,Berasia,23.63,77.44,2023-07-06,32.03,37.35,26.75,73.0,3.8,14.02,4.68,100.91
Madhya Pradesh,Bhopal,Berasia,23.63,77.44,2023-07-09,31.43,39.03,26.34,74.4,0.9,11.55,3.08,100.76
Madhya Pradesh,Bhopal,Berasia,23.63,77.44,2023-07-12,31.31,36.31,25.0,79.2,2.7,11.87,3.04,100.94
Madhya Pradesh,Bhopal,Berasia,23.63,77.44,2023-07-15,32.88,40.04,26.63,80.6,3.0,10.03,1.21,101.37
Madhya Pradesh,Bhopal,Berasia,23.63,77.44,2023-07-18,31.28,35.68,23.58,88.0,0.3,12.07,2.89,101.33
Madhya Pradesh,Bhopal,Berasia,23.63,77.44,2023-07-21,29.83,35.82,23.17,77.5,7.7,10.79,4.04,101.45
Madhya Pradesh,Bhopal,Berasia,23.63,77.44,2023-07-24,28.64,35.48,24.47,79.3,1.0,9.54,2.19,101.3
Madhya Pradesh,Bhopal,Berasia,23.63,77.44,2023-07-27,27.65,34.14,20.2,77.2,2.0,11.91,2.69,101.04
Madhya Pradesh,Bhopal,Berasia,23.63,77.44,2023-07-30,29.43,34.78,23.84,90.7,3.4,12.67,3.32,101.1
Madhya Pradesh,Bhopal,Berasia,23.63,77.44,2023-08-02,28.72,33.18,21.32,87.8,11.1,11.21,2.38,100.74
Madhya Pradesh,Bhopal,Berasia,23.63,77.44,2023-08-05,28.02,32.43,20.88,86.8,3.0,11.59,1.39,100.7
Madhya Pradesh,Bhopal,Berasia,23.63,77.44,2023-08-08,27.19,32.73,19.97,82.4,13.2,10.15,3.69,101.1
Madhya Pradesh,Bhopal,Berasia,23.63,77.44,2023-08-11,23.7,29.66,19.38,88.2,8.8,10.78,5.19,101.43
Madhya Pradesh,Bhopal,Berasia,23.63,77.44,2023-08-14,23.11,29.93,16.2,83.5,0.1,12.96,2.41,101.01
Madhya Pradesh,Bhopal,Berasia,23.63,77.44,2023-08-17,23.88,31.14,18.78,73.5,19.3,10.58,3.32,101.46
Madhya Pradesh,Bhopal,Berasia,23.63,77.44,2023-08-20,23.55,28.39,18.97,86.5,8.0,12.1,2.94,100.77
Madhya Pradesh,Bhopal,Berasia,23.63,77.44,2023-08-23,21.81,29.6,17.8,77.7,0.4,14.07,4.76,101.34
Madhya Pradesh,Bhopal,Berasia,23.63,77.44,2023-08-26,22.01,26.18,15.23,77.7,4.6,11.01,4.31,101.07
Madhya Pradesh,Bhopal,Berasia,23.63,77.44,2023-08-29,21.47,26.0,13.97,75.2,2.0,11.77,1.4,101.12
Madhya Pradesh,Bhopal,Berasia,23.63,77.44,2023-09-01,21.0,27.04,14.95,82.9,1.5,11.3,3.16,100.93
Madhya Pradesh,Bhopal,Berasia,23.63,77.44,2023-09-04,18.54,23.03,12.87,66.1,15.1,13.63,3.92,101.25
Madhya Pradesh,Bhopal,Berasia,23.63,77.44,2023-09-07,19.16,24.37,12.24,67.1,4.5,14.55,1.73,101.28
Madhya Pradesh,Bhopal,Berasia,23.63,77.44,2023-09-10,16.69,22.06,9.39,75.0,19.9,13.15,2.92,101.24
Madhya Pradesh,Bhopal,Berasia,23.63,77.44,2023-09-13,17.74,24.33,10.62,68.5,4.0,16.89,3.26,101.18
Madhya Pradesh,Bhopal,Berasia,23.63,77.44,2023-09-16,16.8,23.16,10.83,70.5,3.8,14.28,1.87,101.01
Madhya Pradesh,Bhopal,Berasia,23.63,77.44,2023-09-19,15.87,21.32,10.31,63.3,1.9,18.22,3.27,100.74
Madhya Pradesh,Bhopal,Berasia,23.63,77.44,2023-09-22,13.62,20.5,8.04,61.6,3.3,16.38,2.81,101.36
Madhya Pradesh,Bhopal,Berasia,23.63,77.44,2023-09-25,15.78,20.93,9.92,57.6,0.2,19.07,2.98,101.33
Madhya Pradesh,Bhopal,Berasia,23.63,77.44,2023-09-28,13.12,18.14,6.32,63.1,1.8,17.65,2.98,101.35
Madhya Pradesh,Bhopal,Berasia,23.63,77.44,2023-10-01,14.42,18.88,8.05,54.6,0.1,21.31,4.58,100.78
Madhya Pradesh,Bhopal,Berasia,23.63,77.44,2023-10-04,11.51,18.44,7.24,51.7,0.0,21.37,4.6,101.16
Madhya Pradesh,Bhopal,Berasia,23.63,77.44,2023-10-07,11.14,17.49,5.46,42.8,0.1,22.4,1.34,100.76
Madhya Pradesh,Bhopal,Berasia,23.63,77.44,2023-10-10,11.07,16.44,4.78,44.0,0.0,22.73,3.46,100.93
Madhya Pradesh,Bhopal,Berasia,23.63,77.44,2023-10-13,12.79,20.6,7.48,48.5,0.0,21.12,4.25,101.16
Madhya Pradesh,Bhopal,Berasia,23.63,77.44,2023-10-16,11.48,16.85,7.34,40.8,0.0,20.16,2.32,101.38
Madhya Pradesh,Bhopal,Berasia,23.63,77.44,2023-10-19,10.75,15.77,4.41,43.2,0.1,20.1,4.1,100.87
Madhya Pradesh,Bhopal,Berasia,23.63,77.44,2023-10-22,10.2,17.83,5.54,41.9,0.0,20.33,2.3,101.27
Madhya Pradesh,Bhopal,Berasia,23.63,77.44,2023-10-25,9.81,15.71,4.23,51.2,0.1,21.18,3.67,101.4
Madhya Pradesh,Bhopal,Berasia,23.63,77.44,2023-10-28,9.1,17.01,3.0,49.7,0.0,20.56,4.17,100.95
Madhya Pradesh,Bhopal,Berasia,23.63,77.44,2023-10-31,10.24,16.08,4.13,42.1,0.0,20.82,4.36,101.21
Madhya Pradesh,Bhopal,Berasia,23.63,77.44,2023-11-03,9.6,13.61,2.75,45.7,0.0,20.51,3.24,101.1
Madhya Pradesh,Bhopal,Berasia,23.63,77.44,2023-11-06,8.81,13.81,3.65,43.3,0.0,22.64,4.61,101.29
Madhya Pradesh,Bhopal,Berasia,23.63,77.44,2023-11-09,9.83,17.37,3.22,40.6,0.0,20.13,2.74,101.32
Madhya Pradesh,Bhopal,Berasia,23.63,77.44,2023-11-12,9.44,15.16,4.47,54.5,0.1,20.84,4.02,100.7
Madhya Pradesh,Bhopal,Berasia,23.63,77.44,2023-11-15,10.61,15.63,3.22,40.7,0.0,20.9,3.44,100.74
Madhya Pradesh,Bhopal,Berasia,23.63,77.44,2023-11-18,8.28,15.51,0.37,49.1,0.1,20.6,2.26,100.88
Madhya Pradesh,Bhopal,Berasia,23.63,77.44,2023-11-21,8.01,15.95,3.84,48.6,0.0,20.22,0.67,100.86
Madhya Pradesh,Bhopal,Berasia,23.63,77.44,2023-11-24,8.35,14.86,1.72,47.0,0.0,22.97,3.7,100.75
Madhya Pradesh,Bhopal,Berasia,23.63,77.44,2023-11-27,8.51,13.48,2.46,46.4,0.0,22.38,3.68,100.7
Madhya Pradesh,Bhopal,Berasia,23.63,77.44,2023-11-30,10.66,14.74,5.39,41.1,0.0,22.6,2.11,100.77
Madhya Pradesh,Bhopal,Berasia,23.63,77.44,2023-12-03,9.27,16.68,2.52,40.5,0.1,22.65,2.31,101.19
Madhya Pradesh,Bhopal,Berasia,23.63,77.44,2023-12-06,9.6,14.14,4.94,45.2,0.0,21.02,3.12,101.1
Madhya Pradesh,Bhopal,Berasia,23.63,77.44,2023-12-09,10.59,16.21,3.39,40.2,0.0,23.21,4.28,101.28
Madhya Pradesh,Bhopal,Berasia,23.63,77.44,2023-12-12,10.87,18.02,4.58,40.7,0.0,19.86,1.1,101.36
Madhya Pradesh,Bhopal,Berasia,23.63,77.44,2023-12-15,10.59,16.22,4.44,40.4,0.1,22.66,3.39,100.92
Madhya Pradesh,Bhopal,Berasia,23.63,77.44,2023-12-18,10.46,17.51,3.69,44.7,0.0,20.09,0.82,101.33
Madhya Pradesh,Bhopal,Berasia,23.63,77.44,2023-12-21,11.84,19.09,6.48,43.9,0.0,22.46,3.49,101.22
Madhya Pradesh,Bhopal,Berasia,23.63,77.44,2023-12-24,12.13,19.58,5.09,47.7,0.0,20.57,2.17,101.37
Madhya Pradesh,Bhopal,Berasia,23.63,77.44,2023-12-27,13.82,19.04,9.48,41.9,0.1,19.63,3.25,101.11
Madhya Pradesh,Bhopal,Berasia,23.63,77.44,2023-12-30,13.55,19.2,7.33,40.2,0.1,19.89,1.66,100.77
Maharashtra,Nashik,Niphad,20.08,74.11,2023-01-01,16.78,23.34,9.55,49.9,0.1,19.68,3.53,101.32
Maharashtra,Nashik,Niphad,20.08,74.11,2023-01-04,15.72,21.85,8.64,41.3,0.0,23.08,2.85,101.3
Maharashtra,Nashik,Niphad,20.08,74.11,2023-01-07,16.98,22.9,11.87,54.2,0.1,22.2,2.26,101.09
Maharashtra,Nashik,Niphad,20.08,74.11,2023-01-10,18.73,24.18,11.2,49.8,0.0,21.73,4.33,101.34
Maharashtra,Nashik,Niphad,20.08,74.11,2023-01-13,18.48,26.33,14.46,53.2,0.1,21.43,3.13,100.97
Maharashtra,Nashik,Niphad,20.08,74.11,2023-01-16,19.62,26.91,14.13,54.7,0.0,19.66,2.34,100.8
Maharashtra,Nashik,Niphad,20.08,74.11,2023-01-19,18.31,24.59,13.02,43.0,0.0,19.79,4.4,101.15
Maharashtra,Nashik,Niphad,20.08,74.11,2023-01-22,20.03,25.26,13.62,44.3,0.2,23.3,1.77,101.28
Maharashtra,Nashik,Niphad,20.08,74.11,2023-01-25,21.8,26.1,17.3,44.3,0.0,21.17,4.69,101.47
Maharashtra,Nashik,Niphad,20.08,74.11,2023-01-28,20.63,25.51,16.53,43.2,0.0,21.59,2.63,100.94
Maharashtra,Nashik,Niphad,20.08,74.11,2023-01-31,22.63,28.88,16.24,43.6,0.1,22.23,2.55,101.07
Maharashtra,Nashik,Niphad,20.08,74.11,2023-02-03,22.13,26.29,16.26,48.7,0.0,22.92,1.7,101.4
Maharashtra,Nashik,Niphad,20.08,74.11,2023-02-06,24.49,31.76,18.54,41.6,0.0,22.43,3.28,100.7
Maharashtra,Nashik,Niphad,20.08,74.11,2023-02-09,23.66,29.06,17.27,40.6,0.1,20.83,2.75,101.43
Maharashtra,Nashik,Niphad,20.08,74.11,2023-02-12,24.26,29.48,19.56,54.3,0.0,22.78,3.95,101.29
Maharashtra,Nashik,Niphad,20.08,74.11,2023-02-15,26.9,34.64,22.48,44.8,0.3,21.61,3.28,101.46
Maharashtra,Nashik,Niphad,20.08,74.11,2023-02-18,25.38,29.48,17.59,43.0,0.0,20.92,0.74,101.46
Maharashtra,Nashik,Niphad,20.08,74.11,2023-02-21,27.92,32.95,20.64,39.1,0.0,23.25,1.71,100.9
Maharashtra,Nashik,Niphad,20.08,74.11,2023-02-24,27.06,33.38,22.11,50.1,0.0,19.86,3.14,101.26
Maharashtra,Nashik,Niphad,20.08,74.11,2023-02-27,27.66,32.24,23.35,54.8,0.1,21.31,2.61,101.33
Maharashtra,Nashik,Niphad,20.08,74.11,2023-03-02,30.18,37.88,24.05,43.2,0.0,23.4,2.62,101.37
Maharashtra,Nashik,Niphad,20.08,74.11,2023-03-05,29.14,35.37,21.74,42.0,0.1,19.57,1.32,101.13
Maharashtra,Nashik,Niphad,20.08,74.11,2023-03-08,30.27,34.85,22.58,45.8,0.0,21.12,1.91,100.7
Maharashtra,Nashik,Niphad,20.08,74.11,2023-03-11,29.44,36.29,24.91,42.9,0.1,22.92,2.22,101.4
Maharashtra,Nashik,Niphad,20.08,74.11,2023-03-14,30.29,34.31,23.27,48.4,0.0,19.55,2.13,101.17
Maharashtra,Nashik,Niphad,20.08,74.11,2023-03-17,33.3,38.13,29.0,49.9,0.0,20.37,3.11,101.05
Maharashtra,Nashik,Niphad,20.08,74.11,2023-03-20,33.88,39.18,28.62,46.4,0.0,21.08,2.53,101.34
Maharashtra,Nashik,Niphad,20.08,74.11,2023-03-23,32.03,36.44,25.52,46.0,0.1,19.9,1.96,101.3
Maharashtra,Nashik,Niphad,20.08,74.11,2023-03-26,34.02,39.5,29.5,48.6,0.1,21.37,1.3,101.19
Maharashtra,Nashik,Niphad,20.08,74.11,2023-03-29,33.79,38.53,27.93,47.6,0.1,23.45,3.06,101.14
Maharashtra,Nashik,Niphad,20.08,74.11,2023-04-01,33.99,38.88,27.47,50.6,0.0,22.24,3.8,101.45
Maharashtra,Nashik,Niphad,20.08,74.11,2023-04-04,34.77,41.38,27.31,42.1,0.0,23.41,2.8,100.75
Maharashtra,Nashik,Niphad,20.08,74.11,2023-04-07,34.82,40.72,27.84,48.9,0.1,22.15,3.18,100.73
Maharashtra,Nashik,Niphad,20.08,74.11,2023-04-10,35.6,39.71,29.5,48.9,0.0,22.9,2.8,101.03
Maharashtra,Nashik,Niphad,20.08,74.11,2023-04-13,37.56,42.99,31.08,47.5,0.0,22.59,3.56,100.96
Maharashtra,Nashik,Niphad,20.08,74.11,2023-04-16,37.68,43.68,33.53,43.6,0.0,22.71,2.82,100.79
Maharashtra,Nashik,Niphad,20.08,74.11,2023-04-19,37.69,43.25,31.59,45.5,0.0,23.44,4.75,101.29
Maharashtra,Nashik,Niphad,20.08,74.11,2023-04-22,37.74,42.31,33.6,52.1,0.1,22.0,1.71,100.95
Maharashtra,Nashik,Niphad,20.08,74.11,2023-04-25,36.7,44.38,30.57,39.1,0.0,20.87,5.32,101.42
Maharashtra,Nashik,Niphad,20.08,74.11,2023-04-28,38.57,42.58,32.9,40.6,0.1,22.71,3.94,101.33
Maharashtra,Nashik,Niphad,20.08,74.11,2023-05-01,38.69,43.17,34.64,40.3,0.1,22.79,2.07,101.38
Maharashtra,Nashik,Niphad,20.08,74.11,2023-05-04,36.83,42.13,32.83,54.5,0.0,22.56,2.73,101.34
Maharashtra,Nashik,Niphad,20.08,74.11,2023-05-07,38.34,46.29,31.24,53.6,0.1,19.8,2.8,100.96
Maharashtra,Nashik,Niphad,20.08,74.11,2023-05-10,37.71,45.67,33.47,45.8,0.0,23.46,2.08,101.1
Maharashtra,Nashik,Niphad,20.08,74.11,2023-05-13,38.85,44.93,31.78,44.2,0.0,22.45,2.19,100.95
Maharashtra,Nashik,Niphad,20.08,74.11,2023-05-16,39.31,46.26,33.01,45.3,0.0,19.78,0.8,100.78
Maharashtra,Nashik,Niphad,20.08,74.11,2023-05-19,37.68,42.17,33.49,50.3,0.1,21.94,3.24,101.36
Maharashtra,Nashik,Niphad,20.08,74.11,2023-05-22,38.56,43.47,32.3,45.1,0.0,20.07,4.34,101.39
Maharashtra,Nashik,Niphad,20.08,74.11,2023-05-25,38.51,46.24,33.82,43.0,0.0,19.71,2.4,101.08
Maharashtra,Nashik,Niphad,20.08,74.11,2023-05-28,39.22,45.53,32.67,48.2,0.1,20.94,3.98,100.7
Maharashtra,Nashik,Niphad,20.08,74.11,2023-05-31,39.29,46.46,34.78,40.6,0.0,22.11,2.94,101.09
Maharashtra,Nashik,Niphad,20.08,74.11,2023-06-03,36.18,41.21,30.65,53.7,0.0,17.14,2.95,100.89
Maharashtra,Nashik,Niphad,20.08,74.11,2023-06-06,36.91,42.57,31.47,57.6,0.1,18.85,2.71,100.7
Maharashtra,Nashik,Niphad,20.08,74.11,2023-06-09,36.39,43.99,30.56,57.7,6.2,18.48,1.64,100.8
Maharashtra,Nashik,Niphad,20.08,74.11,2023-06-12,36.91,43.15,32.44,61.5,3.9,17.02,1.84,101.0
Maharashtra,Nashik,Niphad,20.08,74.11,2023-06-15,35.3,39.36,27.95,72.2,10.5,14.07,1.79,101.31
Maharashtra,Nashik,Niphad,20.08,74.11,2023-06-18,35.26,40.64,30.46,74.0,8.3,16.54,1.08,100.91
Maharashtra,Nashik,Niphad,20.08,74.11,2023-06-21,36.09,42.79,31.16,68.2,0.6,15.87,4.39,100.85
Maharashtra,Nashik,Niphad,20.08,74.11,2023-06-24,34.37,39.49,27.81,74.0,4.2,15.58,2.81,101.13
Maharashtra,Nashik,Niphad,20.08,74.11,2023-06-27,34.04,39.01,29.46,66.7,2.6,15.23,2.11,101.22
Maharashtra,Nashik,Niphad,20.08,74.11,2023-06-30,33.34,38.22,26.98,75.5,0.2,11.61,1.56,100.76
Maharashtra,Nashik,Niphad,20.08,74.11,2023-07-03,34.92,39.88,28.56,77.0,2.7,14.6,2.25,101.02
Maharashtra,Nashik,Niphad,20.08,74.11,2023-07-06,33.36,39.52,26.01,85.6,10.0,12.58,2.51,101.47
Maharashtra,Nashik,Niphad,20.08,74.11,2023-07-09,34.48,41.52,29.61,80.1,4.1,11.0,1.4,101.32
Maharashtra,Nashik,Niphad,20.08,74.11,2023-07-12,31.68,38.52,25.73,78.9,9.0,12.67,6.48,101.34
Maharashtra,Nashik,Niphad,20.08,74.11,2023-07-15,31.24,37.92,25.26,88.1,4.4,10.93,2.56,100.72
Maharashtra,Nashik,Niphad,20.08,74.11,2023-07-18,31.28,37.41,26.04,75.5,5.1,9.55,3.31,100.98
Maharashtra,Nashik,Niphad,20.08,74.11,2023-07-21,30.76,36.88,25.21,76.6,0.1,11.32,3.75,101.48
Maharashtra,Nashik,Niphad,20.08,74.11,2023-07-24,29.49,34.9,24.21,86.8,5.4,12.13,3.33,100.86
Maharashtra,Nashik,Niphad,20.08,74.11,2023-07-27,29.12,34.72,23.58,90.7,4.6,11.15,2.82,101.47
Maharashtra,Nashik,Niphad,20.08,74.11,2023-07-30,29.3,35.68,21.99,80.7,0.3,12.64,1.51,100.75
Maharashtra,Nashik,Niphad,20.08,74.11,2023-08-02,28.96,34.46,22.39,79.9,20.0,10.28,2.52,100.92
Maharashtra,Nashik,Niphad,20.08,74.11,2023-08-05,28.75,33.64,23.66,83.0,31.5,9.31,3.24,100.76
Maharashtra,Nashik,Niphad,20.08,74.11,2023-08-08,26.64,33.78,19.79,87.6,1.0,12.51,4.53,100.98
Maharashtra,Nashik,Niphad,20.08,74.11,2023-08-11,27.17,33.06,19.61,82.1,2.3,9.69,2.48,100.83
Maharashtra,Nashik,Niphad,20.08,74.11,2023-08-14,26.68,32.98,19.23,76.2,5.0,11.14,2.81,100.79
Maharashtra,Nashik,Niphad,20.08,74.11,2023-08-17,24.18,31.86,17.28,81.2,7.1,12.94,4.09,100.74
Maharashtra,Nashik,Niphad,20.08,74.11,2023-08-20,25.33,29.99,20.37,74.3,5.2,12.1,2.42,101.07
Maharashtra,Nashik,Niphad,20.08,74.11,2023-08-23,23.45,28.02,16.58,79.6,2.6,13.41,4.9,101.49
Maharashtra,Nashik,Niphad,20.08,74.11,2023-08-26,21.58,27.14,15.78,73.9,9.3,14.05,1.95,100.81
Maharashtra,Nashik,Niphad,20.08,74.11,2023-08-29,22.24,30.11,14.68,75.7,0.7,12.64,1.06,100.85
Maharashtra,Nashik,Niphad,20.08,74.11,2023-09-01,20.91,28.84,16.86,76.8,0.6,14.24,2.61,101.04
Maharashtra,Nashik,Niphad,20.08,74.11,2023-09-04,22.2,27.1,14.69,69.1,0.3,12.03,3.68,101.48
Maharashtra,Nashik,Niphad,20.08,74.11,2023-09-07,19.86,26.73,15.72,72.1,4.3,12.56,3.26,101.16
Maharashtra,Nashik,Niphad,20.08,74.11,2023-09-10,19.52,24.83,12.2,73.2,0.7,13.1,3.54,101.21
Maharashtra,Nashik,Niphad,20.08,74.11,2023-09-13,20.48,28.36,13.03,62.3,7.6,16.26,3.05,101.08
Maharashtra,Nashik,Niphad,20.08,74.11,2023-09-16,19.98,26.38,15.51,61.8,0.6,16.2,1.4,100.71
Maharashtra,Nashik,Niphad,20.08,74.11,2023-09-19,16.45,24.35,11.41,60.7,8.2,14.78,1.41,101.33
Maharashtra,Nashik,Niphad,20.08,74.11,2023-09-22,18.57,24.82,12.13,54.5,3.4,17.37,2.96,100.79
Maharashtra,Nashik,Niphad,20.08,74.11,2023-09-25,16.02,22.63,11.7,54.1,0.9,18.69,1.6,101.14
Maharashtra,Nashik,Niphad,20.08,74.11,2023-09-28,15.92,23.77,9.59,54.2,2.3,19.52,2.08,101.16
Maharashtra,Nashik,Niphad,20.08,74.11,2023-10-01,17.33,23.88,12.6,48.1,0.0,21.37,3.59,101.27
Maharashtra,Nashik,Niphad,20.08,74.11,2023-10-04,13.97,20.0,8.71,48.4,0.1,21.34,2.23,100.9
Maharashtra,Nashik,Niphad,20.08,74.11,2023-10-07,15.01,21.14,10.11,51.0,0.0,20.9,2.2,100.9
Maharashtra,Nashik,Niphad,20.08,74.11,2023-10-10,15.58,23.19,7.83,42.8,0.0,22.0,4.75,101.24
Maharashtra,Nashik,Niphad,20.08,74.11,2023-10-13,13.71,19.48,6.98,41.4,0.0,22.62,3.11,101.24
Maharashtra,Nashik,Niphad,20.08,74.11,2023-10-16,14.11,18.52,9.24,42.9,0.0,22.03,0.76,101.14
Maharashtra,Nashik,Niphad,20.08,74.11,2023-10-19,14.8,20.67,8.73,43.3,0.0,23.22,1.8,101.09
Maharashtra,Nashik,Niphad,20.08,74.11,2023-10-22,11.76,17.18,6.97,48.8,0.0,21.38,4.32,100.77
Maharashtra,Nashik,Niphad,20.08,74.11,2023-10-25,11.6,18.4,5.21,49.2,0.0,19.62,2.05,101.06
Maharashtra,Nashik,Niphad,20.08,74.11,2023-10-28,13.79,20.2,9.62,40.8,0.1,21.65,3.6,101.44
Maharashtra,Nashik,Niphad,20.08,74.11,2023-10-31,13.7,20.28,6.47,40.2,0.0,22.72,4.15,100.97
Maharashtra,Nashik,Niphad,20.08,74.11,2023-11-03,11.38,18.84,4.56,38.9,0.0,21.7,4.13,101.4
Maharashtra,Nashik,Niphad,20.08,74.11,2023-11-06,11.15,17.45,6.42,44.1,0.0,21.33,2.4,100.74
Maharashtra,Nashik,Niphad,20.08,74.11,2023-11-09,12.72,19.3,5.1,51.1,0.0,22.95,0.54,101.09
Maharashtra,Nashik,Niphad,20.08,74.11,2023-11-12,10.94,17.76,6.25,54.5,0.0,23.08,2.17,101.09
Maharashtra,Nashik,Niphad,20.08,74.11,2023-11-15,11.66,18.31,4.82,46.2,0.0,21.16,2.64,100.83
Maharashtra,Nashik,Niphad,20.08,74.11,2023-11-18,12.15,18.79,7.89,43.1,0.2,20.54,2.1,101.32
Maharashtra,Nashik,Niphad,20.08,74.11,2023-11-21,11.67,16.02,5.73,52.7,0.1,19.67,2.4,101.09
Maharashtra,Nashik,Niphad,20.08,74.11,2023-11-24,12.84,18.93,8.11,49.9,0.0,20.71,1.47,101.38
Maharashtra,Nashik,Niphad,20.08,74.11,2023-11-27,12.68,18.72,5.84,46.7,0.0,21.68,3.72,100.73
Maharashtra,Nashik,Niphad,20.08,74.11,2023-11-30,14.12,21.75,7.5,41.3,0.1,20.61,2.93,101.34
Maharashtra,Nashik,Niphad,20.08,74.11,2023-12-03,13.27,19.69,6.31,43.1,0.1,21.65,2.88,100.9
Maharashtra,Nashik,Niphad,20.08,74.11,2023-12-06,12.78,18.22,8.47,52.8,0.1,21.43,0.89,101.14
Maharashtra,Nashik,Niphad,20.08,74.11,2023-12-09,14.44,18.72,9.01,49.8,0.0,21.46,2.76,101.24
Maharashtra,Nashik,Niphad,20.08,74.11,2023-12-12,13.11,20.86,5.51,54.3,0.0,21.53,3.51,100.78
Maharashtra,Nashik,Niphad,20.08,74.11,2023-12-15,13.49,17.79,7.48,54.1,0.1,20.93,2.42,100.74
Maharashtra,Nashik,Niphad,20.08,74.11,2023-12-18,15.3,22.72,11.02,54.0,0.0,21.03,5.08,101.04
Maharashtra,Nashik,Niphad,20.08,74.11,2023-12-21,14.97,21.07,7.49,53.1,0.0,19.51,3.06,101.22
Maharashtra,Nashik,Niphad,20.08,74.11,2023-12-24,13.77,18.07,6.18,44.6,0.0,23.37,1.38,100.86
Maharashtra,Nashik,Niphad,20.08,74.11,2023-12-27,15.89,20.13,9.64,50.6,0.0,22.51,4.63,101.33
Maharashtra,Nashik,Niphad,20.08,74.11,2023-12-30,17.28,24.15,11.09,52.0,0.1,21.99,2.43,101.23
Maharashtra,Pune,Baramati,18.15,74.58,2023-01-01,16.64,21.99,11.33,52.5,0.1,20.64,3.15,100.77
Maharashtra,Pune,Baramati,18.15,74.58,2023-01-04,17.55,21.86,9.75,44.5,0.0,22.89,2.79,101.14
Maharashtra,Pune,Baramati,18.15,74.58,2023-01-07,18.94,24.7,13.1,54.1,0.0,21.58,2.25,100.84
Maharashtra,Pune,Baramati,18.15,74.58,2023-01-10,19.07,26.27,13.35,39.7,0.1,20.03,2.87,101.43
Maharashtra,Pune,Baramati,18.15,74.58,2023-01-13,18.21,24.81,13.63,43.0,0.0,22.5,1.84,101.04
Maharashtra,Pune,Baramati,18.15,74.58,2023-01-16,20.18,25.3,12.37,41.8,0.0,21.67,3.21,101.0
Maharashtra,Pune,Baramati,18.15,74.58,2023-01-19,21.34,25.49,14.63,44.6,0.1,20.68,2.0,101.15
Maharashtra,Pune,Baramati,18.15,74.58,2023-01-22,20.58,27.26,14.94,50.1,0.0,21.3,3.16,101.16
Maharashtra,Pune,Baramati,18.15,74.58,2023-01-25,22.48,29.09,16.76,40.2,0.0,20.06,3.06,101.25
Maharashtra,Pune,Baramati,18.15,74.58,2023-01-28,21.94,29.57,17.0,42.7,0.0,20.05,3.38,101.26
Maharashtra,Pune,Baramati,18.15,74.58,2023-01-31,23.25,28.26,16.01,49.6,0.0,21.91,2.2,100.79
Maharashtra,Pune,Baramati,18.15,74.58,2023-02-03,23.22,31.0,17.72,49.0,0.0,22.57,1.9,101.41
Maharashtra,Pune,Baramati,18.15,74.58,2023-02-06,23.86,29.35,17.81,42.8,0.0,19.99,2.34,101.48
Maharashtra,Pune,Baramati,18.15,74.58,2023-02-09,26.25,33.74,18.47,52.2,0.0,19.99,1.7,101.5
Maharashtra,Pune,Baramati,18.15,74.58,2023-02-12,26.6,33.07,20.12,45.8,0.0,20.06,2.03,100.82
Maharashtra,Pune,Baramati,18.15,74.58,2023-02-15,27.22,33.52,19.71,43.5,0.0,20.58,2.56,101.38
Maharashtra,Pune,Baramati,18.15,74.58,2023-02-18,25.86,32.45,19.64,44.0,0.0,21.42,0.97,100.88
Maharashtra,Pune,Baramati,18.15,74.58,2023-02-21,26.41,31.63,19.2,42.5,0.0,19.6,2.53,100.78
Maharashtra,Pune,Baramati,18.15,74.58,2023-02-24,28.59,34.58,24.14,46.4,0.1,21.04,1.82,101.12
Maharashtra,Pune,Baramati,18.15,74.58,2023-02-27,27.21,34.74,20.89,44.4,0.0,20.22,2.43,101.47
Maharashtra,Pune,Baramati,18.15,74.58,2023-03-02,30.2,35.72,23.79,47.6,0.0,19.61,2.75,101.17
Maharashtra,Pune,Baramati,18.15,74.58,2023-03-05,28.33,32.42,23.67,49.3,0.0,23.44,2.21,101.25
Maharashtra,Pune,Baramati,18.15,74.58,2023-03-08,30.43,34.48,22.6,46.6,0.1,19.64,3.38,100.89
Maharashtra,Pune,Baramati,18.15,74.58,2023-03-11,30.65,34.95,24.33,42.3,0.1,20.17,1.82,101.27
Maharashtra,Pune,Baramati,18.15,74.58,2023-03-14,31.85,38.69,24.05,43.5,0.1,21.06,4.27,101.33
Maharashtra,Pune,Baramati,18.15,74.58,2023-03-17,32.34,37.39,24.71,54.3,0.1,20.83,1.65,101.38
Maharashtra,Pune,Baramati,18.15,74.58,2023-03-20,33.1,40.46,25.9,46.1,0.0,22.66,2.1,101.42
Maharashtra,Pune,Baramati,18.15,74.58,2023-03-23,31.67,35.73,25.82,40.4,0.1,19.83,1.77,101.42
Maharashtra,Pune,Baramati,18.15,74.58,2023-03-26,32.75,37.28,25.73,49.6,0.0,21.86,0.5,101.12
Maharashtra,Pune,Baramati,18.15,74.58,2023-03-29,34.16,40.01,28.51,49.8,0.0,22.24,2.0,101.46
Maharashtra,Pune,Baramati,18.15,74.58,2023-04-01,35.27,41.45,29.86,40.4,0.0,21.63,4.26,100.87
Maharashtra,Pune,Baramati,18.15,74.58,2023-04-04,35.66,42.89,29.74,52.5,0.0,20.82,1.43,101.13
Maharashtra,Pune,Baramati,18.15,74.58,2023-04-07,36.0,41.79,30.79,52.7,0.0,21.15,2.99,101.28
Maharashtra,Pune,Baramati,18.15,74.58,2023-04-10,35.28,41.93,29.31,39.0,0.1,20.63,3.93,101.16
Maharashtra,Pune,Baramati,18.15,74.58,2023-04-13,37.42,42.25,33.17,42.1,0.0,22.88,2.51,100.94
Maharashtra,Pune,Baramati,18.15,74.58,2023-04-16,36.41,41.1,31.18,53.3,0.0,20.41,2.77,101.2
Maharashtra,Pune,Baramati,18.15,74.58,2023-04-19,35.51,41.59,28.92,40.2,0.0,20.71,2.75,101.45
Maharashtra,Pune,Baramati,18.15,74.58,2023-04-22,37.26,41.99,32.52,50.1,0.1,19.73,1.42,101.05
Maharashtra,Pune,Baramati,18.15,74.58,2023-04-25,36.52,42.39,29.03,47.8,0.1,22.53,2.56,101.02
Maharashtra,Pune,Baramati,18.15,74.58,2023-04-28,37.3,43.43,30.64,41.5,0.1,20.12,4.17,100.97
Maharashtra,Pune,Baramati,18.15,74.58,2023-05-01,38.61,46.55,33.14,54.0,0.0,23.3,2.88,101.33
Maharashtra,Pune,Baramati,18.15,74.58,2023-05-04,36.69,43.7,32.66,40.8,0.0,19.81,3.05,101.1
Maharashtra,Pune,Baramati,18.15,74.58,2023-05-07,37.36,44.31,31.39,54.2,0.1,20.16,4.64,101.17
Maharashtra,Pune,Baramati,18.15,74.58,2023-05-10,37.98,42.66,32.7,42.3,0.0,21.93,1.75,100.98
Maharashtra,Pune,Baramati,18.15,74.58,2023-05-13,38.76,45.05,31.45,40.2,0.1,21.51,2.3,101.28
Maharashtra,Pune,Baramati,18.15,74.58,2023-05-16,37.69,44.58,31.35,41.0,0.0,22.48,2.26,100.73
Maharashtra,Pune,Baramati,18.15,74.58,2023-05-19,38.35,44.54,31.5,44.1,0.0,21.38,2.8,101.13
Maharashtra,Pune,Baramati,18.15,74.58,2023-05-22,37.19,43.55,32.15,42.1,0.0,23.05,2.41,101.01
Maharashtra,Pune,Baramati,18.15,74.58,2023-05-25,38.98,45.92,33.9,47.7,0.0,23.21,2.47,101.13
Maharashtra,Pune,Baramati,18.15,74.58,2023-05-28,37.71,44.39,32.55,53.4,0.0,19.77,2.44,101.37
Maharashtra,Pune,Baramati,18.15,74.58,2023-05-31,38.74,43.96,31.89,52.6,0.1,19.76,3.19,101.36
Maharashtra,Pune,Baramati,18.15,74.58,2023-06-03,37.97,43.84,30.37,63.2,14.4,19.94,2.15,101.18
Maharashtra,Pune,Baramati,18.15,74.58,2023-06-06,37.92,44.6,32.31,60.4,2.3,16.37,2.67,101.4
Maharashtra,Pune,Baramati,18.15,74.58,2023-06-09,37.57,44.32,31.53,63.6,4.0,14.94,4.72,101.07
Maharashtra,Pune,Baramati,18.15,74.58,2023-06-12,38.12,42.95,32.25,57.7,1.2,17.63,4.55,101.36
Maharashtra,Pune,Baramati,18.15,74.58,2023-06-15,37.53,42.56,29.8,64.3,2.7,17.57,3.17,101.15
Maharashtra,Pune,Baramati,18.15,74.58,2023-06-18,36.65,41.09,32.63,64.5,0.5,16.51,2.8,101.26
Maharashtra,Pune,Baramati,18.15,74.58,2023-06-21,34.83,41.68,29.56,70.5,0.4,16.01,5.31,101.35
Maharashtra,Pune,Baramati,18.15,74.58,2023-06-24,35.63,42.39,30.27,65.9,2.2,15.13,2.3,100.91
Maharashtra,Pune,Baramati,18.15,74.58,2023-06-27,34.91,38.97,30.73,72.7,0.9,15.24,2.59,100.82
Maharashtra,Pune,Baramati,18.15,74.58,2023-06-30,35.31,42.49,30.05,75.7,30.3,13.7,0.73,100.93
Maharashtra,Pune,Baramati,18.15,74.58,2023-07-03,35.48,40.72,29.8,73.5,6.9,14.34,4.58,101.27
Maharashtra,Pune,Baramati,18.15,74.58,2023-07-06,32.7,40.66,25.81,77.9,13.0,10.86,1.37,101.34
Maharashtra,Pune,Baramati,18.15,74.58,2023-07-09,33.68,37.93,27.77,75.3,6.6,11.66,1.79,101.08
Maharashtra,Pune,Baramati,18.15,74.58,2023-07-12,32.77,39.12,25.21,76.6,2.3,10.5,4.28,101.45
Maharashtra,Pune,Baramati,18.15,74.58,2023-07-15,31.01,36.45,23.39,86.8,28.8,13.47,4.06,100.96
Maharashtra,Pune,Baramati,18.15,74.58,2023-07-18,30.29,35.28,24.28,74.0,2.2,11.16,2.56,100.82
Maharashtra,Pune,Baramati,18.15,74.58,2023-07-21,30.52,34.88,26.03,76.1,12.5,12.6,2.27,100.75
Maharashtra,Pune,Baramati,18.15,74.58,2023-07-24,31.37,38.75,24.77,79.7,13.5,9.27,5.18,100.9
Maharashtra,Pune,Baramati,18.15,74.58,2023-07-27,31.12,38.14,26.93,76.7,8.3,9.44,3.52,101.25
Maharashtra,Pune,Baramati,18.15,74.58,2023-07-30,29.8,34.72,23.89,78.8,16.4,11.33,2.3,100.77
Maharashtra,Pune,Baramati,18.15,74.58,2023-08-02,29.84,36.95,23.78,84.8,5.4,11.83,1.5,101.14
Maharashtra,Pune,Baramati,18.15,74.58,2023-08-05,27.4,33.47,22.55,75.3,5.9,12.33,2.67,101.13
Maharashtra,Pune,Baramati,18.15,74.58,2023-08-08,27.7,34.02,21.86,83.1,9.2,12.47,2.13,101.13
Maharashtra,Pune,Baramati,18.15,74.58,2023-08-11,27.68,34.4,23.21,78.6,2.9,10.5,1.97,101.52
Maharashtra,Pune,Baramati,18.15,74.58,2023-08-14,26.91,32.4,20.11,88.6,1.3,11.78,2.85,101.49
Maharashtra,Pune,Baramati,18.15,74.58,2023-08-17,25.21,32.72,18.0,78.1,1.2,12.72,2.0,101.09
Maharashtra,Pune,Baramati,18.15,74.58,2023-08-20,25.65,33.22,17.98,84.4,1.4,11.24,3.27,100.72
Maharashtra,Pune,Baramati,18.15,74.58,2023-08-23,23.44,28.81,18.74,78.6,1.0,12.69,2.16,101.27
Maharashtra,Pune,Baramati,18.15,74.58,2023-08-26,23.21,27.31,15.86,81.9,14.4,11.6,3.2,100.93
Maharashtra,Pune,Baramati,18.15,74.58,2023-08-29,23.71,28.29,15.84,78.9,5.2,11.02,2.58,101.5
Maharashtra,Pune,Baramati,18.15,74.58,2023-09-01,21.45,27.82,17.14,82.6,8.6,14.48,3.83,101.32
Maharashtra,Pune,Baramati,18.15,74.58,2023-09-04,20.96,25.92,16.8,74.3,0.5,12.44,3.83,101.35
Maharashtra,Pune,Baramati,18.15,74.58,2023-09-07,20.69,28.58,16.06,66.1,2.7,15.39,4.8,100.8
Maharashtra,Pune,Baramati,18.15,74.58,2023-09-10,21.63,27.81,14.44,67.5,0.2,13.07,2.6,101.33
Maharashtra,Pune,Baramati,18.15,74.58,2023-09-13,19.3,24.42,14.46,73.9,5.9,13.83,1.63,101.3
Maharashtra,Pune,Baramati,18.15,74.58,2023-09-16,18.28,24.15,13.25,70.6,5.7,16.5,2.9,101.23
Maharashtra,Pune,Baramati,18.15,74.58,2023-09-19,19.72,23.76,12.37,70.8,1.8,16.41,3.08,101.24
Maharashtra,Pune,Baramati,18.15,74.58,2023-09-22,19.91,26.51,13.85,66.7,2.4,15.04,1.81,100.99
Maharashtra,Pune,Baramati,18.15,74.58,2023-09-25,17.83,22.71,12.58,64.4,7.0,17.33,2.5,101.39
Maharashtra,Pune,Baramati,18.15,74.58,2023-09-28,16.55,22.62,9.58,62.9,1.4,16.77,4.13,101.24
Maharashtra,Pune,Baramati,18.15,74.58,2023-10-01,16.77,21.22,10.49,45.3,0.1,22.13,2.47,101.32
Maharashtra,Pune,Baramati,18.15,74.58,2023-10-04,17.02,24.03,12.48,54.7,0.0,21.86,2.96,101.28
Maharashtra,Pune,Baramati,18.15,74.58,2023-10-07,17.09,23.76,12.07,46.6,0.1,22.04,3.21,101.45
Maharashtra,Pune,Baramati,18.15,74.58,2023-10-10,14.81,21.91,10.75,48.8,0.0,19.77,1.5,101.41
Maharashtra,Pune,Baramati,18.15,74.58,2023-10-13,14.42,20.46,7.24,40.7,0.1,23.23,3.52,100.99
Maharashtra,Pune,Baramati,18.15,74.58,2023-10-16,14.5,19.08,9.62,45.5,0.1,23.22,0.49,101.06
Maharashtra,Pune,Baramati,18.15,74.58,2023-10-19,15.55,19.55,9.88,39.2,0.0,22.71,1.91,100.81
Maharashtra,Pune,Baramati,18.15,74.58,2023-10-22,14.22,20.32,8.12,39.3,0.0,22.18,2.44,101.1
Maharashtra,Pune,Baramati,18.15,74.58,2023-10-25,14.2,22.2,10.01,41.7,0.0,21.68,3.05,101.49
Maharashtra,Pune,Baramati,18.15,74.58,2023-10-28,15.21,19.66,9.06,44.5,0.2,22.3,2.19,101.07
Maharashtra,Pune,Baramati,18.15,74.58,2023-10-31,14.29,19.8,8.03,40.2,0.0,23.42,2.33,101.04
Maharashtra,Pune,Baramati,18.15,74.58,2023-11-03,14.09,21.1,6.84,50.6,0.0,22.32,3.23,100.73
Maharashtra,Pune,Baramati,18.15,74.58,2023-11-06,13.04,17.74,7.63,50.6,0.0,22.98,4.12,100.79
Maharashtra,Pune,Baramati,18.15,74.58,2023-11-09,15.23,23.03,8.77,52.2,0.1,21.27,2.96,101.34
Maharashtra,Pune,Baramati,18.15,74.58,2023-11-12,14.28,21.39,9.68,40.1,0.0,21.9,2.59,101.27
Maharashtra,Pune,Baramati,18.15,74.58,2023-11-15,12.86,19.13,4.98,42.8,0.1,23.32,2.3,101.05
Maharashtra,Pune,Baramati,18.15,74.58,2023-11-18,13.74,18.24,9.45,43.3,0.0,23.07,1.85,101.01
Maharashtra,Pune,Baramati,18.15,74.58,2023-11-21,15.02,21.27,7.43,53.1,0.1,21.27,2.85,100.97
Maharashtra,Pune,Baramati,18.15,74.58,2023-11-24,14.96,19.13,8.41,44.2,0.0,21.64,4.09,101.5
Maharashtra,Pune,Baramati,18.15,74.58,2023-11-27,15.57,21.0,7.74,54.1,0.0,21.73,3.37,101.11
Maharashtra,Pune,Baramati,18.15,74.58,2023-11-30,15.02,22.71,8.53,49.9,0.0,20.0,4.47,101.09
Maharashtra,Pune,Baramati,18.15,74.58,2023-12-03,13.1,17.82,5.18,44.9,0.0,21.22,4.07,100.9
Maharashtra,Pune,Baramati,18.15,74.58,2023-12-06,13.77,20.32,6.07,39.0,0.1,21.8,3.3,101.11
Maharashtra,Pune,Baramati,18.15,74.58,2023-12-09,14.62,18.67,9.22,47.2,0.0,23.45,1.76,101.37
Maharashtra,Pune,Baramati,18.15,74.58,2023-12-12,16.01,21.98,10.01,52.3,0.0,20.37,4.43,100.73
Maharashtra,Pune,Baramati,18.15,74.58,2023-12-15,15.4,21.21,7.57,53.7,0.0,21.46,4.12,101.13
Maharashtra,Pune,Baramati,18.15,74.58,2023-12-18,14.75,22.26,10.58,41.9,0.0,23.46,3.83,100.83
Maharashtra,Pune,Baramati,18.15,74.58,2023-12-21,15.4,22.56,10.05,53.7,0.0,20.43,2.09,100.8
Maharashtra,Pune,Baramati,18.15,74.58,2023-12-24,17.0,24.54,9.1,51.7,0.0,21.41,4.61,100.89
Maharashtra,Pune,Baramati,18.15,74.58,2023-12-27,15.74,20.72,8.8,48.0,0.0,20.62,4.89,101.32
Maharashtra,Pune,Baramati,18.15,74.58,2023-12-30,17.22,25.07,9.31,42.1,0.0,20.24,3.72,101.22
Karnataka,Belagavi,Athani,16.73,75.07,2023-01-01,18.87,24.94,11.78,47.3,0.0,22.15,3.1,101.12
Karnataka,Belagavi,Athani,16.73,75.07,2023-01-04,17.94,24.93,12.22,52.2,0.0,23.31,2.7,101.2
Karnataka,Belagavi,Athani,16.73,75.07,2023-01-07,19.77,27.66,12.55,44.2,0.0,23.16,4.89,101.48
Karnataka,Belagavi,Athani,16.73,75.07,2023-01-10,20.44,28.23,14.01,50.7,0.0,20.36,3.68,100.8
Karnataka,Belagavi,Athani,16.73,75.07,2023-01-13,21.18,26.98,16.68,47.7,0.0,20.52,3.79,101.33
Karnataka,Belagavi,Athani,16.73,75.07,2023-01-16,21.9,27.65,16.1,45.7,0.0,22.59,1.83,101.44
Karnataka,Belagavi,Athani,16.73,75.07,2023-01-19,20.87,27.72,16.01,38.9,0.1,22.58,1.24,101.31
Karnataka,Belagavi,Athani,16.73,75.07,2023-01-22,21.47,28.52,14.1,41.0,0.1,21.21,5.65,100.95
Karnataka,Belagavi,Athani,16.73,75.07,2023-01-25,22.19,28.31,16.08,43.5,0.0,22.0,2.49,101.05
Karnataka,Belagavi,Athani,16.73,75.07,2023-01-28,24.19,28.26,19.67,39.1,0.0,21.57,1.29,100.91
Karnataka,Belagavi,Athani,16.73,75.07,2023-01-31,23.76,27.77,19.61,54.2,0.1,19.75,2.14,101.16
Karnataka,Belagavi,Athani,16.73,75.07,2023-02-03,25.28,31.84,17.51,49.7,0.1,19.94,1.81,101.39
Karnataka,Belagavi,Athani,16.73,75.07,2023-02-06,24.29,31.98,17.13,54.3,0.1,21.04,1.07,100.78
Karnataka,Belagavi,Athani,16.73,75.07,2023-02-09,25.54,31.81,18.66,44.3,0.0,22.42,2.54,101.04
Karnataka,Belagavi,Athani,16.73,75.07,2023-02-12,26.55,34.16,21.07,47.2,0.0,22.83,2.7,101.05
Karnataka,Belagavi,Athani,16.73,75.07,2023-02-15,27.05,31.66,19.13,46.8,0.1,21.12,3.61,100.75
Karnataka,Belagavi,Athani,16.73,75.07,2023-02-18,26.83,33.12,22.47,54.5,0.0,21.31,3.54,101.0
Karnataka,Belagavi,Athani,16.73,75.07,2023-02-21,28.21,32.91,22.27,43.1,0.0,22.23,2.94,101.15
Karnataka,Belagavi,Athani,16.73,75.07,2023-02-24,29.09,35.58,24.76,49.3,0.0,22.51,3.66,101.41
Karnataka,Belagavi,Athani,16.73,75.07,2023-02-27,28.11,34.71,24.08,52.0,0.0,21.29,2.44,101.13
Karnataka,Belagavi,Athani,16.73,75.07,2023-03-02,29.1,34.02,22.33,48.8,0.0,20.56,3.54,100.97
Karnataka,Belagavi,Athani,16.73,75.07,2023-03-05,30.28,35.77,22.49,54.5,0.0,20.37,2.46,100.87
Karnataka,Belagavi,Athani,16.73,75.07,2023-03-08,30.43,35.57,23.73,53.0,0.0,19.58,3.46,100.84
Karnataka,Belagavi,Athani,16.73,75.07,2023-03-11,30.93,36.39,24.02,54.3,0.2,21.16,3.36,101.25
Karnataka,Belagavi,Athani,16.73,75.07,2023-03-14,30.56,37.0,23.03,53.0,0.0,20.14,4.06,101.34
Karnataka,Belagavi,Athani,16.73,75.07,2023-03-17,30.88,37.35,26.79,50.6,0.1,20.76,1.91,100.73
Karnataka,Belagavi,Athani,16.73,75.07,2023-03-20,33.37,41.37,26.89,44.7,0.0,22.72,3.73,100.91
Karnataka,Belagavi,Athani,16.73,75.07,2023-03-23,34.64,40.35,28.87,43.8,0.1,23.41,2.61,101.11
Karnataka,Belagavi,Athani,16.73,75.07,2023-03-26,34.68,40.28,28.99,51.6,0.2,22.5,2.27,101.47
Karnataka,Belagavi,Athani,16.73,75.07,2023-03-29,35.42,41.55,29.87,38.9,0.0,20.9,1.0,100.73
Karnataka,Belagavi,Athani,16.73,75.07,2023-04-01,35.96,41.19,28.23,39.1,0.0,22.61,2.11,101.12
Karnataka,Belagavi,Athani,16.73,75.07,2023-04-04,33.66,40.98,26.61,46.4,0.0,22.69,1.48,101.13
Karnataka,Belagavi,Athani,16.73,75.07,2023-04-07,35.19,41.13,28.24,50.6,0.0,22.58,1.74,101.03
Karnataka,Belagavi,Athani,16.73,75.07,2023-04-10,36.82,44.58,29.7,44.9,0.0,21.21,3.85,101.22
Karnataka,Belagavi,Athani,16.73,75.07,2023-04-13,34.55,40.73,26.84,39.8,0.1,21.76,4.4,101.31
Karnataka,Belagavi,Athani,16.73,75.07,2023-04-16,37.01,42.7,32.54,52.5,0.1,22.36,2.78,100.91
Karnataka,Belagavi,Athani,16.73,75.07,2023-04-19,36.53,42.59,31.07,46.6,0.0,23.4,0.89,101.46
Karnataka,Belagavi,Athani,16.73,75.07,2023-04-22,35.82,42.9,30.29,48.4,0.0,22.43,0.84,100.97
Karnataka,Belagavi,Athani,16.73,75.07,2023-04-25,37.54,43.02,30.41,46.7,0.0,23.46,2.78,101.45
Karnataka,Belagavi,Athani,16.73,75.07,2023-04-28,37.28,43.86,29.96,53.0,0.0,23.42,2.9,101.05
Karnataka,Belagavi,Athani,16.73,75.07,2023-05-01,38.05,45.38,32.6,45.5,0.0,20.84,1.15,100.78
Karnataka,Belagavi,Athani,16.73,75.07,2023-05-04,38.98,46.14,32.74,49.1,0.0,22.53,3.82,101.43
Karnataka,Belagavi,Athani,16.73,75.07,2023-05-07,37.26,43.26,32.39,42.8,0.1,22.04,1.45,100.88
Karnataka,Belagavi,Athani,16.73,75.07,2023-05-10,36.2,41.63,29.9,41.8,0.0,20.78,3.27,100.94
Karnataka,Belagavi,Athani,16.73,75.07,2023-05-13,38.46,43.91,31.49,50.8,0.0,19.6,3.5,101.2
Karnataka,Belagavi,Athani,16.73,75.07,2023-05-16,38.32,44.51,30.69,38.9,0.2,21.94,1.74,101.06
Karnataka,Belagavi,Athani,16.73,75.07,2023-05-19,38.97,46.55,32.58,39.0,0.0,21.12,1.12,100.84
Karnataka,Belagavi,Athani,16.73,75.07,2023-05-22,38.74,43.98,33.73,39.4,0.0,20.55,1.96,101.16
Karnataka,Belagavi,Athani,16.73,75.07,2023-05-25,38.95,43.64,33.79,44.8,0.0,20.89,2.52,100.77
Karnataka,Belagavi,Athani,16.73,75.07,2023-05-28,37.77,44.66,33.23,39.6,0.0,19.74,2.3,101.47
Karnataka,Belagavi,Athani,16.73,75.07,2023-05-31,37.97,42.61,32.33,39.7,0.0,20.88,4.38,101.34
Karnataka,Belagavi,Athani,16.73,75.07,2023-06-03,37.65,43.98,31.6,60.9,1.9,17.69,1.27,101.4
Karnataka,Belagavi,Athani,16.73,75.07,2023-06-06,36.45,42.07,29.73,67.8,1.4,17.24,2.24,101.02
Karnataka,Belagavi,Athani,16.73,75.07,2023-06-09,37.69,42.44,31.78,59.0,3.1,18.01,3.2,100.83
Karnataka,Belagavi,Athani,16.73,75.07,2023-06-12,36.53,41.29,29.95,67.3,1.0,15.25,2.51,101.45
Karnataka,Belagavi,Athani,16.73,75.07,2023-06-15,37.42,44.59,31.85,65.7,1.0,15.6,3.64,101.49
Karnataka,Belagavi,Athani,16.73,75.07,2023-06-18,34.77,40.35,29.99,73.8,1.7,15.16,4.25,101.14
Karnataka,Belagavi,Athani,16.73,75.07,2023-06-21,36.58,43.46,29.6,66.3,1.5,15.07,3.29,100.77
Karnataka,Belagavi,Athani,16.73,75.07,2023-06-24,36.63,43.52,30.66,69.6,0.5,14.39,2.87,100.81
Karnataka,Belagavi,Athani,16.73,75.07,2023-06-27,35.51,41.39,28.34,72.1,23.9,15.18,2.31,100.99
Karnataka,Belagavi,Athani,16.73,75.07,2023-06-30,34.66,41.01,28.86,80.1,7.6,14.51,2.78,101.17
Karnataka,Belagavi,Athani,16.73,75.07,2023-07-03,34.38,38.45,27.13,75.7,1.1,14.23,3.99,101.18
Karnataka,Belagavi,Athani,16.73,75.07,2023-07-06,34.41,41.37,27.92,84.4,0.4,11.76,3.53,100.91
Karnataka,Belagavi,Athani,16.73,75.07,2023-07-09,31.82,36.36,27.12,79.7,4.3,11.94,4.02,100.74
Karnataka,Belagavi,Athani,16.73,75.07,2023-07-12,32.84,37.85,28.47,73.0,1.2,11.37,3.36,100.86
Karnataka,Belagavi,Athani,16.73,75.07,2023-07-15,32.96,40.47,27.67,74.2,25.2,9.83,3.77,101.25
Karnataka,Belagavi,Athani,16.73,75.07,2023-07-18,32.52,38.45,24.95,76.2,9.8,12.9,4.35,101.08
Karnataka,Belagavi,Athani,16.73,75.07,2023-07-21,31.26,38.65,25.74,78.5,0.2,9.9,1.63,100.85
Karnataka,Belagavi,Athani,16.73,75.07,2023-07-24,31.98,37.21,26.57,90.5,9.3,10.68,3.55,100.97
Karnataka,Belagavi,Athani,16.73,75.07,2023-07-27,31.48,37.17,23.59,79.5,0.4,12.45,3.39,100.79
Karnataka,Belagavi,Athani,16.73,75.07,2023-07-30,30.44,36.83,25.31,88.7,4.5,12.74,0.56,101.48
Karnataka,Belagavi,Athani,16.73,75.07,2023-08-02,28.64,35.41,21.73,85.9,0.2,11.56,1.94,101.34
Karnataka,Belagavi,Athani,16.73,75.07,2023-08-05,27.52,31.9,23.25,83.9,0.9,12.24,0.3,101.32
Karnataka,Belagavi,Athani,16.73,75.07,2023-08-08,27.64,32.37,21.94,84.6,15.6,12.51,4.47,100.99
Karnataka,Belagavi,Athani,16.73,75.07,2023-08-11,25.84,32.5,19.09,84.8,12.7,12.33,1.49,100.83
Karnataka,Belagavi,Athani,16.73,75.07,2023-08-14,28.03,34.69,23.65,76.5,7.9,10.49,1.48,101.48
Karnataka,Belagavi,Athani,16.73,75.07,2023-08-17,25.44,31.38,19.42,88.1,2.7,13.06,2.58,101.49
Karnataka,Belagavi,Athani,16.73,75.07,2023-08-20,26.67,33.66,20.48,72.8,1.8,12.37,1.52,100.83
Karnataka,Belagavi,Athani,16.73,75.07,2023-08-23,25.36,30.75,19.81,84.2,13.0,13.07,1.63,101.52
Karnataka,Belagavi,Athani,16.73,75.07,2023-08-26,25.63,32.06,21.31,84.2,0.3,10.9,3.21,101.26
Karnataka,Belagavi,Athani,16.73,75.07,2023-08-29,22.87,29.88,16.12,71.1,15.7,14.81,1.23,101.37
Karnataka,Belagavi,Athani,16.73,75.07,2023-09-01,23.13,30.43,15.38,78.2,0.5,12.72,0.43,101.3
Karnataka,Belagavi,Athani,16.73,75.07,2023-09-04,22.25,26.91,16.42,67.8,3.8,12.08,2.7,101.48
Karnataka,Belagavi,Athani,16.73,75.07,2023-09-07,20.92,27.45,14.35,67.0,5.5,14.37,2.12,101.23
Karnataka,Belagavi,Athani,16.73,75.07,2023-09-10,20.62,26.53,13.28,72.0,1.5,14.02,3.04,101.12
Karnataka,Belagavi,Athani,16.73,75.07,2023-09-13,21.08,26.8,17.07,62.0,9.0,15.03,2.57,100.97
Karnataka,Belagavi,Athani,16.73,75.07,2023-09-16,20.38,24.59,16.06,71.6,6.4,14.55,2.64,100.99
Karnataka,Belagavi,Athani,16.73,75.07,2023-09-19,20.1,27.11,14.07,70.0,25.7,16.6,3.16,100.77
Karnataka,Belagavi,Athani,16.73,75.07,2023-09-22,18.46,25.15,13.94,68.8,0.2,15.13,3.82,101.18
Karnataka,Belagavi,Athani,16.73,75.07,2023-09-25,19.39,23.86,14.04,58.3,4.3,18.63,2.77,101.29
Karnataka,Belagavi,Athani,16.73,75.07,2023-09-28,17.7,23.55,10.04,53.2,1.2,18.56,3.03,101.29
Karnataka,Belagavi,Athani,16.73,75.07,2023-10-01,18.12,24.24,10.76,40.3,0.0,20.74,2.79,101.34
Karnataka,Belagavi,Athani,16.73,75.07,2023-10-04,18.48,24.15,13.88,51.0,0.1,21.73,2.74,100.93
Karnataka,Belagavi,Athani,16.73,75.07,2023-10-07,18.03,25.26,12.97,53.2,0.0,23.3,0.36,101.2
Karnataka,Belagavi,Athani,16.73,75.07,2023-10-10,18.53,26.07,11.41,44.7,0.0,21.82,3.15,101.45
Karnataka,Belagavi,Athani,16.73,75.07,2023-10-13,15.94,22.02,11.36,41.5,0.0,19.67,1.82,101.19
Karnataka,Belagavi,Athani,16.73,75.07,2023-10-16,16.85,22.43,9.66,47.5,0.1,19.82,2.7,100.86
Karnataka,Belagavi,Athani,16.73,75.07,2023-10-19,17.26,21.8,10.88,44.8,0.1,22.96,2.98,101.4
Karnataka,Belagavi,Athani,16.73,75.07,2023-10-22,17.36,25.22,11.77,54.6,0.1,20.59,2.22,101.41
Karnataka,Belagavi,Athani,16.73,75.07,2023-10-25,14.54,22.11,7.86,48.3,0.0,21.0,3.87,101.06
Karnataka,Belagavi,Athani,16.73,75.07,2023-10-28,16.2,21.97,9.35,52.8,0.0,19.55,3.41,101.38
Karnataka,Belagavi,Athani,16.73,75.07,2023-10-31,15.11,20.01,11.06,45.7,0.0,19.69,2.56,100.74
Karnataka,Belagavi,Athani,16.73,75.07,2023-11-03,14.62,22.15,7.62,42.9,0.0,21.14,2.59,101.02
Karnataka,Belagavi,Athani,16.73,75.07,2023-11-06,15.17,20.12,9.45,50.8,0.0,19.7,2.01,101.01
Karnataka,Belagavi,Athani,16.73,75.07,2023-11-09,15.3,20.22,9.75,47.8,0.0,20.21,3.06,101.46
Karnataka,Belagavi,Athani,16.73,75.07,2023-11-12,13.83,20.04,7.65,45.4,0.0,23.01,2.54,100.99
Karnataka,Belagavi,Athani,16.73,75.07,2023-11-15,13.71,18.51,6.2,48.4,0.1,21.03,2.12,101.19
Karnataka,Belagavi,Athani,16.73,75.07,2023-11-18,16.29,20.93,10.91,49.9,0.1,21.34,4.17,101.36
Karnataka,Belagavi,Athani,16.73,75.07,2023-11-21,13.92,20.48,8.61,49.9,0.0,20.22,2.61,101.3
Karnataka,Belagavi,Athani,16.73,75.07,2023-11-24,16.41,22.07,12.15,51.7,0.0,22.35,4.39,101.12
Karnataka,Belagavi,Athani,16.73,75.07,2023-11-27,15.11,19.24,10.21,50.8,0.0,23.0,3.23,101.52
Karnataka,Belagavi,Athani,16.73,75.07,2023-11-30,13.93,19.53,7.79,39.7,0.1,20.07,1.64,101.2
Karnataka,Belagavi,Athani,16.73,75.07,2023-12-03,14.9,20.43,9.04,43.4,0.0,22.14,2.51,101.51
Karnataka,Belagavi,Athani,16.73,75.07,2023-12-06,14.6,19.49,9.47,44.6,0.0,23.09,2.51,100.81
Karnataka,Belagavi,Athani,16.73,75.07,2023-12-09,16.23,22.73,11.2,44.5,0.0,23.02,2.99,100.79
Karnataka,Belagavi,Athani,16.73,75.07,2023-12-12,15.83,23.1,10.09,45.1,0.0,19.64,1.67,101.25
Karnataka,Belagavi,Athani,16.73,75.07,2023-12-15,17.09,21.54,11.42,52.5,0.0,21.6,2.08,101.05
Karnataka,Belagavi,Athani,16.73,75.07,2023-12-18,16.37,24.07,9.6,54.8,0.0,21.34,3.85,101.03
Karnataka,Belagavi,Athani,16.73,75.07,2023-12-21,18.27,23.74,11.55,41.6,0.0,20.55,3.62,101.49
Karnataka,Belagavi,Athani,16.73,75.07,2023-12-24,17.73,23.09,11.52,53.7,0.1,22.77,2.31,101.19
Karnataka,Belagavi,Athani,16.73,75.07,2023-12-27,18.26,22.82,10.93,49.0,0.0,20.69,2.9,100.99
Karnataka,Belagavi,Athani,16.73,75.07,2023-12-30,19.78,26.87,13.07,52.2,0.1,21.01,1.58,101.5
Karnataka,Mysuru,Nanjangud,12.12,76.68,2023-01-01,23.0,29.69,17.26,51.8,0.0,23.03,3.45,101.15
Karnataka,Mysuru,Nanjangud,12.12,76.68,2023-01-04,23.04,27.13,17.44,47.8,0.0,20.89,1.63,101.26
Karnataka,Mysuru,Nanjangud,12.12,76.68,2023-01-07,23.69,29.33,19.23,44.0,0.1,21.35,2.57,100.86
Karnataka,Mysuru,Nanjangud,12.12,76.68,2023-01-10,21.38,28.96,17.19,48.9,0.0,21.77,2.89,100.96
Karnataka,Mysuru,Nanjangud,12.12,76.68,2023-01-13,23.7,30.26,15.76,45.3,0.0,19.89,2.63,100.8
Karnataka,Mysuru,Nanjangud,12.12,76.68,2023-01-16,24.59,29.69,17.61,56.8,0.1,19.57,3.47,101.25
Karnataka,Mysuru,Nanjangud,12.12,76.68,2023-01-19,25.14,31.67,18.72,50.6,0.1,21.61,2.1,101.16
Karnataka,Mysuru,Nanjangud,12.12,76.68,2023-01-22,23.58,30.27,16.24,54.3,0.0,21.1,3.74,101.39
Karnataka,Mysuru,Nanjangud,12.12,76.68,2023-01-25,23.84,29.87,17.11,52.3,0.0,19.54,2.63,101.26
Karnataka,Mysuru,Nanjangud,12.12,76.68,2023-01-28,25.47,32.36,21.02,59.4,0.1,22.97,2.22,100.93
Karnataka,Mysuru,Nanjangud,12.12,76.68,2023-01-31,26.51,32.02,19.71,55.0,0.0,23.27,1.76,101.35
Karnataka,Mysuru,Nanjangud,12.12,76.68,2023-02-03,25.26,32.84,19.93,58.0,0.0,19.97,3.22,101.25
Karnataka,Mysuru,Nanjangud,12.12,76.68,2023-02-06,25.99,31.75,21.19,55.4,0.1,22.22,3.01,101.25
Karnataka,Mysuru,Nanjangud,12.12,76.68,2023-02-09,25.97,32.84,19.78,58.7,0.1,22.1,3.03,101.44
Karnataka,Mysuru,Nanjangud,12.12,76.68,2023-02-12,27.72,32.88,23.47,55.1,0.0,22.0,1.7,101.51
Karnataka,Mysuru,Nanjangud,12.12,76.68,2023-02-15,27.79,32.35,19.99,56.0,0.1,23.42,2.72,101.13
Karnataka,Mysuru,Nanjangud,12.12,76.68,2023-02-18,27.6,33.57,21.64,50.0,0.1,20.48,3.48,101.01
Karnataka,Mysuru,Nanjangud,12.12,76.68,2023-02-21,30.09,35.02,23.19,48.2,0.0,21.35,2.67,100.98
Karnataka,Mysuru,Nanjangud,12.12,76.68,2023-02-24,30.53,38.29,22.83,46.3,0.0,21.24,2.72,101.55
Karnataka,Mysuru,Nanjangud,12.12,76.68,2023-02-27,31.48,38.21,26.44,50.2,0.0,21.05,1.54,101.38
Karnataka,Mysuru,Nanjangud,12.12,76.68,2023-03-02,29.92,34.66,23.77,58.1,0.0,19.92,2.14,101.43
Karnataka,Mysuru,Nanjangud,12.12,76.68,2023-03-05,30.67,36.45,23.16,48.6,0.0,23.4,3.1,101.02
Karnataka,Mysuru,Nanjangud,12.12,76.68,2023-03-08,31.48,38.07,26.14,53.9,0.0,22.8,1.29,101.24
Karnataka,Mysuru,Nanjangud,12.12,76.68,2023-03-11,32.38,37.94,27.79,49.6,0.0,19.53,2.24,101.39
Karnataka,Mysuru,Nanjangud,12.12,76.68,2023-03-14,32.28,38.2,25.46,44.9,0.0,22.34,4.75,101.19
Karnataka,Mysuru,Nanjangud,12.12,76.68,2023-03-17,34.02,41.45,28.39,49.3,0.0,22.55,3.31,101.15
Karnataka,Mysuru,Nanjangud,12.12,76.68,2023-03-20,33.67,41.64,26.68,52.0,0.1,21.45,1.89,101.53
Karnataka,Mysuru,Nanjangud,12.12,76.68,2023-03-23,34.86,41.13,28.62,45.5,0.0,23.19,2.29,100.97
Karnataka,Mysuru,Nanjangud,12.12,76.68,2023-03-26,34.59,39.61,27.73,48.3,0.0,22.58,4.68,101.2
Karnataka,Mysuru,Nanjangud,12.12,76.68,2023-03-29,33.35,38.58,27.13,55.7,0.0,19.76,3.19,100.96
Karnataka,Mysuru,Nanjangud,12.12,76.68,2023-04-01,34.86,40.47,27.81,55.4,0.0,21.83,3.63,101.3
Karnataka,Mysuru,Nanjangud,12.12,76.68,2023-04-04,33.98,40.65,29.43,59.4,0.0,23.16,3.89,101.31
Karnataka,Mysuru,Nanjangud,12.12,76.68,2023-04-07,34.22,41.15,27.76,49.9,0.1,22.52,2.5,101.55
Karnataka,Mysuru,Nanjangud,12.12,76.68,2023-04-10,36.59,42.33,28.88,59.7,0.0,20.24,2.17,100.97
Karnataka,Mysuru,Nanjangud,12.12,76.68,2023-04-13,35.59,40.17,30.64,55.5,0.0,21.92,1.48,100.99
Karnataka,Mysuru,Nanjangud,12.12,76.68,2023-04-16,35.8,40.65,31.74,57.6,0.0,20.66,3.66,101.53
Karnataka,Mysuru,Nanjangud,12.12,76.68,2023-04-19,35.7,41.86,31.14,50.4,0.1,22.77,3.72,100.96
Karnataka,Mysuru,Nanjangud,12.12,76.68,2023-04-22,34.95,39.47,28.35,52.5,0.0,22.32,0.78,100.95
Karnataka,Mysuru,Nanjangud,12.12,76.68,2023-04-25,36.79,42.46,32.23,56.2,0.0,22.68,2.88,101.14
Karnataka,Mysuru,Nanjangud,12.12,76.68,2023-04-28,35.74,40.3,28.95,49.7,0.0,20.95,1.73,100.99
Karnataka,Mysuru,Nanjangud,12.12,76.68,2023-05-01,35.75,42.8,30.02,46.2,0.1,20.09,2.88,101.23
Karnataka,Mysuru,Nanjangud,12.12,76.68,2023-05-04,37.7,41.82,30.0,55.0,0.1,21.16,3.38,101.13
Karnataka,Mysuru,Nanjangud,12.12,76.68,2023-05-07,35.74,40.78,28.25,48.4,0.1,22.81,3.28,101.12
Karnataka,Mysuru,Nanjangud,12.12,76.68,2023-05-10,38.02,43.26,33.04,44.1,0.0,21.68,2.54,100.95
Karnataka,Mysuru,Nanjangud,12.12,76.68,2023-05-13,36.33,42.86,31.64,56.4,0.1,21.16,3.69,101.02
Karnataka,Mysuru,Nanjangud,12.12,76.68,2023-05-16,35.88,42.72,29.65,48.1,0.0,22.37,3.75,101.51
Karnataka,Mysuru,Nanjangud,12.12,76.68,2023-05-19,36.61,42.95,31.73,51.2,0.0,20.7,1.81,100.81
Karnataka,Mysuru,Nanjangud,12.12,76.68,2023-05-22,35.88,41.54,31.29,52.5,0.0,21.98,2.03,101.49
Karnataka,Mysuru,Nanjangud,12.12,76.68,2023-05-25,37.29,44.38,32.83,57.8,0.1,21.84,3.39,101.13
Karnataka,Mysuru,Nanjangud,12.12,76.68,2023-05-28,35.86,41.79,29.01,56.5,0.1,21.55,1.68,101.53
Karnataka,Mysuru,Nanjangud,12.12,76.68,2023-05-31,36.39,40.47,30.69,52.5,0.1,20.41,4.38,100.93
Karnataka,Mysuru,Nanjangud,12.12,76.68,2023-06-03,37.7,43.97,33.16,63.7,4.1,17.0,3.05,101.54
Karnataka,Mysuru,Nanjangud,12.12,76.68,2023-06-06,35.17,39.76,28.79,68.2,3.0,19.2,2.89,101.21
Karnataka,Mysuru,Nanjangud,12.12,76.68,2023-06-09,35.88,41.46,30.29,73.6,1.2,17.68,3.09,101.23
Karnataka,Mysuru,Nanjangud,12.12,76.68,2023-06-12,35.48,43.12,30.45,66.2,0.9,17.13,2.47,100.87
Karnataka,Mysuru,Nanjangud,12.12,76.68,2023-06-15,36.19,41.54,29.99,73.9,0.0,13.94,1.91,101.43
Karnataka,Mysuru,Nanjangud,12.12,76.68,2023-06-18,36.77,41.12,31.88,72.1,8.7,14.45,3.22,101.5
Karnataka,Mysuru,Nanjangud,12.12,76.68,2023-06-21,34.08,40.48,26.19,78.6,12.8,14.08,2.68,101.54
Karnataka,Mysuru,Nanjangud,12.12,76.68,2023-06-24,36.34,41.43,29.25,83.5,1.3,13.74,2.97,101.51
Karnataka,Mysuru,Nanjangud,12.12,76.68,2023-06-27,34.63,40.42,29.96,74.9,12.3,12.73,1.51,101.5
Karnataka,Mysuru,Nanjangud,12.12,76.68,2023-06-30,35.42,41.7,30.21,72.1,0.8,14.55,5.28,101.0
Karnataka,Mysuru,Nanjangud,12.12,76.68,2023-07-03,35.49,41.25,30.01,88.0,11.2,13.53,2.14,101.01
Karnataka,Mysuru,Nanjangud,12.12,76.68,2023-07-06,32.65,37.38,27.59,77.9,5.8,11.69,3.24,101.07
Karnataka,Mysuru,Nanjangud,12.12,76.68,2023-07-09,31.97,36.01,25.76,76.5,5.8,10.18,4.8,101.15
Karnataka,Mysuru,Nanjangud,12.12,76.68,2023-07-12,33.43,39.59,28.57,90.5,26.3,13.02,5.23,101.07
Karnataka,Mysuru,Nanjangud,12.12,76.68,2023-07-15,32.81,38.47,25.67,80.7,1.9,11.3,1.69,101.21
Karnataka,Mysuru,Nanjangud,12.12,76.68,2023-07-18,33.75,39.09,29.73,85.0,16.1,9.65,1.46,101.45
Karnataka,Mysuru,Nanjangud,12.12,76.68,2023-07-21,31.34,37.77,23.53,95.0,6.5,10.44,2.64,101.3
Karnataka,Mysuru,Nanjangud,12.12,76.68,2023-07-24,32.12,38.84,25.42,86.1,9.9,10.35,2.85,101.22
Karnataka,Mysuru,Nanjangud,12.12,76.68,2023-07-27,30.0,35.13,24.81,86.2,4.3,12.75,3.26,101.2
Karnataka,Mysuru,Nanjangud,12.12,76.68,2023-07-30,30.69,36.3,24.5,93.4,5.9,10.86,2.42,100.95
Karnataka,Mysuru,Nanjangud,12.12,76.68,2023-08-02,28.86,34.0,24.7,87.0,6.8,9.26,3.32,101.38
Karnataka,Mysuru,Nanjangud,12.12,76.68,2023-08-05,29.49,35.99,23.77,92.9,9.1,9.34,2.05,101.38
Karnataka,Mysuru,Nanjangud,12.12,76.68,2023-08-08,28.79,33.68,24.65,95.0,1.0,9.95,2.56,101.52
Karnataka,Mysuru,Nanjangud,12.12,76.68,2023-08-11,27.36,33.0,21.63,90.3,11.9,12.98,2.62,100.95
Karnataka,Mysuru,Nanjangud,12.12,76.68,2023-08-14,26.76,31.83,20.28,93.1,0.8,10.34,3.18,101.49
Karnataka,Mysuru,Nanjangud,12.12,76.68,2023-08-17,28.04,33.63,23.75,78.9,1.8,11.96,3.9,101.43
Karnataka,Mysuru,Nanjangud,12.12,76.68,2023-08-20,25.81,30.96,20.16,86.8,9.7,12.48,3.22,101.13
Karnataka,Mysuru,Nanjangud,12.12,76.68,2023-08-23,26.36,32.86,20.52,90.9,5.3,12.42,2.22,101.17
Karnataka,Mysuru,Nanjangud,12.12,76.68,2023-08-26,26.87,33.27,18.88,79.7,4.7,14.33,1.81,101.43
Karnataka,Mysuru,Nanjangud,12.12,76.68,2023-08-29,26.08,31.3,21.37,80.2,3.6,12.54,2.76,101.24
Karnataka,Mysuru,Nanjangud,12.12,76.68,2023-09-01,24.28,30.91,17.44,75.2,1.8,11.39,3.94,101.16
Karnataka,Mysuru,Nanjangud,12.12,76.68,2023-09-04,25.55,31.2,19.19,80.2,0.3,11.9,0.53,101.34
Karnataka,Mysuru,Nanjangud,12.12,76.68,2023-09-07,24.42,29.46,19.9,79.2,8.1,13.74,2.7,100.85
Karnataka,Mysuru,Nanjangud,12.12,76.68,2023-09-10,23.49,30.32,16.41,73.5,11.4,14.24,3.47,101.49
Karnataka,Mysuru,Nanjangud,12.12,76.68,2023-09-13,24.36,28.7,19.21,71.6,3.2,13.31,2.9,101.52
Karnataka,Mysuru,Nanjangud,12.12,76.68,2023-09-16,23.43,28.48,19.3,72.5,12.0,16.64,4.08,101.31
Karnataka,Mysuru,Nanjangud,12.12,76.68,2023-09-19,21.61,26.85,15.28,68.1,1.0,14.6,1.22,101.47
Karnataka,Mysuru,Nanjangud,12.12,76.68,2023-09-22,23.06,28.25,17.18,73.4,0.6,17.43,3.03,101.42
Karnataka,Mysuru,Nanjangud,12.12,76.68,2023-09-25,23.54,29.07,17.51,62.6,1.4,19.32,4.96,101.55
Karnataka,Mysuru,Nanjangud,12.12,76.68,2023-09-28,23.32,30.96,17.37,65.9,6.6,17.82,4.36,101.01
Karnataka,Mysuru,Nanjangud,12.12,76.68,2023-10-01,21.08,27.85,16.43,47.9,0.0,19.9,1.93,101.51
Karnataka,Mysuru,Nanjangud,12.12,76.68,2023-10-04,22.68,29.96,16.67,55.7,0.1,21.24,2.28,100.97
Karnataka,Mysuru,Nanjangud,12.12,76.68,2023-10-07,20.42,25.85,13.78,47.7,0.0,22.97,2.73,101.4
Karnataka,Mysuru,Nanjangud,12.12,76.68,2023-10-10,21.91,29.02,17.13,51.6,0.1,22.7,2.96,101.25
Karnataka,Mysuru,Nanjangud,12.12,76.68,2023-10-13,18.88,23.86,11.92,54.5,0.0,21.76,3.94,101.2
Karnataka,Mysuru,Nanjangud,12.12,76.68,2023-10-16,19.65,23.99,12.68,56.2,0.0,22.55,3.52,101.43
Karnataka,Mysuru,Nanjangud,12.12,76.68,2023-10-19,21.29,25.45,13.52,51.0,0.1,22.42,1.44,100.86
Karnataka,Mysuru,Nanjangud,12.12,76.68,2023-10-22,19.95,24.31,13.03,49.2,0.0,20.57,3.32,101.02
Karnataka,Mysuru,Nanjangud,12.12,76.68,2023-10-25,20.24,24.98,13.04,53.5,0.1,21.94,1.47,101.57
Karnataka,Mysuru,Nanjangud,12.12,76.68,2023-10-28,19.95,25.81,13.59,52.9,0.0,20.7,3.36,101.55
Karnataka,Mysuru,Nanjangud,12.12,76.68,2023-10-31,19.8,25.82,14.22,55.1,0.0,23.25,1.04,101.38
Karnataka,Mysuru,Nanjangud,12.12,76.68,2023-11-03,18.78,23.9,14.6,56.3,0.0,21.05,3.91,101.5
Karnataka,Mysuru,Nanjangud,12.12,76.68,2023-11-06,18.38,25.36,11.35,54.4,0.0,20.47,3.18,101.32
Karnataka,Mysuru,Nanjangud,12.12,76.68,2023-11-09,19.25,27.11,13.18,49.5,0.1,21.97,2.01,100.9
Karnataka,Mysuru,Nanjangud,12.12,76.68,2023-11-12,18.02,25.56,12.17,56.6,0.0,21.36,4.02,100.97
Karnataka,Mysuru,Nanjangud,12.12,76.68,2023-11-15,19.85,26.24,14.28,50.0,0.0,20.32,2.48,100.86
Karnataka,Mysuru,Nanjangud,12.12,76.68,2023-11-18,18.62,24.43,10.67,50.0,0.0,23.36,1.99,101.36
Karnataka,Mysuru,Nanjangud,12.12,76.68,2023-11-21,18.88,24.47,13.98,46.2,0.0,22.04,3.7,100.92
Karnataka,Mysuru,Nanjangud,12.12,76.68,2023-11-24,19.37,24.75,12.7,56.3,0.0,21.01,3.5,100.84
Karnataka,Mysuru,Nanjangud,12.12,76.68,2023-11-27,18.28,24.77,11.06,46.0,0.2,23.13,1.97,101.32
Karnataka,Mysuru,Nanjangud,12.12,76.68,2023-11-30,18.75,24.21,11.86,51.6,0.0,21.73,3.73,100.87
Karnataka,Mysuru,Nanjangud,12.12,76.68,2023-12-03,19.3,24.48,14.63,52.2,0.1,21.58,1.31,101.12
Karnataka,Mysuru,Nanjangud,12.12,76.68,2023-12-06,20.99,25.85,16.96,52.9,0.1,21.0,2.81,101.1
Karnataka,Mysuru,Nanjangud,12.12,76.68,2023-12-09,19.25,24.23,12.09,57.6,0.0,21.73,2.29,101.37
Karnataka,Mysuru,Nanjangud,12.12,76.68,2023-12-12,20.02,27.98,12.38,58.3,0.0,19.91,2.93,101.43
Karnataka,Mysuru,Nanjangud,12.12,76.68,2023-12-15,18.97,25.72,14.27,55.1,0.0,19.83,3.61,101.14
Karnataka,Mysuru,Nanjangud,12.12,76.68,2023-12-18,21.81,28.95,16.91,55.1,0.0,21.33,1.91,101.03
Karnataka,Mysuru,Nanjangud,12.12,76.68,2023-12-21,19.84,25.05,14.75,46.8,0.1,20.99,1.1,101.32
Karnataka,Mysuru,Nanjangud,12.12,76.68,2023-12-24,19.91,27.72,12.18,57.2,0.0,22.8,2.12,101.29
Karnataka,Mysuru,Nanjangud,12.12,76.68,2023-12-27,19.83,25.34,13.04,52.5,0.1,22.64,4.25,101.05
Karnataka,Mysuru,Nanjangud,12.12,76.68,2023-12-30,22.78,26.79,15.59,45.2,0.0,21.24,0.4,100.84
Andhra Pradesh,Guntur,Tenali,16.24,80.64,2023-01-01,19.34,26.49,14.44,42.7,0.1,21.59,3.65,101.49
Andhra Pradesh,Guntur,Tenali,16.24,80.64,2023-01-04,18.68,23.84,12.88,53.0,0.1,21.02,2.9,101.27
Andhra Pradesh,Guntur,Tenali,16.24,80.64,2023-01-07,18.38,22.64,12.89,48.9,0.0,19.65,3.19,100.78
Andhra Pradesh,Guntur,Tenali,16.24,80.64,2023-01-10,19.02,23.34,13.88,48.1,0.0,20.62,2.29,101.15
Andhra Pradesh,Guntur,Tenali,16.24,80.64,2023-01-13,20.24,26.56,15.81,48.8,0.0,23.17,3.12,100.89
Andhra Pradesh,Guntur,Tenali,16.24,80.64,2023-01-16,21.08,26.13,14.51,51.3,0.1,23.37,4.03,101.1
Andhra Pradesh,Guntur,Tenali,16.24,80.64,2023-01-19,21.9,27.31,16.75,46.9,0.2,19.7,2.79,101.22
Andhra Pradesh,Guntur,Tenali,16.24,80.64,2023-01-22,21.57,28.45,15.59,43.8,0.0,19.49,1.92,100.82
Andhra Pradesh,Guntur,Tenali,16.24,80.64,2023-01-25,24.04,28.37,18.45,49.5,0.0,23.2,3.49,101.08
Andhra Pradesh,Guntur,Tenali,16.24,80.64,2023-01-28,23.62,30.03,19.26,46.9,0.1,22.63,5.27,101.33
Andhra Pradesh,Guntur,Tenali,16.24,80.64,2023-01-31,24.45,28.97,18.82,46.9,0.0,22.54,3.83,100.95
Andhra Pradesh,Guntur,Tenali,16.24,80.64,2023-02-03,23.46,31.27,16.98,50.5,0.0,21.73,3.57,101.44
Andhra Pradesh,Guntur,Tenali,16.24,80.64,2023-02-06,23.73,29.24,18.85,48.3,0.0,23.16,2.88,101.47
Andhra Pradesh,Guntur,Tenali,16.24,80.64,2023-02-09,26.27,31.99,20.78,50.5,0.0,22.36,3.59,100.92
Andhra Pradesh,Guntur,Tenali,16.24,80.64,2023-02-12,27.1,31.4,19.45,52.6,0.0,20.11,4.39,100.97
Andhra Pradesh,Guntur,Tenali,16.24,80.64,2023-02-15,27.66,33.98,22.67,49.8,0.0,20.04,1.85,101.42
Andhra Pradesh,Guntur,Tenali,16.24,80.64,2023-02-18,27.98,32.96,22.28,49.7,0.0,20.51,0.38,100.81
Andhra Pradesh,Guntur,Tenali,16.24,80.64,2023-02-21,27.16,33.09,19.22,54.7,0.0,22.04,2.39,100.85
Andhra Pradesh,Guntur,Tenali,16.24,80.64,2023-02-24,27.59,32.13,21.59,54.7,0.2,20.94,4.03,100.8
Andhra Pradesh,Guntur,Tenali,16.24,80.64,2023-02-27,30.24,35.33,22.32,40.9,0.1,21.53,1.89,101.15
Andhra Pradesh,Guntur,Tenali,16.24,80.64,2023-03-02,28.64,34.59,21.6,47.7,0.2,21.61,3.24,101.33
Andhra Pradesh,Guntur,Tenali,16.24,80.64,2023-03-05,30.44,37.97,25.09,46.2,0.1,20.5,2.5,101.03
Andhra Pradesh,Guntur,Tenali,16.24,80.64,2023-03-08,31.72,38.31,25.76,39.0,0.1,21.13,2.88,100.85
Andhra Pradesh,Guntur,Tenali,16.24,80.64,2023-03-11,32.23,39.42,24.36,49.6,0.0,21.17,3.78,101.53
Andhra Pradesh,Guntur,Tenali,16.24,80.64,2023-03-14,30.22,35.59,25.63,41.5,0.0,21.95,4.63,101.08
Andhra Pradesh,Guntur,Tenali,16.24,80.64,2023-03-17,31.24,35.65,25.14,44.4,0.0,19.91,3.62,101.02
Andhra Pradesh,Guntur,Tenali,16.24,80.64,2023-03-20,32.73,37.06,26.72,52.3,0.0,19.99,2.52,100.85
Andhra Pradesh,Guntur,Tenali,16.24,80.64,2023-03-23,31.71,37.83,27.0,43.3,0.0,23.06,2.49,100.85
Andhra Pradesh,Guntur,Tenali,16.24,80.64,2023-03-26,34.16,41.38,28.36,48.1,0.0,22.75,2.64,101.3
Andhra Pradesh,Guntur,Tenali,16.24,80.64,2023-03-29,32.99,38.91,28.25,46.5,0.0,22.41,2.43,101.0
Andhra Pradesh,Guntur,Tenali,16.24,80.64,2023-04-01,33.14,38.94,25.49,47.6,0.0,22.54,1.22,101.5
Andhra Pradesh,Guntur,Tenali,16.24,80.64,2023-04-04,35.59,42.82,31.02,43.0,0.1,21.8,0.94,101.43
Andhra Pradesh,Guntur,Tenali,16.24,80.64,2023-04-07,36.07,41.39,31.38,49.3,0.0,21.45,2.64,101.26
Andhra Pradesh,Guntur,Tenali,16.24,80.64,2023-04-10,35.99,42.46,31.75,53.1,0.1,23.1,3.8,101.23
Andhra Pradesh,Guntur,Tenali,16.24,80.64,2023-04-13,36.35,43.91,29.37,49.0,0.0,19.57,2.4,101.05
Andhra Pradesh,Guntur,Tenali,16.24,80.64,2023-04-16,35.34,41.11,27.98,50.9,0.0,20.28,0.9,100.9
Andhra Pradesh,Guntur,Tenali,16.24,80.64,2023-04-19,37.22,42.22,29.67,45.4,0.0,21.14,4.11,100.76
Andhra Pradesh,Guntur,Tenali,16.24,80.64,2023-04-22,36.48,42.0,32.33,42.3,0.2,22.91,4.38,101.07
Andhra Pradesh,Guntur,Tenali,16.24,80.64,2023-04-25,38.07,45.7,30.64,50.4,0.0,21.52,2.52,101.52
Andhra Pradesh,Guntur,Tenali,16.24,80.64,2023-04-28,36.18,43.78,29.16,45.9,0.1,20.62,1.47,101.05
Andhra Pradesh,Guntur,Tenali,16.24,80.64,2023-05-01,37.54,45.41,32.57,52.4,0.0,23.16,2.34,101.45
Andhra Pradesh,Guntur,Tenali,16.24,80.64,2023-05-04,38.59,45.38,31.23,48.9,0.0,20.24,4.2,101.15
Andhra Pradesh,Guntur,Tenali,16.24,80.64,2023-05-07,38.98,46.76,34.81,43.7,0.0,22.84,3.51,100.89
Andhra Pradesh,Guntur,Tenali,16.24,80.64,2023-05-10,37.14,45.03,32.64,48.1,0.0,22.5,4.35,100.79
Andhra Pradesh,Guntur,Tenali,16.24,80.64,2023-05-13,38.2,43.23,30.37,44.1,0.0,19.59,4.12,101.47
Andhra Pradesh,Guntur,Tenali,16.24,80.64,2023-05-16,38.42,42.66,31.44,44.9,0.0,23.04,2.27,101.27
Andhra Pradesh,Guntur,Tenali,16.24,80.64,2023-05-19,37.22,41.51,30.62,39.8,0.0,19.67,3.58,100.95
Andhra Pradesh,Guntur,Tenali,16.24,80.64,2023-05-22,39.09,44.21,31.89,50.6,0.0,21.89,4.27,100.85
Andhra Pradesh,Guntur,Tenali,16.24,80.64,2023-05-25,38.55,46.24,32.42,41.8,0.0,20.5,3.66,100.96
Andhra Pradesh,Guntur,Tenali,16.24,80.64,2023-05-28,37.54,41.67,30.38,51.3,0.0,19.59,2.65,101.46
Andhra Pradesh,Guntur,Tenali,16.24,80.64,2023-05-31,38.26,45.31,33.42,54.1,0.0,19.6,4.34,100.88
Andhra Pradesh,Guntur,Tenali,16.24,80.64,2023-06-03,38.34,44.73,31.8,50.8,0.7,19.27,2.62,100.75
Andhra Pradesh,Guntur,Tenali,16.24,80.64,2023-06-06,36.07,40.34,29.73,54.6,4.9,17.31,3.25,101.51
Andhra Pradesh,Guntur,Tenali,16.24,80.64,2023-06-09,35.84,41.3,28.67,59.8,10.1,16.26,0.63,101.24
Andhra Pradesh,Guntur,Tenali,16.24,80.64,2023-06-12,35.8,42.69,30.66,63.2,5.2,17.64,3.19,100.91
Andhra Pradesh,Guntur,Tenali,16.24,80.64,2023-06-15,37.06,43.76,30.19,71.3,1.2,15.75,3.28,100.74
Andhra Pradesh,Guntur,Tenali,16.24,80.64,2023-06-18,35.52,41.93,30.48,73.0,1.2,14.98,2.51,101.27
Andhra Pradesh,Guntur,Tenali,16.24,80.64,2023-06-21,35.35,39.54,30.92,72.5,9.0,15.4,2.15,101.43
Andhra Pradesh,Guntur,Tenali,16.24,80.64,2023-06-24,35.8,42.91,28.45,73.4,4.2,12.82,2.84,100.83
Andhra Pradesh,Guntur,Tenali,16.24,80.64,2023-06-27,34.61,39.78,28.36,78.8,1.9,15.27,3.22,101.4
Andhra Pradesh,Guntur,Tenali,16.24,80.64,2023-06-30,33.62,39.98,28.83,68.1,1.6,12.05,3.03,101.38
Andhra Pradesh,Guntur,Tenali,16.24,80.64,2023-07-03,35.23,42.69,30.94,68.9,12.8,12.31,2.81,101.01
Andhra Pradesh,Guntur,Tenali,16.24,80.64,2023-07-06,34.31,40.43,28.99,72.2,0.8,13.28,3.03,100.92
Andhra Pradesh,Guntur,Tenali,16.24,80.64,2023-07-09,33.33,38.4,27.37,79.1,2.2,10.55,2.64,101.07
Andhra Pradesh,Guntur,Tenali,16.24,80.64,2023-07-12,33.72,38.28,27.57,85.1,6.2,11.15,4.37,101.54
Andhra Pradesh,Guntur,Tenali,16.24,80.64,2023-07-15,31.7,37.64,25.9,86.5,7.3,11.7,2.04,101.15
Andhra Pradesh,Guntur,Tenali,16.24,80.64,2023-07-18,32.98,38.39,28.45,76.6,2.1,9.65,4.06,101.38
Andhra Pradesh,Guntur,Tenali,16.24,80.64,2023-07-21,31.15,37.24,26.25,88.7,4.3,10.71,2.61,101.33
Andhra Pradesh,Guntur,Tenali,16.24,80.64,2023-07-24,31.87,39.86,25.95,81.7,13.8,10.65,3.14,100.98
Andhra Pradesh,Guntur,Tenali,16.24,80.64,2023-07-27,29.5,36.59,24.11,85.2,2.9,9.31,3.89,101.36
Andhra Pradesh,Guntur,Tenali,16.24,80.64,2023-07-30,30.51,37.33,24.07,78.2,5.6,12.14,3.09,101.24
Andhra Pradesh,Guntur,Tenali,16.24,80.64,2023-08-02,28.14,32.36,20.75,75.7,2.3,10.4,1.49,101.3
Andhra Pradesh,Guntur,Tenali,16.24,80.64,2023-08-05,29.16,36.62,21.44,79.6,2.3,9.34,2.58,101.51
Andhra Pradesh,Guntur,Tenali,16.24,80.64,2023-08-08,28.22,34.19,23.99,89.5,2.2,12.02,3.21,100.9
Andhra Pradesh,Guntur,Tenali,16.24,80.64,2023-08-11,26.74,31.29,20.6,79.0,6.6,11.94,2.88,101.15
Andhra Pradesh,Guntur,Tenali,16.24,80.64,2023-08-14,26.55,32.34,21.08,76.4,1.0,12.18,3.33,101.25
Andhra Pradesh,Guntur,Tenali,16.24,80.64,2023-08-17,26.84,33.4,20.79,76.2,18.4,11.63,2.05,101.04
Andhra Pradesh,Guntur,Tenali,16.24,80.64,2023-08-20,27.15,32.77,19.93,74.1,6.7,10.85,3.0,100.92
Andhra Pradesh,Guntur,Tenali,16.24,80.64,2023-08-23,24.55,30.13,17.97,77.5,14.0,10.7,3.46,101.37
Andhra Pradesh,Guntur,Tenali,16.24,80.64,2023-08-26,24.25,29.28,16.67,80.0,8.8,12.52,1.95,101.31
Andhra Pradesh,Guntur,Tenali,16.24,80.64,2023-08-29,25.37,32.34,17.5,74.1,2.3,14.35,3.85,101.09
Andhra Pradesh,Guntur,Tenali,16.24,80.64,2023-09-01,23.19,30.98,18.38,69.7,1.2,12.45,0.99,101.07
Andhra Pradesh,Guntur,Tenali,16.24,80.64,2023-09-04,22.55,28.39,18.41,71.0,4.2,11.9,0.64,101.26
Andhra Pradesh,Guntur,Tenali,16.24,80.64,2023-09-07,23.7,31.14,17.73,64.2,0.3,14.48,3.05,101.41
Andhra Pradesh,Guntur,Tenali,16.24,80.64,2023-09-10,21.34,25.86,14.3,70.7,3.3,13.19,1.57,101.31
Andhra Pradesh,Guntur,Tenali,16.24,80.64,2023-09-13,22.53,26.84,15.21,65.4,2.6,14.59,2.37,101.38
Andhra Pradesh,Guntur,Tenali,16.24,80.64,2023-09-16,20.65,24.94,14.75,60.8,0.1,13.97,2.0,100.74
Andhra Pradesh,Guntur,Tenali,16.24,80.64,2023-09-19,19.25,26.86,13.08,72.1,3.2,18.15,3.55,101.29
Andhra Pradesh,Guntur,Tenali,16.24,80.64,2023-09-22,19.54,23.74,14.95,67.1,3.9,16.1,3.54,101.48
Andhra Pradesh,Guntur,Tenali,16.24,80.64,2023-09-25,18.67,26.66,12.53,55.7,0.6,18.35,4.02,101.48
Andhra Pradesh,Guntur,Tenali,16.24,80.64,2023-09-28,18.11,23.06,13.53,53.7,0.7,17.77,2.91,100.93
Andhra Pradesh,Guntur,Tenali,16.24,80.64,2023-10-01,17.88,23.56,13.21,39.6,0.0,19.49,4.27,101.28
Andhra Pradesh,Guntur,Tenali,16.24,80.64,2023-10-04,16.84,22.76,9.29,48.6,0.0,21.08,2.01,100.78
Andhra Pradesh,Guntur,Tenali,16.24,80.64,2023-10-07,16.8,21.37,11.97,44.1,0.0,21.94,3.19,100.9
Andhra Pradesh,Guntur,Tenali,16.24,80.64,2023-10-10,17.52,24.29,11.53,50.7,0.1,21.27,2.87,101.29
Andhra Pradesh,Guntur,Tenali,16.24,80.64,2023-10-13,16.77,21.93,12.44,41.7,0.1,21.36,3.09,101.42
Andhra Pradesh,Guntur,Tenali,16.24,80.64,2023-10-16,17.91,22.9,13.0,53.0,0.0,21.87,3.83,101.08
Andhra Pradesh,Guntur,Tenali,16.24,80.64,2023-10-19,17.98,25.43,10.27,50.1,0.0,19.67,2.36,100.75
Andhra Pradesh,Guntur,Tenali,16.24,80.64,2023-10-22,17.63,23.8,10.1,54.1,0.0,23.36,2.71,100.96
Andhra Pradesh,Guntur,Tenali,16.24,80.64,2023-10-25,17.63,25.39,12.22,46.5,0.1,22.69,3.42,101.46
Andhra Pradesh,Guntur,Tenali,16.24,80.64,2023-10-28,15.55,20.48,9.5,53.7,0.0,22.96,3.19,101.47
Andhra Pradesh,Guntur,Tenali,16.24,80.64,2023-10-31,16.01,23.19,8.78,45.9,0.1,22.24,3.92,101.09
Andhra Pradesh,Guntur,Tenali,16.24,80.64,2023-11-03,15.73,22.97,8.21,54.6,0.0,22.18,0.94,100.93
Andhra Pradesh,Guntur,Tenali,16.24,80.64,2023-11-06,15.47,20.5,8.26,50.2,0.0,19.91,2.19,100.85
Andhra Pradesh,Guntur,Tenali,16.24,80.64,2023-11-09,15.77,22.87,10.4,40.1,0.0,21.93,2.08,101.02
Andhra Pradesh,Guntur,Tenali,16.24,80.64,2023-11-12,14.66,21.91,9.13,50.2,0.0,20.39,3.14,100.96
Andhra Pradesh,Guntur,Tenali,16.24,80.64,2023-11-15,15.96,23.41,8.29,41.3,0.0,19.87,3.17,101.31
Andhra Pradesh,Guntur,Tenali,16.24,80.64,2023-11-18,16.71,23.07,12.13,44.8,0.0,20.59,3.72,101.2
Andhra Pradesh,Guntur,Tenali,16.24,80.64,2023-11-21,15.52,20.2,10.41,53.1,0.0,21.88,2.43,101.35
Andhra Pradesh,Guntur,Tenali,16.24,80.64,2023-11-24,14.13,20.75,6.31,49.0,0.0,19.61,3.56,101.37
Andhra Pradesh,Guntur,Tenali,16.24,80.64,2023-11-27,14.75,20.44,8.14,49.6,0.0,22.2,3.76,101.05
Andhra Pradesh,Guntur,Tenali,16.24,80.64,2023-11-30,16.38,23.88,9.64,53.6,0.1,23.3,2.22,100.94
Andhra Pradesh,Guntur,Tenali,16.24,80.64,2023-12-03,16.51,21.35,12.04,44.3,0.1,20.65,1.97,101.52
Andhra Pradesh,Guntur,Tenali,16.24,80.64,2023-12-06,16.95,22.36,9.66,39.8,0.0,19.73,4.93,101.01
Andhra Pradesh,Guntur,Tenali,16.24,80.64,2023-12-09,15.62,23.06,9.84,52.4,0.0,20.96,2.63,101.1
Andhra Pradesh,Guntur,Tenali,16.24,80.64,2023-12-12,18.0,25.89,10.27,40.4,0.0,22.81,3.06,100.86
Andhra Pradesh,Guntur,Tenali,16.24,80.64,2023-12-15,15.62,20.44,11.28,50.6,0.1,23.43,4.28,101.37
Andhra Pradesh,Guntur,Tenali,16.24,80.64,2023-12-18,16.25,20.57,8.33,51.4,0.0,20.22,3.29,101.26
Andhra Pradesh,Guntur,Tenali,16.24,80.64,2023-12-21,16.55,22.3,11.95,40.3,0.0,21.65,2.85,101.02
Andhra Pradesh,Guntur,Tenali,16.24,80.64,2023-12-24,16.61,22.82,11.94,44.1,0.2,22.07,2.73,101.27
Andhra Pradesh,Guntur,Tenali,16.24,80.64,2023-12-27,18.58,23.38,11.84,54.3,0.0,22.83,2.43,101.26
Andhra Pradesh,Guntur,Tenali,16.24,80.64,2023-12-30,19.71,24.37,14.92,46.8,0.0,21.5,3.36,101.53
Telangana,Nalgonda,Miryalaguda,16.87,79.57,2023-01-01,17.07,22.78,12.26,41.5,0.0,23.26,1.54,101.29
Telangana,Nalgonda,Miryalaguda,16.87,79.57,2023-01-04,20.01,27.87,14.67,41.6,0.1,21.9,3.04,101.44
Telangana,Nalgonda,Miryalaguda,16.87,79.57,2023-01-07,18.33,25.48,13.85,40.9,0.0,20.92,1.54,101.48
Telangana,Nalgonda,Miryalaguda,16.87,79.57,2023-01-10,19.65,25.97,14.01,44.9,0.0,19.5,3.54,100.94
Telangana,Nalgonda,Miryalaguda,16.87,79.57,2023-01-13,21.03,28.22,14.28,45.9,0.0,20.23,2.96,101.2
Telangana,Nalgonda,Miryalaguda,16.87,79.57,2023-01-16,20.58,26.72,14.61,43.5,0.0,21.2,6.29,101.45
Telangana,Nalgonda,Miryalaguda,16.87,79.57,2023-01-19,22.57,27.72,16.75,42.4,0.1,20.02,2.64,101.1
Telangana,Nalgonda,Miryalaguda,16.87,79.57,2023-01-22,21.82,25.87,17.21,46.8,0.0,20.69,2.82,100.77
Telangana,Nalgonda,Miryalaguda,16.87,79.57,2023-01-25,21.96,27.35,17.54,48.4,0.0,21.6,2.76,101.13
Telangana,Nalgonda,Miryalaguda,16.87,79.57,2023-01-28,23.46,31.03,16.7,52.2,0.0,20.37,2.64,101.38
Telangana,Nalgonda,Miryalaguda,16.87,79.57,2023-01-31,24.38,30.33,16.68,39.6,0.1,20.9,1.08,100.87
Telangana,Nalgonda,Miryalaguda,16.87,79.57,2023-02-03,24.18,28.24,20.04,54.1,0.0,21.18,2.33,100.83
Telangana,Nalgonda,Miryalaguda,16.87,79.57,2023-02-06,26.07,32.1,18.65,43.2,0.0,20.46,1.47,101.19
Telangana,Nalgonda,Miryalaguda,16.87,79.57,2023-02-09,25.62,30.86,17.81,39.1,0.0,22.14,1.96,101.51
Telangana,Nalgonda,Miryalaguda,16.87,79.57,2023-02-12,26.99,31.98,19.22,46.1,0.0,22.06,1.28,101.45
Telangana,Nalgonda,Miryalaguda,16.87,79.57,2023-02-15,25.99,33.56,20.73,49.7,0.0,22.03,1.42,100.97
Telangana,Nalgonda,Miryalaguda,16.87,79.57,2023-02-18,28.62,35.28,23.07,54.2,0.0,22.46,2.69,101.1
Telangana,Nalgonda,Miryalaguda,16.87,79.57,2023-02-21,26.57,34.57,22.17,49.0,0.0,19.98,2.65,101.48
Telangana,Nalgonda,Miryalaguda,16.87,79.57,2023-02-24,28.53,35.0,23.47,41.3,0.0,19.61,3.15,101.04
Telangana,Nalgonda,Miryalaguda,16.87,79.57,2023-02-27,29.66,34.23,24.84,47.2,0.1,20.73,3.92,100.9
Telangana,Nalgonda,Miryalaguda,16.87,79.57,2023-03-02,28.33,33.79,22.81,51.6,0.0,20.84,2.78,100.76
Telangana,Nalgonda,Miryalaguda,16.87,79.57,2023-03-05,31.44,39.09,26.17,43.3,0.0,20.32,2.12,101.36
Telangana,Nalgonda,Miryalaguda,16.87,79.57,2023-03-08,31.73,38.58,26.13,52.2,0.1,20.21,2.5,101.52
Telangana,Nalgonda,Miryalaguda,16.87,79.57,2023-03-11,32.0,37.64,25.04,43.5,0.0,21.53,2.26,100.79
Telangana,Nalgonda,Miryalaguda,16.87,79.57,2023-03-14,31.52,38.93,25.21,43.1,0.0,21.71,0.64,100.87
Telangana,Nalgonda,Miryalaguda,16.87,79.57,2023-03-17,32.06,37.85,26.55,41.8,0.0,21.65,2.67,100.89
Telangana,Nalgonda,Miryalaguda,16.87,79.57,2023-03-20,32.12,38.23,24.36,46.5,0.0,19.61,1.89,100.82
Telangana,Nalgonda,Miryalaguda,16.87,79.57,2023-03-23,33.07,39.53,27.66,50.6,0.0,19.73,2.7,100.77
Telangana,Nalgonda,Miryalaguda,16.87,79.57,2023-03-26,33.69,40.11,27.46,42.5,0.0,22.35,1.82,100.91
Telangana,Nalgonda,Miryalaguda,16.87,79.57,2023-03-29,34.44,40.36,30.43,50.9,0.1,23.42,3.54,101.49
Telangana,Nalgonda,Miryalaguda,16.87,79.57,2023-04-01,35.09,40.96,30.03,50.1,0.0,20.77,3.81,101.3
Telangana,Nalgonda,Miryalaguda,16.87,79.57,2023-04-04,35.7,40.31,30.88,49.0,0.0,23.02,3.71,101.47
Telangana,Nalgonda,Miryalaguda,16.87,79.57,2023-04-07,35.66,40.71,29.41,51.1,0.0,22.07,1.04,101.35
Telangana,Nalgonda,Miryalaguda,16.87,79.57,2023-04-10,36.13,42.31,28.57,48.4,0.1,20.72,1.5,100.82
Telangana,Nalgonda,Miryalaguda,16.87,79.57,2023-04-13,36.13,41.02,28.25,42.3,0.1,20.81,3.27,100.99
Telangana,Nalgonda,Miryalaguda,16.87,79.57,2023-04-16,37.75,44.22,33.34,43.8,0.0,21.45,4.03,101.15
Telangana,Nalgonda,Miryalaguda,16.87,79.57,2023-04-19,35.99,42.68,30.21,51.9,0.1,20.51,2.92,100.92
Telangana,Nalgonda,Miryalaguda,16.87,79.57,2023-04-22,35.38,43.19,29.24,52.3,0.2,19.84,2.59,101.45
Telangana,Nalgonda,Miryalaguda,16.87,79.57,2023-04-25,35.59,42.39,28.41,45.0,0.1,22.54,1.99,100.86
Telangana,Nalgonda,Miryalaguda,16.87,79.57,2023-04-28,35.95,42.11,29.85,41.8,0.0,19.79,2.81,100.97
Telangana,Nalgonda,Miryalaguda,16.87,79.57,2023-05-01,37.9,42.5,31.8,40.9,0.1,20.32,4.83,101.5
Telangana,Nalgonda,Miryalaguda,16.87,79.57,2023-05-04,36.87,43.6,32.59,54.4,0.1,19.62,1.87,100.84
Telangana,Nalgonda,Miryalaguda,16.87,79.57,2023-05-07,36.45,41.84,28.7,51.4,0.0,22.71,4.05,101.04
Telangana,Nalgonda,Miryalaguda,16.87,79.57,2023-05-10,36.44,44.12,29.81,54.7,0.0,21.96,2.88,100.83
Telangana,Nalgonda,Miryalaguda,16.87,79.57,2023-05-13,37.69,45.28,31.46,49.0,0.0,20.91,3.5,100.88
Telangana,Nalgonda,Miryalaguda,16.87,79.57,2023-05-16,36.55,40.77,29.53,54.7,0.1,22.8,2.85,100.9
Telangana,Nalgonda,Miryalaguda,16.87,79.57,2023-05-19,38.82,44.34,31.4,42.6,0.0,21.58,2.93,101.31
Telangana,Nalgonda,Miryalaguda,16.87,79.57,2023-05-22,38.59,46.52,31.97,44.4,0.0,21.82,3.56,101.21
Telangana,Nalgonda,Miryalaguda,16.87,79.57,2023-05-25,38.9,45.17,31.06,46.4,0.0,19.59,2.28,100.74
Telangana,Nalgonda,Miryalaguda,16.87,79.57,2023-05-28,37.37,41.83,32.3,52.9,0.1,19.93,3.83,101.2
Telangana,Nalgonda,Miryalaguda,16.87,79.57,2023-05-31,37.37,41.59,32.18,47.3,0.0,21.75,4.06,101.22
Telangana,Nalgonda,Miryalaguda,16.87,79.57,2023-06-03,36.32,42.59,28.58,64.6,2.7,18.18,3.36,101.33
Telangana,Nalgonda,Miryalaguda,16.87,79.57,2023-06-06,36.92,43.75,31.43,61.3,4.3,17.84,2.01,101.01
Telangana,Nalgonda,Miryalaguda,16.87,79.57,2023-06-09,37.3,43.09,31.54,60.5,1.2,17.42,2.21,101.43
Telangana,Nalgonda,Miryalaguda,16.87,79.57,2023-06-12,35.67,42.27,29.55,66.6,4.4,15.93,3.75,101.15
Telangana,Nalgonda,Miryalaguda,16.87,79.57,2023-06-15,36.7,44.41,30.07,68.8,1.9,16.94,2.86,100.83
Telangana,Nalgonda,Miryalaguda,16.87,79.57,2023-06-18,37.17,43.12,31.35,71.4,3.8,17.19,3.06,101.21
Telangana,Nalgonda,Miryalaguda,16.87,79.57,2023-06-21,34.86,39.77,26.87,70.6,1.8,14.14,3.05,100.91
Telangana,Nalgonda,Miryalaguda,16.87,79.57,2023-06-24,34.59,39.13,26.68,75.6,2.5,12.61,4.88,100.81
Telangana,Nalgonda,Miryalaguda,16.87,79.57,2023-06-27,36.06,42.27,28.12,72.5,3.4,11.72,2.48,101.19
Telangana,Nalgonda,Miryalaguda,16.87,79.57,2023-06-30,33.77,41.29,28.87,81.2,2.5,14.46,2.28,101.19
Telangana,Nalgonda,Miryalaguda,16.87,79.57,2023-07-03,33.71,38.76,28.77,70.1,2.3,12.08,0.53,101.39
Telangana,Nalgonda,Miryalaguda,16.87,79.57,2023-07-06,32.21,38.22,26.18,72.4,8.1,11.26,2.77,101.43
Telangana,Nalgonda,Miryalaguda,16.87,79.57,2023-07-09,32.66,37.04,28.06,74.3,1.0,11.33,2.19,101.51
Telangana,Nalgonda,Miryalaguda,16.87,79.57,2023-07-12,32.37,37.94,25.36,73.3,0.7,13.25,2.51,100.88
Telangana,Nalgonda,Miryalaguda,16.87,79.57,2023-07-15,32.98,40.89,27.38,84.4,4.6,10.31,3.35,100.98
Telangana,Nalgonda,Miryalaguda,16.87,79.57,2023-07-18,31.25,36.25,24.08,75.2,3.7,12.21,5.32,101.22
Telangana,Nalgonda,Miryalaguda,16.87,79.57,2023-07-21,31.66,36.43,26.85,87.9,28.8,9.14,3.33,101.39
Telangana,Nalgonda,Miryalaguda,16.87,79.57,2023-07-24,29.76,34.07,23.38,76.4,14.5,12.32,2.67,101.14
Telangana,Nalgonda,Miryalaguda,16.87,79.57,2023-07-27,30.86,35.01,24.04,77.2,3.8,9.51,3.34,100.8
Telangana,Nalgonda,Miryalaguda,16.87,79.57,2023-07-30,29.65,34.85,22.01,89.8,10.4,10.85,2.26,101.11
Telangana,Nalgonda,Miryalaguda,16.87,79.57,2023-08-02,29.12,34.81,23.34,89.0,36.1,11.75,2.08,101.42
Telangana,Nalgonda,Miryalaguda,16.87,79.57,2023-08-05,27.82,32.11,22.93,83.2,11.5,11.79,4.3,100.97
Telangana,Nalgonda,Miryalaguda,16.87,79.57,2023-08-08,26.48,32.41,21.16,88.8,18.6,11.1,1.92,101.35
Telangana,Nalgonda,Miryalaguda,16.87,79.57,2023-08-11,27.91,33.99,22.14,89.7,12.5,11.37,3.37,101.35
Telangana,Nalgonda,Miryalaguda,16.87,79.57,2023-08-14,26.79,32.08,22.28,83.1,15.6,9.97,2.75,101.45
Telangana,Nalgonda,Miryalaguda,16.87,79.57,2023-08-17,27.51,32.29,21.3,80.8,3.1,9.97,2.54,101.4
Telangana,Nalgonda,Miryalaguda,16.87,79.57,2023-08-20,26.81,32.81,20.82,73.1,4.1,12.09,5.17,101.53
Telangana,Nalgonda,Miryalaguda,16.87,79.57,2023-08-23,23.57,30.19,19.38,86.6,1.6,12.85,2.35,101.1
Telangana,Nalgonda,Miryalaguda,16.87,79.57,2023-08-26,24.06,28.77,18.47,70.8,8.4,14.31,2.29,101.16
Telangana,Nalgonda,Miryalaguda,16.87,79.57,2023-08-29,23.41,29.47,18.83,80.3,7.7,11.23,2.43,101.29
Telangana,Nalgonda,Miryalaguda,16.87,79.57,2023-09-01,21.69,29.17,17.43,80.4,1.3,13.35,3.16,101.3
Telangana,Nalgonda,Miryalaguda,16.87,79.57,2023-09-04,23.9,31.39,19.29,76.9,3.3,12.36,0.51,100.75
Telangana,Nalgonda,Miryalaguda,16.87,79.57,2023-09-07,22.62,28.79,15.09,71.4,1.6,15.57,3.36,100.82
Telangana,Nalgonda,Miryalaguda,16.87,79.57,2023-09-10,22.05,27.23,17.84,64.8,9.9,13.31,3.29,101.47
Telangana,Nalgonda,Miryalaguda,16.87,79.57,2023-09-13,19.62,26.25,13.48,69.8,12.6,14.12,2.52,101.53
Telangana,Nalgonda,Miryalaguda,16.87,79.57,2023-09-16,20.65,27.89,15.65,74.3,5.7,15.65,3.22,101.18
Telangana,Nalgonda,Miryalaguda,16.87,79.57,2023-09-19,21.41,28.95,14.42,68.0,0.7,17.65,4.81,101.3
Telangana,Nalgonda,Miryalaguda,16.87,79.57,2023-09-22,18.26,22.54,13.85,57.9,5.3,17.98,2.47,101.48
Telangana,Nalgonda,Miryalaguda,16.87,79.57,2023-09-25,17.96,22.87,12.19,56.6,4.3,18.84,1.9,101.33
Telangana,Nalgonda,Miryalaguda,16.87,79.57,2023-09-28,18.03,24.35,12.77,59.2,2.1,16.71,3.83,101.35
Telangana,Nalgonda,Miryalaguda,16.87,79.57,2023-10-01,16.91,21.85,9.92,51.7,0.0,23.21,1.29,101.07
Telangana,Nalgonda,Miryalaguda,16.87,79.57,2023-10-04,16.92,22.82,11.71,44.9,0.1,20.77,2.49,100.75
Telangana,Nalgonda,Miryalaguda,16.87,79.57,2023-10-07,17.39,24.86,10.8,52.4,0.0,23.45,1.5,100.76
Telangana,Nalgonda,Miryalaguda,16.87,79.57,2023-10-10,16.78,21.57,9.76,43.5,0.0,22.1,4.17,100.99
Telangana,Nalgonda,Miryalaguda,16.87,79.57,2023-10-13,15.94,22.52,9.41,42.2,0.1,19.78,2.95,100.78
Telangana,Nalgonda,Miryalaguda,16.87,79.57,2023-10-16,17.54,25.25,9.75,54.7,0.1,21.75,1.58,101.49
Telangana,Nalgonda,Miryalaguda,16.87,79.57,2023-10-19,17.5,23.25,12.7,47.4,0.0,22.71,2.57,101.47
Telangana,Nalgonda,Miryalaguda,16.87,79.57,2023-10-22,16.21,20.54,10.08,40.9,0.0,22.75,2.28,100.86
Telangana,Nalgonda,Miryalaguda,16.87,79.57,2023-10-25,16.93,24.41,10.97,39.6,0.1,21.08,1.81,101.05
Telangana,Nalgonda,Miryalaguda,16.87,79.57,2023-10-28,15.08,20.18,10.51,49.2,0.0,21.2,2.8,100.86
Telangana,Nalgonda,Miryalaguda,16.87,79.57,2023-10-31,14.58,20.82,7.92,48.9,0.1,20.91,1.62,101.34
Telangana,Nalgonda,Miryalaguda,16.87,79.57,2023-11-03,15.39,20.41,10.89,48.8,0.1,23.28,3.56,101.2
Telangana,Nalgonda,Miryalaguda,16.87,79.57,2023-11-06,14.28,19.46,6.83,43.2,0.0,21.67,1.1,100.75
Telangana,Nalgonda,Miryalaguda,16.87,79.57,2023-11-09,13.8,18.6,6.62,51.4,0.0,20.12,3.4,101.37
Telangana,Nalgonda,Miryalaguda,16.87,79.57,2023-11-12,15.18,22.67,8.23,40.4,0.1,22.34,2.75,100.76
Telangana,Nalgonda,Miryalaguda,16.87,79.57,2023-11-15,16.24,21.41,10.38,47.2,0.0,21.76,4.6,101.15
Telangana,Nalgonda,Miryalaguda,16.87,79.57,2023-11-18,13.72,19.73,8.97,45.7,0.1,22.49,3.59,100.86
Telangana,Nalgonda,Miryalaguda,16.87,79.57,2023-11-21,14.34,22.21,7.83,41.8,0.0,20.47,4.11,100.82
Telangana,Nalgonda,Miryalaguda,16.87,79.57,2023-11-24,13.98,20.69,6.11,39.9,0.1,20.05,3.46,100.78
Telangana,Nalgonda,Miryalaguda,16.87,79.57,2023-11-27,13.71,17.79,6.79,53.3,0.0,20.08,3.78,100.99
Telangana,Nalgonda,Miryalaguda,16.87,79.57,2023-11-30,14.38,21.64,9.96,48.9,0.0,22.09,3.1,100.83
Telangana,Nalgonda,Miryalaguda,16.87,79.57,2023-12-03,14.56,22.52,9.5,46.0,0.0,23.47,2.33,101.27
Telangana,Nalgonda,Miryalaguda,16.87,79.57,2023-12-06,16.22,22.55,10.68,51.9,0.0,21.66,2.65,101.17
Telangana,Nalgonda,Miryalaguda,16.87,79.57,2023-12-09,17.15,24.26,12.19,44.9,0.0,21.0,5.7,101.09
Telangana,Nalgonda,Miryalaguda,16.87,79.57,2023-12-12,15.07,19.68,11.01,53.4,0.0,21.73,4.0,101.49
Telangana,Nalgonda,Miryalaguda,16.87,79.57,2023-12-15,17.23,23.6,12.09,49.6,0.1,20.3,2.94,101.21
Telangana,Nalgonda,Miryalaguda,16.87,79.57,2023-12-18,17.9,24.27,12.83,50.4,0.0,19.9,3.82,100.74
Telangana,Nalgonda,Miryalaguda,16.87,79.57,2023-12-21,17.29,23.61,11.44,47.7,0.0,20.32,1.92,101.13
Telangana,Nalgonda,Miryalaguda,16.87,79.57,2023-12-24,18.67,24.54,11.69,39.8,0.0,19.69,2.28,100.89
Telangana,Nalgonda,Miryalaguda,16.87,79.57,2023-12-27,16.87,22.41,12.23,53.7,0.0,20.69,3.67,101.36
Telangana,Nalgonda,Miryalaguda,16.87,79.57,2023-12-30,18.35,25.92,11.88,49.1,0.0,22.82,3.21,101.09
Tamil Nadu,Thanjavur,Kumbakonam,10.96,79.38,2023-01-01,21.51,26.4,14.32,44.7,0.0,21.98,2.34,101.31
Tamil Nadu,Thanjavur,Kumbakonam,10.96,79.38,2023-01-04,22.67,29.03,18.52,50.4,0.2,21.78,1.78,101.06
Tamil Nadu,Thanjavur,Kumbakonam,10.96,79.38,2023-01-07,23.62,31.53,17.76,50.5,0.1,22.88,3.02,101.03
Tamil Nadu,Thanjavur,Kumbakonam,10.96,79.38,2023-01-10,23.17,30.38,17.72,58.4,0.0,22.94,4.27,100.89
Tamil Nadu,Thanjavur,Kumbakonam,10.96,79.38,2023-01-13,23.69,27.82,16.26,58.0,0.0,21.33,3.77,101.04
Tamil Nadu,Thanjavur,Kumbakonam,10.96,79.38,2023-01-16,23.27,30.94,16.06,52.2,0.1,22.82,2.62,101.33
Tamil Nadu,Thanjavur,Kumbakonam,10.96,79.38,2023-01-19,23.57,30.16,16.08,51.4,0.0,22.05,3.06,101.33
Tamil Nadu,Thanjavur,Kumbakonam,10.96,79.38,2023-01-22,26.62,31.08,19.96,51.9,0.0,20.12,3.47,101.03
Tamil Nadu,Thanjavur,Kumbakonam,10.96,79.38,2023-01-25,26.13,30.66,20.64,53.7,0.1,23.46,3.14,101.24
Tamil Nadu,Thanjavur,Kumbakonam,10.96,79.38,2023-01-28,26.29,32.5,19.9,49.9,0.0,22.14,2.25,101.49
Tamil Nadu,Thanjavur,Kumbakonam,10.96,79.38,2023-01-31,26.94,33.57,19.11,47.9,0.0,22.78,2.77,101.2
Tamil Nadu,Thanjavur,Kumbakonam,10.96,79.38,2023-02-03,27.77,32.58,22.19,59.5,0.0,21.65,2.76,101.27
Tamil Nadu,Thanjavur,Kumbakonam,10.96,79.38,2023-02-06,28.3,34.12,20.71,55.1,0.0,21.94,2.7,101.18
Tamil Nadu,Thanjavur,Kumbakonam,10.96,79.38,2023-02-09,26.32,31.52,18.95,59.3,0.0,20.14,3.11,101.07
Tamil Nadu,Thanjavur,Kumbakonam,10.96,79.38,2023-02-12,27.97,32.54,20.75,46.3,0.0,20.56,2.5,101.19
Tamil Nadu,Thanjavur,Kumbakonam,10.96,79.38,2023-02-15,29.6,33.67,24.83,45.0,0.1,22.16,2.4,100.98
Tamil Nadu,Thanjavur,Kumbakonam,10.96,79.38,2023-02-18,30.2,34.89,24.24,55.5,0.0,19.74,3.41,101.55
Tamil Nadu,Thanjavur,Kumbakonam,10.96,79.38,2023-02-21,30.63,35.83,26.44,54.0,0.0,23.04,2.99,101.53
Tamil Nadu,Thanjavur,Kumbakonam,10.96,79.38,2023-02-24,30.71,37.82,23.6,57.1,0.0,22.36,4.34,101.15
Tamil Nadu,Thanjavur,Kumbakonam,10.96,79.38,2023-02-27,31.75,38.89,25.94,55.1,0.0,21.94,2.92,100.8
Tamil Nadu,Thanjavur,Kumbakonam,10.96,79.38,2023-03-02,29.89,34.92,23.08,58.5,0.0,22.51,2.43,100.99
Tamil Nadu,Thanjavur,Kumbakonam,10.96,79.38,2023-03-05,31.38,38.4,25.71,54.9,0.0,20.73,2.38,100.93
Tamil Nadu,Thanjavur,Kumbakonam,10.96,79.38,2023-03-08,31.29,37.61,26.85,58.7,0.0,22.4,1.45,101.02
Tamil Nadu,Thanjavur,Kumbakonam,10.96,79.38,2023-03-11,30.53,37.29,25.02,56.9,0.0,21.24,4.73,101.32
Tamil Nadu,Thanjavur,Kumbakonam,10.96,79.38,2023-03-14,32.89,38.2,28.11,54.3,0.0,19.67,3.36,100.86
Tamil Nadu,Thanjavur,Kumbakonam,10.96,79.38,2023-03-17,32.8,38.38,27.62,55.8,0.1,19.74,3.7,101.27
Tamil Nadu,Thanjavur,Kumbakonam,10.96,79.38,2023-03-20,34.58,41.0,26.64,47.5,0.0,20.78,2.86,100.99
Tamil Nadu,Thanjavur,Kumbakonam,10.96,79.38,2023-03-23,33.46,40.71,26.37,44.4,0.1,22.03,3.39,101.0
Tamil Nadu,Thanjavur,Kumbakonam,10.96,79.38,2023-03-26,32.32,39.76,27.78,47.9,0.0,22.66,4.89,101.47
Tamil Nadu,Thanjavur,Kumbakonam,10.96,79.38,2023-03-29,35.17,41.06,30.95,47.6,0.0,19.94,2.05,100.9
Tamil Nadu,Thanjavur,Kumbakonam,10.96,79.38,2023-04-01,33.91,38.11,28.73,57.5,0.0,21.51,2.9,101.37
Tamil Nadu,Thanjavur,Kumbakonam,10.96,79.38,2023-04-04,34.88,39.0,27.31,56.5,0.0,23.32,2.66,101.25
Tamil Nadu,Thanjavur,Kumbakonam,10.96,79.38,2023-04-07,35.44,40.29,31.31,55.1,0.1,20.2,4.08,101.04
Tamil Nadu,Thanjavur,Kumbakonam,10.96,79.38,2023-04-10,34.83,42.3,28.57,45.7,0.1,22.36,3.08,101.24
Tamil Nadu,Thanjavur,Kumbakonam,10.96,79.38,2023-04-13,36.9,42.81,30.3,44.7,0.0,20.68,1.72,100.88
Tamil Nadu,Thanjavur,Kumbakonam,10.96,79.38,2023-04-16,36.34,40.56,31.33,53.2,0.0,20.79,3.31,101.44
Tamil Nadu,Thanjavur,Kumbakonam,10.96,79.38,2023-04-19,36.67,42.17,32.0,55.8,0.1,19.8,1.7,101.34
Tamil Nadu,Thanjavur,Kumbakonam,10.96,79.38,2023-04-22,35.27,42.56,28.84,56.6,0.1,22.21,3.42,101.33
Tamil Nadu,Thanjavur,Kumbakonam,10.96,79.38,2023-04-25,35.73,40.82,30.23,56.8,0.0,20.59,3.79,101.57
Tamil Nadu,Thanjavur,Kumbakonam,10.96,79.38,2023-04-28,36.94,43.88,31.56,59.7,0.0,22.17,2.11,101.11
Tamil Nadu,Thanjavur,Kumbakonam,10.96,79.38,2023-05-01,36.67,41.38,31.2,50.4,0.1,20.11,3.26,101.17
Tamil Nadu,Thanjavur,Kumbakonam,10.96,79.38,2023-05-04,37.85,41.93,32.08,57.1,0.1,20.89,4.16,101.2
Tamil Nadu,Thanjavur,Kumbakonam,10.96,79.38,2023-05-07,36.48,40.5,32.15,47.5,0.1,20.24,2.52,101.35
Tamil Nadu,Thanjavur,Kumbakonam,10.96,79.38,2023-05-10,37.29,42.53,31.92,44.0,0.1,20.98,4.05,101.02
Tamil Nadu,Thanjavur,Kumbakonam,10.96,79.38,2023-05-13,36.0,41.98,31.4,49.0,0.0,20.24,1.92,100.88
Tamil Nadu,Thanjavur,Kumbakonam,10.96,79.38,2023-05-16,38.01,42.25,32.36,48.5,0.0,20.66,2.65,101.14
Tamil Nadu,Thanjavur,Kumbakonam,10.96,79.38,2023-05-19,37.45,42.49,31.93,58.2,0.0,21.26,3.21,101.53
Tamil Nadu,Thanjavur,Kumbakonam,10.96,79.38,2023-05-22,36.07,43.47,30.58,51.5,0.0,20.45,4.51,100.98
Tamil Nadu,Thanjavur,Kumbakonam,10.96,79.38,2023-05-25,35.91,43.21,28.1,48.9,0.1,20.68,2.23,101.52
Tamil Nadu,Thanjavur,Kumbakonam,10.96,79.38,2023-05-28,36.77,43.13,29.59,52.2,0.0,22.32,2.48,101.17
Tamil Nadu,Thanjavur,Kumbakonam,10.96,79.38,2023-05-31,36.85,42.05,32.24,47.4,0.2,21.84,3.44,101.26
Tamil Nadu,Thanjavur,Kumbakonam,10.96,79.38,2023-06-03,36.53,44.49,28.92,56.5,4.6,20.03,2.87,101.39
Tamil Nadu,Thanjavur,Kumbakonam,10.96,79.38,2023-06-06,37.72,43.24,31.2,68.4,5.1,18.37,3.19,101.43
Tamil Nadu,Thanjavur,Kumbakonam,10.96,79.38,2023-06-09,36.49,44.33,31.19,69.4,7.2,17.95,1.98,101.35
Tamil Nadu,Thanjavur,Kumbakonam,10.96,79.38,2023-06-12,34.95,39.57,29.68,71.9,0.1,16.97,3.28,101.01
Tamil Nadu,Thanjavur,Kumbakonam,10.96,79.38,2023-06-15,35.95,42.82,28.16,67.0,0.4,17.19,3.25,101.26
Tamil Nadu,Thanjavur,Kumbakonam,10.96,79.38,2023-06-18,36.84,43.7,32.32,71.1,1.2,15.01,2.36,101.51
Tamil Nadu,Thanjavur,Kumbakonam,10.96,79.38,2023-06-21,34.41,42.41,26.56,73.3,10.8,16.46,4.74,101.38
Tamil Nadu,Thanjavur,Kumbakonam,10.96,79.38,2023-06-24,34.67,41.18,27.6,74.3,3.6,12.53,3.79,101.04
Tamil Nadu,Thanjavur,Kumbakonam,10.96,79.38,2023-06-27,35.4,41.12,28.56,75.1,0.5,14.36,4.28,101.0
Tamil Nadu,Thanjavur,Kumbakonam,10.96,79.38,2023-06-30,33.61,39.47,27.63,86.3,7.5,12.98,1.54,100.89
Tamil Nadu,Thanjavur,Kumbakonam,10.96,79.38,2023-07-03,33.58,40.0,25.82,83.1,1.5,14.68,3.29,101.43
Tamil Nadu,Thanjavur,Kumbakonam,10.96,79.38,2023-07-06,33.03,38.5,28.89,87.0,1.7,13.73,2.45,101.24
Tamil Nadu,Thanjavur,Kumbakonam,10.96,79.38,2023-07-09,32.74,36.89,26.37,76.2,5.2,13.17,1.1,100.9
Tamil Nadu,Thanjavur,Kumbakonam,10.96,79.38,2023-07-12,32.97,39.13,28.37,80.3,6.9,10.46,3.21,101.54
Tamil Nadu,Thanjavur,Kumbakonam,10.96,79.38,2023-07-15,33.98,38.43,27.69,84.6,0.2,10.5,3.38,101.31
Tamil Nadu,Thanjavur,Kumbakonam,10.96,79.38,2023-07-18,30.97,38.8,25.83,84.4,22.8,9.83,3.57,101.04
Tamil Nadu,Thanjavur,Kumbakonam,10.96,79.38,2023-07-21,31.47,37.81,23.67,86.1,0.3,10.58,3.63,101.47
Tamil Nadu,Thanjavur,Kumbakonam,10.96,79.38,2023-07-24,31.41,35.66,26.42,83.5,3.4,10.22,2.04,100.83
Tamil Nadu,Thanjavur,Kumbakonam,10.96,79.38,2023-07-27,30.14,37.43,22.64,92.8,1.6,11.62,1.4,100.85
Tamil Nadu,Thanjavur,Kumbakonam,10.96,79.38,2023-07-30,31.32,36.2,23.96,93.9,5.0,11.71,4.79,101.31
Tamil Nadu,Thanjavur,Kumbakonam,10.96,79.38,2023-08-02,30.71,36.14,23.98,82.6,4.9,9.15,2.08,100.86
Tamil Nadu,Thanjavur,Kumbakonam,10.96,79.38,2023-08-05,30.44,36.15,25.61,95.0,2.7,11.01,2.16,101.59
Tamil Nadu,Thanjavur,Kumbakonam,10.96,79.38,2023-08-08,30.28,37.85,25.08,94.5,19.0,12.71,2.84,100.93
Tamil Nadu,Thanjavur,Kumbakonam,10.96,79.38,2023-08-11,28.04,32.37,23.68,90.6,0.4,10.94,1.81,100.83
Tamil Nadu,Thanjavur,Kumbakonam,10.96,79.38,2023-08-14,29.29,37.13,24.11,85.3,10.4,10.49,4.08,101.47
Tamil Nadu,Thanjavur,Kumbakonam,10.96,79.38,2023-08-17,29.68,34.57,23.8,80.4,6.1,11.07,4.39,101.58
Tamil Nadu,Thanjavur,Kumbakonam,10.96,79.38,2023-08-20,28.69,35.99,23.16,87.7,0.9,11.16,2.52,101.53
Tamil Nadu,Thanjavur,Kumbakonam,10.96,79.38,2023-08-23,28.76,33.46,22.78,82.5,6.9,12.45,2.66,101.15
Tamil Nadu,Thanjavur,Kumbakonam,10.96,79.38,2023-08-26,27.72,34.6,19.8,83.1,6.1,13.51,4.85,100.97
Tamil Nadu,Thanjavur,Kumbakonam,10.96,79.38,2023-08-29,25.1,32.35,18.32,85.5,10.6,11.62,3.83,101.55
Tamil Nadu,Thanjavur,Kumbakonam,10.96,79.38,2023-09-01,26.21,33.67,21.98,74.7,5.0,13.91,1.81,101.1
Tamil Nadu,Thanjavur,Kumbakonam,10.96,79.38,2023-09-04,24.34,31.88,20.05,84.7,1.6,14.51,2.19,101.05
Tamil Nadu,Thanjavur,Kumbakonam,10.96,79.38,2023-09-07,24.43,30.57,19.32,77.5,1.9,12.65,2.39,101.35
Tamil Nadu,Thanjavur,Kumbakonam,10.96,79.38,2023-09-10,24.09,31.89,18.47,71.3,6.6,16.28,1.68,101.06
Tamil Nadu,Thanjavur,Kumbakonam,10.96,79.38,2023-09-13,25.9,31.1,21.75,65.3,3.8,15.71,3.98,101.02
Tamil Nadu,Thanjavur,Kumbakonam,10.96,79.38,2023-09-16,23.78,29.41,18.33,66.4,3.5,16.43,4.83,101.0
Tamil Nadu,Thanjavur,Kumbakonam,10.96,79.38,2023-09-19,23.59,28.47,16.9,67.9,3.5,15.96,3.15,101.2
Tamil Nadu,Thanjavur,Kumbakonam,10.96,79.38,2023-09-22,22.07,30.0,16.37,64.7,6.8,16.09,3.07,100.88
Tamil Nadu,Thanjavur,Kumbakonam,10.96,79.38,2023-09-25,23.19,28.31,18.39,73.3,8.9,17.39,1.78,101.44
Tamil Nadu,Thanjavur,Kumbakonam,10.96,79.38,2023-09-28,23.15,28.36,18.63,64.7,0.6,19.12,2.22,101.41
Tamil Nadu,Thanjavur,Kumbakonam,10.96,79.38,2023-10-01,23.73,29.65,15.85,51.0,0.0,21.32,2.4,101.07
Tamil Nadu,Thanjavur,Kumbakonam,10.96,79.38,2023-10-04,23.28,29.37,15.44,46.4,0.0,19.53,4.29,100.82
Tamil Nadu,Thanjavur,Kumbakonam,10.96,79.38,2023-10-07,20.92,26.66,13.23,47.6,0.0,22.28,3.3,101.35
Tamil Nadu,Thanjavur,Kumbakonam,10.96,79.38,2023-10-10,20.41,28.12,12.94,58.8,0.1,21.66,2.64,101.31
Tamil Nadu,Thanjavur,Kumbakonam,10.96,79.38,2023-10-13,20.81,26.15,15.56,45.1,0.1,22.53,2.31,100.8
Tamil Nadu,Thanjavur,Kumbakonam,10.96,79.38,2023-10-16,21.06,25.15,14.88,46.5,0.1,20.75,2.03,101.51
Tamil Nadu,Thanjavur,Kumbakonam,10.96,79.38,2023-10-19,19.34,24.55,14.44,55.7,0.0,22.92,2.69,101.05
Tamil Nadu,Thanjavur,Kumbakonam,10.96,79.38,2023-10-22,19.51,25.33,15.17,46.2,0.0,21.77,2.94,101.21
Tamil Nadu,Thanjavur,Kumbakonam,10.96,79.38,2023-10-25,20.31,26.23,13.62,46.1,0.0,19.73,3.41,101.43
Tamil Nadu,Thanjavur,Kumbakonam,10.96,79.38,2023-10-28,20.93,25.55,15.61,48.7,0.1,21.12,2.71,100.82
Tamil Nadu,Thanjavur,Kumbakonam,10.96,79.38,2023-10-31,19.38,25.95,13.59,57.8,0.1,22.13,2.39,101.59
Tamil Nadu,Thanjavur,Kumbakonam,10.96,79.38,2023-11-03,21.49,29.02,17.13,50.2,0.0,21.92,2.36,100.85
Tamil Nadu,Thanjavur,Kumbakonam,10.96,79.38,2023-11-06,19.92,26.42,14.3,51.3,0.0,22.27,2.79,101.36
Tamil Nadu,Thanjavur,Kumbakonam,10.96,79.38,2023-11-09,19.72,24.41,12.24,44.5,0.0,20.24,1.64,100.87
Tamil Nadu,Thanjavur,Kumbakonam,10.96,79.38,2023-11-12,19.99,26.29,13.24,45.0,0.1,20.56,2.02,101.1
Tamil Nadu,Thanjavur,Kumbakonam,10.96,79.38,2023-11-15,18.81,26.18,12.34,56.8,0.0,19.92,2.47,100.87
Tamil Nadu,Thanjavur,Kumbakonam,10.96,79.38,2023-11-18,20.87,24.87,15.31,44.5,0.1,23.44,3.04,100.82
Tamil Nadu,Thanjavur,Kumbakonam,10.96,79.38,2023-11-21,19.57,27.48,14.57,48.8,0.2,23.16,1.67,101.43
Tamil Nadu,Thanjavur,Kumbakonam,10.96,79.38,2023-11-24,19.6,23.61,14.11,54.9,0.2,21.24,3.78,101.12
Tamil Nadu,Thanjavur,Kumbakonam,10.96,79.38,2023-11-27,19.76,26.19,15.68,58.4,0.1,19.6,3.67,100.91
Tamil Nadu,Thanjavur,Kumbakonam,10.96,79.38,2023-11-30,21.03,28.51,14.85,58.9,0.0,20.26,2.83,101.1
Tamil Nadu,Thanjavur,Kumbakonam,10.96,79.38,2023-12-03,20.2,25.0,12.52,55.8,0.0,20.38,2.59,101.31
Tamil Nadu,Thanjavur,Kumbakonam,10.96,79.38,2023-12-06,21.32,29.12,17.0,46.9,0.0,23.28,3.78,101.16
Tamil Nadu,Thanjavur,Kumbakonam,10.96,79.38,2023-12-09,21.32,28.64,15.48,49.8,0.1,22.04,3.59,101.55
Tamil Nadu,Thanjavur,Kumbakonam,10.96,79.38,2023-12-12,20.81,28.28,14.24,52.8,0.1,19.8,2.76,101.01
Tamil Nadu,Thanjavur,Kumbakonam,10.96,79.38,2023-12-15,21.02,28.3,16.28,56.3,0.0,20.88,1.26,101.21
Tamil Nadu,Thanjavur,Kumbakonam,10.96,79.38,2023-12-18,22.33,29.1,16.8,52.1,0.0,22.97,3.16,101.03
Tamil Nadu,Thanjavur,Kumbakonam,10.96,79.38,2023-12-21,20.57,25.55,15.57,56.8,0.1,20.46,0.94,101.56
Tamil Nadu,Thanjavur,Kumbakonam,10.96,79.38,2023-12-24,20.97,28.74,16.73,59.8,0.0,23.29,3.82,100.82
Tamil Nadu,Thanjavur,Kumbakonam,10.96,79.38,2023-12-27,22.64,30.34,15.36,53.0,0.0,20.42,4.68,100.97
Tamil Nadu,Thanjavur,Kumbakonam,10.96,79.38,2023-12-30,21.91,28.36,16.7,47.2,0.1,19.92,2.1,101.3
Tamil Nadu,Coimbatore,Pollachi,10.66,77.01,2023-01-01,22.51,28.39,15.03,55.7,0.1,19.54,3.46,100.79
Tamil Nadu,Coimbatore,Pollachi,10.66,77.01,2023-01-04,22.29,29.21,14.82,52.4,0.1,19.83,1.15,101.0
Tamil Nadu,Coimbatore,Pollachi,10.66,77.01,2023-01-07,24.41,31.59,19.52,52.9,0.0,22.43,2.1,101.4
Tamil Nadu,Coimbatore,Pollachi,10.66,77.01,2023-01-10,24.39,29.83,17.53,48.0,0.0,20.23,3.32,101.07
Tamil Nadu,Coimbatore,Pollachi,10.66,77.01,2023-01-13,23.91,28.27,18.67,49.4,0.0,21.5,4.37,101.03
Tamil Nadu,Coimbatore,Pollachi,10.66,77.01,2023-01-16,23.44,27.79,15.89,56.0,0.1,23.11,1.65,101.11
Tamil Nadu,Coimbatore,Pollachi,10.66,77.01,2023-01-19,23.93,28.29,18.33,56.1,0.0,21.23,3.41,101.24
Tamil Nadu,Coimbatore,Pollachi,10.66,77.01,2023-01-22,25.76,33.53,20.47,47.5,0.0,20.23,3.14,100.82
Tamil Nadu,Coimbatore,Pollachi,10.66,77.01,2023-01-25,24.21,28.67,18.06,51.1,0.1,21.42,3.28,101.35
Tamil Nadu,Coimbatore,Pollachi,10.66,77.01,2023-01-28,27.56,34.55,22.62,49.3,0.0,21.21,3.09,101.02
Tamil Nadu,Coimbatore,Pollachi,10.66,77.01,2023-01-31,25.49,29.6,17.97,59.4,0.2,21.0,2.54,100.88
Tamil Nadu,Coimbatore,Pollachi,10.66,77.01,2023-02-03,25.46,30.79,18.27,52.2,0.0,21.4,2.17,101.23
Tamil Nadu,Coimbatore,Pollachi,10.66,77.01,2023-02-06,26.46,32.25,18.75,51.0,0.2,22.37,4.35,101.35
Tamil Nadu,Coimbatore,Pollachi,10.66,77.01,2023-02-09,27.63,32.39,21.0,46.8,0.0,20.08,4.42,101.12
Tamil Nadu,Coimbatore,Pollachi,10.66,77.01,2023-02-12,29.63,36.03,23.58,53.7,0.0,21.88,2.65,101.28
Tamil Nadu,Coimbatore,Pollachi,10.66,77.01,2023-02-15,29.95,37.44,24.0,48.5,0.0,19.66,3.47,101.19
Tamil Nadu,Coimbatore,Pollachi,10.66,77.01,2023-02-18,29.94,37.81,25.58,47.0,0.0,21.91,3.26,100.9
Tamil Nadu,Coimbatore,Pollachi,10.66,77.01,2023-02-21,29.47,36.65,25.36,49.9,0.1,21.16,2.69,100.94
Tamil Nadu,Coimbatore,Pollachi,10.66,77.01,2023-02-24,28.66,35.7,22.62,52.4,0.1,22.53,2.02,101.53
Tamil Nadu,Coimbatore,Pollachi,10.66,77.01,2023-02-27,29.1,36.2,23.25,52.3,0.0,23.25,3.35,101.04
Tamil Nadu,Coimbatore,Pollachi,10.66,77.01,2023-03-02,30.25,34.48,22.68,57.1,0.0,20.07,2.74,101.19
Tamil Nadu,Coimbatore,Pollachi,10.66,77.01,2023-03-05,32.24,39.12,26.23,59.5,0.0,20.75,3.03,101.01
Tamil Nadu,Coimbatore,Pollachi,10.66,77.01,2023-03-08,31.91,37.77,27.41,51.7,0.2,22.98,1.38,101.18
Tamil Nadu,Coimbatore,Pollachi,10.66,77.01,2023-03-11,31.98,38.77,27.18,53.3,0.0,20.67,1.4,101.19
Tamil Nadu,Coimbatore,Pollachi,10.66,77.01,2023-03-14,31.41,37.98,26.96,50.9,0.0,21.63,4.33,100.81
Tamil Nadu,Coimbatore,Pollachi,10.66,77.01,2023-03-17,33.68,38.87,25.86,49.1,0.0,22.15,3.87,100.99
Tamil Nadu,Coimbatore,Pollachi,10.66,77.01,2023-03-20,34.06,39.97,28.99,53.3,0.0,20.53,3.44,100.97
Tamil Nadu,Coimbatore,Pollachi,10.66,77.01,2023-03-23,32.45,38.11,26.65,53.3,0.0,22.2,3.16,101.28
Tamil Nadu,Coimbatore,Pollachi,10.66,77.01,2023-03-26,33.72,41.14,29.16,48.2,0.0,23.11,3.55,101.47
Tamil Nadu,Coimbatore,Pollachi,10.66,77.01,2023-03-29,34.32,42.05,26.72,49.1,0.0,21.14,2.1,101.56
Tamil Nadu,Coimbatore,Pollachi,10.66,77.01,2023-04-01,34.35,39.8,30.26,50.0,0.1,21.15,3.39,101.54
Tamil Nadu,Coimbatore,Pollachi,10.66,77.01,2023-04-04,35.44,41.43,30.24,58.8,0.1,22.45,0.75,100.84
Tamil Nadu,Coimbatore,Pollachi,10.66,77.01,2023-04-07,35.46,42.22,30.92,49.0,0.0,20.49,3.25,101.16
Tamil Nadu,Coimbatore,Pollachi,10.66,77.01,2023-04-10,33.82,40.99,28.15,48.3,0.0,20.74,3.16,101.27
Tamil Nadu,Coimbatore,Pollachi,10.66,77.01,2023-04-13,36.17,41.89,29.31,53.0,0.1,22.39,2.82,101.07
Tamil Nadu,Coimbatore,Pollachi,10.66,77.01,2023-04-16,34.59,41.91,29.94,58.6,0.0,20.08,2.58,101.35
Tamil Nadu,Coimbatore,Pollachi,10.66,77.01,2023-04-19,35.01,40.46,29.25,53.9,0.0,22.13,3.49,101.29
Tamil Nadu,Coimbatore,Pollachi,10.66,77.01,2023-04-22,35.91,41.9,30.52,57.1,0.0,22.26,0.3,101.45
Tamil Nadu,Coimbatore,Pollachi,10.66,77.01,2023-04-25,36.89,44.43,31.07,54.9,0.1,21.43,3.15,100.92
Tamil Nadu,Coimbatore,Pollachi,10.66,77.01,2023-04-28,37.5,43.7,29.65,53.4,0.0,19.96,2.07,101.51
Tamil Nadu,Coimbatore,Pollachi,10.66,77.01,2023-05-01,35.82,40.48,29.71,55.3,0.0,19.67,3.1,101.05
Tamil Nadu,Coimbatore,Pollachi,10.66,77.01,2023-05-04,37.93,43.91,30.86,45.3,0.0,22.5,1.33,101.34
Tamil Nadu,Coimbatore,Pollachi,10.66,77.01,2023-05-07,37.35,44.12,33.24,57.5,0.0,20.44,2.42,100.87
Tamil Nadu,Coimbatore,Pollachi,10.66,77.01,2023-05-10,36.59,41.15,31.24,49.3,0.0,22.69,3.91,100.82
Tamil Nadu,Coimbatore,Pollachi,10.66,77.01,2023-05-13,35.94,43.51,30.32,58.9,0.0,21.55,1.8,101.59
Tamil Nadu,Coimbatore,Pollachi,10.66,77.01,2023-05-16,36.56,43.74,30.53,49.4,0.1,23.17,2.63,100.81
Tamil Nadu,Coimbatore,Pollachi,10.66,77.01,2023-05-19,37.14,44.15,31.11,50.3,0.1,20.1,2.14,101.48
Tamil Nadu,Coimbatore,Pollachi,10.66,77.01,2023-05-22,37.67,43.25,30.52,52.5,0.0,20.43,2.9,101.41
Tamil Nadu,Coimbatore,Pollachi,10.66,77.01,2023-05-25,37.2,45.19,32.15,50.2,0.1,20.51,2.99,100.93
Tamil Nadu,Coimbatore,Pollachi,10.66,77.01,2023-05-28,37.36,42.52,32.27,49.4,0.1,22.03,0.86,101.1
Tamil Nadu,Coimbatore,Pollachi,10.66,77.01,2023-05-31,37.13,44.38,32.34,57.6,0.0,22.02,3.24,101.17
Tamil Nadu,Coimbatore,Pollachi,10.66,77.01,2023-06-03,37.09,41.16,31.53,64.0,1.7,18.12,2.27,101.46
Tamil Nadu,Coimbatore,Pollachi,10.66,77.01,2023-06-06,35.17,42.05,30.04,58.8,2.0,16.02,2.21,101.15
Tamil Nadu,Coimbatore,Pollachi,10.66,77.01,2023-06-09,35.07,43.06,30.24,66.5,3.4,17.61,2.96,100.9
Tamil Nadu,Coimbatore,Pollachi,10.66,77.01,2023-06-12,37.02,42.51,32.69,68.3,3.9,15.78,2.68,101.45
Tamil Nadu,Coimbatore,Pollachi,10.66,77.01,2023-06-15,37.08,44.35,32.83,70.1,3.4,15.29,1.94,100.94
Tamil Nadu,Coimbatore,Pollachi,10.66,77.01,2023-06-18,35.83,40.3,31.16,72.0,27.9,14.74,4.26,101.31
Tamil Nadu,Coimbatore,Pollachi,10.66,77.01,2023-06-21,36.56,42.89,29.61,74.7,8.3,16.18,2.48,100.79
Tamil Nadu,Coimbatore,Pollachi,10.66,77.01,2023-06-24,36.37,40.5,29.81,70.0,7.9,13.9,4.06,100.99
Tamil Nadu,Coimbatore,Pollachi,10.66,77.01,2023-06-27,35.99,41.53,29.76,77.6,8.5,13.11,4.26,101.2
Tamil Nadu,Coimbatore,Pollachi,10.66,77.01,2023-06-30,33.69,39.04,29.25,76.2,2.0,13.99,3.15,101.57
Tamil Nadu,Coimbatore,Pollachi,10.66,77.01,2023-07-03,34.62,38.96,27.16,85.6,6.2,14.66,3.26,101.22
Tamil Nadu,Coimbatore,Pollachi,10.66,77.01,2023-07-06,32.78,36.83,28.42,82.2,5.5,13.76,3.15,100.87
Tamil Nadu,Coimbatore,Pollachi,10.66,77.01,2023-07-09,33.12,40.87,26.0,76.7,6.3,10.8,2.96,100.97
Tamil Nadu,Coimbatore,Pollachi,10.66,77.01,2023-07-12,32.65,37.63,27.46,80.7,3.1,12.13,1.31,101.02
Tamil Nadu,Coimbatore,Pollachi,10.66,77.01,2023-07-15,31.4,37.69,26.15,81.4,3.9,13.28,2.18,101.27
Tamil Nadu,Coimbatore,Pollachi,10.66,77.01,2023-07-18,33.1,37.27,26.92,90.0,15.3,12.31,5.61,100.81
Tamil Nadu,Coimbatore,Pollachi,10.66,77.01,2023-07-21,32.87,38.75,25.16,94.6,10.7,9.42,3.73,101.31
Tamil Nadu,Coimbatore,Pollachi,10.66,77.01,2023-07-24,30.52,36.22,26.0,84.7,0.4,11.1,3.43,101.42
Tamil Nadu,Coimbatore,Pollachi,10.66,77.01,2023-07-27,30.64,36.96,23.18,90.4,13.6,12.58,3.21,100.99
Tamil Nadu,Coimbatore,Pollachi,10.66,77.01,2023-07-30,29.91,37.89,22.24,85.5,20.8,9.15,3.09,100.88
Tamil Nadu,Coimbatore,Pollachi,10.66,77.01,2023-08-02,31.52,36.41,24.44,82.4,5.6,11.1,4.78,101.24
Tamil Nadu,Coimbatore,Pollachi,10.66,77.01,2023-08-05,31.11,35.25,24.27,93.9,5.9,9.8,3.11,101.0
Tamil Nadu,Coimbatore,Pollachi,10.66,77.01,2023-08-08,30.41,37.47,23.11,87.8,0.1,9.04,1.79,101.24
Tamil Nadu,Coimbatore,Pollachi,10.66,77.01,2023-08-11,27.77,34.26,23.24,91.8,0.2,11.84,3.44,101.17
Tamil Nadu,Coimbatore,Pollachi,10.66,77.01,2023-08-14,28.78,36.18,23.65,94.3,2.7,9.42,6.52,101.02
Tamil Nadu,Coimbatore,Pollachi,10.66,77.01,2023-08-17,27.91,34.29,23.64,92.5,11.3,12.48,3.13,101.34
Tamil Nadu,Coimbatore,Pollachi,10.66,77.01,2023-08-20,28.94,33.66,23.29,80.3,19.0,11.65,2.78,101.46
Tamil Nadu,Coimbatore,Pollachi,10.66,77.01,2023-08-23,26.7,33.11,19.72,81.5,2.2,10.42,2.09,100.95
Tamil Nadu,Coimbatore,Pollachi,10.66,77.01,2023-08-26,26.48,31.76,21.98,84.3,1.1,11.29,2.06,101.08
Tamil Nadu,Coimbatore,Pollachi,10.66,77.01,2023-08-29,28.07,34.9,23.22,87.0,18.3,12.13,3.21,101.24
Tamil Nadu,Coimbatore,Pollachi,10.66,77.01,2023-09-01,27.4,34.08,20.81,87.0,3.8,11.65,1.45,100.8
Tamil Nadu,Coimbatore,Pollachi,10.66,77.01,2023-09-04,26.44,32.32,18.94,86.1,1.7,12.49,2.61,100.87
Tamil Nadu,Coimbatore,Pollachi,10.66,77.01,2023-09-07,24.09,29.28,18.33,72.0,6.5,15.21,2.71,101.46
Tamil Nadu,Coimbatore,Pollachi,10.66,77.01,2023-09-10,25.12,32.14,17.93,78.8,2.0,14.98,3.14,101.08
Tamil Nadu,Coimbatore,Pollachi,10.66,77.01,2023-09-13,23.13,29.53,18.67,72.4,1.0,13.67,2.13,101.5
Tamil Nadu,Coimbatore,Pollachi,10.66,77.01,2023-09-16,23.71,31.54,16.76,72.8,3.0,16.36,3.04,101.23
Tamil Nadu,Coimbatore,Pollachi,10.66,77.01,2023-09-19,23.17,27.92,18.29,74.1,11.0,16.06,2.2,100.93
Tamil Nadu,Coimbatore,Pollachi,10.66,77.01,2023-09-22,22.54,27.76,17.05,73.6,2.7,16.88,2.36,101.09
Tamil Nadu,Coimbatore,Pollachi,10.66,77.01,2023-09-25,22.99,27.25,17.77,66.6,3.0,16.57,2.35,100.85
Tamil Nadu,Coimbatore,Pollachi,10.66,77.01,2023-09-28,23.06,27.68,19.04,70.8,3.7,19.85,2.08,101.47
Tamil Nadu,Coimbatore,Pollachi,10.66,77.01,2023-10-01,22.93,27.06,17.83,49.8,0.0,21.77,4.36,100.94
Tamil Nadu,Coimbatore,Pollachi,10.66,77.01,2023-10-04,21.41,25.5,15.81,45.7,0.0,19.55,3.2,101.2
Tamil Nadu,Coimbatore,Pollachi,10.66,77.01,2023-10-07,22.21,26.37,16.02,56.6,0.0,22.0,2.2,101.37
Tamil Nadu,Coimbatore,Pollachi,10.66,77.01,2023-10-10,21.9,27.33,15.85,54.5,0.0,22.42,2.79,101.14
Tamil Nadu,Coimbatore,Pollachi,10.66,77.01,2023-10-13,20.42,25.11,15.23,52.8,0.0,20.72,1.13,100.91
Tamil Nadu,Coimbatore,Pollachi,10.66,77.01,2023-10-16,21.36,26.17,14.07,44.8,0.0,22.46,3.3,101.55
Tamil Nadu,Coimbatore,Pollachi,10.66,77.01,2023-10-19,22.19,28.44,16.87,46.9,0.1,19.71,1.94,101.31
Tamil Nadu,Coimbatore,Pollachi,10.66,77.01,2023-10-22,20.06,24.81,13.6,50.0,0.0,20.07,3.05,101.42
Tamil Nadu,Coimbatore,Pollachi,10.66,77.01,2023-10-25,21.07,25.08,15.7,53.4,0.0,20.01,1.84,101.59
Tamil Nadu,Coimbatore,Pollachi,10.66,77.01,2023-10-28,20.05,26.68,14.28,59.6,0.0,19.6,1.89,101.46
Tamil Nadu,Coimbatore,Pollachi,10.66,77.01,2023-10-31,19.29,23.99,13.39,48.3,0.0,20.04,1.56,100.83
Tamil Nadu,Coimbatore,Pollachi,10.66,77.01,2023-11-03,20.14,24.68,16.03,45.3,0.1,22.06,1.79,100.83
Tamil Nadu,Coimbatore,Pollachi,10.66,77.01,2023-11-06,20.04,27.77,15.82,46.2,0.0,20.88,4.3,100.85
Tamil Nadu,Coimbatore,Pollachi,10.66,77.01,2023-11-09,21.25,28.41,14.9,50.5,0.0,21.48,2.0,101.45
Tamil Nadu,Coimbatore,Pollachi,10.66,77.01,2023-11-12,20.26,25.2,13.92,56.2,0.0,20.77,2.43,101.23
Tamil Nadu,Coimbatore,Pollachi,10.66,77.01,2023-11-15,20.76,25.49,13.21,50.4,0.0,21.55,2.84,100.94
Tamil Nadu,Coimbatore,Pollachi,10.66,77.01,2023-11-18,20.17,24.23,14.43,45.9,0.0,20.94,2.19,101.51
Tamil Nadu,Coimbatore,Pollachi,10.66,77.01,2023-11-21,20.57,25.69,14.02,52.0,0.0,21.23,2.26,101.57
Tamil Nadu,Coimbatore,Pollachi,10.66,77.01,2023-11-24,18.85,24.9,13.32,50.9,0.1,21.22,1.07,101.23
Tamil Nadu,Coimbatore,Pollachi,10.66,77.01,2023-11-27,21.15,28.63,14.82,52.2,0.0,20.98,3.43,101.33
Tamil Nadu,Coimbatore,Pollachi,10.66,77.01,2023-11-30,19.38,25.7,11.89,57.4,0.0,20.94,4.4,101.22
Tamil Nadu,Coimbatore,Pollachi,10.66,77.01,2023-12-03,20.35,28.25,12.94,58.1,0.4,19.9,3.69,101.0
Tamil Nadu,Coimbatore,Pollachi,10.66,77.01,2023-12-06,21.04,26.64,16.21,59.4,0.0,19.81,2.49,101.11
Tamil Nadu,Coimbatore,Pollachi,10.66,77.01,2023-12-09,21.88,29.1,16.06,50.3,0.0,22.67,2.83,101.33
Tamil Nadu,Coimbatore,Pollachi,10.66,77.01,2023-12-12,22.27,27.7,17.34,55.7,0.0,21.05,2.1,100.8
Tamil Nadu,Coimbatore,Pollachi,10.66,77.01,2023-12-15,20.76,27.58,16.02,51.5,0.1,20.87,3.86,101.34
Tamil Nadu,Coimbatore,Pollachi,10.66,77.01,2023-12-18,21.84,29.47,16.36,52.0,0.0,22.9,3.86,101.06
Tamil Nadu,Coimbatore,Pollachi,10.66,77.01,2023-12-21,20.98,26.45,13.69,55.7,0.0,22.74,3.7,101.42
Tamil Nadu,Coimbatore,Pollachi,10.66,77.01,2023-12-24,22.6,29.06,17.67,43.8,0.1,20.8,2.73,101.45
Tamil Nadu,Coimbatore,Pollachi,10.66,77.01,2023-12-27,23.36,30.79,16.43,55.4,0.1,23.24,4.6,101.05
Tamil Nadu,Coimbatore,Pollachi,10.66,77.01,2023-12-30,23.85,28.22,19.12,57.7,0.0,23.29,1.8,101.06
Rajasthan,Sriganganagar,Padampur,29.71,73.98,2023-01-01,8.28,12.88,0.75,51.7,0.0,22.09,5.09,100.83
Rajasthan,Sriganganagar,Padampur,29.71,73.98,2023-01-04,9.37,15.31,3.45,46.6,0.1,20.21,3.33,101.24
Rajasthan,Sriganganagar,Padampur,29.71,73.98,2023-01-07,10.46,16.06,2.88,50.6,0.1,22.65,1.98,101.02
Rajasthan,Sriganganagar,Padampur,29.71,73.98,2023-01-10,12.78,17.47,5.97,46.4,0.1,22.31,3.23,101.34
Rajasthan,Sriganganagar,Padampur,29.71,73.98,2023-01-13,12.25,18.09,7.25,42.1,0.0,20.33,1.89,101.19
Rajasthan,Sriganganagar,Padampur,29.71,73.98,2023-01-16,14.06,21.94,7.95,48.7,0.0,21.38,1.88,100.88
Rajasthan,Sriganganagar,Padampur,29.71,73.98,2023-01-19,13.55,18.88,7.52,45.9,0.0,22.15,4.12,101.4
Rajasthan,Sriganganagar,Padampur,29.71,73.98,2023-01-22,14.42,20.85,8.09,46.0,0.0,20.42,2.7,101.39
Rajasthan,Sriganganagar,Padampur,29.71,73.98,2023-01-25,14.55,21.78,8.63,44.3,0.0,23.26,2.13,100.94
Rajasthan,Sriganganagar,Padampur,29.71,73.98,2023-01-28,17.19,23.42,11.06,40.5,0.0,22.08,3.93,100.6
Rajasthan,Sriganganagar,Padampur,29.71,73.98,2023-01-31,17.65,22.76,10.68,44.0,0.0,20.11,2.1,101.17
Rajasthan,Sriganganagar,Padampur,29.71,73.98,2023-02-03,19.49,27.31,13.26,39.5,0.0,20.89,4.06,101.09
Rajasthan,Sriganganagar,Padampur,29.71,73.98,2023-02-06,18.42,24.01,13.45,49.7,0.1,20.95,1.38,101.21
Rajasthan,Sriganganagar,Padampur,29.71,73.98,2023-02-09,19.89,24.96,13.27,43.8,0.0,21.99,2.77,101.05
Rajasthan,Sriganganagar,Padampur,29.71,73.98,2023-02-12,22.66,28.05,17.8,45.3,0.1,22.9,3.37,100.79
Rajasthan,Sriganganagar,Padampur,29.71,73.98,2023-02-15,23.0,29.76,18.34,51.4,0.1,22.74,3.03,100.88
Rajasthan,Sriganganagar,Padampur,29.71,73.98,2023-02-18,24.04,29.08,16.31,41.1,0.0,20.69,3.53,101.03
Rajasthan,Sriganganagar,Padampur,29.71,73.98,2023-02-21,24.11,29.28,17.76,39.6,0.1,23.3,1.27,100.97
Rajasthan,Sriganganagar,Padampur,29.71,73.98,2023-02-24,24.8,31.14,19.28,53.7,0.0,21.43,2.2,100.85
Rajasthan,Sriganganagar,Padampur,29.71,73.98,2023-02-27,24.68,31.44,20.18,52.0,0.0,23.0,1.26,101.25
Rajasthan,Sriganganagar,Padampur,29.71,73.98,2023-03-02,26.73,34.29,19.61,49.6,0.0,19.83,3.13,101.14
Rajasthan,Sriganganagar,Padampur,29.71,73.98,2023-03-05,28.19,35.97,22.66,44.6,0.1,22.64,3.1,101.39
Rajasthan,Sriganganagar,Padampur,29.71,73.98,2023-03-08,26.98,34.8,21.33,51.6,0.0,21.64,2.82,101.16
Rajasthan,Sriganganagar,Padampur,29.71,73.98,2023-03-11,28.07,35.73,23.85,51.9,0.0,21.96,1.2,100.78
Rajasthan,Sriganganagar,Padampur,29.71,73.98,2023-03-14,30.99,38.03,26.0,53.7,0.0,22.92,2.91,100.77
Rajasthan,Sriganganagar,Padampur,29.71,73.98,2023-03-17,29.54,34.11,24.92,47.1,0.0,19.9,3.76,101.34
Rajasthan,Sriganganagar,Padampur,29.71,73.98,2023-03-20,32.12,38.19,27.03,45.5,0.1,21.17,0.54,100.92
Rajasthan,Sriganganagar,Padampur,29.71,73.98,2023-03-23,33.53,37.8,26.7,40.7,0.0,19.82,2.76,101.31
Rajasthan,Sriganganagar,Padampur,29.71,73.98,2023-03-26,34.38,41.55,28.38,40.6,0.0,23.07,2.79,101.39
Rajasthan,Sriganganagar,Padampur,29.71,73.98,2023-03-29,35.24,41.59,31.15,50.2,0.0,19.49,2.74,100.96
Rajasthan,Sriganganagar,Padampur,29.71,73.98,2023-04-01,33.11,37.36,26.4,51.0,0.0,20.1,2.69,101.05
Rajasthan,Sriganganagar,Padampur,29.71,73.98,2023-04-04,34.51,42.16,30.45,42.5,0.0,21.27,3.51,100.67
Rajasthan,Sriganganagar,Padampur,29.71,73.98,2023-04-07,35.44,40.57,28.25,42.6,0.0,22.17,2.54,101.03
Rajasthan,Sriganganagar,Padampur,29.71,73.98,2023-04-10,35.17,40.13,27.47,41.6,0.1,20.11,2.95,100.63
Rajasthan,Sriganganagar,Padampur,29.71,73.98,2023-04-13,35.45,42.81,27.87,43.2,0.0,20.84,2.23,100.98
Rajasthan,Sriganganagar,Padampur,29.71,73.98,2023-04-16,37.8,42.9,33.26,49.3,0.0,19.49,2.17,100.95
Rajasthan,Sriganganagar,Padampur,29.71,73.98,2023-04-19,38.82,45.19,32.12,54.4,0.0,21.06,4.08,101.07
Rajasthan,Sriganganagar,Padampur,29.71,73.98,2023-04-22,39.29,45.92,33.94,50.2,0.0,21.49,4.51,101.1
Rajasthan,Sriganganagar,Padampur,29.71,73.98,2023-04-25,39.35,44.34,32.34,47.5,0.0,19.86,2.37,101.11
Rajasthan,Sriganganagar,Padampur,29.71,73.98,2023-04-28,39.71,45.24,33.98,48.8,0.0,23.39,2.73,101.28
Rajasthan,Sriganganagar,Padampur,29.71,73.98,2023-05-01,39.65,45.05,35.43,49.6,0.0,22.29,1.66,100.65
Rajasthan,Sriganganagar,Padampur,29.71,73.98,2023-05-04,39.26,44.62,33.89,42.9,0.1,21.3,1.18,101.04
Rajasthan,Sriganganagar,Padampur,29.71,73.98,2023-05-07,38.33,44.56,31.8,40.8,0.0,20.54,2.41,101.39
Rajasthan,Sriganganagar,Padampur,29.71,73.98,2023-05-10,39.27,46.97,35.13,50.8,0.1,21.23,2.67,100.9
Rajasthan,Sriganganagar,Padampur,29.71,73.98,2023-05-13,40.05,45.27,35.06,53.4,0.0,21.47,1.08,101.19
Rajasthan,Sriganganagar,Padampur,29.71,73.98,2023-05-16,39.05,44.3,33.41,39.7,0.0,19.94,3.25,101.14
Rajasthan,Sriganganagar,Padampur,29.71,73.98,2023-05-19,39.18,44.49,34.31,42.8,0.0,23.02,1.59,100.86
Rajasthan,Sriganganagar,Padampur,29.71,73.98,2023-05-22,40.98,47.37,36.3,49.7,0.0,23.46,3.15,101.2
Rajasthan,Sriganganagar,Padampur,29.71,73.98,2023-05-25,38.65,44.36,31.01,51.2,0.1,21.8,3.27,101.07
Rajasthan,Sriganganagar,Padampur,29.71,73.98,2023-05-28,38.29,42.52,32.19,53.5,0.0,22.03,4.17,100.69
Rajasthan,Sriganganagar,Padampur,29.71,73.98,2023-05-31,40.27,47.82,35.07,50.3,0.1,21.2,3.03,100.83
Rajasthan,Sriganganagar,Padampur,29.71,73.98,2023-06-03,37.73,45.04,30.78,54.0,3.0,18.15,2.59,101.06
Rajasthan,Sriganganagar,Padampur,29.71,73.98,2023-06-06,38.33,44.59,32.09,57.5,1.5,16.16,1.54,100.79
Rajasthan,Sriganganagar,Padampur,29.71,73.98,2023-06-09,38.5,44.06,33.78,55.4,0.1,17.89,1.44,100.71
Rajasthan,Sriganganagar,Padampur,29.71,73.98,2023-06-12,37.19,43.23,32.4,65.7,2.6,15.22,2.18,101.36
Rajasthan,Sriganganagar,Padampur,29.71,73.98,2023-06-15,36.92,44.03,30.43,67.5,0.2,14.99,1.51,100.95
Rajasthan,Sriganganagar,Padampur,29.71,73.98,2023-06-18,35.58,39.98,28.28,62.1,4.0,14.16,1.82,100.82
Rajasthan,Sriganganagar,Padampur,29.71,73.98,2023-06-21,36.3,41.41,28.52,69.5,0.7,15.65,2.63,100.73
Rajasthan,Sriganganagar,Padampur,29.71,73.98,2023-06-24,36.61,43.71,28.92,72.1,7.7,15.34,3.34,101.32
Rajasthan,Sriganganagar,Padampur,29.71,73.98,2023-06-27,36.03,41.55,30.55,78.9,15.5,13.2,1.55,101.34
Rajasthan,Sriganganagar,Padampur,29.71,73.98,2023-06-30,35.55,42.33,30.19,71.5,2.1,13.98,2.11,100.72
Rajasthan,Sriganganagar,Padampur,29.71,73.98,2023-07-03,34.94,39.7,30.25,77.0,0.4,12.43,2.96,100.77
Rajasthan,Sriganganagar,Padampur,29.71,73.98,2023-07-06,34.39,40.61,28.42,77.3,0.1,13.8,2.92,101.05
Rajasthan,Sriganganagar,Padampur,29.71,73.98,2023-07-09,33.45,40.84,25.62,85.5,15.3,10.66,2.76,101.4
Rajasthan,Sriganganagar,Padampur,29.71,73.98,2023-07-12,33.3,39.87,25.79,76.3,4.1,10.2,0.3,101.17
Rajasthan,Sriganganagar,Padampur,29.71,73.98,2023-07-15,30.94,36.21,26.1,79.9,2.6,11.45,3.35,101.06
Rajasthan,Sriganganagar,Padampur,29.71,73.98,2023-07-18,29.98,36.35,24.32,81.8,5.1,12.64,3.85,101.21
Rajasthan,Sriganganagar,Padampur,29.71,73.98,2023-07-21,28.85,33.5,23.59,76.6,11.3,12.75,1.99,101.12
Rajasthan,Sriganganagar,Padampur,29.71,73.98,2023-07-24,27.75,32.27,20.67,84.1,1.2,12.92,2.85,101.39
Rajasthan,Sriganganagar,Padampur,29.71,73.98,2023-07-27,28.58,36.3,20.81,77.8,3.4,11.0,0.3,101.11
Rajasthan,Sriganganagar,Padampur,29.71,73.98,2023-07-30,25.81,30.9,18.72,90.8,5.2,12.54,4.32,100.75
Rajasthan,Sriganganagar,Padampur,29.71,73.98,2023-08-02,25.62,32.27,18.37,88.7,1.0,11.52,1.28,100.62
Rajasthan,Sriganganagar,Padampur,29.71,73.98,2023-08-05,24.49,28.7,18.45,77.2,8.6,10.48,3.13,101.4
Rajasthan,Sriganganagar,Padampur,29.71,73.98,2023-08-08,23.01,27.33,17.01,82.9,14.7,9.05,1.98,100.75
Rajasthan,Sriganganagar,Padampur,29.71,73.98,2023-08-11,22.47,28.21,15.19,85.0,2.1,10.64,2.94,100.69
Rajasthan,Sriganganagar,Padampur,29.71,73.98,2023-08-14,21.89,25.99,16.07,77.5,2.7,10.63,1.53,101.29
Rajasthan,Sriganganagar,Padampur,29.71,73.98,2023-08-17,20.14,24.5,15.61,79.9,4.3,13.22,2.69,100.71
Rajasthan,Sriganganagar,Padampur,29.71,73.98,2023-08-20,20.61,27.94,15.71,84.3,3.3,13.6,2.02,101.37
Rajasthan,Sriganganagar,Padampur,29.71,73.98,2023-08-23,18.58,25.8,12.21,77.2,5.2,13.7,1.52,101.0
Rajasthan,Sriganganagar,Padampur,29.71,73.98,2023-08-26,17.22,24.25,12.8,84.2,0.0,12.7,2.95,100.81
Rajasthan,Sriganganagar,Padampur,29.71,73.98,2023-08-29,18.29,24.8,11.31,81.6,29.0,11.28,2.95,101.35
Rajasthan,Sriganganagar,Padampur,29.71,73.98,2023-09-01,16.54,21.37,10.44,72.1,0.5,14.46,3.94,100.97
Rajasthan,Sriganganagar,Padampur,29.71,73.98,2023-09-04,17.0,21.42,11.65,67.4,11.1,13.48,2.55,100.96
Rajasthan,Sriganganagar,Padampur,29.71,73.98,2023-09-07,14.77,21.59,9.83,79.6,2.2,14.23,2.6,100.98
Rajasthan,Sriganganagar,Padampur,29.71,73.98,2023-09-10,13.79,18.02,9.64,76.7,20.4,15.14,3.24,100.86
Rajasthan,Sriganganagar,Padampur,29.71,73.98,2023-09-13,12.04,17.41,6.91,65.5,8.8,15.44,3.29,101.4
Rajasthan,Sriganganagar,Padampur,29.71,73.98,2023-09-16,12.06,16.34,5.01,70.0,7.6,15.25,2.98,101.18
Rajasthan,Sriganganagar,Padampur,29.71,73.98,2023-09-19,12.44,18.7,5.98,63.9,2.3,16.23,2.38,101.09
Rajasthan,Sriganganagar,Padampur,29.71,73.98,2023-09-22,12.15,17.49,5.92,60.7,0.7,17.73,4.85,100.64
Rajasthan,Sriganganagar,Padampur,29.71,73.98,2023-09-25,9.39,16.38,3.66,57.2,2.2,19.23,2.88,101.12
Rajasthan,Sriganganagar,Padampur,29.71,73.98,2023-09-28,9.28,17.07,4.3,51.9,3.7,19.31,3.09,101.15
Rajasthan,Sriganganagar,Padampur,29.71,73.98,2023-10-01,8.17,13.24,0.4,52.4,0.1,21.68,1.84,101.17
Rajasthan,Sriganganagar,Padampur,29.71,73.98,2023-10-04,8.0,13.59,0.29,50.7,0.1,20.08,0.89,101.34
Rajasthan,Sriganganagar,Padampur,29.71,73.98,2023-10-07,8.78,16.32,3.72,50.2,0.0,21.31,3.96,100.61
Rajasthan,Sriganganagar,Padampur,29.71,73.98,2023-10-10,7.07,11.85,1.43,49.5,0.1,23.0,3.58,100.87
Rajasthan,Sriganganagar,Padampur,29.71,73.98,2023-10-13,6.52,11.53,-0.86,51.5,0.0,22.07,2.45,100.84
Rajasthan,Sriganganagar,Padampur,29.71,73.98,2023-10-16,5.62,12.66,1.25,54.7,0.0,20.31,2.95,100.73
Rajasthan,Sriganganagar,Padampur,29.71,73.98,2023-10-19,7.17,13.21,2.68,47.5,0.0,22.07,0.6,101.11
Rajasthan,Sriganganagar,Padampur,29.71,73.98,2023-10-22,6.47,14.15,-0.98,49.6,0.1,22.95,3.41,101.36
Rajasthan,Sriganganagar,Padampur,29.71,73.98,2023-10-25,6.51,11.3,1.66,48.6,0.0,21.16,1.8,101.0
Rajasthan,Sriganganagar,Padampur,29.71,73.98,2023-10-28,3.95,9.62,-2.43,50.8,0.1,19.89,3.09,101.22
Rajasthan,Sriganganagar,Padampur,29.71,73.98,2023-10-31,3.9,10.85,-1.02,43.7,0.1,20.26,3.91,101.28
Rajasthan,Sriganganagar,Padampur,29.71,73.98,2023-11-03,4.51,8.62,-1.37,47.5,0.0,20.97,1.67,101.34
Rajasthan,Sriganganagar,Padampur,29.71,73.98,2023-11-06,3.86,11.44,-1.31,50.7,0.0,21.81,2.9,101.2
Rajasthan,Sriganganagar,Padampur,29.71,73.98,2023-11-09,5.07,9.27,-1.91,41.3,0.2,20.69,3.16,101.39
Rajasthan,Sriganganagar,Padampur,29.71,73.98,2023-11-12,4.13,9.01,-3.53,51.4,0.1,21.19,2.32,100.79
Rajasthan,Sriganganagar,Padampur,29.71,73.98,2023-11-15,4.41,11.8,-2.54,50.2,0.0,21.32,2.49,101.14
Rajasthan,Sriganganagar,Padampur,29.71,73.98,2023-11-18,4.32,8.34,-0.9,43.4,0.0,20.62,4.0,100.76
Rajasthan,Sriganganagar,Padampur,29.71,73.98,2023-11-21,3.27,9.23,-4.26,42.3,0.1,22.13,4.45,101.21
Rajasthan,Sriganganagar,Padampur,29.71,73.98,2023-11-24,5.47,10.24,-1.06,44.6,0.0,20.57,1.54,101.12
Rajasthan,Sriganganagar,Padampur,29.71,73.98,2023-11-27,3.29,7.71,-4.09,51.8,0.0,20.27,4.03,101.39
Rajasthan,Sriganganagar,Padampur,29.71,73.98,2023-11-30,3.56,9.87,-2.2,50.5,0.0,22.4,2.83,100.69
Rajasthan,Sriganganagar,Padampur,29.71,73.98,2023-12-03,6.3,13.45,1.87,39.0,0.1,22.58,1.12,101.11
Rajasthan,Sriganganagar,Padampur,29.71,73.98,2023-12-06,5.21,9.38,-0.72,44.9,0.0,20.85,4.37,101.28
Rajasthan,Sriganganagar,Padampur,29.71,73.98,2023-12-09,5.14,9.52,0.13,52.2,0.0,20.88,4.85,100.94
Rajasthan,Sriganganagar,Padampur,29.71,73.98,2023-12-12,4.84,10.13,0.39,52.8,0.1,20.76,0.78,101.12
Rajasthan,Sriganganagar,Padampur,29.71,73.98,2023-12-15,7.41,15.38,2.71,46.1,0.0,21.25,1.71,100.93
Rajasthan,Sriganganagar,Padampur,29.71,73.98,2023-12-18,7.06,12.64,1.88,45.5,0.1,20.09,2.6,100.98
Rajasthan,Sriganganagar,Padampur,29.71,73.98,2023-12-21,6.56,14.27,2.53,44.4,0.1,22.32,2.95,101.0
Rajasthan,Sriganganagar,Padampur,29.71,73.98,2023-12-24,6.7,11.12,2.52,43.4,0.0,23.36,4.42,101.31
Rajasthan,Sriganganagar,Padampur,29.71,73.98,2023-12-27,8.67,15.33,2.18,51.8,0.0,22.07,2.95,100.82
Rajasthan,Sriganganagar,Padampur,29.71,73.98,2023-12-30,8.86,14.04,2.46,39.4,0.0,21.89,3.5,101.24
Rajasthan,Kota,Ramganjmandi,24.64,75.94,2023-01-01,13.96,19.69,7.47,39.2,0.1,22.14,2.93,100.98
Rajasthan,Kota,Ramganjmandi,24.64,75.94,2023-01-04,13.09,20.45,6.04,41.3,0.2,20.3,2.34,100.76
Rajasthan,Kota,Ramganjmandi,24.64,75.94,2023-01-07,14.49,20.24,6.67,39.5,0.1,22.33,2.56,101.22
Rajasthan,Kota,Ramganjmandi,24.64,75.94,2023-01-10,13.54,18.71,9.21,44.4,0.2,22.86,3.32,101.09
Rajasthan,Kota,Ramganjmandi,24.64,75.94,2023-01-13,16.04,22.57,8.9,52.1,0.1,23.26,1.46,100.85
Rajasthan,Kota,Ramganjmandi,24.64,75.94,2023-01-16,15.13,21.74,10.94,52.8,0.2,22.68,4.84,100.86
Rajasthan,Kota,Ramganjmandi,24.64,75.94,2023-01-19,17.08,21.3,11.3,52.0,0.0,20.11,2.23,100.92
Rajasthan,Kota,Ramganjmandi,24.64,75.94,2023-01-22,17.19,21.47,10.62,46.7,0.0,20.78,3.54,101.38
Rajasthan,Kota,Ramganjmandi,24.64,75.94,2023-01-25,19.28,25.5,13.74,52.4,0.0,21.14,2.49,101.05
Rajasthan,Kota,Ramganjmandi,24.64,75.94,2023-01-28,17.96,25.63,10.79,40.7,0.0,22.13,2.66,101.09
Rajasthan,Kota,Ramganjmandi,24.64,75.94,2023-01-31,19.69,25.32,14.78,45.4,0.0,19.74,2.82,100.84
Rajasthan,Kota,Ramganjmandi,24.64,75.94,2023-02-03,19.84,25.26,13.47,54.7,0.1,22.76,3.03,101.1
Rajasthan,Kota,Ramganjmandi,24.64,75.94,2023-02-06,22.31,28.83,18.27,44.7,0.0,22.22,2.1,100.78
Rajasthan,Kota,Ramganjmandi,24.64,75.94,2023-02-09,23.72,28.83,19.16,44.7,0.0,20.23,3.61,101.21
Rajasthan,Kota,Ramganjmandi,24.64,75.94,2023-02-12,22.89,26.94,15.1,40.7,0.1,23.42,1.17,100.66
Rajasthan,Kota,Ramganjmandi,24.64,75.94,2023-02-15,22.99,30.16,16.21,40.7,0.0,19.78,2.31,101.29
Rajasthan,Kota,Ramganjmandi,24.64,75.94,2023-02-18,25.1,30.5,18.84,46.8,0.0,21.62,4.39,101.42
Rajasthan,Kota,Ramganjmandi,24.64,75.94,2023-02-21,24.46,30.2,18.09,49.7,0.1,20.79,2.88,101.26
Rajasthan,Kota,Ramganjmandi,24.64,75.94,2023-02-24,25.83,32.94,19.8,48.0,0.1,20.18,1.88,100.7
Rajasthan,Kota,Ramganjmandi,24.64,75.94,2023-02-27,27.86,32.65,23.2,41.0,0.1,22.29,2.81,100.92
Rajasthan,Kota,Ramganjmandi,24.64,75.94,2023-03-02,27.76,33.18,21.79,39.4,0.0,23.31,2.14,101.15
Rajasthan,Kota,Ramganjmandi,24.64,75.94,2023-03-05,28.44,34.93,21.66,48.0,0.1,20.68,4.21,100.84
Rajasthan,Kota,Ramganjmandi,24.64,75.94,2023-03-08,29.17,36.32,23.18,38.9,0.0,23.05,3.45,100.88
Rajasthan,Kota,Ramganjmandi,24.64,75.94,2023-03-11,30.14,37.2,24.83,41.6,0.0,23.41,3.93,100.67
Rajasthan,Kota,Ramganjmandi,24.64,75.94,2023-03-14,30.14,35.01,24.25,51.4,0.0,21.83,3.0,101.25
Rajasthan,Kota,Ramganjmandi,24.64,75.94,2023-03-17,30.92,34.99,23.04,46.9,0.2,21.92,4.02,100.93
Rajasthan,Kota,Ramganjmandi,24.64,75.94,2023-03-20,31.12,38.86,24.07,48.0,0.0,20.68,2.41,101.03
Rajasthan,Kota,Ramganjmandi,24.64,75.94,2023-03-23,32.65,37.46,26.55,54.0,0.1,22.76,3.01,100.9
Rajasthan,Kota,Ramganjmandi,24.64,75.94,2023-03-26,32.56,38.47,24.83,42.2,0.0,22.88,3.99,101.44
Rajasthan,Kota,Ramganjmandi,24.64,75.94,2023-03-29,34.18,38.21,28.96,50.8,0.1,19.82,2.89,101.02
Rajasthan,Kota,Ramganjmandi,24.64,75.94,2023-04-01,34.47,39.13,29.95,43.8,0.0,23.29,1.81,100.67
Rajasthan,Kota,Ramganjmandi,24.64,75.94,2023-04-04,34.97,39.57,30.73,43.4,0.1,21.9,4.67,100.88
Rajasthan,Kota,Ramganjmandi,24.64,75.94,2023-04-07,36.26,43.08,28.8,49.8,0.0,22.6,4.77,101.18
Rajasthan,Kota,Ramganjmandi,24.64,75.94,2023-04-10,34.94,42.4,28.96,50.5,0.1,20.33,2.23,100.67
Rajasthan,Kota,Ramganjmandi,24.64,75.94,2023-04-13,37.81,45.38,33.47,46.1,0.1,21.93,0.3,100.68
Rajasthan,Kota,Ramganjmandi,24.64,75.94,2023-04-16,36.53,41.16,28.68,48.1,0.0,22.95,2.33,101.38
Rajasthan,Kota,Ramganjmandi,24.64,75.94,2023-04-19,37.24,45.04,32.38,49.9,0.2,20.4,2.25,101.35
Rajasthan,Kota,Ramganjmandi,24.64,75.94,2023-04-22,36.93,42.47,32.48,46.9,0.1,20.66,1.0,101.36
Rajasthan,Kota,Ramganjmandi,24.64,75.94,2023-04-25,37.23,43.11,30.58,51.8,0.1,20.9,1.49,101.29
Rajasthan,Kota,Ramganjmandi,24.64,75.94,2023-04-28,39.07,44.13,31.61,51.0,0.0,20.81,3.87,101.23
Rajasthan,Kota,Ramganjmandi,24.64,75.94,2023-05-01,37.13,44.09,31.46,51.0,0.0,20.91,2.32,100.76
Rajasthan,Kota,Ramganjmandi,24.64,75.94,2023-05-04,37.88,44.44,33.1,53.5,0.0,20.76,3.88,100.79
Rajasthan,Kota,Ramganjmandi,24.64,75.94,2023-05-07,38.08,43.67,33.54,43.7,0.1,23.22,4.88,101.22
Rajasthan,Kota,Ramganjmandi,24.64,75.94,2023-05-10,40.25,46.81,34.62,41.5,0.0,23.33,1.53,101.4
Rajasthan,Kota,Ramganjmandi,24.64,75.94,2023-05-13,40.34,46.11,33.61,54.8,0.1,22.9,3.67,101.35
Rajasthan,Kota,Ramganjmandi,24.64,75.94,2023-05-16,38.51,45.81,32.77,42.2,0.1,22.65,1.87,101.16
Rajasthan,Kota,Ramganjmandi,24.64,75.94,2023-05-19,38.84,43.89,31.47,49.4,0.0,22.76,4.55,101.34
Rajasthan,Kota,Ramganjmandi,24.64,75.94,2023-05-22,37.79,41.98,30.33,43.0,0.0,23.19,3.1,100.81
Rajasthan,Kota,Ramganjmandi,24.64,75.94,2023-05-25,38.76,43.0,31.27,52.6,0.0,22.65,3.86,101.3
Rajasthan,Kota,Ramganjmandi,24.64,75.94,2023-05-28,39.32,43.46,34.13,49.4,0.1,21.44,4.27,101.2
Rajasthan,Kota,Ramganjmandi,24.64,75.94,2023-05-31,38.32,44.65,33.18,42.0,0.1,21.69,2.44,100.92
Rajasthan,Kota,Ramganjmandi,24.64,75.94,2023-06-03,38.29,42.92,32.49,56.0,1.4,17.56,3.55,100.69
Rajasthan,Kota,Ramganjmandi,24.64,75.94,2023-06-06,39.13,44.35,32.14,67.5,1.5,16.9,1.73,101.08
Rajasthan,Kota,Ramganjmandi,24.64,75.94,2023-06-09,38.12,42.56,32.87,61.7,3.8,16.44,0.66,101.24
Rajasthan,Kota,Ramganjmandi,24.64,75.94,2023-06-12,38.36,43.36,32.26,58.1,1.6,16.64,3.11,101.29
Rajasthan,Kota,Ramganjmandi,24.64,75.94,2023-06-15,37.46,44.75,33.2,66.7,0.7,16.86,2.22,101.2
Rajasthan,Kota,Ramganjmandi,24.64,75.94,2023-06-18,35.77,43.73,28.18,66.5,1.2,16.31,1.75,100.88
Rajasthan,Kota,Ramganjmandi,24.64,75.94,2023-06-21,37.2,42.61,30.84,67.1,5.1,12.91,4.49,100.94
Rajasthan,Kota,Ramganjmandi,24.64,75.94,2023-06-24,35.22,41.59,28.01,71.7,17.0,12.79,2.69,100.82
Rajasthan,Kota,Ramganjmandi,24.64,75.94,2023-06-27,34.66,40.16,28.71,73.3,9.3,14.86,1.8,100.97
Rajasthan,Kota,Ramganjmandi,24.64,75.94,2023-06-30,35.43,41.82,31.29,80.3,13.5,13.79,0.61,101.44
Rajasthan,Kota,Ramganjmandi,24.64,75.94,2023-07-03,34.3,38.52,28.24,71.7,4.1,13.22,2.71,100.83
Rajasthan,Kota,Ramganjmandi,24.64,75.94,2023-07-06,32.16,38.14,25.44,78.2,11.6,14.42,3.69,101.01
Rajasthan,Kota,Ramganjmandi,24.64,75.94,2023-07-09,33.08,37.95,25.32,83.3,23.6,11.62,2.65,101.06
Rajasthan,Kota,Ramganjmandi,24.64,75.94,2023-07-12,32.26,36.67,27.23,82.6,19.0,10.02,2.19,100.98
Rajasthan,Kota,Ramganjmandi,24.64,75.94,2023-07-15,30.82,35.51,25.58,73.9,2.5,9.75,3.83,101.36
Rajasthan,Kota,Ramganjmandi,24.64,75.94,2023-07-18,31.28,37.27,25.99,84.7,3.2,12.62,3.21,101.07
Rajasthan,Kota,Ramganjmandi,24.64,75.94,2023-07-21,29.73,37.66,24.78,75.0,2.0,12.85,2.2,101.15
Rajasthan,Kota,Ramganjmandi,24.64,75.94,2023-07-24,30.11,36.07,23.29,81.8,5.9,11.55,3.45,101.16
Rajasthan,Kota,Ramganjmandi,24.64,75.94,2023-07-27,29.65,34.29,24.83,89.8,0.5,10.69,0.51,100.85
Rajasthan,Kota,Ramganjmandi,24.64,75.94,2023-07-30,28.05,33.27,20.43,77.0,14.0,12.63,1.3,101.15
Rajasthan,Kota,Ramganjmandi,24.64,75.94,2023-08-02,26.33,32.41,21.82,80.3,0.6,9.53,3.81,101.36
Rajasthan,Kota,Ramganjmandi,24.64,75.94,2023-08-05,26.41,33.87,20.57,80.1,5.3,10.3,3.07,100.81
Rajasthan,Kota,Ramganjmandi,24.64,75.94,2023-08-08,24.76,30.79,19.2,76.8,7.4,12.47,2.76,101.09
Rajasthan,Kota,Ramganjmandi,24.64,75.94,2023-08-11,24.33,30.32,19.34,75.1,2.8,10.61,2.97,101.35
Rajasthan,Kota,Ramganjmandi,24.64,75.94,2023-08-14,22.88,28.13,18.17,86.4,1.4,11.52,1.79,101.06
Rajasthan,Kota,Ramganjmandi,24.64,75.94,2023-08-17,23.93,30.04,18.78,88.2,5.0,10.15,1.65,100.73
Rajasthan,Kota,Ramganjmandi,24.64,75.94,2023-08-20,21.06,27.05,14.19,77.8,7.5,10.8,2.47,101.23
Rajasthan,Kota,Ramganjmandi,24.64,75.94,2023-08-23,22.54,28.67,14.86,77.6,3.4,10.11,1.58,101.27
Rajasthan,Kota,Ramganjmandi,24.64,75.94,2023-08-26,20.66,26.44,14.23,70.7,5.0,13.81,3.99,100.75
Rajasthan,Kota,Ramganjmandi,24.64,75.94,2023-08-29,18.83,24.82,12.39,74.5,3.5,14.55,5.62,100.79
Rajasthan,Kota,Ramganjmandi,24.64,75.94,2023-09-01,18.79,23.85,11.16,76.9,5.1,11.58,2.68,101.29
Rajasthan,Kota,Ramganjmandi,24.64,75.94,2023-09-04,20.01,24.92,14.84,65.7,11.0,12.63,3.78,101.19
Rajasthan,Kota,Ramganjmandi,24.64,75.94,2023-09-07,17.67,22.64,9.85,69.3,7.5,14.73,4.57,100.96
Rajasthan,Kota,Ramganjmandi,24.64,75.94,2023-09-10,18.54,24.2,13.5,65.7,0.2,14.48,4.27,100.93
Rajasthan,Kota,Ramganjmandi,24.64,75.94,2023-09-13,15.82,23.03,8.53,65.3,1.4,14.26,2.12,101.3
Rajasthan,Kota,Ramganjmandi,24.64,75.94,2023-09-16,15.65,22.35,8.94,71.2,3.5,13.86,2.41,101.34
Rajasthan,Kota,Ramganjmandi,24.64,75.94,2023-09-19,15.31,22.06,8.56,70.1,6.9,18.0,2.17,101.31
Rajasthan,Kota,Ramganjmandi,24.64,75.94,2023-09-22,13.67,20.65,8.26,66.5,3.0,17.21,3.33,100.76
Rajasthan,Kota,Ramganjmandi,24.64,75.94,2023-09-25,12.58,20.06,4.95,58.0,1.9,17.8,3.15,101.21
Rajasthan,Kota,Ramganjmandi,24.64,75.94,2023-09-28,11.95,19.84,7.83,52.2,3.6,17.42,1.98,101.04
Rajasthan,Kota,Ramganjmandi,24.64,75.94,2023-10-01,12.68,19.94,7.06,51.0,0.0,23.01,1.82,100.74
Rajasthan,Kota,Ramganjmandi,24.64,75.94,2023-10-04,11.48,15.58,7.37,47.5,0.0,20.21,3.17,101.37
Rajasthan,Kota,Ramganjmandi,24.64,75.94,2023-10-07,11.77,17.44,5.5,45.7,0.0,19.77,3.35,101.44
Rajasthan,Kota,Ramganjmandi,24.64,75.94,2023-10-10,11.37,18.27,3.77,40.4,0.0,20.37,3.12,100.97
Rajasthan,Kota,Ramganjmandi,24.64,75.94,2023-10-13,11.67,18.04,4.78,46.8,0.1,22.99,3.38,100.76
Rajasthan,Kota,Ramganjmandi,24.64,75.94,2023-10-16,10.79,18.6,3.52,47.6,0.0,19.83,2.74,100.71
Rajasthan,Kota,Ramganjmandi,24.64,75.94,2023-10-19,10.74,16.75,5.27,50.2,0.0,23.13,3.23,100.84
Rajasthan,Kota,Ramganjmandi,24.64,75.94,2023-10-22,8.66,13.55,0.85,52.9,0.0,23.19,4.31,101.02
Rajasthan,Kota,Ramganjmandi,24.64,75.94,2023-10-25,8.45,14.84,3.56,47.2,0.1,21.16,3.13,101.38
Rajasthan,Kota,Ramganjmandi,24.64,75.94,2023-10-28,10.2,14.93,5.36,39.0,0.0,19.77,2.64,101.04
Rajasthan,Kota,Ramganjmandi,24.64,75.94,2023-10-31,8.07,15.78,0.88,44.5,0.0,19.81,3.28,100.7
Rajasthan,Kota,Ramganjmandi,24.64,75.94,2023-11-03,9.58,13.93,4.1,42.6,0.0,20.34,3.23,100.85
Rajasthan,Kota,Ramganjmandi,24.64,75.94,2023-11-06,8.93,13.89,1.21,53.1,0.0,23.26,5.09,101.23
Rajasthan,Kota,Ramganjmandi,24.64,75.94,2023-11-09,9.57,15.66,5.26,40.0,0.1,23.32,0.98,101.38
Rajasthan,Kota,Ramganjmandi,24.64,75.94,2023-11-12,7.77,14.8,0.65,49.5,0.0,19.68,3.83,100.92
Rajasthan,Kota,Ramganjmandi,24.64,75.94,2023-11-15,7.61,13.7,2.2,45.2,0.0,20.02,2.53,100.88
Rajasthan,Kota,Ramganjmandi,24.64,75.94,2023-11-18,9.51,17.0,3.67,43.5,0.0,23.03,4.26,101.31
Rajasthan,Kota,Ramganjmandi,24.64,75.94,2023-11-21,7.53,12.38,3.33,53.9,0.0,21.05,2.89,101.23
Rajasthan,Kota,Ramganjmandi,24.64,75.94,2023-11-24,7.05,12.68,2.94,51.9,0.0,22.73,1.97,101.26
Rajasthan,Kota,Ramganjmandi,24.64,75.94,2023-11-27,7.48,12.68,0.3,49.7,0.0,20.0,3.25,101.05
Rajasthan,Kota,Ramganjmandi,24.64,75.94,2023-11-30,9.29,16.77,2.52,47.7,0.0,21.93,3.61,100.69
Rajasthan,Kota,Ramganjmandi,24.64,75.94,2023-12-03,7.69,13.86,1.97,52.7,0.0,20.87,2.78,101.3
Rajasthan,Kota,Ramganjmandi,24.64,75.94,2023-12-06,8.12,13.66,1.4,50.6,0.1,20.13,4.26,101.23
Rajasthan,Kota,Ramganjmandi,24.64,75.94,2023-12-09,9.47,17.02,4.69,52.2,0.1,21.91,3.25,100.95
Rajasthan,Kota,Ramganjmandi,24.64,75.94,2023-12-12,11.11,15.8,5.45,44.7,0.0,22.39,3.61,100.68
Rajasthan,Kota,Ramganjmandi,24.64,75.94,2023-12-15,9.54,13.86,3.57,49.2,0.1,22.38,4.44,100.67
Rajasthan,Kota,Ramganjmandi,24.64,75.94,2023-12-18,9.83,16.35,3.25,45.0,0.1,21.28,5.46,100.9
Rajasthan,Kota,Ramganjmandi,24.64,75.94,2023-12-21,10.63,16.35,6.2,50.2,0.0,21.79,4.44,101.31
Rajasthan,Kota,Ramganjmandi,24.64,75.94,2023-12-24,10.73,17.95,6.68,42.4,0.0,22.19,1.99,101.44
Rajasthan,Kota,Ramganjmandi,24.64,75.94,2023-12-27,11.32,17.32,6.17,50.4,0.0,23.1,2.61,101.31
Rajasthan,Kota,Ramganjmandi,24.64,75.94,2023-12-30,13.41,20.56,5.89,46.1,0.0,22.65,3.4,101.05
Bihar,Patna,Masaurhi,25.35,85.03,2023-01-01,11.84,18.3,6.09,51.0,0.1,22.65,3.95,101.0
Bihar,Patna,Masaurhi,25.35,85.03,2023-01-04,11.85,17.0,7.82,50.1,0.0,20.19,3.33,101.34
Bihar,Patna,Masaurhi,25.35,85.03,2023-01-07,13.15,19.89,6.49,48.9,0.0,20.34,3.24,100.89
Bihar,Patna,Masaurhi,25.35,85.03,2023-01-10,14.48,18.62,7.64,51.2,0.2,20.74,1.91,101.2
Bihar,Patna,Masaurhi,25.35,85.03,2023-01-13,16.49,23.93,10.64,54.1,0.0,21.73,2.23,100.96
Bihar,Patna,Masaurhi,25.35,85.03,2023-01-16,15.88,23.03,9.64,44.3,0.2,19.79,2.51,100.79
Bihar,Patna,Masaurhi,25.35,85.03,2023-01-19,16.14,24.06,10.27,45.2,0.1,20.4,2.92,101.12
Bihar,Patna,Masaurhi,25.35,85.03,2023-01-22,18.65,25.07,13.68,42.2,0.1,20.54,2.42,101.39
Bihar,Patna,Masaurhi,25.35,85.03,2023-01-25,17.88,22.28,10.96,50.6,0.0,19.52,2.0,101.38
Bihar,Patna,Masaurhi,25.35,85.03,2023-01-28,17.64,23.36,12.24,48.8,0.0,20.75,3.64,101.03
Bihar,Patna,Masaurhi,25.35,85.03,2023-01-31,19.77,23.93,14.49,42.8,0.0,20.9,2.65,101.19
Bihar,Patna,Masaurhi,25.35,85.03,2023-02-03,19.63,27.44,15.32,43.5,0.1,22.09,3.74,100.89
Bihar,Patna,Masaurhi,25.35,85.03,2023-02-06,20.58,27.44,15.07,51.7,0.1,20.08,2.46,101.1
Bihar,Patna,Masaurhi,25.35,85.03,2023-02-09,23.22,29.76,15.71,44.2,0.0,21.64,2.15,100.93
Bihar,Patna,Masaurhi,25.35,85.03,2023-02-12,22.91,27.92,18.08,48.5,0.0,20.4,4.09,100.77
Bihar,Patna,Masaurhi,25.35,85.03,2023-02-15,22.97,30.4,16.88,46.3,0.0,21.54,3.62,101.27
Bihar,Patna,Masaurhi,25.35,85.03,2023-02-18,24.04,28.59,19.3,50.0,0.0,23.2,3.09,100.96
Bihar,Patna,Masaurhi,25.35,85.03,2023-02-21,24.61,31.48,19.33,42.3,0.0,21.18,4.35,100.71
Bihar,Patna,Masaurhi,25.35,85.03,2023-02-24,27.52,33.11,22.07,40.8,0.0,20.21,3.94,101.16
Bihar,Patna,Masaurhi,25.35,85.03,2023-02-27,27.91,32.95,20.69,50.8,0.0,20.26,3.35,100.81
Bihar,Patna,Masaurhi,25.35,85.03,2023-03-02,28.75,35.74,24.5,42.7,0.0,21.99,0.64,101.32
Bihar,Patna,Masaurhi,25.35,85.03,2023-03-05,27.77,32.86,21.76,45.3,0.1,20.24,3.83,101.34
Bihar,Patna,Masaurhi,25.35,85.03,2023-03-08,29.44,35.01,21.57,44.4,0.1,23.33,5.03,101.0
Bihar,Patna,Masaurhi,25.35,85.03,2023-03-11,30.74,38.08,25.55,46.0,0.1,22.6,1.01,100.89
Bihar,Patna,Masaurhi,25.35,85.03,2023-03-14,31.47,35.93,25.89,48.0,0.0,19.52,1.57,101.18
Bihar,Patna,Masaurhi,25.35,85.03,2023-03-17,30.35,34.63,26.17,47.5,0.0,20.29,2.18,101.05
Bihar,Patna,Masaurhi,25.35,85.03,2023-03-20,31.66,38.41,27.13,47.1,0.0,20.26,4.75,101.42
Bihar,Patna,Masaurhi,25.35,85.03,2023-03-23,31.95,36.05,25.16,53.2,0.0,20.66,1.54,101.29
Bihar,Patna,Masaurhi,25.35,85.03,2023-03-26,33.5,39.86,26.65,47.1,0.1,21.7,2.79,101.03
Bihar,Patna,Masaurhi,25.35,85.03,2023-03-29,35.16,41.11,28.39,47.3,0.1,19.78,2.65,100.87
Bihar,Patna,Masaurhi,25.35,85.03,2023-04-01,33.53,41.01,25.63,41.9,0.0,20.46,1.56,100.85
Bihar,Patna,Masaurhi,25.35,85.03,2023-04-04,36.07,41.87,30.08,44.6,0.0,19.61,1.83,100.68
Bihar,Patna,Masaurhi,25.35,85.03,2023-04-07,37.01,42.17,31.61,54.5,0.0,19.85,3.49,101.17
Bihar,Patna,Masaurhi,25.35,85.03,2023-04-10,35.49,40.0,30.62,51.1,0.0,22.13,2.06,101.23
Bihar,Patna,Masaurhi,25.35,85.03,2023-04-13,36.77,43.49,32.0,41.7,0.0,22.84,3.08,101.31
Bihar,Patna,Masaurhi,25.35,85.03,2023-04-16,37.68,42.11,33.17,51.7,0.0,19.57,4.51,101.11
Bihar,Patna,Masaurhi,25.35,85.03,2023-04-19,37.95,45.24,31.09,48.4,0.0,23.18,2.68,100.74
Bihar,Patna,Masaurhi,25.35,85.03,2023-04-22,37.93,44.68,31.87,44.8,0.0,22.01,3.89,100.68
Bihar,Patna,Masaurhi,25.35,85.03,2023-04-25,38.79,45.26,31.34,49.4,0.1,20.6,4.04,101.09
Bihar,Patna,Masaurhi,25.35,85.03,2023-04-28,37.94,45.31,31.41,47.7,0.0,22.62,2.32,101.44
Bihar,Patna,Masaurhi,25.35,85.03,2023-05-01,37.61,45.45,32.47,45.8,0.1,22.73,2.33,101.07
Bihar,Patna,Masaurhi,25.35,85.03,2023-05-04,38.65,44.25,33.44,39.0,0.1,20.87,3.52,101.38
Bihar,Patna,Masaurhi,25.35,85.03,2023-05-07,39.23,43.67,34.52,44.8,0.0,19.89,2.92,100.77
Bihar,Patna,Masaurhi,25.35,85.03,2023-05-10,39.01,45.73,31.66,45.8,0.0,19.63,1.64,101.12
Bihar,Patna,Masaurhi,25.35,85.03,2023-05-13,39.11,47.09,34.12,39.7,0.0,22.25,2.88,100.8
Bihar,Patna,Masaurhi,25.35,85.03,2023-05-16,40.09,46.39,34.99,44.6,0.0,19.57,3.6,101.31
Bihar,Patna,Masaurhi,25.35,85.03,2023-05-19,39.84,45.1,34.46,53.7,0.0,22.28,3.54,101.27
Bihar,Patna,Masaurhi,25.35,85.03,2023-05-22,38.43,46.34,33.85,41.6,0.1,20.85,2.37,101.01
Bihar,Patna,Masaurhi,25.35,85.03,2023-05-25,39.95,44.58,35.04,48.7,0.0,21.28,3.08,101.17
Bihar,Patna,Masaurhi,25.35,85.03,2023-05-28,37.38,44.53,29.63,43.6,0.1,20.71,4.19,101.37
Bihar,Patna,Masaurhi,25.35,85.03,2023-05-31,39.92,46.74,34.28,44.3,0.0,23.0,4.23,101.38
Bihar,Patna,Masaurhi,25.35,85.03,2023-06-03,37.83,42.16,31.91,66.4,2.5,19.45,2.15,101.17
Bihar,Patna,Masaurhi,25.35,85.03,2023-06-06,37.8,43.75,32.83,58.7,10.3,19.19,1.61,100.91
Bihar,Patna,Masaurhi,25.35,85.03,2023-06-09,38.19,45.8,33.89,70.1,0.7,15.09,1.78,100.66
Bihar,Patna,Masaurhi,25.35,85.03,2023-06-12,37.13,44.09,32.17,71.5,5.9,14.89,2.93,101.22
Bihar,Patna,Masaurhi,25.35,85.03,2023-06-15,35.69,42.89,30.29,69.4,0.3,15.76,2.12,100.96
Bihar,Patna,Masaurhi,25.35,85.03,2023-06-18,35.57,41.26,27.68,60.8,15.8,14.58,3.42,101.11
Bihar,Patna,Masaurhi,25.35,85.03,2023-06-21,36.53,44.41,30.75,75.0,3.4,13.98,1.07,101.44
Bihar,Patna,Masaurhi,25.35,85.03,2023-06-24,34.61,42.42,27.64,66.7,12.3,12.33,2.31,101.26
Bihar,Patna,Masaurhi,25.35,85.03,2023-06-27,36.43,43.22,29.51,80.0,15.7,13.16,0.3,100.79
Bihar,Patna,Masaurhi,25.35,85.03,2023-06-30,34.26,38.68,26.65,73.9,23.6,11.67,1.49,100.94
Bihar,Patna,Masaurhi,25.35,85.03,2023-07-03,34.68,39.74,30.56,82.7,5.1,12.12,3.16,101.28
Bihar,Patna,Masaurhi,25.35,85.03,2023-07-06,32.25,37.46,26.28,83.5,6.0,12.27,1.17,100.95
Bihar,Patna,Masaurhi,25.35,85.03,2023-07-09,31.87,38.02,27.33,74.9,7.6,11.88,1.15,100.79
Bihar,Patna,Masaurhi,25.35,85.03,2023-07-12,30.65,38.54,23.28,82.3,6.0,11.68,5.8,101.4
Bihar,Patna,Masaurhi,25.35,85.03,2023-07-15,31.91,38.54,24.2,76.7,5.1,11.77,2.2,100.91
Bihar,Patna,Masaurhi,25.35,85.03,2023-07-18,31.03,37.37,23.34,81.2,4.0,11.47,3.04,100.67
Bihar,Patna,Masaurhi,25.35,85.03,2023-07-21,31.17,38.64,24.15,78.6,7.4,9.69,2.8,101.08
Bihar,Patna,Masaurhi,25.35,85.03,2023-07-24,29.38,36.08,24.89,89.7,7.0,12.94,4.15,101.3
Bihar,Patna,Masaurhi,25.35,85.03,2023-07-27,30.02,34.97,24.72,89.5,9.6,9.3,3.68,101.13
Bihar,Patna,Masaurhi,25.35,85.03,2023-07-30,27.16,34.36,22.74,86.9,4.1,9.44,2.76,101.4
Bihar,Patna,Masaurhi,25.35,85.03,2023-08-02,28.38,32.54,20.85,85.4,4.0,8.96,4.59,101.22
Bihar,Patna,Masaurhi,25.35,85.03,2023-08-05,26.3,31.17,20.16,76.5,22.9,12.24,2.47,100.79
Bihar,Patna,Masaurhi,25.35,85.03,2023-08-08,25.35,33.17,17.73,85.2,0.9,10.92,0.3,101.09
Bihar,Patna,Masaurhi,25.35,85.03,2023-08-11,24.7,29.85,19.82,79.3,2.2,12.93,3.13,101.43
Bihar,Patna,Masaurhi,25.35,85.03,2023-08-14,22.67,26.8,17.1,82.7,8.2,12.74,3.39,101.38
Bihar,Patna,Masaurhi,25.35,85.03,2023-08-17,21.52,28.72,16.64,82.8,13.0,9.98,0.57,100.97
Bihar,Patna,Masaurhi,25.35,85.03,2023-08-20,22.58,29.65,17.13,73.8,8.6,9.86,2.19,101.39
Bihar,Patna,Masaurhi,25.35,85.03,2023-08-23,21.3,27.52,16.73,79.6,4.1,12.69,3.49,101.08
Bihar,Patna,Masaurhi,25.35,85.03,2023-08-26,21.38,28.03,17.27,84.9,3.4,12.97,3.25,101.43
Bihar,Patna,Masaurhi,25.35,85.03,2023-08-29,20.78,26.22,15.75,76.6,4.6,11.35,1.32,100.79
Bihar,Patna,Masaurhi,25.35,85.03,2023-09-01,19.34,25.49,14.49,80.8,0.9,14.36,1.57,100.71
Bihar,Patna,Masaurhi,25.35,85.03,2023-09-04,19.39,24.47,12.6,76.1,6.7,14.77,2.66,101.12
Bihar,Patna,Masaurhi,25.35,85.03,2023-09-07,18.09,23.73,12.68,73.8,0.5,14.33,3.87,100.97
Bihar,Patna,Masaurhi,25.35,85.03,2023-09-10,17.27,22.58,13.04,73.2,2.0,12.96,5.15,101.05
Bihar,Patna,Masaurhi,25.35,85.03,2023-09-13,14.91,19.17,8.68,67.2,0.2,15.38,3.46,101.05
Bihar,Patna,Masaurhi,25.35,85.03,2023-09-16,15.53,19.96,11.51,68.4,0.0,15.8,1.26,101.07
Bihar,Patna,Masaurhi,25.35,85.03,2023-09-19,13.55,18.13,6.27,60.1,3.7,15.73,4.08,100.89
Bihar,Patna,Masaurhi,25.35,85.03,2023-09-22,13.55,20.03,8.11,59.8,1.6,18.31,4.47,101.26
Bihar,Patna,Masaurhi,25.35,85.03,2023-09-25,12.96,19.87,6.27,68.2,0.9,15.51,2.55,101.06
Bihar,Patna,Masaurhi,25.35,85.03,2023-09-28,13.33,18.6,5.44,53.5,2.9,19.51,3.78,101.23
Bihar,Patna,Masaurhi,25.35,85.03,2023-10-01,11.06,17.06,6.52,51.2,0.0,19.7,2.71,101.43
Bihar,Patna,Masaurhi,25.35,85.03,2023-10-04,11.56,18.98,3.89,48.2,0.0,22.19,2.17,100.65
Bihar,Patna,Masaurhi,25.35,85.03,2023-10-07,11.85,19.52,5.0,47.3,0.1,20.8,2.81,100.87
Bihar,Patna,Masaurhi,25.35,85.03,2023-10-10,11.43,18.97,5.2,47.3,0.0,21.03,2.46,101.12
Bihar,Patna,Masaurhi,25.35,85.03,2023-10-13,11.04,16.45,4.23,50.5,0.1,20.17,2.97,101.0
Bihar,Patna,Masaurhi,25.35,85.03,2023-10-16,10.02,17.55,5.94,40.4,0.0,22.64,3.48,100.89
Bihar,Patna,Masaurhi,25.35,85.03,2023-10-19,9.92,15.62,4.82,47.3,0.1,22.93,3.83,101.07
Bihar,Patna,Masaurhi,25.35,85.03,2023-10-22,9.64,17.34,2.81,48.7,0.1,19.93,2.1,101.05
Bihar,Patna,Masaurhi,25.35,85.03,2023-10-25,7.45,12.59,1.38,51.8,0.2,23.38,2.46,101.14
Bihar,Patna,Masaurhi,25.35,85.03,2023-10-28,9.36,14.92,4.87,43.7,0.1,21.73,3.33,101.2
Bihar,Patna,Masaurhi,25.35,85.03,2023-10-31,9.53,15.31,3.45,53.1,0.1,22.17,3.26,101.08
Bihar,Patna,Masaurhi,25.35,85.03,2023-11-03,8.97,14.28,4.76,51.8,0.1,19.87,3.84,101.01
Bihar,Patna,Masaurhi,25.35,85.03,2023-11-06,6.62,11.21,-0.61,50.1,0.0,21.6,2.39,100.93
Bihar,Patna,Masaurhi,25.35,85.03,2023-11-09,8.64,16.56,4.29,43.0,0.1,22.23,2.91,100.97
Bihar,Patna,Masaurhi,25.35,85.03,2023-11-12,7.63,11.72,1.36,41.4,0.0,22.54,2.27,100.72
Bihar,Patna,Masaurhi,25.35,85.03,2023-11-15,9.01,16.0,3.56,40.3,0.1,21.2,3.93,101.14
Bihar,Patna,Masaurhi,25.35,85.03,2023-11-18,7.24,11.83,1.6,42.3,0.0,20.47,2.77,101.23
Bihar,Patna,Masaurhi,25.35,85.03,2023-11-21,8.87,15.57,3.73,39.7,0.1,21.08,3.3,101.14
Bihar,Patna,Masaurhi,25.35,85.03,2023-11-24,8.97,14.21,3.4,43.0,0.0,23.32,2.72,100.97
Bihar,Patna,Masaurhi,25.35,85.03,2023-11-27,9.03,13.05,1.42,46.6,0.1,20.7,2.92,100.98
Bihar,Patna,Masaurhi,25.35,85.03,2023-11-30,7.73,12.44,3.62,39.1,0.0,20.29,3.91,101.31
Bihar,Patna,Masaurhi,25.35,85.03,2023-12-03,8.96,15.21,4.67,43.8,0.1,23.05,3.56,101.17
Bihar,Patna,Masaurhi,25.35,85.03,2023-12-06,7.99,14.56,1.86,48.2,0.0,20.4,2.23,100.87
Bihar,Patna,Masaurhi,25.35,85.03,2023-12-09,9.1,14.35,3.6,46.7,0.0,20.91,2.06,101.15
Bihar,Patna,Masaurhi,25.35,85.03,2023-12-12,10.12,16.63,5.63,44.5,0.0,22.33,3.87,101.37
Bihar,Patna,Masaurhi,25.35,85.03,2023-12-15,10.47,16.87,4.03,43.1,0.0,20.94,2.45,101.41
Bihar,Patna,Masaurhi,25.35,85.03,2023-12-18,11.6,16.83,5.55,39.9,0.1,20.55,3.41,101.33
Bihar,Patna,Masaurhi,25.35,85.03,2023-12-21,9.86,15.91,3.1,48.3,0.1,22.41,1.81,100.96
Bihar,Patna,Masaurhi,25.35,85.03,2023-12-24,11.01,18.31,6.89,43.7,0.1,19.91,2.93,101.29
Bihar,Patna,Masaurhi,25.35,85.03,2023-12-27,11.23,18.76,6.28,51.2,0.1,20.78,1.21,101.4
Bihar,Patna,Masaurhi,25.35,85.03,2023-12-30,12.44,20.02,4.88,54.3,0.0,21.3,2.12,101.14
Bihar,Muzaffarpur,Sakra,26.2,85.42,2023-01-01,12.35,16.76,6.05,53.5,0.0,20.2,2.02,100.97
Bihar,Muzaffarpur,Sakra,26.2,85.42,2023-01-04,11.39,16.53,5.1,41.4,0.0,21.41,4.85,101.17
Bihar,Muzaffarpur,Sakra,26.2,85.42,2023-01-07,12.62,17.37,6.75,41.7,0.0,21.05,3.18,101.06
Bihar,Muzaffarpur,Sakra,26.2,85.42,2023-01-10,13.29,17.84,8.75,47.7,0.0,21.95,2.29,101.18
Bihar,Muzaffarpur,Sakra,26.2,85.42,2023-01-13,13.38,21.26,5.63,43.0,0.0,22.65,4.03,100.89
Bihar,Muzaffarpur,Sakra,26.2,85.42,2023-01-16,16.77,21.3,10.8,40.8,0.0,22.34,3.52,101.27
Bihar,Muzaffarpur,Sakra,26.2,85.42,2023-01-19,15.08,23.05,10.48,43.5,0.0,20.49,2.67,101.28
Bihar,Muzaffarpur,Sakra,26.2,85.42,2023-01-22,17.82,25.64,11.22,40.9,0.0,20.0,2.71,101.38
Bihar,Muzaffarpur,Sakra,26.2,85.42,2023-01-25,17.96,24.82,10.89,50.8,0.2,20.21,2.05,101.13
Bihar,Muzaffarpur,Sakra,26.2,85.42,2023-01-28,18.44,23.44,13.18,49.6,0.0,22.78,3.65,100.71
Bihar,Muzaffarpur,Sakra,26.2,85.42,2023-01-31,19.01,26.51,14.27,47.1,0.0,19.93,1.17,100.97
Bihar,Muzaffarpur,Sakra,26.2,85.42,2023-02-03,21.3,26.6,14.58,52.7,0.0,22.4,1.41,100.86
Bihar,Muzaffarpur,Sakra,26.2,85.42,2023-02-06,20.56,25.13,12.97,43.4,0.0,22.86,1.7,101.11
Bihar,Muzaffarpur,Sakra,26.2,85.42,2023-02-09,22.56,28.36,15.02,42.5,0.2,19.52,3.52,101.29
Bihar,Muzaffarpur,Sakra,26.2,85.42,2023-02-12,22.58,30.08,17.94,40.2,0.1,21.13,2.48,101.12
Bihar,Muzaffarpur,Sakra,26.2,85.42,2023-02-15,22.48,28.79,16.09,39.6,0.0,21.87,4.71,100.79
Bihar,Muzaffarpur,Sakra,26.2,85.42,2023-02-18,25.38,30.88,19.14,43.9,0.0,23.39,1.97,100.84
Bihar,Muzaffarpur,Sakra,26.2,85.42,2023-02-21,24.74,29.88,16.89,53.8,0.0,22.56,3.56,101.35
Bihar,Muzaffarpur,Sakra,26.2,85.42,2023-02-24,26.35,34.11,21.26,53.4,0.1,22.2,1.24,101.39
Bihar,Muzaffarpur,Sakra,26.2,85.42,2023-02-27,25.69,29.79,19.14,39.8,0.1,22.88,3.18,101.44
Bihar,Muzaffarpur,Sakra,26.2,85.42,2023-03-02,26.36,32.07,22.1,50.0,0.0,19.92,2.97,101.33
Bihar,Muzaffarpur,Sakra,26.2,85.42,2023-03-05,29.51,36.32,22.71,45.7,0.0,20.24,3.37,100.7
Bihar,Muzaffarpur,Sakra,26.2,85.42,2023-03-08,27.8,32.93,21.59,39.9,0.0,21.47,2.66,100.96
Bihar,Muzaffarpur,Sakra,26.2,85.42,2023-03-11,30.85,37.81,24.01,43.6,0.0,22.56,3.18,100.71
Bihar,Muzaffarpur,Sakra,26.2,85.42,2023-03-14,30.43,35.87,25.66,39.6,0.0,21.76,0.96,101.15
Bihar,Muzaffarpur,Sakra,26.2,85.42,2023-03-17,32.66,37.56,27.44,44.4,0.0,20.6,2.79,101.04
Bihar,Muzaffarpur,Sakra,26.2,85.42,2023-03-20,31.64,36.81,24.53,50.5,0.1,21.65,1.63,101.38
Bihar,Muzaffarpur,Sakra,26.2,85.42,2023-03-23,32.14,39.55,26.11,51.1,0.1,20.64,2.14,101.11
Bihar,Muzaffarpur,Sakra,26.2,85.42,2023-03-26,33.17,37.83,27.64,54.1,0.0,20.0,2.36,101.13
Bihar,Muzaffarpur,Sakra,26.2,85.42,2023-03-29,32.82,38.92,27.03,48.0,0.0,21.69,1.76,101.43
Bihar,Muzaffarpur,Sakra,26.2,85.42,2023-04-01,33.38,37.59,27.98,40.7,0.0,22.47,2.86,100.79
Bihar,Muzaffarpur,Sakra,26.2,85.42,2023-04-04,34.24,39.76,26.28,40.1,0.0,21.59,2.71,100.8
Bihar,Muzaffarpur,Sakra,26.2,85.42,2023-04-07,35.16,41.97,28.43,51.5,0.1,20.81,2.92,101.17
Bihar,Muzaffarpur,Sakra,26.2,85.42,2023-04-10,37.04,43.85,30.62,45.3,0.0,21.27,2.94,100.73
Bihar,Muzaffarpur,Sakra,26.2,85.42,2023-04-13,36.0,43.06,29.65,53.1,0.1,22.36,3.33,101.23
Bihar,Muzaffarpur,Sakra,26.2,85.42,2023-04-16,37.44,43.64,32.96,46.8,0.1,22.33,2.57,101.38
Bihar,Muzaffarpur,Sakra,26.2,85.42,2023-04-19,38.28,42.54,32.68,52.3,0.1,21.44,1.84,100.93
Bihar,Muzaffarpur,Sakra,26.2,85.42,2023-04-22,37.36,43.24,31.0,41.3,0.0,22.0,3.08,101.1
Bihar,Muzaffarpur,Sakra,26.2,85.42,2023-04-25,38.08,44.17,32.67,54.8,0.0,21.6,2.39,100.88
Bihar,Muzaffarpur,Sakra,26.2,85.42,2023-04-28,38.16,42.35,32.8,46.1,0.0,22.56,4.09,100.68
Bihar,Muzaffarpur,Sakra,26.2,85.42,2023-05-01,38.1,43.07,32.25,53.3,0.1,22.37,3.88,101.13
Bihar,Muzaffarpur,Sakra,26.2,85.42,2023-05-04,37.73,44.62,32.67,47.7,0.0,21.52,2.33,100.95
Bihar,Muzaffarpur,Sakra,26.2,85.42,2023-05-07,40.11,46.2,33.05,42.9,0.0,21.59,2.41,100.65
Bihar,Muzaffarpur,Sakra,26.2,85.42,2023-05-10,38.04,43.36,31.32,48.1,0.1,19.84,3.76,100.81
Bihar,Muzaffarpur,Sakra,26.2,85.42,2023-05-13,40.44,44.98,35.74,47.7,0.0,22.97,3.62,101.0
Bihar,Muzaffarpur,Sakra,26.2,85.42,2023-05-16,39.01,46.96,34.57,46.5,0.1,22.16,1.76,100.71
Bihar,Muzaffarpur,Sakra,26.2,85.42,2023-05-19,40.1,47.81,33.11,41.6,0.1,20.05,4.35,101.19
Bihar,Muzaffarpur,Sakra,26.2,85.42,2023-05-22,39.94,46.06,35.66,39.4,0.0,22.52,2.95,100.92
Bihar,Muzaffarpur,Sakra,26.2,85.42,2023-05-25,39.79,45.3,33.96,49.8,0.1,22.07,3.79,101.26
Bihar,Muzaffarpur,Sakra,26.2,85.42,2023-05-28,39.61,46.13,33.23,42.7,0.2,23.36,3.97,100.85
Bihar,Muzaffarpur,Sakra,26.2,85.42,2023-05-31,39.13,46.14,33.24,43.4,0.0,20.1,3.19,101.44
Bihar,Muzaffarpur,Sakra,26.2,85.42,2023-06-03,37.57,45.5,30.98,59.2,0.3,16.37,1.66,101.04
Bihar,Muzaffarpur,Sakra,26.2,85.42,2023-06-06,37.03,43.56,32.09,67.2,3.3,15.7,3.77,100.81
Bihar,Muzaffarpur,Sakra,26.2,85.42,2023-06-09,37.48,44.18,29.9,60.8,6.0,18.67,1.64,101.4
Bihar,Muzaffarpur,Sakra,26.2,85.42,2023-06-12,37.86,45.14,33.56,67.8,7.8,15.72,3.34,101.31
Bihar,Muzaffarpur,Sakra,26.2,85.42,2023-06-15,36.61,42.82,30.12,60.3,0.4,15.16,2.05,100.98
Bihar,Muzaffarpur,Sakra,26.2,85.42,2023-06-18,37.11,44.95,29.34,62.3,6.0,13.68,3.22,101.35
Bihar,Muzaffarpur,Sakra,26.2,85.42,2023-06-21,36.85,42.93,30.54,72.1,0.6,14.58,2.98,101.36
Bihar,Muzaffarpur,Sakra,26.2,85.42,2023-06-24,34.33,41.17,30.03,72.4,1.1,12.47,3.77,101.42
Bihar,Muzaffarpur,Sakra,26.2,85.42,2023-06-27,34.13,39.9,28.91,71.3,1.5,13.27,3.21,101.42
Bihar,Muzaffarpur,Sakra,26.2,85.42,2023-06-30,33.55,40.88,26.38,74.4,7.4,13.44,3.13,101.24
Bihar,Muzaffarpur,Sakra,26.2,85.42,2023-07-03,35.0,41.62,27.12,69.4,6.2,13.8,2.78,100.7
Bihar,Muzaffarpur,Sakra,26.2,85.42,2023-07-06,33.52,40.79,26.84,75.9,11.6,14.09,2.9,101.3
Bihar,Muzaffarpur,Sakra,26.2,85.42,2023-07-09,33.53,39.25,25.57,86.6,6.4,11.6,3.55,100.71
Bihar,Muzaffarpur,Sakra,26.2,85.42,2023-07-12,30.63,36.2,24.9,73.4,1.9,13.23,2.78,100.72
Bihar,Muzaffarpur,Sakra,26.2,85.42,2023-07-15,32.68,40.3,25.63,83.9,8.6,10.58,1.86,101.08
Bihar,Muzaffarpur,Sakra,26.2,85.42,2023-07-18,29.17,34.46,24.43,75.6,9.9,11.04,2.09,101.15
Bihar,Muzaffarpur,Sakra,26.2,85.42,2023-07-21,30.45,38.06,25.7,81.6,0.6,12.02,4.39,101.24
Bihar,Muzaffarpur,Sakra,26.2,85.42,2023-07-24,27.76,33.13,23.47,88.0,7.3,9.93,2.08,101.34
Bihar,Muzaffarpur,Sakra,26.2,85.42,2023-07-27,28.04,32.14,22.57,79.4,9.8,10.18,0.59,101.32
Bihar,Muzaffarpur,Sakra,26.2,85.42,2023-07-30,26.93,34.5,19.22,84.1,0.3,11.96,3.13,101.22
Bihar,Muzaffarpur,Sakra,26.2,85.42,2023-08-02,25.57,30.84,20.41,77.9,8.2,12.75,2.38,101.04
Bihar,Muzaffarpur,Sakra,26.2,85.42,2023-08-05,27.3,32.36,22.79,79.7,13.6,10.16,1.64,101.12
Bihar,Muzaffarpur,Sakra,26.2,85.42,2023-08-08,24.84,32.33,20.27,78.1,7.6,10.92,4.45,101.19
Bihar,Muzaffarpur,Sakra,26.2,85.42,2023-08-11,25.27,32.01,20.57,86.0,2.1,9.47,2.51,101.04
Bihar,Muzaffarpur,Sakra,26.2,85.42,2023-08-14,22.35,28.88,16.82,89.6,5.0,12.59,3.74,101.28
Bihar,Muzaffarpur,Sakra,26.2,85.42,2023-08-17,22.98,29.63,18.64,87.6,25.7,13.18,3.41,100.89
Bihar,Muzaffarpur,Sakra,26.2,85.42,2023-08-20,20.86,25.88,16.47,81.5,15.1,11.11,3.14,101.31
Bihar,Muzaffarpur,Sakra,26.2,85.42,2023-08-23,22.11,28.4,14.65,75.1,6.7,12.65,5.74,100.85
Bihar,Muzaffarpur,Sakra,26.2,85.42,2023-08-26,20.24,27.4,14.32,71.8,31.2,13.9,2.87,101.03
Bihar,Muzaffarpur,Sakra,26.2,85.42,2023-08-29,18.84,22.86,13.59,84.2,9.3,11.4,2.55,101.03
Bihar,Muzaffarpur,Sakra,26.2,85.42,2023-09-01,19.93,24.04,13.92,82.5,0.6,13.03,2.46,101.28
Bihar,Muzaffarpur,Sakra,26.2,85.42,2023-09-04,18.81,24.95,12.49,74.2,6.6,15.6,2.42,100.82
Bihar,Muzaffarpur,Sakra,26.2,85.42,2023-09-07,16.97,23.64,9.79,68.2,1.2,12.53,2.2,101.25
Bihar,Muzaffarpur,Sakra,26.2,85.42,2023-09-10,14.83,18.87,9.07,75.0,20.7,13.75,2.52,100.74
Bihar,Muzaffarpur,Sakra,26.2,85.42,2023-09-13,14.58,21.76,7.74,71.5,7.2,14.02,3.19,101.41
Bihar,Muzaffarpur,Sakra,26.2,85.42,2023-09-16,14.87,19.93,7.65,62.4,0.1,16.8,4.93,101.31
Bihar,Muzaffarpur,Sakra,26.2,85.42,2023-09-19,13.58,21.44,7.21,65.1,1.4,17.93,5.02,101.13
Bihar,Muzaffarpur,Sakra,26.2,85.42,2023-09-22,12.76,18.01,7.57,59.7,10.0,17.22,1.65,100.69
Bihar,Muzaffarpur,Sakra,26.2,85.42,2023-09-25,13.05,20.19,8.73,67.3,2.2,15.57,1.62,101.42
Bihar,Muzaffarpur,Sakra,26.2,85.42,2023-09-28,11.84,19.15,3.93,50.9,0.9,18.06,2.33,100.93
Bihar,Muzaffarpur,Sakra,26.2,85.42,2023-10-01,11.46,17.1,4.35,47.5,0.0,22.96,4.3,100.99
Bihar,Muzaffarpur,Sakra,26.2,85.42,2023-10-04,12.44,16.96,8.07,49.9,0.1,19.68,1.92,101.21
Bihar,Muzaffarpur,Sakra,26.2,85.42,2023-10-07,10.6,17.34,3.11,48.1,0.0,20.3,4.15,100.91
Bihar,Muzaffarpur,Sakra,26.2,85.42,2023-10-10,10.89,18.32,5.44,42.6,0.2,19.69,2.02,101.2
Bihar,Muzaffarpur,Sakra,26.2,85.42,2023-10-13,8.09,14.81,3.94,42.1,0.0,22.54,3.46,100.79
Bihar,Muzaffarpur,Sakra,26.2,85.42,2023-10-16,9.51,13.6,4.88,43.7,0.0,22.7,1.13,101.01
Bihar,Muzaffarpur,Sakra,26.2,85.42,2023-10-19,8.83,12.94,1.09,43.8,0.0,22.87,1.94,100.96
Bihar,Muzaffarpur,Sakra,26.2,85.42,2023-10-22,7.84,14.9,0.62,53.4,0.0,20.83,1.46,101.18
Bihar,Muzaffarpur,Sakra,26.2,85.42,2023-10-25,8.98,15.5,3.97,51.2,0.1,22.82,2.76,100.72
Bihar,Muzaffarpur,Sakra,26.2,85.42,2023-10-28,7.43,14.84,1.86,41.4,0.0,22.29,3.7,101.01
Bihar,Muzaffarpur,Sakra,26.2,85.42,2023-10-31,6.51,12.33,-0.44,40.0,0.0,22.15,2.97,101.13
Bihar,Muzaffarpur,Sakra,26.2,85.42,2023-11-03,7.5,12.63,2.08,53.7,0.0,20.63,2.31,101.1
Bihar,Muzaffarpur,Sakra,26.2,85.42,2023-11-06,8.49,15.09,4.47,52.3,0.0,19.62,2.89,100.86
Bihar,Muzaffarpur,Sakra,26.2,85.42,2023-11-09,7.16,11.17,-0.8,45.3,0.0,22.21,3.02,100.77
Bihar,Muzaffarpur,Sakra,26.2,85.42,2023-11-12,5.85,11.3,0.32,39.3,0.1,22.54,2.77,100.86
Bihar,Muzaffarpur,Sakra,26.2,85.42,2023-11-15,7.37,13.28,0.17,42.6,0.1,22.4,1.89,101.16
Bihar,Muzaffarpur,Sakra,26.2,85.42,2023-11-18,5.57,13.13,-0.38,42.0,0.0,22.36,1.88,101.27
Bihar,Muzaffarpur,Sakra,26.2,85.42,2023-11-21,6.22,11.76,-1.73,39.8,0.0,23.29,2.58,101.0
Bihar,Muzaffarpur,Sakra,26.2,85.42,2023-11-24,5.89,12.9,0.53,40.0,0.2,19.82,1.61,101.01
Bihar,Muzaffarpur,Sakra,26.2,85.42,2023-11-27,7.92,14.09,2.34,50.6,0.0,22.28,0.53,101.32
Bihar,Muzaffarpur,Sakra,26.2,85.42,2023-11-30,6.7,14.27,0.92,44.3,0.0,20.17,4.06,100.67
Bihar,Muzaffarpur,Sakra,26.2,85.42,2023-12-03,6.93,12.48,0.19,53.3,0.1,23.33,4.69,100.87
Bihar,Muzaffarpur,Sakra,26.2,85.42,2023-12-06,6.68,13.04,1.21,54.5,0.0,23.26,2.12,100.86
Bihar,Muzaffarpur,Sakra,26.2,85.42,2023-12-09,8.9,15.81,2.98,51.2,0.1,19.97,3.97,101.3
Bihar,Muzaffarpur,Sakra,26.2,85.42,2023-12-12,8.99,15.39,4.6,47.8,0.0,20.41,0.3,101.38
Bihar,Muzaffarpur,Sakra,26.2,85.42,2023-12-15,8.39,13.18,0.95,47.4,0.1,20.17,3.65,101.35
Bihar,Muzaffarpur,Sakra,26.2,85.42,2023-12-18,9.88,15.24,4.46,40.6,0.0,19.77,2.2,101.36
Bihar,Muzaffarpur,Sakra,26.2,85.42,2023-12-21,9.29,14.57,3.75,46.4,0.1,19.79,2.05,101.05
Bihar,Muzaffarpur,Sakra,26.2,85.42,2023-12-24,11.64,17.8,4.97,49.5,0.0,21.25,3.8,100.81
Bihar,Muzaffarpur,Sakra,26.2,85.42,2023-12-27,9.89,17.74,3.19,40.7,0.1,21.11,1.29,100.88
Bihar,Muzaffarpur,Sakra,26.2,85.42,2023-12-30,12.17,19.3,5.5,41.5,0.0,22.49,3.71,101.12
Gujarat,Rajkot,Gondal,21.96,70.8,2023-01-01,14.55,22.3,8.34,54.6,0.0,22.79,3.41,100.84
Gujarat,Rajkot,Gondal,21.96,70.8,2023-01-04,15.41,20.69,9.06,40.5,0.0,19.85,2.74,100.77
Gujarat,Rajkot,Gondal,21.96,70.8,2023-01-07,15.58,22.73,9.25,41.4,0.0,23.41,3.33,101.24
Gujarat,Rajkot,Gondal,21.96,70.8,2023-01-10,15.4,22.85,10.1,48.9,0.1,21.27,2.67,100.93
Gujarat,Rajkot,Gondal,21.96,70.8,2023-01-13,15.92,22.59,9.23,49.7,0.0,20.83,2.71,100.77
Gujarat,Rajkot,Gondal,21.96,70.8,2023-01-16,17.06,24.5,9.59,48.5,0.0,20.79,3.38,101.4
Gujarat,Rajkot,Gondal,21.96,70.8,2023-01-19,17.43,21.89,9.64,43.2,0.1,20.65,3.51,101.37
Gujarat,Rajkot,Gondal,21.96,70.8,2023-01-22,20.25,26.69,14.13,45.8,0.0,23.23,3.31,101.0
Gujarat,Rajkot,Gondal,21.96,70.8,2023-01-25,18.67,25.01,13.17,43.9,0.1,22.14,0.59,100.83
Gujarat,Rajkot,Gondal,21.96,70.8,2023-01-28,19.57,27.46,15.12,50.7,0.0,19.9,3.31,101.44
Gujarat,Rajkot,Gondal,21.96,70.8,2023-01-31,21.89,27.18,17.05,50.3,0.1,20.66,3.71,101.12
Gujarat,Rajkot,Gondal,21.96,70.8,2023-02-03,21.35,28.42,15.46,42.3,0.0,20.03,3.02,101.25
Gujarat,Rajkot,Gondal,21.96,70.8,2023-02-06,24.07,29.0,19.37,48.1,0.0,19.92,2.16,101.22
Gujarat,Rajkot,Gondal,21.96,70.8,2023-02-09,23.38,28.27,15.75,47.5,0.1,22.62,2.79,100.89
Gujarat,Rajkot,Gondal,21.96,70.8,2023-02-12,23.25,28.41,17.2,50.6,0.0,20.53,4.59,101.42
Gujarat,Rajkot,Gondal,21.96,70.8,2023-02-15,25.08,31.42,19.36,44.0,0.0,19.48,2.98,100.87
Gujarat,Rajkot,Gondal,21.96,70.8,2023-02-18,25.46,30.81,18.99,41.2,0.0,23.19,3.36,100.68
Gujarat,Rajkot,Gondal,21.96,70.8,2023-02-21,27.65,35.53,19.99,54.7,0.2,21.48,5.71,101.33
Gujarat,Rajkot,Gondal,21.96,70.8,2023-02-24,26.0,33.27,21.32,52.5,0.1,22.21,2.95,101.33
Gujarat,Rajkot,Gondal,21.96,70.8,2023-02-27,28.93,35.49,22.2,42.6,0.0,22.33,1.92,101.15
Gujarat,Rajkot,Gondal,21.96,70.8,2023-03-02,28.51,33.05,24.45,46.5,0.1,23.44,4.56,100.91
Gujarat,Rajkot,Gondal,21.96,70.8,2023-03-05,30.48,36.14,23.28,47.9,0.0,19.74,4.97,100.79
Gujarat,Rajkot,Gondal,21.96,70.8,2023-03-08,30.95,35.18,24.49,54.0,0.0,21.78,2.33,100.91
Gujarat,Rajkot,Gondal,21.96,70.8,2023-03-11,29.24,34.47,22.72,42.3,0.0,21.34,1.1,100.95
Gujarat,Rajkot,Gondal,21.96,70.8,2023-03-14,31.49,39.24,25.34,51.6,0.0,23.05,3.11,100.69
Gujarat,Rajkot,Gondal,21.96,70.8,2023-03-17,31.43,36.42,27.4,41.4,0.1,21.43,2.42,101.19
Gujarat,Rajkot,Gondal,21.96,70.8,2023-03-20,32.28,36.71,24.34,53.8,0.0,23.34,2.32,100.77
Gujarat,Rajkot,Gondal,21.96,70.8,2023-03-23,34.34,38.49,28.67,44.0,0.1,21.01,1.88,100.72
Gujarat,Rajkot,Gondal,21.96,70.8,2023-03-26,33.12,37.23,26.77,53.7,0.0,23.31,1.63,101.14
Gujarat,Rajkot,Gondal,21.96,70.8,2023-03-29,32.56,37.82,26.69,47.4,0.1,22.3,2.3,100.95
Gujarat,Rajkot,Gondal,21.96,70.8,2023-04-01,35.97,42.41,31.68,47.1,0.0,21.07,1.33,101.26
Gujarat,Rajkot,Gondal,21.96,70.8,2023-04-04,36.35,42.64,31.9,48.2,0.1,20.8,1.57,101.46
Gujarat,Rajkot,Gondal,21.96,70.8,2023-04-07,34.18,40.63,29.28,48.2,0.0,21.59,3.67,101.42
Gujarat,Rajkot,Gondal,21.96,70.8,2023-04-10,35.95,40.63,29.75,42.1,0.1,22.85,4.9,100.78
Gujarat,Rajkot,Gondal,21.96,70.8,2023-04-13,35.25,41.82,30.23,40.8,0.0,19.63,3.16,100.74
Gujarat,Rajkot,Gondal,21.96,70.8,2023-04-16,36.03,40.14,28.9,51.0,0.0,23.41,2.39,101.42
Gujarat,Rajkot,Gondal,21.96,70.8,2023-04-19,37.28,41.91,30.28,38.9,0.1,22.63,2.57,101.33
Gujarat,Rajkot,Gondal,21.96,70.8,2023-04-22,38.2,45.97,32.48,44.8,0.1,21.17,2.34,101.22
Gujarat,Rajkot,Gondal,21.96,70.8,2023-04-25,38.38,43.2,32.12,51.7,0.2,20.47,2.22,100.81
Gujarat,Rajkot,Gondal,21.96,70.8,2023-04-28,36.37,43.01,29.4,45.5,0.0,21.09,3.75,100.78
Gujarat,Rajkot,Gondal,21.96,70.8,2023-05-01,38.44,42.7,33.34,39.7,0.0,23.15,2.59,100.79
Gujarat,Rajkot,Gondal,21.96,70.8,2023-05-04,38.74,43.09,32.37,39.4,0.0,23.01,2.33,101.0
Gujarat,Rajkot,Gondal,21.96,70.8,2023-05-07,37.83,42.03,30.91,47.7,0.1,19.86,2.15,100.69
Gujarat,Rajkot,Gondal,21.96,70.8,2023-05-10,38.26,44.37,32.27,50.3,0.0,21.36,3.39,100.82
Gujarat,Rajkot,Gondal,21.96,70.8,2023-05-13,38.24,43.16,32.52,49.3,0.0,20.38,2.81,101.35
Gujarat,Rajkot,Gondal,21.96,70.8,2023-05-16,39.69,44.5,34.98,47.7,0.0,21.52,2.26,101.07
Gujarat,Rajkot,Gondal,21.96,70.8,2023-05-19,39.39,44.15,32.39,40.0,0.0,21.16,2.0,100.95
Gujarat,Rajkot,Gondal,21.96,70.8,2023-05-22,39.09,45.77,35.08,45.6,0.0,22.1,3.62,101.35
Gujarat,Rajkot,Gondal,21.96,70.8,2023-05-25,39.23,46.83,31.53,47.6,0.0,22.31,4.43,101.02
Gujarat,Rajkot,Gondal,21.96,70.8,2023-05-28,37.12,43.1,32.51,43.5,0.0,22.84,1.31,101.45
Gujarat,Rajkot,Gondal,21.96,70.8,2023-05-31,39.07,45.43,31.55,53.4,0.0,20.98,2.61,101.33
Gujarat,Rajkot,Gondal,21.96,70.8,2023-06-03,37.36,42.99,29.92,59.9,0.1,18.58,3.42,100.76
Gujarat,Rajkot,Gondal,21.96,70.8,2023-06-06,37.66,42.64,30.54,61.5,1.9,18.54,3.66,101.24
Gujarat,Rajkot,Gondal,21.96,70.8,2023-06-09,36.35,44.15,32.03,64.9,1.8,15.31,2.22,100.78
Gujarat,Rajkot,Gondal,21.96,70.8,2023-06-12,36.78,41.38,30.68,72.3,5.8,17.84,2.19,100.71
Gujarat,Rajkot,Gondal,21.96,70.8,2023-06-15,36.95,42.58,30.24,63.3,1.5,16.31,2.98,101.41
Gujarat,Rajkot,Gondal,21.96,70.8,2023-06-18,36.23,43.31,32.13,68.4,10.0,13.31,2.98,100.75
Gujarat,Rajkot,Gondal,21.96,70.8,2023-06-21,36.39,44.31,30.91,64.2,3.9,12.92,1.74,101.46
Gujarat,Rajkot,Gondal,21.96,70.8,2023-06-24,35.94,41.85,31.64,69.8,0.0,12.71,1.96,101.06
Gujarat,Rajkot,Gondal,21.96,70.8,2023-06-27,35.63,39.8,27.86,75.5,4.7,11.84,2.89,101.44
Gujarat,Rajkot,Gondal,21.96,70.8,2023-06-30,34.23,39.21,27.43,74.7,1.4,11.64,4.1,101.46
Gujarat,Rajkot,Gondal,21.96,70.8,2023-07-03,34.62,40.35,26.96,69.6,4.0,14.28,1.52,101.11
Gujarat,Rajkot,Gondal,21.96,70.8,2023-07-06,34.43,41.54,29.26,85.1,0.2,13.49,3.3,100.71
Gujarat,Rajkot,Gondal,21.96,70.8,2023-07-09,32.04,38.29,26.37,80.1,16.5,11.41,2.84,100.73
Gujarat,Rajkot,Gondal,21.96,70.8,2023-07-12,33.59,41.51,25.72,86.6,5.8,10.18,5.02,100.97
Gujarat,Rajkot,Gondal,21.96,70.8,2023-07-15,30.81,35.02,25.2,76.7,3.2,10.87,1.69,101.32
Gujarat,Rajkot,Gondal,21.96,70.8,2023-07-18,30.88,35.55,24.5,81.6,0.6,11.14,2.6,101.4
Gujarat,Rajkot,Gondal,21.96,70.8,2023-07-21,32.0,37.96,24.44,81.2,15.6,11.12,3.54,100.93
Gujarat,Rajkot,Gondal,21.96,70.8,2023-07-24,29.29,36.89,21.82,89.8,20.3,9.93,4.29,101.15
Gujarat,Rajkot,Gondal,21.96,70.8,2023-07-27,28.67,33.66,21.76,87.6,1.3,10.16,3.08,100.94
Gujarat,Rajkot,Gondal,21.96,70.8,2023-07-30,27.82,34.87,23.75,80.8,12.6,9.09,0.37,101.46
Gujarat,Rajkot,Gondal,21.96,70.8,2023-08-02,28.39,35.52,21.91,81.9,0.2,10.75,3.91,100.68
Gujarat,Rajkot,Gondal,21.96,70.8,2023-08-05,25.85,31.91,18.26,81.6,5.7,9.38,1.16,101.47
Gujarat,Rajkot,Gondal,21.96,70.8,2023-08-08,25.03,29.98,19.16,82.5,19.6,11.83,1.35,101.16
Gujarat,Rajkot,Gondal,21.96,70.8,2023-08-11,24.67,31.37,18.67,85.4,0.0,10.62,2.33,101.09
Gujarat,Rajkot,Gondal,21.96,70.8,2023-08-14,25.79,31.9,20.97,81.5,6.5,9.46,3.71,101.15
Gujarat,Rajkot,Gondal,21.96,70.8,2023-08-17,24.39,30.96,17.7,85.1,0.7,10.76,2.61,101.39
Gujarat,Rajkot,Gondal,21.96,70.8,2023-08-20,23.08,30.21,19.01,76.1,5.7,13.35,4.2,101.27
Gujarat,Rajkot,Gondal,21.96,70.8,2023-08-23,23.94,31.79,18.87,86.0,1.2,12.38,2.94,100.94
Gujarat,Rajkot,Gondal,21.96,70.8,2023-08-26,22.66,29.43,18.02,75.4,23.1,12.8,3.26,101.33
Gujarat,Rajkot,Gondal,21.96,70.8,2023-08-29,22.84,27.31,18.64,81.7,11.1,12.07,3.36,100.95
Gujarat,Rajkot,Gondal,21.96,70.8,2023-09-01,21.22,28.37,15.18,75.7,1.4,11.53,1.37,100.73
Gujarat,Rajkot,Gondal,21.96,70.8,2023-09-04,20.84,28.8,13.6,79.3,3.7,12.12,3.88,101.15
Gujarat,Rajkot,Gondal,21.96,70.8,2023-09-07,19.95,24.88,12.21,72.9,5.3,13.55,2.16,101.14
Gujarat,Rajkot,Gondal,21.96,70.8,2023-09-10,19.98,24.65,15.11,73.3,6.5,14.65,2.83,100.85
Gujarat,Rajkot,Gondal,21.96,70.8,2023-09-13,17.4,22.65,11.93,62.7,11.4,14.58,1.57,100.84
Gujarat,Rajkot,Gondal,21.96,70.8,2023-09-16,16.21,22.11,11.93,65.5,0.7,15.67,3.31,101.45
Gujarat,Rajkot,Gondal,21.96,70.8,2023-09-19,15.38,21.41,8.1,68.6,0.6,15.56,3.35,101.13
Gujarat,Rajkot,Gondal,21.96,70.8,2023-09-22,16.85,24.52,10.69,56.7,0.1,17.2,3.34,101.24
Gujarat,Rajkot,Gondal,21.96,70.8,2023-09-25,16.34,20.35,11.57,60.3,0.8,15.93,2.26,101.2
Gujarat,Rajkot,Gondal,21.96,70.8,2023-09-28,13.99,20.46,6.01,50.9,0.8,16.5,1.07,101.29
Gujarat,Rajkot,Gondal,21.96,70.8,2023-10-01,13.98,19.27,7.8,47.4,0.0,23.12,3.07,101.32
Gujarat,Rajkot,Gondal,21.96,70.8,2023-10-04,14.76,19.1,8.54,41.0,0.1,20.2,3.77,101.08
Gujarat,Rajkot,Gondal,21.96,70.8,2023-10-07,13.41,20.32,7.17,45.5,0.1,20.31,3.51,101.1
Gujarat,Rajkot,Gondal,21.96,70.8,2023-10-10,11.86,19.02,7.05,47.9,0.1,19.8,3.8,101.17
Gujarat,Rajkot,Gondal,21.96,70.8,2023-10-13,11.83,17.19,4.06,49.1,0.0,21.93,3.42,100.89
Gujarat,Rajkot,Gondal,21.96,70.8,2023-10-16,10.98,15.02,3.77,54.2,0.0,22.4,2.86,101.45
Gujarat,Rajkot,Gondal,21.96,70.8,2023-10-19,13.21,17.4,8.25,50.4,0.0,20.0,2.21,100.71
Gujarat,Rajkot,Gondal,21.96,70.8,2023-10-22,12.91,20.67,7.12,50.7,0.0,23.45,2.47,101.17
Gujarat,Rajkot,Gondal,21.96,70.8,2023-10-25,12.78,20.45,5.66,47.3,0.0,23.4,3.89,101.27
Gujarat,Rajkot,Gondal,21.96,70.8,2023-10-28,12.63,17.76,6.77,46.1,0.0,23.01,1.17,101.09
Gujarat,Rajkot,Gondal,21.96,70.8,2023-10-31,12.25,19.57,7.04,54.8,0.1,22.67,2.92,101.23
Gujarat,Rajkot,Gondal,21.96,70.8,2023-11-03,10.68,15.24,6.28,44.5,0.0,22.97,1.67,101.16
Gujarat,Rajkot,Gondal,21.96,70.8,2023-11-06,11.95,19.62,7.91,50.6,0.0,23.24,3.87,100.73
Gujarat,Rajkot,Gondal,21.96,70.8,2023-11-09,10.27,14.42,3.81,39.6,0.0,21.8,2.88,101.38
Gujarat,Rajkot,Gondal,21.96,70.8,2023-11-12,11.61,17.61,4.21,48.2,0.1,19.89,2.91,100.71
Gujarat,Rajkot,Gondal,21.96,70.8,2023-11-15,11.13,16.32,4.84,50.7,0.0,20.65,3.73,101.04
Gujarat,Rajkot,Gondal,21.96,70.8,2023-11-18,10.66,14.8,4.49,48.6,0.0,22.28,2.49,101.04
Gujarat,Rajkot,Gondal,21.96,70.8,2023-11-21,12.0,17.52,7.66,53.5,0.0,23.31,2.31,101.08
Gujarat,Rajkot,Gondal,21.96,70.8,2023-11-24,11.66,19.17,7.12,43.5,0.0,21.54,2.01,100.9
Gujarat,Rajkot,Gondal,21.96,70.8,2023-11-27,10.23,16.86,2.35,42.1,0.0,21.18,1.99,100.83
Gujarat,Rajkot,Gondal,21.96,70.8,2023-11-30,10.44,18.1,4.46,54.0,0.0,20.23,2.43,101.42
Gujarat,Rajkot,Gondal,21.96,70.8,2023-12-03,10.1,16.43,5.4,41.0,0.0,22.96,2.64,100.85
Gujarat,Rajkot,Gondal,21.96,70.8,2023-12-06,12.98,20.12,6.9,44.0,0.0,19.62,2.74,100.86
Gujarat,Rajkot,Gondal,21.96,70.8,2023-12-09,12.83,18.29,5.42,54.1,0.1,20.64,2.33,100.87
Gujarat,Rajkot,Gondal,21.96,70.8,2023-12-12,11.64,15.8,4.22,46.8,0.0,21.98,2.99,101.04
Gujarat,Rajkot,Gondal,21.96,70.8,2023-12-15,11.89,17.43,6.12,43.7,0.0,21.34,3.96,101.37
Gujarat,Rajkot,Gondal,21.96,70.8,2023-12-18,12.72,20.53,8.48,52.3,0.1,19.58,1.4,101.36
Gujarat,Rajkot,Gondal,21.96,70.8,2023-12-21,12.7,19.13,8.48,49.2,0.0,20.89,1.91,101.41
Gujarat,Rajkot,Gondal,21.96,70.8,2023-12-24,12.16,17.36,6.06,43.9,0.0,21.73,4.34,101.36
Gujarat,Rajkot,Gondal,21.96,70.8,2023-12-27,15.03,20.58,7.55,54.4,0.0,20.21,3.25,100.88
Gujarat,Rajkot,Gondal,21.96,70.8,2023-12-30,16.11,23.37,11.31,45.3,0.2,20.48,2.73,101.3
Gujarat,Anand,Petlad,22.47,72.79,2023-01-01,13.86,19.56,6.11,49.4,0.0,23.33,4.72,101.1
Gujarat,Anand,Petlad,22.47,72.79,2023-01-04,14.02,19.29,9.3,43.3,0.0,22.16,1.35,101.3
Gujarat,Anand,Petlad,22.47,72.79,2023-01-07,14.29,21.55,7.07,46.9,0.2,19.88,3.29,100.79
Gujarat,Anand,Petlad,22.47,72.79,2023-01-10,17.12,23.63,12.63,52.0,0.1,21.77,2.91,100.89
Gujarat,Anand,Petlad,22.47,72.79,2023-01-13,16.59,24.51,10.17,39.7,0.0,21.73,2.35,100.85
Gujarat,Anand,Petlad,22.47,72.79,2023-01-16,18.11,24.12,11.44,54.6,0.1,20.75,1.65,101.29
Gujarat,Anand,Petlad,22.47,72.79,2023-01-19,17.35,22.74,13.13,51.4,0.0,22.8,1.3,101.23
Gujarat,Anand,Petlad,22.47,72.79,2023-01-22,17.94,24.88,10.7,45.8,0.1,20.76,1.7,100.75
Gujarat,Anand,Petlad,22.47,72.79,2023-01-25,19.61,23.89,14.14,53.6,0.1,22.47,2.35,101.09
Gujarat,Anand,Petlad,22.47,72.79,2023-01-28,19.04,26.11,11.83,40.2,0.0,21.59,3.14,100.98
Gujarat,Anand,Petlad,22.47,72.79,2023-01-31,21.57,25.72,14.55,49.4,0.0,19.79,3.19,101.05
Gujarat,Anand,Petlad,22.47,72.79,2023-02-03,20.67,24.72,15.18,39.5,0.0,22.73,3.23,101.15
Gujarat,Anand,Petlad,22.47,72.79,2023-02-06,21.71,26.86,16.06,45.6,0.0,20.16,1.68,101.36
Gujarat,Anand,Petlad,22.47,72.79,2023-02-09,24.1,31.17,17.76,39.6,0.1,22.08,1.92,101.16
Gujarat,Anand,Petlad,22.47,72.79,2023-02-12,23.48,27.83,19.03,53.3,0.0,21.06,3.72,100.94
Gujarat,Anand,Petlad,22.47,72.79,2023-02-15,24.33,30.32,17.88,50.2,0.0,22.48,2.11,101.24
Gujarat,Anand,Petlad,22.47,72.79,2023-02-18,26.63,32.04,22.14,54.4,0.0,22.85,4.21,100.9
Gujarat,Anand,Petlad,22.47,72.79,2023-02-21,26.13,32.41,21.03,48.1,0.2,21.81,2.02,101.16
Gujarat,Anand,Petlad,22.47,72.79,2023-02-24,26.67,31.69,19.27,40.3,0.0,21.94,3.41,101.44
Gujarat,Anand,Petlad,22.47,72.79,2023-02-27,27.98,32.17,22.7,41.0,0.1,22.1,2.75,101.39
Gujarat,Anand,Petlad,22.47,72.79,2023-03-02,26.9,32.65,19.47,41.0,0.0,21.94,3.27,100.85
Gujarat,Anand,Petlad,22.47,72.79,2023-03-05,27.58,33.86,21.0,39.5,0.0,21.34,2.28,101.18
Gujarat,Anand,Petlad,22.47,72.79,2023-03-08,28.29,35.82,22.08,48.7,0.0,20.98,1.98,101.27
Gujarat,Anand,Petlad,22.47,72.79,2023-03-11,30.37,34.58,24.86,39.8,0.1,19.78,2.24,101.03
Gujarat,Anand,Petlad,22.47,72.79,2023-03-14,31.68,37.35,27.59,42.0,0.0,20.48,3.13,101.44
Gujarat,Anand,Petlad,22.47,72.79,2023-03-17,32.18,37.1,26.49,48.1,0.0,23.09,2.18,100.79
Gujarat,Anand,Petlad,22.47,72.79,2023-03-20,32.79,38.82,25.43,40.2,0.0,21.72,2.78,100.93
Gujarat,Anand,Petlad,22.47,72.79,2023-03-23,33.65,39.78,29.07,49.1,0.0,19.48,3.56,100.89
Gujarat,Anand,Petlad,22.47,72.79,2023-03-26,33.09,39.05,28.14,41.2,0.1,19.91,1.01,100.96
Gujarat,Anand,Petlad,22.47,72.79,2023-03-29,34.47,39.56,27.87,40.0,0.1,23.25,2.52,101.44
Gujarat,Anand,Petlad,22.47,72.79,2023-04-01,35.05,40.88,28.57,51.7,0.1,21.45,2.48,100.91
Gujarat,Anand,Petlad,22.47,72.79,2023-04-04,35.63,39.97,29.18,39.6,0.1,20.36,3.37,101.03
Gujarat,Anand,Petlad,22.47,72.79,2023-04-07,36.57,43.55,32.1,49.5,0.0,23.43,2.97,101.05
Gujarat,Anand,Petlad,22.47,72.79,2023-04-10,35.94,42.49,30.27,51.3,0.0,20.49,4.17,100.84
Gujarat,Anand,Petlad,22.47,72.79,2023-04-13,36.8,43.01,32.16,45.7,0.1,21.14,2.4,100.72
Gujarat,Anand,Petlad,22.47,72.79,2023-04-16,36.3,43.97,32.16,41.0,0.0,20.36,4.14,100.71
Gujarat,Anand,Petlad,22.47,72.79,2023-04-19,37.12,43.56,33.03,50.3,0.0,22.0,2.9,101.47
Gujarat,Anand,Petlad,22.47,72.79,2023-04-22,38.58,44.07,34.5,44.6,0.1,21.12,4.21,101.17
Gujarat,Anand,Petlad,22.47,72.79,2023-04-25,38.22,43.96,33.35,50.8,0.0,21.56,2.12,101.16
Gujarat,Anand,Petlad,22.47,72.79,2023-04-28,38.91,45.72,32.7,52.3,0.1,22.57,3.85,100.75
Gujarat,Anand,Petlad,22.47,72.79,2023-05-01,39.42,45.22,34.34,50.8,0.0,21.95,4.21,101.3
Gujarat,Anand,Petlad,22.47,72.79,2023-05-04,38.98,45.12,31.86,42.1,0.0,21.7,3.31,100.9
Gujarat,Anand,Petlad,22.47,72.79,2023-05-07,39.72,47.44,33.47,39.1,0.0,22.39,1.23,101.12
Gujarat,Anand,Petlad,22.47,72.79,2023-05-10,39.42,46.85,31.62,46.7,0.1,22.79,2.55,100.88
Gujarat,Anand,Petlad,22.47,72.79,2023-05-13,39.93,44.34,34.12,40.0,0.1,22.43,3.65,101.24
Gujarat,Anand,Petlad,22.47,72.79,2023-05-16,37.78,42.52,32.53,45.1,0.0,20.45,3.1,100.91
Gujarat,Anand,Petlad,22.47,72.79,2023-05-19,39.85,44.04,35.05,42.1,0.0,22.04,0.4,101.06
Gujarat,Anand,Petlad,22.47,72.79,2023-05-22,37.37,41.85,30.98,40.3,0.1,22.3,3.03,100.88
Gujarat,Anand,Petlad,22.47,72.79,2023-05-25,39.85,47.72,34.41,41.1,0.0,20.63,3.01,101.07
Gujarat,Anand,Petlad,22.47,72.79,2023-05-28,38.05,45.33,32.45,40.7,0.0,21.19,2.32,100.98
Gujarat,Anand,Petlad,22.47,72.79,2023-05-31,37.88,44.81,32.5,47.3,0.0,19.51,1.48,100.93
Gujarat,Anand,Petlad,22.47,72.79,2023-06-03,39.3,43.6,34.85,54.3,0.7,16.57,3.55,100.81
Gujarat,Anand,Petlad,22.47,72.79,2023-06-06,39.16,44.43,31.62,66.8,1.9,18.61,2.78,101.14
Gujarat,Anand,Petlad,22.47,72.79,2023-06-09,37.76,42.06,31.23,64.1,7.8,17.99,1.38,101.07
Gujarat,Anand,Petlad,22.47,72.79,2023-06-12,37.48,42.59,32.54,59.0,3.7,15.52,3.07,101.39
Gujarat,Anand,Petlad,22.47,72.79,2023-06-15,35.67,43.61,30.26,65.2,5.1,17.4,4.39,101.35
Gujarat,Anand,Petlad,22.47,72.79,2023-06-18,37.45,43.9,30.93,60.4,3.7,13.45,3.48,101.19
Gujarat,Anand,Petlad,22.47,72.79,2023-06-21,34.68,41.96,29.92,63.1,1.9,15.39,2.34,101.15
Gujarat,Anand,Petlad,22.47,72.79,2023-06-24,34.94,40.59,30.91,66.8,0.6,16.0,3.32,101.19
Gujarat,Anand,Petlad,22.47,72.79,2023-06-27,33.84,40.92,26.63,77.7,0.6,11.94,4.16,101.2
Gujarat,Anand,Petlad,22.47,72.79,2023-06-30,35.98,42.87,31.91,77.7,0.7,12.04,1.55,100.95
Gujarat,Anand,Petlad,22.47,72.79,2023-07-03,33.36,40.33,27.98,74.5,0.6,11.92,3.7,101.28
Gujarat,Anand,Petlad,22.47,72.79,2023-07-06,32.07,38.15,26.91,80.3,1.9,12.34,1.46,100.79
Gujarat,Anand,Petlad,22.47,72.79,2023-07-09,32.96,39.43,28.88,73.2,1.7,11.73,0.91,100.68
Gujarat,Anand,Petlad,22.47,72.79,2023-07-12,31.49,37.27,24.31,87.5,16.6,10.15,3.88,101.09
Gujarat,Anand,Petlad,22.47,72.79,2023-07-15,30.61,36.64,22.89,80.7,4.4,10.83,3.51,101.17
Gujarat,Anand,Petlad,22.47,72.79,2023-07-18,32.48,38.82,27.09,84.9,5.9,11.7,2.43,101.28
Gujarat,Anand,Petlad,22.47,72.79,2023-07-21,29.87,34.13,24.4,77.9,9.7,9.17,3.06,101.34
Gujarat,Anand,Petlad,22.47,72.79,2023-07-24,30.03,34.44,23.09,81.4,7.2,10.13,3.33,101.15
Gujarat,Anand,Petlad,22.47,72.79,2023-07-27,30.53,37.19,24.51,87.2,11.2,10.37,3.53,100.71
Gujarat,Anand,Petlad,22.47,72.79,2023-07-30,29.5,34.08,24.83,80.3,9.6,10.5,2.3,101.3
Gujarat,Anand,Petlad,22.47,72.79,2023-08-02,28.38,34.89,20.79,76.0,13.6,11.91,3.1,101.06
Gujarat,Anand,Petlad,22.47,72.79,2023-08-05,26.58,34.52,19.42,90.4,0.3,11.83,2.76,101.33
Gujarat,Anand,Petlad,22.47,72.79,2023-08-08,27.39,34.54,21.22,84.0,0.8,11.6,3.06,100.9
Gujarat,Anand,Petlad,22.47,72.79,2023-08-11,26.45,30.77,21.67,78.7,5.9,10.33,1.95,100.8
Gujarat,Anand,Petlad,22.47,72.79,2023-08-14,24.86,28.94,19.12,83.4,5.7,9.34,3.6,101.09
Gujarat,Anand,Petlad,22.47,72.79,2023-08-17,25.23,30.73,20.16,86.3,13.8,12.71,2.12,100.77
Gujarat,Anand,Petlad,22.47,72.79,2023-08-20,23.68,28.28,17.04,74.3,4.3,12.36,2.95,101.19
Gujarat,Anand,Petlad,22.47,72.79,2023-08-23,21.99,28.34,14.4,83.2,4.2,10.24,3.38,100.7
Gujarat,Anand,Petlad,22.47,72.79,2023-08-26,22.36,28.88,18.17,85.3,4.2,14.03,3.13,100.83
Gujarat,Anand,Petlad,22.47,72.79,2023-08-29,21.61,29.36,14.84,73.0,18.0,12.1,1.88,100.9
Gujarat,Anand,Petlad,22.47,72.79,2023-09-01,21.54,27.42,17.15,72.3,8.7,14.84,3.51,100.72
Gujarat,Anand,Petlad,22.47,72.79,2023-09-04,20.42,27.87,16.42,74.2,13.9,14.2,4.24,100.87
Gujarat,Anand,Petlad,22.47,72.79,2023-09-07,20.06,26.02,15.6,70.1,0.1,15.71,2.18,100.69
Gujarat,Anand,Petlad,22.47,72.79,2023-09-10,19.48,24.13,15.18,72.8,4.4,14.81,2.48,101.01
Gujarat,Anand,Petlad,22.47,72.79,2023-09-13,18.91,25.1,11.42,69.2,2.0,13.76,3.73,101.08
Gujarat,Anand,Petlad,22.47,72.79,2023-09-16,17.55,21.64,12.1,69.1,1.5,17.65,1.25,100.83
Gujarat,Anand,Petlad,22.47,72.79,2023-09-19,17.43,22.82,12.9,63.6,0.9,16.14,2.17,101.4
Gujarat,Anand,Petlad,22.47,72.79,2023-09-22,15.5,20.32,8.59,60.1,3.2,18.12,2.76,100.76
Gujarat,Anand,Petlad,22.47,72.79,2023-09-25,15.71,20.0,8.02,53.5,6.1,18.63,3.51,101.28
Gujarat,Anand,Petlad,22.47,72.79,2023-09-28,16.14,21.64,9.32,59.7,0.0,18.28,2.38,100.9
Gujarat,Anand,Petlad,22.47,72.79,2023-10-01,12.96,17.08,8.27,39.7,0.0,20.7,2.06,101.08
Gujarat,Anand,Petlad,22.47,72.79,2023-10-04,14.31,18.88,6.61,52.3,0.0,19.89,2.63,100.78
Gujarat,Anand,Petlad,22.47,72.79,2023-10-07,13.53,18.93,5.85,48.6,0.1,22.87,2.73,101.07
Gujarat,Anand,Petlad,22.47,72.79,2023-10-10,12.48,19.06,8.06,41.7,0.0,22.57,2.34,101.38
Gujarat,Anand,Petlad,22.47,72.79,2023-10-13,11.3,16.12,5.98,51.3,0.0,23.46,2.36,101.27
Gujarat,Anand,Petlad,22.47,72.79,2023-10-16,12.83,19.72,5.85,47.2,0.1,22.43,1.43,101.07
Gujarat,Anand,Petlad,22.47,72.79,2023-10-19,11.17,17.84,3.85,49.3,0.0,21.03,2.69,101.01
Gujarat,Anand,Petlad,22.47,72.79,2023-10-22,12.78,17.97,7.63,39.9,0.0,20.88,1.69,100.71
Gujarat,Anand,Petlad,22.47,72.79,2023-10-25,12.4,19.75,7.7,46.0,0.1,19.89,3.42,100.86
Gujarat,Anand,Petlad,22.47,72.79,2023-10-28,10.0,16.17,3.04,51.6,0.0,19.58,3.57,100.75
Gujarat,Anand,Petlad,22.47,72.79,2023-10-31,9.98,17.14,4.06,43.6,0.0,22.84,3.36,101.47
Gujarat,Anand,Petlad,22.47,72.79,2023-11-03,11.03,15.38,3.75,52.9,0.0,20.12,2.0,101.46
Gujarat,Anand,Petlad,22.47,72.79,2023-11-06,11.28,16.22,6.61,53.9,0.1,22.19,1.15,100.72
Gujarat,Anand,Petlad,22.47,72.79,2023-11-09,9.09,15.39,1.25,50.5,0.0,21.86,0.9,101.05
Gujarat,Anand,Petlad,22.47,72.79,2023-11-12,11.33,17.09,5.44,54.6,0.0,21.26,3.15,100.68
Gujarat,Anand,Petlad,22.47,72.79,2023-11-15,9.91,14.82,4.27,39.5,0.0,20.97,3.13,101.27
Gujarat,Anand,Petlad,22.47,72.79,2023-11-18,10.43,16.84,3.27,52.9,0.0,20.6,1.98,100.71
Gujarat,Anand,Petlad,22.47,72.79,2023-11-21,10.48,14.7,5.31,53.3,0.0,21.09,2.55,101.08
Gujarat,Anand,Petlad,22.47,72.79,2023-11-24,10.28,17.73,5.64,39.1,0.1,22.63,4.54,101.27
Gujarat,Anand,Petlad,22.47,72.79,2023-11-27,11.38,17.47,7.0,41.9,0.1,20.03,1.98,101.42
Gujarat,Anand,Petlad,22.47,72.79,2023-11-30,11.44,16.86,6.95,47.5,0.0,19.61,2.2,101.06
Gujarat,Anand,Petlad,22.47,72.79,2023-12-03,9.78,15.07,2.79,53.5,0.0,20.87,0.42,101.39
Gujarat,Anand,Petlad,22.47,72.79,2023-12-06,11.98,16.6,4.96,49.6,0.0,21.13,2.6,101.08
Gujarat,Anand,Petlad,22.47,72.79,2023-12-09,10.43,15.07,4.8,38.9,0.0,21.54,2.64,101.39
Gujarat,Anand,Petlad,22.47,72.79,2023-12-12,11.59,17.13,4.87,53.0,0.0,22.79,4.0,101.4
Gujarat,Anand,Petlad,22.47,72.79,2023-12-15,13.28,18.04,5.7,44.1,0.0,20.62,3.16,100.79
Gujarat,Anand,Petlad,22.47,72.79,2023-12-18,11.83,18.15,4.51,48.5,0.0,20.71,1.43,101.36
Gujarat,Anand,Petlad,22.47,72.79,2023-12-21,13.18,19.59,8.05,47.9,0.0,21.07,3.81,100.83
Gujarat,Anand,Petlad,22.47,72.79,2023-12-24,13.01,17.93,6.18,42.2,0.1,21.33,2.41,101.01
Gujarat,Anand,Petlad,22.47,72.79,2023-12-27,14.0,21.91,7.62,42.1,0.0,20.05,1.34,100.72
Gujarat,Anand,Petlad,22.47,72.79,2023-12-30,13.56,18.02,7.45,52.2,0.0,22.79,1.17,100.99
West Bengal,Bardhaman,Kalna,23.23,88.37,2023-01-01,14.19,20.6,6.44,53.9,0.2,21.81,4.49,101.13
West Bengal,Bardhaman,Kalna,23.23,88.37,2023-01-04,14.92,20.16,10.3,46.1,0.0,19.48,2.33,101.41
West Bengal,Bardhaman,Kalna,23.23,88.37,2023-01-07,14.36,22.22,8.35,42.9,0.0,19.85,1.98,100.67
West Bengal,Bardhaman,Kalna,23.23,88.37,2023-01-10,15.0,20.67,7.33,42.3,0.1,21.23,2.52,100.94
West Bengal,Bardhaman,Kalna,23.23,88.37,2023-01-13,16.14,22.19,10.86,48.6,0.1,23.02,1.65,100.79
West Bengal,Bardhaman,Kalna,23.23,88.37,2023-01-16,17.18,24.71,12.42,40.0,0.0,20.48,3.44,100.97
West Bengal,Bardhaman,Kalna,23.23,88.37,2023-01-19,17.94,23.5,10.0,47.8,0.1,20.41,2.83,100.67
West Bengal,Bardhaman,Kalna,23.23,88.37,2023-01-22,19.11,24.38,12.25,47.0,0.1,20.29,4.04,101.42
West Bengal,Bardhaman,Kalna,23.23,88.37,2023-01-25,20.63,26.27,14.32,38.9,0.0,21.16,3.09,101.23
West Bengal,Bardhaman,Kalna,23.23,88.37,2023-01-28,21.37,25.44,16.0,48.6,0.1,20.75,1.18,101.29
West Bengal,Bardhaman,Kalna,23.23,88.37,2023-01-31,21.57,27.53,14.78,50.8,0.0,22.85,4.56,100.71
West Bengal,Bardhaman,Kalna,23.23,88.37,2023-02-03,21.64,27.08,15.53,52.3,0.0,21.49,3.47,101.27
West Bengal,Bardhaman,Kalna,23.23,88.37,2023-02-06,22.22,28.45,15.77,54.4,0.0,21.21,2.91,101.29
West Bengal,Bardhaman,Kalna,23.23,88.37,2023-02-09,22.43,27.14,15.39,49.8,0.1,22.47,2.54,101.27
West Bengal,Bardhaman,Kalna,23.23,88.37,2023-02-12,25.09,32.49,20.83,40.2,0.0,20.81,1.69,100.86
West Bengal,Bardhaman,Kalna,23.23,88.37,2023-02-15,24.11,31.99,17.42,48.4,0.0,22.69,4.71,100.99
West Bengal,Bardhaman,Kalna,23.23,88.37,2023-02-18,26.5,31.97,20.94,45.5,0.1,22.44,2.58,100.79
West Bengal,Bardhaman,Kalna,23.23,88.37,2023-02-21,25.38,32.27,20.0,44.5,0.0,19.53,2.63,101.32
West Bengal,Bardhaman,Kalna,23.23,88.37,2023-02-24,26.03,33.89,18.4,48.2,0.0,22.33,5.74,101.15
West Bengal,Bardhaman,Kalna,23.23,88.37,2023-02-27,27.54,34.35,21.2,52.0,0.0,20.77,4.0,100.81
West Bengal,Bardhaman,Kalna,23.23,88.37,2023-03-02,27.48,33.02,22.19,47.5,0.0,20.84,1.3,101.47
West Bengal,Bardhaman,Kalna,23.23,88.37,2023-03-05,27.9,32.16,21.12,51.3,0.1,20.83,3.11,100.73
West Bengal,Bardhaman,Kalna,23.23,88.37,2023-03-08,29.12,36.43,24.24,49.4,0.0,23.08,4.15,100.9
West Bengal,Bardhaman,Kalna,23.23,88.37,2023-03-11,30.9,37.04,25.22,54.6,0.0,22.07,2.92,101.18
West Bengal,Bardhaman,Kalna,23.23,88.37,2023-03-14,30.34,36.69,22.56,54.6,0.0,21.96,2.59,100.89
West Bengal,Bardhaman,Kalna,23.23,88.37,2023-03-17,31.77,39.27,26.04,51.8,0.0,22.8,2.37,101.41
West Bengal,Bardhaman,Kalna,23.23,88.37,2023-03-20,31.68,37.23,27.5,51.5,0.0,22.97,3.71,101.34
West Bengal,Bardhaman,Kalna,23.23,88.37,2023-03-23,31.92,38.07,24.42,51.3,0.0,21.23,3.41,100.97
West Bengal,Bardhaman,Kalna,23.23,88.37,2023-03-26,33.21,37.52,25.59,47.7,0.1,22.15,3.66,100.79
West Bengal,Bardhaman,Kalna,23.23,88.37,2023-03-29,33.37,40.44,26.27,39.1,0.1,19.61,3.18,100.68
West Bengal,Bardhaman,Kalna,23.23,88.37,2023-04-01,35.74,40.11,29.3,51.7,0.0,22.77,1.68,101.3
West Bengal,Bardhaman,Kalna,23.23,88.37,2023-04-04,34.96,41.4,29.27,40.3,0.0,21.94,4.36,100.72
West Bengal,Bardhaman,Kalna,23.23,88.37,2023-04-07,35.46,40.45,29.89,48.6,0.0,20.86,4.36,101.3
West Bengal,Bardhaman,Kalna,23.23,88.37,2023-04-10,37.46,43.31,31.89,44.6,0.0,21.79,3.08,100.73
West Bengal,Bardhaman,Kalna,23.23,88.37,2023-04-13,36.26,43.96,31.01,48.6,0.2,19.94,3.66,101.08
West Bengal,Bardhaman,Kalna,23.23,88.37,2023-04-16,36.22,41.38,30.44,49.3,0.0,19.84,2.52,101.25
West Bengal,Bardhaman,Kalna,23.23,88.37,2023-04-19,37.03,41.35,31.52,53.7,0.1,23.14,2.65,100.71
West Bengal,Bardhaman,Kalna,23.23,88.37,2023-04-22,36.6,44.17,32.44,49.8,0.0,19.49,3.29,101.43
West Bengal,Bardhaman,Kalna,23.23,88.37,2023-04-25,38.55,46.06,33.48,41.0,0.1,22.53,2.71,101.16
West Bengal,Bardhaman,Kalna,23.23,88.37,2023-04-28,36.65,44.54,32.01,49.0,0.0,21.42,4.35,101.3
West Bengal,Bardhaman,Kalna,23.23,88.37,2023-05-01,37.12,42.23,31.42,44.0,0.0,22.88,3.42,101.1
West Bengal,Bardhaman,Kalna,23.23,88.37,2023-05-04,38.9,44.04,32.09,41.6,0.1,22.54,1.53,101.26
West Bengal,Bardhaman,Kalna,23.23,88.37,2023-05-07,38.46,44.85,32.64,49.4,0.0,21.5,1.06,100.74
West Bengal,Bardhaman,Kalna,23.23,88.37,2023-05-10,39.75,47.54,31.91,43.3,0.0,20.09,3.89,101.3
West Bengal,Bardhaman,Kalna,23.23,88.37,2023-05-13,39.35,44.25,32.54,42.8,0.1,19.72,3.57,101.38
West Bengal,Bardhaman,Kalna,23.23,88.37,2023-05-16,38.79,43.28,31.71,50.3,0.0,20.06,2.09,100.78
West Bengal,Bardhaman,Kalna,23.23,88.37,2023-05-19,38.44,44.64,32.09,53.5,0.0,21.64,1.93,101.4
West Bengal,Bardhaman,Kalna,23.23,88.37,2023-05-22,38.76,44.29,34.33,41.4,0.0,21.33,0.44,101.15
West Bengal,Bardhaman,Kalna,23.23,88.37,2023-05-25,37.38,43.47,29.87,52.9,0.1,22.8,1.64,100.73
West Bengal,Bardhaman,Kalna,23.23,88.37,2023-05-28,39.85,45.54,35.79,52.7,0.1,22.12,2.99,100.84
West Bengal,Bardhaman,Kalna,23.23,88.37,2023-05-31,36.97,43.3,32.13,47.4,0.1,20.94,3.71,101.45
West Bengal,Bardhaman,Kalna,23.23,88.37,2023-06-03,36.67,42.6,29.68,55.9,3.6,16.65,0.97,101.07
West Bengal,Bardhaman,Kalna,23.23,88.37,2023-06-06,39.31,44.86,34.99,61.3,0.6,17.56,4.8,101.23
West Bengal,Bardhaman,Kalna,23.23,88.37,2023-06-09,38.11,43.8,31.52,63.0,1.9,16.26,1.12,101.04
West Bengal,Bardhaman,Kalna,23.23,88.37,2023-06-12,35.74,42.69,29.31,61.9,5.3,17.28,1.56,100.74
West Bengal,Bardhaman,Kalna,23.23,88.37,2023-06-15,35.49,42.76,30.36,70.1,2.3,16.84,2.99,101.36
West Bengal,Bardhaman,Kalna,23.23,88.37,2023-06-18,35.17,39.77,29.38,61.8,0.0,14.87,4.75,101.33
West Bengal,Bardhaman,Kalna,23.23,88.37,2023-06-21,34.63,41.1,27.73,63.4,0.1,13.54,3.99,101.28
West Bengal,Bardhaman,Kalna,23.23,88.37,2023-06-24,34.46,39.06,27.59,71.2,4.3,12.59,3.52,101.08
West Bengal,Bardhaman,Kalna,23.23,88.37,2023-06-27,34.86,42.17,27.95,77.1,6.4,13.04,3.48,101.14
West Bengal,Bardhaman,Kalna,23.23,88.37,2023-06-30,33.78,41.41,28.23,76.8,8.3,14.12,3.0,100.9
West Bengal,Bardhaman,Kalna,23.23,88.37,2023-07-03,34.16,39.41,29.08,80.5,0.9,11.59,3.02,101.04
West Bengal,Bardhaman,Kalna,23.23,88.37,2023-07-06,32.33,39.63,25.91,84.3,2.3,12.5,0.9,100.99
West Bengal,Bardhaman,Kalna,23.23,88.37,2023-07-09,33.32,41.16,27.55,72.3,8.6,11.14,2.94,101.19
West Bengal,Bardhaman,Kalna,23.23,88.37,2023-07-12,33.78,41.38,29.21,73.5,19.3,11.16,2.59,100.88
West Bengal,Bardhaman,Kalna,23.23,88.37,2023-07-15,31.92,36.81,24.81,87.4,13.3,13.29,3.98,100.86
West Bengal,Bardhaman,Kalna,23.23,88.37,2023-07-18,30.54,36.23,26.25,82.1,1.3,12.7,3.18,100.83
West Bengal,Bardhaman,Kalna,23.23,88.37,2023-07-21,30.98,37.03,25.75,83.5,6.7,12.62,3.42,100.76
West Bengal,Bardhaman,Kalna,23.23,88.37,2023-07-24,29.78,34.8,25.1,89.9,12.1,9.87,3.02,100.81
West Bengal,Bardhaman,Kalna,23.23,88.37,2023-07-27,28.22,36.0,20.67,86.9,2.7,12.41,2.2,101.19
West Bengal,Bardhaman,Kalna,23.23,88.37,2023-07-30,27.16,34.84,21.53,89.3,0.1,12.54,2.77,101.12
West Bengal,Bardhaman,Kalna,23.23,88.37,2023-08-02,26.05,31.63,20.21,90.1,9.6,9.15,4.83,100.99
West Bengal,Bardhaman,Kalna,23.23,88.37,2023-08-05,28.22,35.13,22.43,79.4,20.8,9.42,1.89,101.15
West Bengal,Bardhaman,Kalna,23.23,88.37,2023-08-08,27.03,33.99,20.69,87.7,11.0,10.17,3.46,100.75
West Bengal,Bardhaman,Kalna,23.23,88.37,2023-08-11,26.5,33.4,21.66,83.2,4.3,10.35,3.97,100.88
West Bengal,Bardhaman,Kalna,23.23,88.37,2023-08-14,23.21,28.77,17.9,87.7,1.7,9.44,3.93,101.43
West Bengal,Bardhaman,Kalna,23.23,88.37,2023-08-17,23.7,28.81,16.4,80.7,3.6,11.47,2.76,101.44
West Bengal,Bardhaman,Kalna,23.23,88.37,2023-08-20,22.86,29.26,15.62,82.5,0.1,12.51,2.77,100.94
West Bengal,Bardhaman,Kalna,23.23,88.37,2023-08-23,22.3,29.42,17.92,73.2,1.7,14.04,1.66,101.28
West Bengal,Bardhaman,Kalna,23.23,88.37,2023-08-26,22.82,30.76,17.86,85.8,35.6,12.16,2.22,100.67
West Bengal,Bardhaman,Kalna,23.23,88.37,2023-08-29,21.36,26.17,17.17,76.6,15.5,11.16,0.92,101.1
West Bengal,Bardhaman,Kalna,23.23,88.37,2023-09-01,21.32,28.97,16.93,70.9,8.1,11.9,2.36,101.07
West Bengal,Bardhaman,Kalna,23.23,88.37,2023-09-04,19.68,24.03,14.21,79.5,29.7,13.66,3.29,100.71
West Bengal,Bardhaman,Kalna,23.23,88.37,2023-09-07,19.12,26.07,13.47,73.8,31.6,13.28,3.07,101.09
West Bengal,Bardhaman,Kalna,23.23,88.37,2023-09-10,18.05,22.98,13.3,74.7,3.7,16.42,2.33,101.24
West Bengal,Bardhaman,Kalna,23.23,88.37,2023-09-13,18.1,24.49,10.16,71.3,3.0,14.59,3.64,101.43
West Bengal,Bardhaman,Kalna,23.23,88.37,2023-09-16,16.67,23.43,12.66,66.9,3.1,17.25,2.79,101.21
West Bengal,Bardhaman,Kalna,23.23,88.37,2023-09-19,16.76,23.55,10.78,59.6,1.0,16.68,4.16,100.67
West Bengal,Bardhaman,Kalna,23.23,88.37,2023-09-22,15.73,23.0,10.87,64.9,0.8,18.77,1.8,100.89
West Bengal,Bardhaman,Kalna,23.23,88.37,2023-09-25,13.35,20.08,5.82,66.0,8.8,16.15,0.68,100.98
West Bengal,Bardhaman,Kalna,23.23,88.37,2023-09-28,15.65,22.02,7.81,56.5,0.5,18.87,2.78,101.29
West Bengal,Bardhaman,Kalna,23.23,88.37,2023-10-01,15.1,22.84,8.31,44.1,0.0,19.8,1.07,101.0
West Bengal,Bardhaman,Kalna,23.23,88.37,2023-10-04,12.69,18.1,5.44,39.9,0.0,20.89,2.04,101.13
West Bengal,Bardhaman,Kalna,23.23,88.37,2023-10-07,13.79,20.86,6.71,53.2,0.1,21.85,4.12,100.86
West Bengal,Bardhaman,Kalna,23.23,88.37,2023-10-10,11.37,17.89,4.82,42.0,0.3,21.79,3.59,101.18
West Bengal,Bardhaman,Kalna,23.23,88.37,2023-10-13,11.1,17.53,4.86,54.2,0.0,19.56,2.85,100.89
West Bengal,Bardhaman,Kalna,23.23,88.37,2023-10-16,12.34,17.83,6.69,52.4,0.2,22.74,3.68,101.02
West Bengal,Bardhaman,Kalna,23.23,88.37,2023-10-19,10.71,15.08,5.02,39.0,0.0,21.11,1.92,100.68
West Bengal,Bardhaman,Kalna,23.23,88.37,2023-10-22,10.89,16.39,4.5,52.9,0.1,20.96,0.48,101.46
West Bengal,Bardhaman,Kalna,23.23,88.37,2023-10-25,9.74,14.84,5.09,54.2,0.0,20.4,1.66,101.36
West Bengal,Bardhaman,Kalna,23.23,88.37,2023-10-28,11.34,16.48,5.02,44.7,0.1,23.24,3.44,100.7
West Bengal,Bardhaman,Kalna,23.23,88.37,2023-10-31,9.09,15.28,2.06,47.0,0.1,20.93,2.37,101.08
West Bengal,Bardhaman,Kalna,23.23,88.37,2023-11-03,9.73,17.05,3.43,46.2,0.0,23.31,2.56,101.39
West Bengal,Bardhaman,Kalna,23.23,88.37,2023-11-06,11.13,18.06,5.7,49.3,0.0,20.09,2.88,100.94
West Bengal,Bardhaman,Kalna,23.23,88.37,2023-11-09,8.8,14.82,1.96,48.2,0.0,22.86,2.44,101.35
West Bengal,Bardhaman,Kalna,23.23,88.37,2023-11-12,9.5,13.83,2.78,39.8,0.1,21.18,3.28,101.13
West Bengal,Bardhaman,Kalna,23.23,88.37,2023-11-15,10.3,16.89,2.48,44.4,0.0,22.53,4.13,100.79
West Bengal,Bardhaman,Kalna,23.23,88.37,2023-11-18,9.7,14.6,3.88,53.2,0.0,23.37,2.39,101.19
West Bengal,Bardhaman,Kalna,23.23,88.37,2023-11-21,9.91,14.6,4.24,53.1,0.0,23.12,3.14,100.91
West Bengal,Bardhaman,Kalna,23.23,88.37,2023-11-24,9.01,13.54,4.51,50.0,0.0,20.25,0.6,100.9
West Bengal,Bardhaman,Kalna,23.23,88.37,2023-11-27,9.11,14.63,2.88,54.3,0.0,23.37,2.97,101.09
West Bengal,Bardhaman,Kalna,23.23,88.37,2023-11-30,8.95,15.12,3.7,38.8,0.0,19.73,1.52,101.06
West Bengal,Bardhaman,Kalna,23.23,88.37,2023-12-03,10.15,14.68,2.49,46.0,0.0,21.98,3.65,101.11
West Bengal,Bardhaman,Kalna,23.23,88.37,2023-12-06,9.42,13.93,4.8,52.5,0.0,22.94,3.45,101.15
West Bengal,Bardhaman,Kalna,23.23,88.37,2023-12-09,10.98,16.77,5.68,46.9,0.0,23.28,2.1,101.35
West Bengal,Bardhaman,Kalna,23.23,88.37,2023-12-12,12.31,17.05,4.78,53.2,0.0,20.8,2.96,100.68
West Bengal,Bardhaman,Kalna,23.23,88.37,2023-12-15,11.91,18.07,4.32,49.4,0.1,22.24,2.0,100.99
West Bengal,Bardhaman,Kalna,23.23,88.37,2023-12-18,13.31,19.66,8.31,52.2,0.1,20.47,0.5,101.05
West Bengal,Bardhaman,Kalna,23.23,88.37,2023-12-21,11.27,18.33,4.32,49.8,0.0,20.01,1.75,100.87
West Bengal,Bardhaman,Kalna,23.23,88.37,2023-12-24,13.95,20.51,8.29,50.1,0.0,22.54,2.49,100.77
West Bengal,Bardhaman,Kalna,23.23,88.37,2023-12-27,13.45,20.03,7.9,54.2,0.2,22.0,3.02,101.31
West Bengal,Bardhaman,Kalna,23.23,88.37,2023-12-30,13.32,18.85,7.25,44.2,0.0,20.75,3.49,100.97
Odisha,Cuttack,Athagarh,20.52,85.68,2023-01-01,15.46,19.62,8.28,53.1,0.0,22.42,2.32,101.35
Odisha,Cuttack,Athagarh,20.52,85.68,2023-01-04,16.1,21.46,8.8,50.5,0.0,21.29,1.16,101.18
Odisha,Cuttack,Athagarh,20.52,85.68,2023-01-07,15.91,20.44,9.57,48.3,0.1,19.78,2.87,100.93
Odisha,Cuttack,Athagarh,20.52,85.68,2023-01-10,16.11,20.81,9.49,50.8,0.1,22.96,2.46,101.41
Odisha,Cuttack,Athagarh,20.52,85.68,2023-01-13,17.28,23.41,12.56,49.5,0.0,23.14,3.35,101.44
Odisha,Cuttack,Athagarh,20.52,85.68,2023-01-16,18.06,25.7,11.75,52.3,0.1,21.71,1.14,100.73
Odisha,Cuttack,Athagarh,20.52,85.68,2023-01-19,20.54,27.08,15.72,46.8,0.0,23.25,2.71,101.49
Odisha,Cuttack,Athagarh,20.52,85.68,2023-01-22,21.03,25.7,14.39,40.6,0.1,21.12,3.02,100.88
Odisha,Cuttack,Athagarh,20.52,85.68,2023-01-25,20.93,28.28,14.42,40.2,0.0,20.95,4.53,101.35
Odisha,Cuttack,Athagarh,20.52,85.68,2023-01-28,21.59,28.83,16.22,49.0,0.2,19.99,1.47,101.32
Odisha,Cuttack,Athagarh,20.52,85.68,2023-01-31,22.17,26.39,15.03,50.4,0.0,23.44,2.35,101.09
Odisha,Cuttack,Athagarh,20.52,85.68,2023-02-03,21.54,26.65,14.35,52.9,0.0,22.79,1.12,100.79
Odisha,Cuttack,Athagarh,20.52,85.68,2023-02-06,22.72,29.84,15.91,41.5,0.2,22.13,3.82,101.37
Odisha,Cuttack,Athagarh,20.52,85.68,2023-02-09,24.21,29.47,18.66,52.5,0.2,23.33,0.3,101.19
Odisha,Cuttack,Athagarh,20.52,85.68,2023-02-12,24.07,30.03,17.2,41.4,0.0,19.68,2.29,101.43
Odisha,Cuttack,Athagarh,20.52,85.68,2023-02-15,26.32,32.45,21.5,46.5,0.0,23.44,3.9,100.7
Odisha,Cuttack,Athagarh,20.52,85.68,2023-02-18,25.79,30.89,19.6,48.3,0.0,19.52,3.65,101.05
Odisha,Cuttack,Athagarh,20.52,85.68,2023-02-21,26.52,31.63,21.42,40.7,0.1,22.46,2.61,101.01
Odisha,Cuttack,Athagarh,20.52,85.68,2023-02-24,28.5,32.68,21.79,51.2,0.1,22.25,3.84,101.04
Odisha,Cuttack,Athagarh,20.52,85.68,2023-02-27,27.75,34.71,21.07,46.3,0.0,23.06,3.88,101.11
Odisha,Cuttack,Athagarh,20.52,85.68,2023-03-02,28.02,33.76,21.36,43.3,0.0,22.37,2.08,101.22
Odisha,Cuttack,Athagarh,20.52,85.68,2023-03-05,28.83,36.71,20.88,52.2,0.1,19.72,1.81,100.98
Odisha,Cuttack,Athagarh,20.52,85.68,2023-03-08,29.3,37.02,22.76,49.4,0.0,23.47,2.08,101.48
Odisha,Cuttack,Athagarh,20.52,85.68,2023-03-11,29.9,36.47,23.68,54.1,0.1,23.43,2.72,101.32
Odisha,Cuttack,Athagarh,20.52,85.68,2023-03-14,31.6,36.15,26.95,44.6,0.0,20.2,1.49,101.13
Odisha,Cuttack,Athagarh,20.52,85.68,2023-03-17,32.59,38.08,27.07,49.1,0.0,22.34,1.12,101.25
Odisha,Cuttack,Athagarh,20.52,85.68,2023-03-20,31.92,39.65,24.68,50.3,0.0,21.74,0.58,101.21
Odisha,Cuttack,Athagarh,20.52,85.68,2023-03-23,32.23,39.62,25.84,46.0,0.0,21.39,0.44,101.01
Odisha,Cuttack,Athagarh,20.52,85.68,2023-03-26,33.59,41.01,26.02,53.8,0.0,19.52,2.92,101.4
Odisha,Cuttack,Athagarh,20.52,85.68,2023-03-29,33.71,39.59,28.2,51.1,0.1,23.16,2.63,100.93
Odisha,Cuttack,Athagarh,20.52,85.68,2023-04-01,36.0,41.5,29.81,48.2,0.0,21.63,2.61,100.72
Odisha,Cuttack,Athagarh,20.52,85.68,2023-04-04,35.27,39.54,28.41,49.1,0.1,20.76,3.44,101.37
Odisha,Cuttack,Athagarh,20.52,85.68,2023-04-07,36.59,43.3,31.58,53.0,0.0,20.65,2.44,101.07
Odisha,Cuttack,Athagarh,20.52,85.68,2023-04-10,36.87,41.77,30.88,40.7,0.0,21.29,3.66,101.01
Odisha,Cuttack,Athagarh,20.52,85.68,2023-04-13,35.6,42.95,31.53,39.6,0.0,19.53,2.4,101.29
Odisha,Cuttack,Athagarh,20.52,85.68,2023-04-16,36.09,40.54,30.09,53.9,0.0,20.13,3.46,101.34
Odisha,Cuttack,Athagarh,20.52,85.68,2023-04-19,35.66,40.7,28.68,50.3,0.0,21.11,3.85,101.04
Odisha,Cuttack,Athagarh,20.52,85.68,2023-04-22,36.16,43.06,31.19,42.9,0.0,21.7,3.34,101.11
Odisha,Cuttack,Athagarh,20.52,85.68,2023-04-25,38.18,43.82,32.48,45.5,0.0,23.09,2.28,101.3
Odisha,Cuttack,Athagarh,20.52,85.68,2023-04-28,38.7,45.53,31.21,43.3,0.1,20.13,4.42,101.49
Odisha,Cuttack,Athagarh,20.52,85.68,2023-05-01,39.22,44.91,32.88,42.7,0.0,22.02,3.16,101.41
Odisha,Cuttack,Athagarh,20.52,85.68,2023-05-04,36.62,42.39,29.75,42.7,0.0,22.58,2.95,101.02
Odisha,Cuttack,Athagarh,20.52,85.68,2023-05-07,37.0,43.17,31.79,43.0,0.1,20.24,3.03,101.46
Odisha,Cuttack,Athagarh,20.52,85.68,2023-05-10,38.66,43.35,31.12,42.6,0.0,22.9,2.05,101.45
Odisha,Cuttack,Athagarh,20.52,85.68,2023-05-13,36.94,44.62,31.04,47.2,0.0,23.09,4.19,101.02
Odisha,Cuttack,Athagarh,20.52,85.68,2023-05-16,37.55,45.29,30.19,51.3,0.0,21.68,3.9,100.81
Odisha,Cuttack,Athagarh,20.52,85.68,2023-05-19,38.45,46.1,32.13,52.4,0.0,21.56,1.72,101.23
Odisha,Cuttack,Athagarh,20.52,85.68,2023-05-22,37.68,43.61,30.65,43.0,0.0,22.29,3.71,101.42
Odisha,Cuttack,Athagarh,20.52,85.68,2023-05-25,37.24,43.94,32.4,39.0,0.0,20.1,5.39,100.83
Odisha,Cuttack,Athagarh,20.52,85.68,2023-05-28,37.88,45.08,30.7,53.2,0.0,20.98,2.72,101.19
Odisha,Cuttack,Athagarh,20.52,85.68,2023-05-31,37.62,42.68,32.09,44.5,0.1,22.33,2.02,100.98
Odisha,Cuttack,Athagarh,20.52,85.68,2023-06-03,38.11,45.38,32.61,55.3,3.0,16.24,3.78,100.95
Odisha,Cuttack,Athagarh,20.52,85.68,2023-06-06,36.64,42.62,31.01,56.0,0.7,18.14,2.45,101.42
Odisha,Cuttack,Athagarh,20.52,85.68,2023-06-09,35.9,41.14,31.14,63.6,0.5,15.25,2.65,100.74
Odisha,Cuttack,Athagarh,20.52,85.68,2023-06-12,37.01,41.26,30.66,66.3,4.3,16.55,4.32,101.12
Odisha,Cuttack,Athagarh,20.52,85.68,2023-06-15,35.21,41.97,30.98,63.7,2.7,17.02,4.97,101.18
Odisha,Cuttack,Athagarh,20.52,85.68,2023-06-18,37.16,42.32,29.7,66.3,8.2,14.24,2.62,101.36
Odisha,Cuttack,Athagarh,20.52,85.68,2023-06-21,36.45,43.07,30.99,69.7,7.6,15.25,3.21,100.74
Odisha,Cuttack,Athagarh,20.52,85.68,2023-06-24,34.93,42.39,28.14,79.5,2.7,12.6,1.73,101.11
Odisha,Cuttack,Athagarh,20.52,85.68,2023-06-27,36.33,43.38,30.97,75.4,6.7,12.97,2.7,101.11
Odisha,Cuttack,Athagarh,20.52,85.68,2023-06-30,35.42,40.08,30.08,72.9,6.5,13.03,3.57,101.47
Odisha,Cuttack,Athagarh,20.52,85.68,2023-07-03,34.36,39.73,29.8,69.4,0.1,13.2,2.83,101.07
Odisha,Cuttack,Athagarh,20.52,85.68,2023-07-06,33.85,39.16,26.23,81.0,0.9,11.21,1.26,100.83
Odisha,Cuttack,Athagarh,20.52,85.68,2023-07-09,31.85,36.73,26.16,84.4,1.9,12.67,3.85,101.03
Odisha,Cuttack,Athagarh,20.52,85.68,2023-07-12,32.88,38.79,28.02,78.7,2.4,11.54,3.92,101.22
Odisha,Cuttack,Athagarh,20.52,85.68,2023-07-15,33.38,37.67,27.34,82.2,9.2,9.52,3.51,100.72
Odisha,Cuttack,Athagarh,20.52,85.68,2023-07-18,31.33,37.56,25.23,84.5,0.6,10.1,2.22,101.48
Odisha,Cuttack,Athagarh,20.52,85.68,2023-07-21,31.75,38.81,25.2,87.6,12.4,10.23,3.46,100.99
Odisha,Cuttack,Athagarh,20.52,85.68,2023-07-24,30.91,38.9,24.12,90.3,10.0,11.61,5.03,101.13
Odisha,Cuttack,Athagarh,20.52,85.68,2023-07-27,29.17,34.13,23.59,76.4,9.6,11.61,4.02,101.49
Odisha,Cuttack,Athagarh,20.52,85.68,2023-07-30,29.09,36.46,21.76,86.4,0.8,11.54,2.88,100.97
Odisha,Cuttack,Athagarh,20.52,85.68,2023-08-02,28.31,35.42,23.68,86.5,19.8,10.15,3.65,100.84
Odisha,Cuttack,Athagarh,20.52,85.68,2023-08-05,27.85,32.51,23.19,91.2,3.8,12.13,2.77,101.13
Odisha,Cuttack,Athagarh,20.52,85.68,2023-08-08,26.2,30.82,21.67,84.8,2.4,9.69,2.8,101.29
Odisha,Cuttack,Athagarh,20.52,85.68,2023-08-11,25.67,30.5,21.36,79.1,5.3,10.46,2.89,100.7
Odisha,Cuttack,Athagarh,20.52,85.68,2023-08-14,23.91,29.17,16.68,86.7,3.1,13.12,1.69,101.12
Odisha,Cuttack,Athagarh,20.52,85.68,2023-08-17,25.14,31.96,17.67,84.5,1.3,10.13,2.23,101.49
Odisha,Cuttack,Athagarh,20.52,85.68,2023-08-20,23.8,28.8,18.95,75.9,6.6,9.85,3.56,100.9
Odisha,Cuttack,Athagarh,20.52,85.68,2023-08-23,24.37,28.75,16.89,77.2,9.7,12.26,5.19,100.88
Odisha,Cuttack,Athagarh,20.52,85.68,2023-08-26,21.52,27.06,13.86,76.9,10.6,11.72,3.11,100.94
Odisha,Cuttack,Athagarh,20.52,85.68,2023-08-29,20.71,25.59,12.89,75.4,12.9,11.11,2.12,100.87
Odisha,Cuttack,Athagarh,20.52,85.68,2023-09-01,22.25,28.58,16.75,73.7,2.0,13.18,1.71,101.39
Odisha,Cuttack,Athagarh,20.52,85.68,2023-09-04,21.15,27.3,16.7,66.3,1.4,13.93,1.4,100.87
Odisha,Cuttack,Athagarh,20.52,85.68,2023-09-07,21.44,25.67,14.76,71.5,10.7,12.49,3.94,101.33
Odisha,Cuttack,Athagarh,20.52,85.68,2023-09-10,20.16,26.3,13.13,72.7,4.5,13.97,3.22,101.13
Odisha,Cuttack,Athagarh,20.52,85.68,2023-09-13,17.33,22.06,12.48,75.0,0.8,16.38,2.17,100.85
Odisha,Cuttack,Athagarh,20.52,85.68,2023-09-16,18.44,24.81,11.44,72.4,0.3,15.03,1.23,101.25
Odisha,Cuttack,Athagarh,20.52,85.68,2023-09-19,19.01,24.85,11.81,62.3,18.4,14.87,1.76,101.41
Odisha,Cuttack,Athagarh,20.52,85.68,2023-09-22,16.15,22.43,8.55,66.4,9.5,18.09,2.45,101.27
Odisha,Cuttack,Athagarh,20.52,85.68,2023-09-25,17.43,21.54,9.7,67.2,1.7,15.84,0.3,101.06
Odisha,Cuttack,Athagarh,20.52,85.68,2023-09-28,15.57,20.4,8.77,60.2,2.6,19.97,3.4,101.21
Odisha,Cuttack,Athagarh,20.52,85.68,2023-10-01,14.83,22.76,8.47,39.0,0.0,21.8,4.81,101.48
Odisha,Cuttack,Athagarh,20.52,85.68,2023-10-04,13.74,17.96,6.87,48.8,0.1,19.68,1.79,100.88
Odisha,Cuttack,Athagarh,20.52,85.68,2023-10-07,15.9,23.46,9.28,52.0,0.1,21.68,2.56,101.46
Odisha,Cuttack,Athagarh,20.52,85.68,2023-10-10,12.92,20.48,7.26,43.4,0.0,23.06,1.81,101.24
Odisha,Cuttack,Athagarh,20.52,85.68,2023-10-13,13.39,20.55,7.02,41.0,0.0,19.91,1.51,101.04
Odisha,Cuttack,Athagarh,20.52,85.68,2023-10-16,12.48,18.77,8.03,51.0,0.1,22.71,2.54,100.98
Odisha,Cuttack,Athagarh,20.52,85.68,2023-10-19,12.84,17.42,5.67,45.8,0.0,20.59,4.32,100.86
Odisha,Cuttack,Athagarh,20.52,85.68,2023-10-22,12.92,20.32,4.92,47.1,0.0,22.7,2.96,101.24
Odisha,Cuttack,Athagarh,20.52,85.68,2023-10-25,12.96,19.22,8.53,53.2,0.0,21.53,2.37,100.87
Odisha,Cuttack,Athagarh,20.52,85.68,2023-10-28,11.75,18.12,6.76,49.4,0.1,23.37,2.62,101.3
Odisha,Cuttack,Athagarh,20.52,85.68,2023-10-31,11.84,19.65,6.31,43.2,0.1,22.1,1.65,100.82
Odisha,Cuttack,Athagarh,20.52,85.68,2023-11-03,11.53,16.72,7.43,39.4,0.1,21.88,3.56,101.37
Odisha,Cuttack,Athagarh,20.52,85.68,2023-11-06,10.97,16.04,4.98,45.5,0.2,20.96,3.66,101.18
Odisha,Cuttack,Athagarh,20.52,85.68,2023-11-09,10.7,15.59,3.17,42.6,0.0,22.49,3.66,100.93
Odisha,Cuttack,Athagarh,20.52,85.68,2023-11-12,11.82,17.84,6.3,49.6,0.1,19.49,2.6,101.02
Odisha,Cuttack,Athagarh,20.52,85.68,2023-11-15,11.83,19.13,7.55,54.3,0.0,19.84,2.53,100.96
Odisha,Cuttack,Athagarh,20.52,85.68,2023-11-18,10.41,15.71,4.82,49.3,0.1,21.72,3.05,101.35
Odisha,Cuttack,Athagarh,20.52,85.68,2023-11-21,11.03,15.71,3.73,51.6,0.0,22.56,4.63,100.91
Odisha,Cuttack,Athagarh,20.52,85.68,2023-11-24,11.82,16.17,4.37,52.4,0.0,21.91,3.46,100.87
Odisha,Cuttack,Athagarh,20.52,85.68,2023-11-27,11.96,18.18,4.13,46.1,0.0,21.23,2.69,101.44
Odisha,Cuttack,Athagarh,20.52,85.68,2023-11-30,13.08,19.43,7.96,45.1,0.0,23.21,2.75,100.86
Odisha,Cuttack,Athagarh,20.52,85.68,2023-12-03,13.37,20.8,8.4,54.1,0.1,22.09,3.72,100.8
Odisha,Cuttack,Athagarh,20.52,85.68,2023-12-06,12.31,17.72,4.53,47.6,0.0,19.94,2.13,101.0
Odisha,Cuttack,Athagarh,20.52,85.68,2023-12-09,14.01,18.32,9.72,44.4,0.0,21.58,4.42,101.25
Odisha,Cuttack,Athagarh,20.52,85.68,2023-12-12,13.18,19.08,7.08,52.3,0.1,20.82,2.2,100.76
Odisha,Cuttack,Athagarh,20.52,85.68,2023-12-15,13.08,18.87,5.12,41.8,0.0,21.72,3.95,100.91
Odisha,Cuttack,Athagarh,20.52,85.68,2023-12-18,14.6,20.25,9.54,49.9,0.0,20.99,3.46,101.33
Odisha,Cuttack,Athagarh,20.52,85.68,2023-12-21,13.14,20.38,7.36,53.0,0.0,20.28,3.1,100.84
Odisha,Cuttack,Athagarh,20.52,85.68,2023-12-24,14.87,22.08,10.28,46.4,0.1,21.64,3.45,101.42
Odisha,Cuttack,Athagarh,20.52,85.68,2023-12-27,15.94,19.96,10.7,52.6,0.0,22.83,2.53,100.87
Odisha,Cuttack,Athagarh,20.52,85.68,2023-12-30,14.51,20.32,7.26,46.9,0.0,22.76,2.69,100.7
Chhattisgarh,Raipur,Arang,21.19,81.97,2023-01-01,16.68,23.27,11.08,44.4,0.0,21.04,0.3,100.88
Chhattisgarh,Raipur,Arang,21.19,81.97,2023-01-04,17.0,24.53,10.46,53.1,0.0,22.96,2.57,100.78
Chhattisgarh,Raipur,Arang,21.19,81.97,2023-01-07,16.29,23.25,8.59,42.1,0.0,21.39,2.68,101.1
Chhattisgarh,Raipur,Arang,21.19,81.97,2023-01-10,15.9,22.71,9.59,49.5,0.0,19.58,3.97,101.12
Chhattisgarh,Raipur,Arang,21.19,81.97,2023-01-13,19.2,25.53,14.28,49.5,0.0,19.94,3.32,101.43
Chhattisgarh,Raipur,Arang,21.19,81.97,2023-01-16,18.58,25.29,12.99,40.1,0.0,20.76,3.17,100.85
Chhattisgarh,Raipur,Arang,21.19,81.97,2023-01-19,17.64,25.24,10.68,44.7,0.0,23.39,4.02,101.01
Chhattisgarh,Raipur,Arang,21.19,81.97,2023-01-22,20.56,26.84,15.18,54.3,0.1,20.52,2.51,101.47
Chhattisgarh,Raipur,Arang,21.19,81.97,2023-01-25,21.3,29.25,13.47,43.7,0.1,20.22,3.13,100.93
Chhattisgarh,Raipur,Arang,21.19,81.97,2023-01-28,20.4,27.77,13.86,39.1,0.1,20.13,3.49,101.32
Chhattisgarh,Raipur,Arang,21.19,81.97,2023-01-31,20.84,28.67,14.28,48.7,0.0,22.88,4.46,101.14
Chhattisgarh,Raipur,Arang,21.19,81.97,2023-02-03,22.0,27.61,17.9,46.7,0.0,20.96,3.67,100.85
Chhattisgarh,Raipur,Arang,21.19,81.97,2023-02-06,23.21,29.02,18.35,42.5,0.0,19.57,2.67,101.23
Chhattisgarh,Raipur,Arang,21.19,81.97,2023-02-09,23.29,27.71,18.43,50.4,0.0,21.72,2.18,100.76
Chhattisgarh,Raipur,Arang,21.19,81.97,2023-02-12,25.72,31.54,18.51,42.3,0.1,20.4,1.96,101.19
Chhattisgarh,Raipur,Arang,21.19,81.97,2023-02-15,23.9,31.37,16.76,49.7,0.0,19.69,0.84,100.93
Chhattisgarh,Raipur,Arang,21.19,81.97,2023-02-18,25.27,30.2,18.06,40.8,0.0,20.17,3.75,100.72
Chhattisgarh,Raipur,Arang,21.19,81.97,2023-02-21,25.11,32.19,19.91,43.5,0.0,21.9,4.6,100.78
Chhattisgarh,Raipur,Arang,21.19,81.97,2023-02-24,26.95,33.49,22.94,45.8,0.0,19.63,2.86,100.84
Chhattisgarh,Raipur,Arang,21.19,81.97,2023-02-27,29.22,33.41,23.46,50.1,0.0,23.35,2.59,101.03
Chhattisgarh,Raipur,Arang,21.19,81.97,2023-03-02,29.68,34.73,24.13,54.7,0.0,21.88,3.98,101.42
Chhattisgarh,Raipur,Arang,21.19,81.97,2023-03-05,27.77,33.23,20.02,44.7,0.0,20.46,1.13,101.36
Chhattisgarh,Raipur,Arang,21.19,81.97,2023-03-08,30.06,35.59,25.3,43.1,0.0,21.44,3.96,101.17
Chhattisgarh,Raipur,Arang,21.19,81.97,2023-03-11,31.25,37.44,24.21,41.5,0.1,20.33,3.23,100.96
Chhattisgarh,Raipur,Arang,21.19,81.97,2023-03-14,31.45,35.87,24.18,51.8,0.1,20.79,3.07,100.87
Chhattisgarh,Raipur,Arang,21.19,81.97,2023-03-17,32.14,37.09,25.88,51.1,0.1,22.46,3.4,100.95
Chhattisgarh,Raipur,Arang,21.19,81.97,2023-03-20,33.02,40.82,26.41,40.1,0.0,21.37,3.62,101.37
Chhattisgarh,Raipur,Arang,21.19,81.97,2023-03-23,32.84,40.52,25.42,46.4,0.0,20.2,2.88,101.21
Chhattisgarh,Raipur,Arang,21.19,81.97,2023-03-26,32.41,38.56,26.49,49.9,0.1,23.17,4.3,100.81
Chhattisgarh,Raipur,Arang,21.19,81.97,2023-03-29,33.84,40.65,28.16,38.8,0.0,19.91,1.61,100.71
Chhattisgarh,Raipur,Arang,21.19,81.97,2023-04-01,33.52,38.44,28.63,45.3,0.1,21.9,2.01,101.06
Chhattisgarh,Raipur,Arang,21.19,81.97,2023-04-04,34.52,42.07,28.94,50.8,0.0,21.23,3.37,101.16
Chhattisgarh,Raipur,Arang,21.19,81.97,2023-04-07,36.29,42.18,29.63,43.4,0.1,20.39,2.3,101.24
Chhattisgarh,Raipur,Arang,21.19,81.97,2023-04-10,36.29,41.49,29.99,43.6,0.0,22.05,5.07,100.79
Chhattisgarh,Raipur,Arang,21.19,81.97,2023-04-13,34.85,41.5,29.42,44.3,0.0,22.99,2.51,101.3
Chhattisgarh,Raipur,Arang,21.19,81.97,2023-04-16,36.76,44.48,32.34,44.5,0.0,20.68,2.37,101.06
Chhattisgarh,Raipur,Arang,21.19,81.97,2023-04-19,36.8,42.19,29.84,53.7,0.0,21.31,3.23,101.18
Chhattisgarh,Raipur,Arang,21.19,81.97,2023-04-22,36.52,42.75,29.75,40.8,0.0,21.89,1.49,101.14
Chhattisgarh,Raipur,Arang,21.19,81.97,2023-04-25,38.12,45.84,30.34,53.8,0.1,20.11,2.49,101.11
Chhattisgarh,Raipur,Arang,21.19,81.97,2023-04-28,37.61,43.13,32.11,45.3,0.0,22.71,1.24,101.16
Chhattisgarh,Raipur,Arang,21.19,81.97,2023-05-01,39.38,45.43,31.52,54.1,0.0,21.59,1.27,101.02
Chhattisgarh,Raipur,Arang,21.19,81.97,2023-05-04,38.91,43.92,33.49,45.3,0.0,20.53,1.2,100.82
Chhattisgarh,Raipur,Arang,21.19,81.97,2023-05-07,36.84,41.51,29.36,52.4,0.0,21.29,1.75,100.88
Chhattisgarh,Raipur,Arang,21.19,81.97,2023-05-10,36.97,43.2,29.12,52.1,0.0,19.95,3.53,101.02
Chhattisgarh,Raipur,Arang,21.19,81.97,2023-05-13,38.39,46.34,31.91,50.2,0.0,22.45,4.03,101.45
Chhattisgarh,Raipur,Arang,21.19,81.97,2023-05-16,38.95,44.58,31.53,39.0,0.0,21.93,5.34,101.35
Chhattisgarh,Raipur,Arang,21.19,81.97,2023-05-19,37.75,44.53,30.11,51.5,0.0,22.67,3.58,100.88
Chhattisgarh,Raipur,Arang,21.19,81.97,2023-05-22,37.88,43.36,30.05,38.9,0.0,20.2,2.02,100.83
Chhattisgarh,Raipur,Arang,21.19,81.97,2023-05-25,37.9,43.6,30.85,43.0,0.1,19.67,2.3,100.8
Chhattisgarh,Raipur,Arang,21.19,81.97,2023-05-28,38.23,43.62,33.08,43.2,0.1,20.99,3.52,101.23
Chhattisgarh,Raipur,Arang,21.19,81.97,2023-05-31,38.59,45.86,31.28,49.7,0.0,20.82,3.19,100.77
Chhattisgarh,Raipur,Arang,21.19,81.97,2023-06-03,36.61,42.2,29.06,65.3,3.2,19.84,2.67,100.88
Chhattisgarh,Raipur,Arang,21.19,81.97,2023-06-06,37.72,43.07,31.52,66.6,0.6,17.56,3.25,100.97
Chhattisgarh,Raipur,Arang,21.19,81.97,2023-06-09,37.32,41.44,29.98,54.6,5.4,16.09,3.04,100.98
Chhattisgarh,Raipur,Arang,21.19,81.97,2023-06-12,37.95,42.08,32.1,58.9,5.5,17.26,3.26,100.81
Chhattisgarh,Raipur,Arang,21.19,81.97,2023-06-15,35.64,40.32,29.98,73.3,1.5,15.52,4.53,101.12
Chhattisgarh,Raipur,Arang,21.19,81.97,2023-06-18,37.38,42.2,32.04,62.6,13.7,16.19,1.86,101.16
Chhattisgarh,Raipur,Arang,21.19,81.97,2023-06-21,35.52,40.95,28.77,63.1,0.6,13.39,2.79,101.49
Chhattisgarh,Raipur,Arang,21.19,81.97,2023-06-24,34.49,40.19,28.84,71.4,6.5,15.09,3.18,101.47
Chhattisgarh,Raipur,Arang,21.19,81.97,2023-06-27,35.51,42.3,30.19,74.5,0.1,15.12,2.23,100.99
Chhattisgarh,Raipur,Arang,21.19,81.97,2023-06-30,35.05,41.29,28.72,71.3,7.8,12.06,3.68,101.42
Chhattisgarh,Raipur,Arang,21.19,81.97,2023-07-03,32.69,36.85,28.43,76.5,0.6,12.97,2.08,100.8
Chhattisgarh,Raipur,Arang,21.19,81.97,2023-07-06,32.37,38.88,24.73,81.0,0.4,12.58,3.42,101.43
Chhattisgarh,Raipur,Arang,21.19,81.97,2023-07-09,34.04,41.15,27.64,76.6,0.9,10.65,2.54,100.74
Chhattisgarh,Raipur,Arang,21.19,81.97,2023-07-12,33.62,40.57,27.96,85.9,5.5,12.5,5.07,100.91
Chhattisgarh,Raipur,Arang,21.19,81.97,2023-07-15,31.45,36.99,25.59,83.6,2.3,11.84,3.54,101.07
Chhattisgarh,Raipur,Arang,21.19,81.97,2023-07-18,30.43,37.68,25.92,83.1,2.3,12.36,2.69,101.03
Chhattisgarh,Raipur,Arang,21.19,81.97,2023-07-21,30.92,37.1,25.13,86.2,12.7,9.24,4.25,100.74
Chhattisgarh,Raipur,Arang,21.19,81.97,2023-07-24,30.0,37.04,23.05,86.2,3.3,11.05,2.38,101.22
Chhattisgarh,Raipur,Arang,21.19,81.97,2023-07-27,27.89,33.97,22.12,83.0,14.9,11.7,2.62,101.17
Chhattisgarh,Raipur,Arang,21.19,81.97,2023-07-30,28.57,35.29,21.98,79.5,4.6,9.47,3.79,101.14
Chhattisgarh,Raipur,Arang,21.19,81.97,2023-08-02,29.11,34.84,23.47,76.2,5.1,10.27,2.39,101.13
Chhattisgarh,Raipur,Arang,21.19,81.97,2023-08-05,27.85,34.01,22.79,89.2,10.7,9.67,3.51,100.76
Chhattisgarh,Raipur,Arang,21.19,81.97,2023-08-08,26.82,33.01,20.41,85.8,3.0,12.57,2.03,100.75
Chhattisgarh,Raipur,Arang,21.19,81.97,2023-08-11,24.47,31.47,19.94,83.8,1.5,10.47,2.11,100.8
Chhattisgarh,Raipur,Arang,21.19,81.97,2023-08-14,25.6,32.09,20.57,89.7,4.8,9.4,3.8,101.45
Chhattisgarh,Raipur,Arang,21.19,81.97,2023-08-17,24.24,30.52,17.16,86.3,9.2,13.17,5.35,101.14
Chhattisgarh,Raipur,Arang,21.19,81.97,2023-08-20,23.25,28.61,16.65,83.6,7.3,10.04,1.65,100.91
Chhattisgarh,Raipur,Arang,21.19,81.97,2023-08-23,22.8,29.81,16.42,82.4,20.9,12.78,2.84,101.27
Chhattisgarh,Raipur,Arang,21.19,81.97,2023-08-26,23.5,30.26,18.34,84.7,3.3,12.76,1.99,100.98
Chhattisgarh,Raipur,Arang,21.19,81.97,2023-08-29,21.6,28.96,15.21,82.8,12.6,11.11,4.77,100.87
Chhattisgarh,Raipur,Arang,21.19,81.97,2023-09-01,21.93,28.63,15.36,69.8,13.6,12.71,1.43,101.06
Chhattisgarh,Raipur,Arang,21.19,81.97,2023-09-04,18.94,23.71,11.15,70.2,16.6,12.49,2.63,101.22
Chhattisgarh,Raipur,Arang,21.19,81.97,2023-09-07,18.22,24.65,12.3,68.5,5.8,12.79,1.73,100.91
Chhattisgarh,Raipur,Arang,21.19,81.97,2023-09-10,17.79,24.39,13.34,76.5,20.2,13.56,2.92,101.23
Chhattisgarh,Raipur,Arang,21.19,81.97,2023-09-13,19.2,26.38,12.74,63.3,8.3,16.28,2.72,100.96
Chhattisgarh,Raipur,Arang,21.19,81.97,2023-09-16,17.45,22.71,10.59,59.8,6.8,15.74,1.8,101.0
Chhattisgarh,Raipur,Arang,21.19,81.97,2023-09-19,16.8,22.69,12.36,60.8,3.2,16.14,3.19,100.72
Chhattisgarh,Raipur,Arang,21.19,81.97,2023-09-22,16.59,22.43,11.28,55.4,2.2,18.44,2.87,100.84
Chhattisgarh,Raipur,Arang,21.19,81.97,2023-09-25,15.91,22.23,10.15,64.8,3.5,19.03,3.11,101.48
Chhattisgarh,Raipur,Arang,21.19,81.97,2023-09-28,16.72,21.6,11.98,61.9,7.9,19.5,2.86,101.08
Chhattisgarh,Raipur,Arang,21.19,81.97,2023-10-01,15.35,22.06,8.95,49.5,0.0,21.36,2.06,101.06
Chhattisgarh,Raipur,Arang,21.19,81.97,2023-10-04,13.4,18.13,6.81,46.1,0.0,23.21,3.75,101.18
Chhattisgarh,Raipur,Arang,21.19,81.97,2023-10-07,15.03,22.94,8.59,46.4,0.0,22.49,1.95,100.73
Chhattisgarh,Raipur,Arang,21.19,81.97,2023-10-10,13.11,17.88,5.66,48.9,0.0,19.52,2.97,100.79
Chhattisgarh,Raipur,Arang,21.19,81.97,2023-10-13,12.99,18.11,8.43,40.8,0.1,21.34,5.13,100.92
Chhattisgarh,Raipur,Arang,21.19,81.97,2023-10-16,13.88,19.69,7.29,41.1,0.0,20.71,4.73,101.02
Chhattisgarh,Raipur,Arang,21.19,81.97,2023-10-19,11.5,18.58,6.46,51.5,0.0,22.72,3.33,100.78
Chhattisgarh,Raipur,Arang,21.19,81.97,2023-10-22,13.18,18.0,5.41,51.6,0.0,20.5,3.93,101.02
Chhattisgarh,Raipur,Arang,21.19,81.97,2023-10-25,12.48,16.84,6.43,45.7,0.4,19.49,2.14,101.19
Chhattisgarh,Raipur,Arang,21.19,81.97,2023-10-28,11.62,17.2,5.5,51.0,0.0,22.11,2.41,101.1
Chhattisgarh,Raipur,Arang,21.19,81.97,2023-10-31,11.93,17.91,7.12,45.4,0.0,22.38,2.6,100.84
Chhattisgarh,Raipur,Arang,21.19,81.97,2023-11-03,10.37,15.38,3.99,39.5,0.0,20.88,2.64,101.24
Chhattisgarh,Raipur,Arang,21.19,81.97,2023-11-06,11.65,17.44,6.86,44.7,0.1,22.96,4.7,101.13
Chhattisgarh,Raipur,Arang,21.19,81.97,2023-11-09,12.19,18.41,5.29,39.2,0.1,23.21,2.31,101.16
Chhattisgarh,Raipur,Arang,21.19,81.97,2023-11-12,10.19,15.19,4.6,48.2,0.0,19.49,0.99,101.19
Chhattisgarh,Raipur,Arang,21.19,81.97,2023-11-15,11.23,16.66,4.8,48.4,0.1,22.26,4.53,101.38
Chhattisgarh,Raipur,Arang,21.19,81.97,2023-11-18,9.91,16.82,4.85,52.8,0.0,20.95,2.42,101.1
Chhattisgarh,Raipur,Arang,21.19,81.97,2023-11-21,9.95,16.7,2.31,41.3,0.0,20.35,2.83,100.71
Chhattisgarh,Raipur,Arang,21.19,81.97,2023-11-24,11.77,18.94,6.62,49.3,0.0,22.23,4.08,100.96
Chhattisgarh,Raipur,Arang,21.19,81.97,2023-11-27,10.38,14.82,5.32,50.2,0.2,19.59,2.98,101.38
Chhattisgarh,Raipur,Arang,21.19,81.97,2023-11-30,11.62,16.64,4.27,51.5,0.0,20.97,2.23,101.25
Chhattisgarh,Raipur,Arang,21.19,81.97,2023-12-03,11.56,19.34,3.77,48.3,0.1,19.97,1.89,101.0
Chhattisgarh,Raipur,Arang,21.19,81.97,2023-12-06,11.61,18.91,6.81,40.3,0.0,22.05,3.22,100.72
Chhattisgarh,Raipur,Arang,21.19,81.97,2023-12-09,13.65,20.08,8.74,45.1,0.1,20.02,1.69,101.12
Chhattisgarh,Raipur,Arang,21.19,81.97,2023-12-12,13.75,18.76,7.55,41.4,0.0,19.78,2.55,100.78
Chhattisgarh,Raipur,Arang,21.19,81.97,2023-12-15,13.2,20.15,6.99,39.3,0.0,22.8,2.97,101.29
Chhattisgarh,Raipur,Arang,21.19,81.97,2023-12-18,11.97,18.84,6.12,39.9,0.0,20.49,2.54,101.28
Chhattisgarh,Raipur,Arang,21.19,81.97,2023-12-21,13.4,19.1,7.63,38.8,0.0,20.64,2.77,100.81
Chhattisgarh,Raipur,Arang,21.19,81.97,2023-12-24,13.03,19.8,7.01,39.2,0.0,23.44,1.67,101.06
Chhattisgarh,Raipur,Arang,21.19,81.97,2023-12-27,15.97,23.87,11.85,42.3,0.1,19.65,3.33,101.3
Chhattisgarh,Raipur,Arang,21.19,81.97,2023-12-30,14.78,19.29,8.45,46.3,0.0,19.72,3.61,101.26
